timestamp,run_id,algorithm_name,algorithm_version,algorithm_path,algorithm_sha256,checker_sha256,git_branch,git_head,git_dirty,instance_name,requested_timelimit,official_limit,timeout_grace,watchdog_timeout_sec,checker_feasible,timed_out,valid_under_time_limit,accepted_for_score,feasible,stage,objective,score,cost,obj1,obj2,obj3,runtime_sec,runner_elapsed_sec,assigned_blocks,total_blocks,total_bays,error_message,solution_file,log_file,tester_summary,benchmark_command
2026-06-29T22:50:06,verify_active_v305_baseline_hh_py_alias_20260629_002,wrapper,baseline_hh_v305_alias_full,ogc2026\baseline\baseline_hh.py,ef15ea8d93aad6150284f83b2ce629dcd57452a6f0a55880d95c7b3e6ff34ae4,9dfaa0ac5fa3e0f16fdfb0890e11b4cb64ea59b8edee029a9c4f13a2c52538b0,hh_algorithm_loop,c65b7d3b,True,prob_1.json,60.000000,60.000000,20.000000,90.000000,true,false,true,true,true,5,606628.0,606628.0,606628.0,8.0,1700,1810.0,22.564080,22.10746431350708,100,100,2,,reports\ogc2026_reboot_v001\verify_active_v305_baseline_hh_py_alias_20260629_002\solutions\wrapper__baseline_hh_v305_alias_full\prob_1.solution.json,reports\ogc2026_reboot_v001\verify_active_v305_baseline_hh_py_alias_20260629_002\logs\wrapper__baseline_hh_v305_alias_full\prob_1.log,PASS objective=606628.0 obj1=8.0 obj2=1700 obj3=1810.0,"C:\Python314\python.exe ogc2026/batchrunner/benchmark.py --algorithm name=wrapper,version=baseline_hh_v305_alias_full,path=ogc2026/baseline/baseline_hh.py --algorithm name=direct,version=v304_direct_full_recheck,path=ogc2026/baseline/alg_versions/reboot_v304_20260629_trackA_prob13like_subprocess_fallback_on_v298.py --problem train/prob_1.json --problem train/prob_2.json --problem train/prob_3.json --problem train/prob_4.json --problem train/prob_5.json --problem train/prob_6.json --problem train/prob_7.json --problem train/prob_8.json --problem train/prob_9.json --problem train/prob_10.json --problem train/prob_11.json --problem train/prob_12.json --problem train/prob_13.json --problem train/prob_14.json --problem train/prob_15.json --problem train/prob_16.json --problem train/prob_17.json --problem train/prob_18.json --problem train/prob_19.json --problem train/prob_20.json --problem train/prob_21.json --problem train/prob_22.json --problem train/prob_23.json --problem train/prob_24.json --problem train/prob_25.json --problem train/prob_26.json --problem train/prob_27.json --problem train/prob_28.json --problem train/prob_29.json --problem train/prob_30.json --problem train/prob_31.json --problem train/prob_32.json --problem train/prob_33.json --problem train/prob_34.json --problem train/prob_35.json --problem train/prob_36.json --problem train/prob_37.json --problem train/prob_38.json --problem train/prob_39.json --problem train/prob_40.json --timelimit 60 --run-id verify_active_v305_baseline_hh_py_alias_20260629_002 --out-dir reports/ogc2026_reboot_v001/verify_active_v305_baseline_hh_py_alias_20260629_002 --cumulative-csv reports/ogc2026_reboot_v001/active_publish_rechecks_v305_alias_full.csv --require-fresh-cumulative"
2026-06-29T22:50:06,verify_active_v305_baseline_hh_py_alias_20260629_002,wrapper,baseline_hh_v305_alias_full,ogc2026\baseline\baseline_hh.py,ef15ea8d93aad6150284f83b2ce629dcd57452a6f0a55880d95c7b3e6ff34ae4,9dfaa0ac5fa3e0f16fdfb0890e11b4cb64ea59b8edee029a9c4f13a2c52538b0,hh_algorithm_loop,c65b7d3b,True,prob_2.json,60.000000,60.000000,20.000000,90.000000,true,false,true,true,true,5,51940.0,51940.0,51940.0,0.0,814,292.0,15.771852,15.333276748657227,100,100,3,,reports\ogc2026_reboot_v001\verify_active_v305_baseline_hh_py_alias_20260629_002\solutions\wrapper__baseline_hh_v305_alias_full\prob_2.solution.json,reports\ogc2026_reboot_v001\verify_active_v305_baseline_hh_py_alias_20260629_002\logs\wrapper__baseline_hh_v305_alias_full\prob_2.log,PASS objective=51940.0 obj1=0.0 obj2=814 obj3=292.0,"C:\Python314\python.exe ogc2026/batchrunner/benchmark.py --algorithm name=wrapper,version=baseline_hh_v305_alias_full,path=ogc2026/baseline/baseline_hh.py --algorithm name=direct,version=v304_direct_full_recheck,path=ogc2026/baseline/alg_versions/reboot_v304_20260629_trackA_prob13like_subprocess_fallback_on_v298.py --problem train/prob_1.json --problem train/prob_2.json --problem train/prob_3.json --problem train/prob_4.json --problem train/prob_5.json --problem train/prob_6.json --problem train/prob_7.json --problem train/prob_8.json --problem train/prob_9.json --problem train/prob_10.json --problem train/prob_11.json --problem train/prob_12.json --problem train/prob_13.json --problem train/prob_14.json --problem train/prob_15.json --problem train/prob_16.json --problem train/prob_17.json --problem train/prob_18.json --problem train/prob_19.json --problem train/prob_20.json --problem train/prob_21.json --problem train/prob_22.json --problem train/prob_23.json --problem train/prob_24.json --problem train/prob_25.json --problem train/prob_26.json --problem train/prob_27.json --problem train/prob_28.json --problem train/prob_29.json --problem train/prob_30.json --problem train/prob_31.json --problem train/prob_32.json --problem train/prob_33.json --problem train/prob_34.json --problem train/prob_35.json --problem train/prob_36.json --problem train/prob_37.json --problem train/prob_38.json --problem train/prob_39.json --problem train/prob_40.json --timelimit 60 --run-id verify_active_v305_baseline_hh_py_alias_20260629_002 --out-dir reports/ogc2026_reboot_v001/verify_active_v305_baseline_hh_py_alias_20260629_002 --cumulative-csv reports/ogc2026_reboot_v001/active_publish_rechecks_v305_alias_full.csv --require-fresh-cumulative"
2026-06-29T22:50:06,verify_active_v305_baseline_hh_py_alias_20260629_002,wrapper,baseline_hh_v305_alias_full,ogc2026\baseline\baseline_hh.py,ef15ea8d93aad6150284f83b2ce629dcd57452a6f0a55880d95c7b3e6ff34ae4,9dfaa0ac5fa3e0f16fdfb0890e11b4cb64ea59b8edee029a9c4f13a2c52538b0,hh_algorithm_loop,c65b7d3b,True,prob_3.json,60.000000,60.000000,20.000000,90.000000,true,false,true,true,true,5,156780.0,156780.0,156780.0,0.0,1998,912.0,14.078590,13.607824325561523,100,100,3,,reports\ogc2026_reboot_v001\verify_active_v305_baseline_hh_py_alias_20260629_002\solutions\wrapper__baseline_hh_v305_alias_full\prob_3.solution.json,reports\ogc2026_reboot_v001\verify_active_v305_baseline_hh_py_alias_20260629_002\logs\wrapper__baseline_hh_v305_alias_full\prob_3.log,PASS objective=156780.0 obj1=0.0 obj2=1998 obj3=912.0,"C:\Python314\python.exe ogc2026/batchrunner/benchmark.py --algorithm name=wrapper,version=baseline_hh_v305_alias_full,path=ogc2026/baseline/baseline_hh.py --algorithm name=direct,version=v304_direct_full_recheck,path=ogc2026/baseline/alg_versions/reboot_v304_20260629_trackA_prob13like_subprocess_fallback_on_v298.py --problem train/prob_1.json --problem train/prob_2.json --problem train/prob_3.json --problem train/prob_4.json --problem train/prob_5.json --problem train/prob_6.json --problem train/prob_7.json --problem train/prob_8.json --problem train/prob_9.json --problem train/prob_10.json --problem train/prob_11.json --problem train/prob_12.json --problem train/prob_13.json --problem train/prob_14.json --problem train/prob_15.json --problem train/prob_16.json --problem train/prob_17.json --problem train/prob_18.json --problem train/prob_19.json --problem train/prob_20.json --problem train/prob_21.json --problem train/prob_22.json --problem train/prob_23.json --problem train/prob_24.json --problem train/prob_25.json --problem train/prob_26.json --problem train/prob_27.json --problem train/prob_28.json --problem train/prob_29.json --problem train/prob_30.json --problem train/prob_31.json --problem train/prob_32.json --problem train/prob_33.json --problem train/prob_34.json --problem train/prob_35.json --problem train/prob_36.json --problem train/prob_37.json --problem train/prob_38.json --problem train/prob_39.json --problem train/prob_40.json --timelimit 60 --run-id verify_active_v305_baseline_hh_py_alias_20260629_002 --out-dir reports/ogc2026_reboot_v001/verify_active_v305_baseline_hh_py_alias_20260629_002 --cumulative-csv reports/ogc2026_reboot_v001/active_publish_rechecks_v305_alias_full.csv --require-fresh-cumulative"
2026-06-29T22:50:06,verify_active_v305_baseline_hh_py_alias_20260629_002,wrapper,baseline_hh_v305_alias_full,ogc2026\baseline\baseline_hh.py,ef15ea8d93aad6150284f83b2ce629dcd57452a6f0a55880d95c7b3e6ff34ae4,9dfaa0ac5fa3e0f16fdfb0890e11b4cb64ea59b8edee029a9c4f13a2c52538b0,hh_algorithm_loop,c65b7d3b,True,prob_4.json,60.000000,60.000000,20.000000,90.000000,true,false,true,true,true,5,331591.0,331591.0,331591.0,6.0,1669,942.0,17.623103,17.183602809906006,100,100,2,,reports\ogc2026_reboot_v001\verify_active_v305_baseline_hh_py_alias_20260629_002\solutions\wrapper__baseline_hh_v305_alias_full\prob_4.solution.json,reports\ogc2026_reboot_v001\verify_active_v305_baseline_hh_py_alias_20260629_002\logs\wrapper__baseline_hh_v305_alias_full\prob_4.log,PASS objective=331591.0 obj1=6.0 obj2=1669 obj3=942.0,"C:\Python314\python.exe ogc2026/batchrunner/benchmark.py --algorithm name=wrapper,version=baseline_hh_v305_alias_full,path=ogc2026/baseline/baseline_hh.py --algorithm name=direct,version=v304_direct_full_recheck,path=ogc2026/baseline/alg_versions/reboot_v304_20260629_trackA_prob13like_subprocess_fallback_on_v298.py --problem train/prob_1.json --problem train/prob_2.json --problem train/prob_3.json --problem train/prob_4.json --problem train/prob_5.json --problem train/prob_6.json --problem train/prob_7.json --problem train/prob_8.json --problem train/prob_9.json --problem train/prob_10.json --problem train/prob_11.json --problem train/prob_12.json --problem train/prob_13.json --problem train/prob_14.json --problem train/prob_15.json --problem train/prob_16.json --problem train/prob_17.json --problem train/prob_18.json --problem train/prob_19.json --problem train/prob_20.json --problem train/prob_21.json --problem train/prob_22.json --problem train/prob_23.json --problem train/prob_24.json --problem train/prob_25.json --problem train/prob_26.json --problem train/prob_27.json --problem train/prob_28.json --problem train/prob_29.json --problem train/prob_30.json --problem train/prob_31.json --problem train/prob_32.json --problem train/prob_33.json --problem train/prob_34.json --problem train/prob_35.json --problem train/prob_36.json --problem train/prob_37.json --problem train/prob_38.json --problem train/prob_39.json --problem train/prob_40.json --timelimit 60 --run-id verify_active_v305_baseline_hh_py_alias_20260629_002 --out-dir reports/ogc2026_reboot_v001/verify_active_v305_baseline_hh_py_alias_20260629_002 --cumulative-csv reports/ogc2026_reboot_v001/active_publish_rechecks_v305_alias_full.csv --require-fresh-cumulative"
2026-06-29T22:50:06,verify_active_v305_baseline_hh_py_alias_20260629_002,wrapper,baseline_hh_v305_alias_full,ogc2026\baseline\baseline_hh.py,ef15ea8d93aad6150284f83b2ce629dcd57452a6f0a55880d95c7b3e6ff34ae4,9dfaa0ac5fa3e0f16fdfb0890e11b4cb64ea59b8edee029a9c4f13a2c52538b0,hh_algorithm_loop,c65b7d3b,True,prob_5.json,60.000000,60.000000,20.000000,90.000000,true,false,true,true,true,5,139455.0,139455.0,139455.0,0.0,1065,880.0,17.659812,17.2138729095459,150,150,3,,reports\ogc2026_reboot_v001\verify_active_v305_baseline_hh_py_alias_20260629_002\solutions\wrapper__baseline_hh_v305_alias_full\prob_5.solution.json,reports\ogc2026_reboot_v001\verify_active_v305_baseline_hh_py_alias_20260629_002\logs\wrapper__baseline_hh_v305_alias_full\prob_5.log,PASS objective=139455.0 obj1=0.0 obj2=1065 obj3=880.0,"C:\Python314\python.exe ogc2026/batchrunner/benchmark.py --algorithm name=wrapper,version=baseline_hh_v305_alias_full,path=ogc2026/baseline/baseline_hh.py --algorithm name=direct,version=v304_direct_full_recheck,path=ogc2026/baseline/alg_versions/reboot_v304_20260629_trackA_prob13like_subprocess_fallback_on_v298.py --problem train/prob_1.json --problem train/prob_2.json --problem train/prob_3.json --problem train/prob_4.json --problem train/prob_5.json --problem train/prob_6.json --problem train/prob_7.json --problem train/prob_8.json --problem train/prob_9.json --problem train/prob_10.json --problem train/prob_11.json --problem train/prob_12.json --problem train/prob_13.json --problem train/prob_14.json --problem train/prob_15.json --problem train/prob_16.json --problem train/prob_17.json --problem train/prob_18.json --problem train/prob_19.json --problem train/prob_20.json --problem train/prob_21.json --problem train/prob_22.json --problem train/prob_23.json --problem train/prob_24.json --problem train/prob_25.json --problem train/prob_26.json --problem train/prob_27.json --problem train/prob_28.json --problem train/prob_29.json --problem train/prob_30.json --problem train/prob_31.json --problem train/prob_32.json --problem train/prob_33.json --problem train/prob_34.json --problem train/prob_35.json --problem train/prob_36.json --problem train/prob_37.json --problem train/prob_38.json --problem train/prob_39.json --problem train/prob_40.json --timelimit 60 --run-id verify_active_v305_baseline_hh_py_alias_20260629_002 --out-dir reports/ogc2026_reboot_v001/verify_active_v305_baseline_hh_py_alias_20260629_002 --cumulative-csv reports/ogc2026_reboot_v001/active_publish_rechecks_v305_alias_full.csv --require-fresh-cumulative"
2026-06-29T22:50:06,verify_active_v305_baseline_hh_py_alias_20260629_002,wrapper,baseline_hh_v305_alias_full,ogc2026\baseline\baseline_hh.py,ef15ea8d93aad6150284f83b2ce629dcd57452a6f0a55880d95c7b3e6ff34ae4,9dfaa0ac5fa3e0f16fdfb0890e11b4cb64ea59b8edee029a9c4f13a2c52538b0,hh_algorithm_loop,c65b7d3b,True,prob_6.json,60.000000,60.000000,20.000000,90.000000,true,false,true,true,true,5,577115.0,577115.0,577115.0,7.0,1815,2380.0,29.535221,29.085897207260132,150,150,3,,reports\ogc2026_reboot_v001\verify_active_v305_baseline_hh_py_alias_20260629_002\solutions\wrapper__baseline_hh_v305_alias_full\prob_6.solution.json,reports\ogc2026_reboot_v001\verify_active_v305_baseline_hh_py_alias_20260629_002\logs\wrapper__baseline_hh_v305_alias_full\prob_6.log,PASS objective=577115.0 obj1=7.0 obj2=1815 obj3=2380.0,"C:\Python314\python.exe ogc2026/batchrunner/benchmark.py --algorithm name=wrapper,version=baseline_hh_v305_alias_full,path=ogc2026/baseline/baseline_hh.py --algorithm name=direct,version=v304_direct_full_recheck,path=ogc2026/baseline/alg_versions/reboot_v304_20260629_trackA_prob13like_subprocess_fallback_on_v298.py --problem train/prob_1.json --problem train/prob_2.json --problem train/prob_3.json --problem train/prob_4.json --problem train/prob_5.json --problem train/prob_6.json --problem train/prob_7.json --problem train/prob_8.json --problem train/prob_9.json --problem train/prob_10.json --problem train/prob_11.json --problem train/prob_12.json --problem train/prob_13.json --problem train/prob_14.json --problem train/prob_15.json --problem train/prob_16.json --problem train/prob_17.json --problem train/prob_18.json --problem train/prob_19.json --problem train/prob_20.json --problem train/prob_21.json --problem train/prob_22.json --problem train/prob_23.json --problem train/prob_24.json --problem train/prob_25.json --problem train/prob_26.json --problem train/prob_27.json --problem train/prob_28.json --problem train/prob_29.json --problem train/prob_30.json --problem train/prob_31.json --problem train/prob_32.json --problem train/prob_33.json --problem train/prob_34.json --problem train/prob_35.json --problem train/prob_36.json --problem train/prob_37.json --problem train/prob_38.json --problem train/prob_39.json --problem train/prob_40.json --timelimit 60 --run-id verify_active_v305_baseline_hh_py_alias_20260629_002 --out-dir reports/ogc2026_reboot_v001/verify_active_v305_baseline_hh_py_alias_20260629_002 --cumulative-csv reports/ogc2026_reboot_v001/active_publish_rechecks_v305_alias_full.csv --require-fresh-cumulative"
2026-06-29T22:50:06,verify_active_v305_baseline_hh_py_alias_20260629_002,wrapper,baseline_hh_v305_alias_full,ogc2026\baseline\baseline_hh.py,ef15ea8d93aad6150284f83b2ce629dcd57452a6f0a55880d95c7b3e6ff34ae4,9dfaa0ac5fa3e0f16fdfb0890e11b4cb64ea59b8edee029a9c4f13a2c52538b0,hh_algorithm_loop,c65b7d3b,True,prob_7.json,60.000000,60.000000,20.000000,90.000000,true,false,true,true,true,5,131191.0,131191.0,131191.0,0.0,3013,734.0,20.821489,20.101174116134644,150,150,3,,reports\ogc2026_reboot_v001\verify_active_v305_baseline_hh_py_alias_20260629_002\solutions\wrapper__baseline_hh_v305_alias_full\prob_7.solution.json,reports\ogc2026_reboot_v001\verify_active_v305_baseline_hh_py_alias_20260629_002\logs\wrapper__baseline_hh_v305_alias_full\prob_7.log,PASS objective=131191.0 obj1=0.0 obj2=3013 obj3=734.0,"C:\Python314\python.exe ogc2026/batchrunner/benchmark.py --algorithm name=wrapper,version=baseline_hh_v305_alias_full,path=ogc2026/baseline/baseline_hh.py --algorithm name=direct,version=v304_direct_full_recheck,path=ogc2026/baseline/alg_versions/reboot_v304_20260629_trackA_prob13like_subprocess_fallback_on_v298.py --problem train/prob_1.json --problem train/prob_2.json --problem train/prob_3.json --problem train/prob_4.json --problem train/prob_5.json --problem train/prob_6.json --problem train/prob_7.json --problem train/prob_8.json --problem train/prob_9.json --problem train/prob_10.json --problem train/prob_11.json --problem train/prob_12.json --problem train/prob_13.json --problem train/prob_14.json --problem train/prob_15.json --problem train/prob_16.json --problem train/prob_17.json --problem train/prob_18.json --problem train/prob_19.json --problem train/prob_20.json --problem train/prob_21.json --problem train/prob_22.json --problem train/prob_23.json --problem train/prob_24.json --problem train/prob_25.json --problem train/prob_26.json --problem train/prob_27.json --problem train/prob_28.json --problem train/prob_29.json --problem train/prob_30.json --problem train/prob_31.json --problem train/prob_32.json --problem train/prob_33.json --problem train/prob_34.json --problem train/prob_35.json --problem train/prob_36.json --problem train/prob_37.json --problem train/prob_38.json --problem train/prob_39.json --problem train/prob_40.json --timelimit 60 --run-id verify_active_v305_baseline_hh_py_alias_20260629_002 --out-dir reports/ogc2026_reboot_v001/verify_active_v305_baseline_hh_py_alias_20260629_002 --cumulative-csv reports/ogc2026_reboot_v001/active_publish_rechecks_v305_alias_full.csv --require-fresh-cumulative"
2026-06-29T22:50:06,verify_active_v305_baseline_hh_py_alias_20260629_002,wrapper,baseline_hh_v305_alias_full,ogc2026\baseline\baseline_hh.py,ef15ea8d93aad6150284f83b2ce629dcd57452a6f0a55880d95c7b3e6ff34ae4,9dfaa0ac5fa3e0f16fdfb0890e11b4cb64ea59b8edee029a9c4f13a2c52538b0,hh_algorithm_loop,c65b7d3b,True,prob_8.json,60.000000,60.000000,20.000000,90.000000,true,false,true,true,true,5,74968.0,74968.0,74968.0,0.0,1142,352.0,12.135992,11.68965458869934,150,150,2,,reports\ogc2026_reboot_v001\verify_active_v305_baseline_hh_py_alias_20260629_002\solutions\wrapper__baseline_hh_v305_alias_full\prob_8.solution.json,reports\ogc2026_reboot_v001\verify_active_v305_baseline_hh_py_alias_20260629_002\logs\wrapper__baseline_hh_v305_alias_full\prob_8.log,PASS objective=74968.0 obj1=0.0 obj2=1142 obj3=352.0,"C:\Python314\python.exe ogc2026/batchrunner/benchmark.py --algorithm name=wrapper,version=baseline_hh_v305_alias_full,path=ogc2026/baseline/baseline_hh.py --algorithm name=direct,version=v304_direct_full_recheck,path=ogc2026/baseline/alg_versions/reboot_v304_20260629_trackA_prob13like_subprocess_fallback_on_v298.py --problem train/prob_1.json --problem train/prob_2.json --problem train/prob_3.json --problem train/prob_4.json --problem train/prob_5.json --problem train/prob_6.json --problem train/prob_7.json --problem train/prob_8.json --problem train/prob_9.json --problem train/prob_10.json --problem train/prob_11.json --problem train/prob_12.json --problem train/prob_13.json --problem train/prob_14.json --problem train/prob_15.json --problem train/prob_16.json --problem train/prob_17.json --problem train/prob_18.json --problem train/prob_19.json --problem train/prob_20.json --problem train/prob_21.json --problem train/prob_22.json --problem train/prob_23.json --problem train/prob_24.json --problem train/prob_25.json --problem train/prob_26.json --problem train/prob_27.json --problem train/prob_28.json --problem train/prob_29.json --problem train/prob_30.json --problem train/prob_31.json --problem train/prob_32.json --problem train/prob_33.json --problem train/prob_34.json --problem train/prob_35.json --problem train/prob_36.json --problem train/prob_37.json --problem train/prob_38.json --problem train/prob_39.json --problem train/prob_40.json --timelimit 60 --run-id verify_active_v305_baseline_hh_py_alias_20260629_002 --out-dir reports/ogc2026_reboot_v001/verify_active_v305_baseline_hh_py_alias_20260629_002 --cumulative-csv reports/ogc2026_reboot_v001/active_publish_rechecks_v305_alias_full.csv --require-fresh-cumulative"
2026-06-29T22:50:06,verify_active_v305_baseline_hh_py_alias_20260629_002,wrapper,baseline_hh_v305_alias_full,ogc2026\baseline\baseline_hh.py,ef15ea8d93aad6150284f83b2ce629dcd57452a6f0a55880d95c7b3e6ff34ae4,9dfaa0ac5fa3e0f16fdfb0890e11b4cb64ea59b8edee029a9c4f13a2c52538b0,hh_algorithm_loop,c65b7d3b,True,prob_9.json,60.000000,60.000000,20.000000,90.000000,true,false,true,true,true,5,237200.0,237200.0,237200.0,0.0,1090,1545.0,27.122254,26.627604246139526,200,200,3,,reports\ogc2026_reboot_v001\verify_active_v305_baseline_hh_py_alias_20260629_002\solutions\wrapper__baseline_hh_v305_alias_full\prob_9.solution.json,reports\ogc2026_reboot_v001\verify_active_v305_baseline_hh_py_alias_20260629_002\logs\wrapper__baseline_hh_v305_alias_full\prob_9.log,PASS objective=237200.0 obj1=0.0 obj2=1090 obj3=1545.0,"C:\Python314\python.exe ogc2026/batchrunner/benchmark.py --algorithm name=wrapper,version=baseline_hh_v305_alias_full,path=ogc2026/baseline/baseline_hh.py --algorithm name=direct,version=v304_direct_full_recheck,path=ogc2026/baseline/alg_versions/reboot_v304_20260629_trackA_prob13like_subprocess_fallback_on_v298.py --problem train/prob_1.json --problem train/prob_2.json --problem train/prob_3.json --problem train/prob_4.json --problem train/prob_5.json --problem train/prob_6.json --problem train/prob_7.json --problem train/prob_8.json --problem train/prob_9.json --problem train/prob_10.json --problem train/prob_11.json --problem train/prob_12.json --problem train/prob_13.json --problem train/prob_14.json --problem train/prob_15.json --problem train/prob_16.json --problem train/prob_17.json --problem train/prob_18.json --problem train/prob_19.json --problem train/prob_20.json --problem train/prob_21.json --problem train/prob_22.json --problem train/prob_23.json --problem train/prob_24.json --problem train/prob_25.json --problem train/prob_26.json --problem train/prob_27.json --problem train/prob_28.json --problem train/prob_29.json --problem train/prob_30.json --problem train/prob_31.json --problem train/prob_32.json --problem train/prob_33.json --problem train/prob_34.json --problem train/prob_35.json --problem train/prob_36.json --problem train/prob_37.json --problem train/prob_38.json --problem train/prob_39.json --problem train/prob_40.json --timelimit 60 --run-id verify_active_v305_baseline_hh_py_alias_20260629_002 --out-dir reports/ogc2026_reboot_v001/verify_active_v305_baseline_hh_py_alias_20260629_002 --cumulative-csv reports/ogc2026_reboot_v001/active_publish_rechecks_v305_alias_full.csv --require-fresh-cumulative"
2026-06-29T22:50:06,verify_active_v305_baseline_hh_py_alias_20260629_002,wrapper,baseline_hh_v305_alias_full,ogc2026\baseline\baseline_hh.py,ef15ea8d93aad6150284f83b2ce629dcd57452a6f0a55880d95c7b3e6ff34ae4,9dfaa0ac5fa3e0f16fdfb0890e11b4cb64ea59b8edee029a9c4f13a2c52538b0,hh_algorithm_loop,c65b7d3b,True,prob_10.json,60.000000,60.000000,20.000000,90.000000,true,false,true,true,true,5,1274865.0,1274865.0,1274865.0,66.0,2577,2232.0,23.587688,23.133352756500244,200,200,4,,reports\ogc2026_reboot_v001\verify_active_v305_baseline_hh_py_alias_20260629_002\solutions\wrapper__baseline_hh_v305_alias_full\prob_10.solution.json,reports\ogc2026_reboot_v001\verify_active_v305_baseline_hh_py_alias_20260629_002\logs\wrapper__baseline_hh_v305_alias_full\prob_10.log,PASS objective=1274865.0 obj1=66.0 obj2=2577 obj3=2232.0,"C:\Python314\python.exe ogc2026/batchrunner/benchmark.py --algorithm name=wrapper,version=baseline_hh_v305_alias_full,path=ogc2026/baseline/baseline_hh.py --algorithm name=direct,version=v304_direct_full_recheck,path=ogc2026/baseline/alg_versions/reboot_v304_20260629_trackA_prob13like_subprocess_fallback_on_v298.py --problem train/prob_1.json --problem train/prob_2.json --problem train/prob_3.json --problem train/prob_4.json --problem train/prob_5.json --problem train/prob_6.json --problem train/prob_7.json --problem train/prob_8.json --problem train/prob_9.json --problem train/prob_10.json --problem train/prob_11.json --problem train/prob_12.json --problem train/prob_13.json --problem train/prob_14.json --problem train/prob_15.json --problem train/prob_16.json --problem train/prob_17.json --problem train/prob_18.json --problem train/prob_19.json --problem train/prob_20.json --problem train/prob_21.json --problem train/prob_22.json --problem train/prob_23.json --problem train/prob_24.json --problem train/prob_25.json --problem train/prob_26.json --problem train/prob_27.json --problem train/prob_28.json --problem train/prob_29.json --problem train/prob_30.json --problem train/prob_31.json --problem train/prob_32.json --problem train/prob_33.json --problem train/prob_34.json --problem train/prob_35.json --problem train/prob_36.json --problem train/prob_37.json --problem train/prob_38.json --problem train/prob_39.json --problem train/prob_40.json --timelimit 60 --run-id verify_active_v305_baseline_hh_py_alias_20260629_002 --out-dir reports/ogc2026_reboot_v001/verify_active_v305_baseline_hh_py_alias_20260629_002 --cumulative-csv reports/ogc2026_reboot_v001/active_publish_rechecks_v305_alias_full.csv --require-fresh-cumulative"
2026-06-29T22:50:06,verify_active_v305_baseline_hh_py_alias_20260629_002,wrapper,baseline_hh_v305_alias_full,ogc2026\baseline\baseline_hh.py,ef15ea8d93aad6150284f83b2ce629dcd57452a6f0a55880d95c7b3e6ff34ae4,9dfaa0ac5fa3e0f16fdfb0890e11b4cb64ea59b8edee029a9c4f13a2c52538b0,hh_algorithm_loop,c65b7d3b,True,prob_11.json,60.000000,60.000000,20.000000,90.000000,true,false,true,true,true,5,8164735.0,8164735.0,8164735.0,342.0,415,2592.0,46.564019,45.82184934616089,200,200,4,,reports\ogc2026_reboot_v001\verify_active_v305_baseline_hh_py_alias_20260629_002\solutions\wrapper__baseline_hh_v305_alias_full\prob_11.solution.json,reports\ogc2026_reboot_v001\verify_active_v305_baseline_hh_py_alias_20260629_002\logs\wrapper__baseline_hh_v305_alias_full\prob_11.log,PASS objective=8164735.0 obj1=342.0 obj2=415 obj3=2592.0,"C:\Python314\python.exe ogc2026/batchrunner/benchmark.py --algorithm name=wrapper,version=baseline_hh_v305_alias_full,path=ogc2026/baseline/baseline_hh.py --algorithm name=direct,version=v304_direct_full_recheck,path=ogc2026/baseline/alg_versions/reboot_v304_20260629_trackA_prob13like_subprocess_fallback_on_v298.py --problem train/prob_1.json --problem train/prob_2.json --problem train/prob_3.json --problem train/prob_4.json --problem train/prob_5.json --problem train/prob_6.json --problem train/prob_7.json --problem train/prob_8.json --problem train/prob_9.json --problem train/prob_10.json --problem train/prob_11.json --problem train/prob_12.json --problem train/prob_13.json --problem train/prob_14.json --problem train/prob_15.json --problem train/prob_16.json --problem train/prob_17.json --problem train/prob_18.json --problem train/prob_19.json --problem train/prob_20.json --problem train/prob_21.json --problem train/prob_22.json --problem train/prob_23.json --problem train/prob_24.json --problem train/prob_25.json --problem train/prob_26.json --problem train/prob_27.json --problem train/prob_28.json --problem train/prob_29.json --problem train/prob_30.json --problem train/prob_31.json --problem train/prob_32.json --problem train/prob_33.json --problem train/prob_34.json --problem train/prob_35.json --problem train/prob_36.json --problem train/prob_37.json --problem train/prob_38.json --problem train/prob_39.json --problem train/prob_40.json --timelimit 60 --run-id verify_active_v305_baseline_hh_py_alias_20260629_002 --out-dir reports/ogc2026_reboot_v001/verify_active_v305_baseline_hh_py_alias_20260629_002 --cumulative-csv reports/ogc2026_reboot_v001/active_publish_rechecks_v305_alias_full.csv --require-fresh-cumulative"
2026-06-29T22:50:06,verify_active_v305_baseline_hh_py_alias_20260629_002,wrapper,baseline_hh_v305_alias_full,ogc2026\baseline\baseline_hh.py,ef15ea8d93aad6150284f83b2ce629dcd57452a6f0a55880d95c7b3e6ff34ae4,9dfaa0ac5fa3e0f16fdfb0890e11b4cb64ea59b8edee029a9c4f13a2c52538b0,hh_algorithm_loop,c65b7d3b,True,prob_12.json,60.000000,60.000000,20.000000,90.000000,true,false,true,true,true,5,553078.0,553078.0,553078.0,8.0,6633,2491.0,25.108728,24.656937837600708,200,200,4,,reports\ogc2026_reboot_v001\verify_active_v305_baseline_hh_py_alias_20260629_002\solutions\wrapper__baseline_hh_v305_alias_full\prob_12.solution.json,reports\ogc2026_reboot_v001\verify_active_v305_baseline_hh_py_alias_20260629_002\logs\wrapper__baseline_hh_v305_alias_full\prob_12.log,PASS objective=553078.0 obj1=8.0 obj2=6633 obj3=2491.0,"C:\Python314\python.exe ogc2026/batchrunner/benchmark.py --algorithm name=wrapper,version=baseline_hh_v305_alias_full,path=ogc2026/baseline/baseline_hh.py --algorithm name=direct,version=v304_direct_full_recheck,path=ogc2026/baseline/alg_versions/reboot_v304_20260629_trackA_prob13like_subprocess_fallback_on_v298.py --problem train/prob_1.json --problem train/prob_2.json --problem train/prob_3.json --problem train/prob_4.json --problem train/prob_5.json --problem train/prob_6.json --problem train/prob_7.json --problem train/prob_8.json --problem train/prob_9.json --problem train/prob_10.json --problem train/prob_11.json --problem train/prob_12.json --problem train/prob_13.json --problem train/prob_14.json --problem train/prob_15.json --problem train/prob_16.json --problem train/prob_17.json --problem train/prob_18.json --problem train/prob_19.json --problem train/prob_20.json --problem train/prob_21.json --problem train/prob_22.json --problem train/prob_23.json --problem train/prob_24.json --problem train/prob_25.json --problem train/prob_26.json --problem train/prob_27.json --problem train/prob_28.json --problem train/prob_29.json --problem train/prob_30.json --problem train/prob_31.json --problem train/prob_32.json --problem train/prob_33.json --problem train/prob_34.json --problem train/prob_35.json --problem train/prob_36.json --problem train/prob_37.json --problem train/prob_38.json --problem train/prob_39.json --problem train/prob_40.json --timelimit 60 --run-id verify_active_v305_baseline_hh_py_alias_20260629_002 --out-dir reports/ogc2026_reboot_v001/verify_active_v305_baseline_hh_py_alias_20260629_002 --cumulative-csv reports/ogc2026_reboot_v001/active_publish_rechecks_v305_alias_full.csv --require-fresh-cumulative"
2026-06-29T22:50:06,verify_active_v305_baseline_hh_py_alias_20260629_002,wrapper,baseline_hh_v305_alias_full,ogc2026\baseline\baseline_hh.py,ef15ea8d93aad6150284f83b2ce629dcd57452a6f0a55880d95c7b3e6ff34ae4,9dfaa0ac5fa3e0f16fdfb0890e11b4cb64ea59b8edee029a9c4f13a2c52538b0,hh_algorithm_loop,c65b7d3b,True,prob_13.json,60.000000,60.000000,20.000000,90.000000,true,false,true,true,true,5,9583645.0,9583645.0,9583645.0,482.0,4438,4465.0,38.345940,37.88439869880676,250,250,4,,reports\ogc2026_reboot_v001\verify_active_v305_baseline_hh_py_alias_20260629_002\solutions\wrapper__baseline_hh_v305_alias_full\prob_13.solution.json,reports\ogc2026_reboot_v001\verify_active_v305_baseline_hh_py_alias_20260629_002\logs\wrapper__baseline_hh_v305_alias_full\prob_13.log,PASS objective=9583645.0 obj1=482.0 obj2=4438 obj3=4465.0,"C:\Python314\python.exe ogc2026/batchrunner/benchmark.py --algorithm name=wrapper,version=baseline_hh_v305_alias_full,path=ogc2026/baseline/baseline_hh.py --algorithm name=direct,version=v304_direct_full_recheck,path=ogc2026/baseline/alg_versions/reboot_v304_20260629_trackA_prob13like_subprocess_fallback_on_v298.py --problem train/prob_1.json --problem train/prob_2.json --problem train/prob_3.json --problem train/prob_4.json --problem train/prob_5.json --problem train/prob_6.json --problem train/prob_7.json --problem train/prob_8.json --problem train/prob_9.json --problem train/prob_10.json --problem train/prob_11.json --problem train/prob_12.json --problem train/prob_13.json --problem train/prob_14.json --problem train/prob_15.json --problem train/prob_16.json --problem train/prob_17.json --problem train/prob_18.json --problem train/prob_19.json --problem train/prob_20.json --problem train/prob_21.json --problem train/prob_22.json --problem train/prob_23.json --problem train/prob_24.json --problem train/prob_25.json --problem train/prob_26.json --problem train/prob_27.json --problem train/prob_28.json --problem train/prob_29.json --problem train/prob_30.json --problem train/prob_31.json --problem train/prob_32.json --problem train/prob_33.json --problem train/prob_34.json --problem train/prob_35.json --problem train/prob_36.json --problem train/prob_37.json --problem train/prob_38.json --problem train/prob_39.json --problem train/prob_40.json --timelimit 60 --run-id verify_active_v305_baseline_hh_py_alias_20260629_002 --out-dir reports/ogc2026_reboot_v001/verify_active_v305_baseline_hh_py_alias_20260629_002 --cumulative-csv reports/ogc2026_reboot_v001/active_publish_rechecks_v305_alias_full.csv --require-fresh-cumulative"
2026-06-29T22:50:06,verify_active_v305_baseline_hh_py_alias_20260629_002,wrapper,baseline_hh_v305_alias_full,ogc2026\baseline\baseline_hh.py,ef15ea8d93aad6150284f83b2ce629dcd57452a6f0a55880d95c7b3e6ff34ae4,9dfaa0ac5fa3e0f16fdfb0890e11b4cb64ea59b8edee029a9c4f13a2c52538b0,hh_algorithm_loop,c65b7d3b,True,prob_14.json,60.000000,60.000000,20.000000,90.000000,true,false,true,true,true,5,3795716.0,3795716.0,3795716.0,181.0,3301,4221.0,54.206977,53.738715171813965,250,250,4,,reports\ogc2026_reboot_v001\verify_active_v305_baseline_hh_py_alias_20260629_002\solutions\wrapper__baseline_hh_v305_alias_full\prob_14.solution.json,reports\ogc2026_reboot_v001\verify_active_v305_baseline_hh_py_alias_20260629_002\logs\wrapper__baseline_hh_v305_alias_full\prob_14.log,PASS objective=3795716.0 obj1=181.0 obj2=3301 obj3=4221.0,"C:\Python314\python.exe ogc2026/batchrunner/benchmark.py --algorithm name=wrapper,version=baseline_hh_v305_alias_full,path=ogc2026/baseline/baseline_hh.py --algorithm name=direct,version=v304_direct_full_recheck,path=ogc2026/baseline/alg_versions/reboot_v304_20260629_trackA_prob13like_subprocess_fallback_on_v298.py --problem train/prob_1.json --problem train/prob_2.json --problem train/prob_3.json --problem train/prob_4.json --problem train/prob_5.json --problem train/prob_6.json --problem train/prob_7.json --problem train/prob_8.json --problem train/prob_9.json --problem train/prob_10.json --problem train/prob_11.json --problem train/prob_12.json --problem train/prob_13.json --problem train/prob_14.json --problem train/prob_15.json --problem train/prob_16.json --problem train/prob_17.json --problem train/prob_18.json --problem train/prob_19.json --problem train/prob_20.json --problem train/prob_21.json --problem train/prob_22.json --problem train/prob_23.json --problem train/prob_24.json --problem train/prob_25.json --problem train/prob_26.json --problem train/prob_27.json --problem train/prob_28.json --problem train/prob_29.json --problem train/prob_30.json --problem train/prob_31.json --problem train/prob_32.json --problem train/prob_33.json --problem train/prob_34.json --problem train/prob_35.json --problem train/prob_36.json --problem train/prob_37.json --problem train/prob_38.json --problem train/prob_39.json --problem train/prob_40.json --timelimit 60 --run-id verify_active_v305_baseline_hh_py_alias_20260629_002 --out-dir reports/ogc2026_reboot_v001/verify_active_v305_baseline_hh_py_alias_20260629_002 --cumulative-csv reports/ogc2026_reboot_v001/active_publish_rechecks_v305_alias_full.csv --require-fresh-cumulative"
2026-06-29T22:50:06,verify_active_v305_baseline_hh_py_alias_20260629_002,wrapper,baseline_hh_v305_alias_full,ogc2026\baseline\baseline_hh.py,ef15ea8d93aad6150284f83b2ce629dcd57452a6f0a55880d95c7b3e6ff34ae4,9dfaa0ac5fa3e0f16fdfb0890e11b4cb64ea59b8edee029a9c4f13a2c52538b0,hh_algorithm_loop,c65b7d3b,True,prob_15.json,60.000000,60.000000,20.000000,90.000000,true,false,true,true,true,5,844023.0,844023.0,844023.0,25.0,3465,3431.0,37.659131,36.928842544555664,250,250,4,,reports\ogc2026_reboot_v001\verify_active_v305_baseline_hh_py_alias_20260629_002\solutions\wrapper__baseline_hh_v305_alias_full\prob_15.solution.json,reports\ogc2026_reboot_v001\verify_active_v305_baseline_hh_py_alias_20260629_002\logs\wrapper__baseline_hh_v305_alias_full\prob_15.log,PASS objective=844023.0 obj1=25.0 obj2=3465 obj3=3431.0,"C:\Python314\python.exe ogc2026/batchrunner/benchmark.py --algorithm name=wrapper,version=baseline_hh_v305_alias_full,path=ogc2026/baseline/baseline_hh.py --algorithm name=direct,version=v304_direct_full_recheck,path=ogc2026/baseline/alg_versions/reboot_v304_20260629_trackA_prob13like_subprocess_fallback_on_v298.py --problem train/prob_1.json --problem train/prob_2.json --problem train/prob_3.json --problem train/prob_4.json --problem train/prob_5.json --problem train/prob_6.json --problem train/prob_7.json --problem train/prob_8.json --problem train/prob_9.json --problem train/prob_10.json --problem train/prob_11.json --problem train/prob_12.json --problem train/prob_13.json --problem train/prob_14.json --problem train/prob_15.json --problem train/prob_16.json --problem train/prob_17.json --problem train/prob_18.json --problem train/prob_19.json --problem train/prob_20.json --problem train/prob_21.json --problem train/prob_22.json --problem train/prob_23.json --problem train/prob_24.json --problem train/prob_25.json --problem train/prob_26.json --problem train/prob_27.json --problem train/prob_28.json --problem train/prob_29.json --problem train/prob_30.json --problem train/prob_31.json --problem train/prob_32.json --problem train/prob_33.json --problem train/prob_34.json --problem train/prob_35.json --problem train/prob_36.json --problem train/prob_37.json --problem train/prob_38.json --problem train/prob_39.json --problem train/prob_40.json --timelimit 60 --run-id verify_active_v305_baseline_hh_py_alias_20260629_002 --out-dir reports/ogc2026_reboot_v001/verify_active_v305_baseline_hh_py_alias_20260629_002 --cumulative-csv reports/ogc2026_reboot_v001/active_publish_rechecks_v305_alias_full.csv --require-fresh-cumulative"
2026-06-29T22:50:06,verify_active_v305_baseline_hh_py_alias_20260629_002,wrapper,baseline_hh_v305_alias_full,ogc2026\baseline\baseline_hh.py,ef15ea8d93aad6150284f83b2ce629dcd57452a6f0a55880d95c7b3e6ff34ae4,9dfaa0ac5fa3e0f16fdfb0890e11b4cb64ea59b8edee029a9c4f13a2c52538b0,hh_algorithm_loop,c65b7d3b,True,prob_16.json,60.000000,60.000000,20.000000,90.000000,true,false,true,true,true,5,176817.0,176817.0,176817.0,0.0,2938,1219.0,12.742790,12.290153741836548,250,250,4,,reports\ogc2026_reboot_v001\verify_active_v305_baseline_hh_py_alias_20260629_002\solutions\wrapper__baseline_hh_v305_alias_full\prob_16.solution.json,reports\ogc2026_reboot_v001\verify_active_v305_baseline_hh_py_alias_20260629_002\logs\wrapper__baseline_hh_v305_alias_full\prob_16.log,PASS objective=176817.0 obj1=0.0 obj2=2938 obj3=1219.0,"C:\Python314\python.exe ogc2026/batchrunner/benchmark.py --algorithm name=wrapper,version=baseline_hh_v305_alias_full,path=ogc2026/baseline/baseline_hh.py --algorithm name=direct,version=v304_direct_full_recheck,path=ogc2026/baseline/alg_versions/reboot_v304_20260629_trackA_prob13like_subprocess_fallback_on_v298.py --problem train/prob_1.json --problem train/prob_2.json --problem train/prob_3.json --problem train/prob_4.json --problem train/prob_5.json --problem train/prob_6.json --problem train/prob_7.json --problem train/prob_8.json --problem train/prob_9.json --problem train/prob_10.json --problem train/prob_11.json --problem train/prob_12.json --problem train/prob_13.json --problem train/prob_14.json --problem train/prob_15.json --problem train/prob_16.json --problem train/prob_17.json --problem train/prob_18.json --problem train/prob_19.json --problem train/prob_20.json --problem train/prob_21.json --problem train/prob_22.json --problem train/prob_23.json --problem train/prob_24.json --problem train/prob_25.json --problem train/prob_26.json --problem train/prob_27.json --problem train/prob_28.json --problem train/prob_29.json --problem train/prob_30.json --problem train/prob_31.json --problem train/prob_32.json --problem train/prob_33.json --problem train/prob_34.json --problem train/prob_35.json --problem train/prob_36.json --problem train/prob_37.json --problem train/prob_38.json --problem train/prob_39.json --problem train/prob_40.json --timelimit 60 --run-id verify_active_v305_baseline_hh_py_alias_20260629_002 --out-dir reports/ogc2026_reboot_v001/verify_active_v305_baseline_hh_py_alias_20260629_002 --cumulative-csv reports/ogc2026_reboot_v001/active_publish_rechecks_v305_alias_full.csv --require-fresh-cumulative"
2026-06-29T22:50:06,verify_active_v305_baseline_hh_py_alias_20260629_002,wrapper,baseline_hh_v305_alias_full,ogc2026\baseline\baseline_hh.py,ef15ea8d93aad6150284f83b2ce629dcd57452a6f0a55880d95c7b3e6ff34ae4,9dfaa0ac5fa3e0f16fdfb0890e11b4cb64ea59b8edee029a9c4f13a2c52538b0,hh_algorithm_loop,c65b7d3b,True,prob_17.json,60.000000,60.000000,20.000000,90.000000,true,false,true,true,true,5,338183.0,338183.0,338183.0,13.0,5749,1422.0,19.130015,18.6620831489563,300,300,4,,reports\ogc2026_reboot_v001\verify_active_v305_baseline_hh_py_alias_20260629_002\solutions\wrapper__baseline_hh_v305_alias_full\prob_17.solution.json,reports\ogc2026_reboot_v001\verify_active_v305_baseline_hh_py_alias_20260629_002\logs\wrapper__baseline_hh_v305_alias_full\prob_17.log,PASS objective=338183.0 obj1=13.0 obj2=5749 obj3=1422.0,"C:\Python314\python.exe ogc2026/batchrunner/benchmark.py --algorithm name=wrapper,version=baseline_hh_v305_alias_full,path=ogc2026/baseline/baseline_hh.py --algorithm name=direct,version=v304_direct_full_recheck,path=ogc2026/baseline/alg_versions/reboot_v304_20260629_trackA_prob13like_subprocess_fallback_on_v298.py --problem train/prob_1.json --problem train/prob_2.json --problem train/prob_3.json --problem train/prob_4.json --problem train/prob_5.json --problem train/prob_6.json --problem train/prob_7.json --problem train/prob_8.json --problem train/prob_9.json --problem train/prob_10.json --problem train/prob_11.json --problem train/prob_12.json --problem train/prob_13.json --problem train/prob_14.json --problem train/prob_15.json --problem train/prob_16.json --problem train/prob_17.json --problem train/prob_18.json --problem train/prob_19.json --problem train/prob_20.json --problem train/prob_21.json --problem train/prob_22.json --problem train/prob_23.json --problem train/prob_24.json --problem train/prob_25.json --problem train/prob_26.json --problem train/prob_27.json --problem train/prob_28.json --problem train/prob_29.json --problem train/prob_30.json --problem train/prob_31.json --problem train/prob_32.json --problem train/prob_33.json --problem train/prob_34.json --problem train/prob_35.json --problem train/prob_36.json --problem train/prob_37.json --problem train/prob_38.json --problem train/prob_39.json --problem train/prob_40.json --timelimit 60 --run-id verify_active_v305_baseline_hh_py_alias_20260629_002 --out-dir reports/ogc2026_reboot_v001/verify_active_v305_baseline_hh_py_alias_20260629_002 --cumulative-csv reports/ogc2026_reboot_v001/active_publish_rechecks_v305_alias_full.csv --require-fresh-cumulative"
2026-06-29T22:50:06,verify_active_v305_baseline_hh_py_alias_20260629_002,wrapper,baseline_hh_v305_alias_full,ogc2026\baseline\baseline_hh.py,ef15ea8d93aad6150284f83b2ce629dcd57452a6f0a55880d95c7b3e6ff34ae4,9dfaa0ac5fa3e0f16fdfb0890e11b4cb64ea59b8edee029a9c4f13a2c52538b0,hh_algorithm_loop,c65b7d3b,True,prob_18.json,60.000000,60.000000,20.000000,90.000000,true,false,true,true,true,5,264994.0,264994.0,264994.0,0.0,3406,1890.0,23.592974,23.12627077102661,300,300,4,,reports\ogc2026_reboot_v001\verify_active_v305_baseline_hh_py_alias_20260629_002\solutions\wrapper__baseline_hh_v305_alias_full\prob_18.solution.json,reports\ogc2026_reboot_v001\verify_active_v305_baseline_hh_py_alias_20260629_002\logs\wrapper__baseline_hh_v305_alias_full\prob_18.log,PASS objective=264994.0 obj1=0.0 obj2=3406 obj3=1890.0,"C:\Python314\python.exe ogc2026/batchrunner/benchmark.py --algorithm name=wrapper,version=baseline_hh_v305_alias_full,path=ogc2026/baseline/baseline_hh.py --algorithm name=direct,version=v304_direct_full_recheck,path=ogc2026/baseline/alg_versions/reboot_v304_20260629_trackA_prob13like_subprocess_fallback_on_v298.py --problem train/prob_1.json --problem train/prob_2.json --problem train/prob_3.json --problem train/prob_4.json --problem train/prob_5.json --problem train/prob_6.json --problem train/prob_7.json --problem train/prob_8.json --problem train/prob_9.json --problem train/prob_10.json --problem train/prob_11.json --problem train/prob_12.json --problem train/prob_13.json --problem train/prob_14.json --problem train/prob_15.json --problem train/prob_16.json --problem train/prob_17.json --problem train/prob_18.json --problem train/prob_19.json --problem train/prob_20.json --problem train/prob_21.json --problem train/prob_22.json --problem train/prob_23.json --problem train/prob_24.json --problem train/prob_25.json --problem train/prob_26.json --problem train/prob_27.json --problem train/prob_28.json --problem train/prob_29.json --problem train/prob_30.json --problem train/prob_31.json --problem train/prob_32.json --problem train/prob_33.json --problem train/prob_34.json --problem train/prob_35.json --problem train/prob_36.json --problem train/prob_37.json --problem train/prob_38.json --problem train/prob_39.json --problem train/prob_40.json --timelimit 60 --run-id verify_active_v305_baseline_hh_py_alias_20260629_002 --out-dir reports/ogc2026_reboot_v001/verify_active_v305_baseline_hh_py_alias_20260629_002 --cumulative-csv reports/ogc2026_reboot_v001/active_publish_rechecks_v305_alias_full.csv --require-fresh-cumulative"
2026-06-29T22:50:06,verify_active_v305_baseline_hh_py_alias_20260629_002,wrapper,baseline_hh_v305_alias_full,ogc2026\baseline\baseline_hh.py,ef15ea8d93aad6150284f83b2ce629dcd57452a6f0a55880d95c7b3e6ff34ae4,9dfaa0ac5fa3e0f16fdfb0890e11b4cb64ea59b8edee029a9c4f13a2c52538b0,hh_algorithm_loop,c65b7d3b,True,prob_19.json,60.000000,60.000000,20.000000,90.000000,true,false,true,true,true,5,1896684.0,1896684.0,1896684.0,123.0,6544,4199.0,40.351264,39.60369086265564,300,300,4,,reports\ogc2026_reboot_v001\verify_active_v305_baseline_hh_py_alias_20260629_002\solutions\wrapper__baseline_hh_v305_alias_full\prob_19.solution.json,reports\ogc2026_reboot_v001\verify_active_v305_baseline_hh_py_alias_20260629_002\logs\wrapper__baseline_hh_v305_alias_full\prob_19.log,PASS objective=1896684.0 obj1=123.0 obj2=6544 obj3=4199.0,"C:\Python314\python.exe ogc2026/batchrunner/benchmark.py --algorithm name=wrapper,version=baseline_hh_v305_alias_full,path=ogc2026/baseline/baseline_hh.py --algorithm name=direct,version=v304_direct_full_recheck,path=ogc2026/baseline/alg_versions/reboot_v304_20260629_trackA_prob13like_subprocess_fallback_on_v298.py --problem train/prob_1.json --problem train/prob_2.json --problem train/prob_3.json --problem train/prob_4.json --problem train/prob_5.json --problem train/prob_6.json --problem train/prob_7.json --problem train/prob_8.json --problem train/prob_9.json --problem train/prob_10.json --problem train/prob_11.json --problem train/prob_12.json --problem train/prob_13.json --problem train/prob_14.json --problem train/prob_15.json --problem train/prob_16.json --problem train/prob_17.json --problem train/prob_18.json --problem train/prob_19.json --problem train/prob_20.json --problem train/prob_21.json --problem train/prob_22.json --problem train/prob_23.json --problem train/prob_24.json --problem train/prob_25.json --problem train/prob_26.json --problem train/prob_27.json --problem train/prob_28.json --problem train/prob_29.json --problem train/prob_30.json --problem train/prob_31.json --problem train/prob_32.json --problem train/prob_33.json --problem train/prob_34.json --problem train/prob_35.json --problem train/prob_36.json --problem train/prob_37.json --problem train/prob_38.json --problem train/prob_39.json --problem train/prob_40.json --timelimit 60 --run-id verify_active_v305_baseline_hh_py_alias_20260629_002 --out-dir reports/ogc2026_reboot_v001/verify_active_v305_baseline_hh_py_alias_20260629_002 --cumulative-csv reports/ogc2026_reboot_v001/active_publish_rechecks_v305_alias_full.csv --require-fresh-cumulative"
2026-06-29T22:50:06,verify_active_v305_baseline_hh_py_alias_20260629_002,wrapper,baseline_hh_v305_alias_full,ogc2026\baseline\baseline_hh.py,ef15ea8d93aad6150284f83b2ce629dcd57452a6f0a55880d95c7b3e6ff34ae4,9dfaa0ac5fa3e0f16fdfb0890e11b4cb64ea59b8edee029a9c4f13a2c52538b0,hh_algorithm_loop,c65b7d3b,True,prob_20.json,60.000000,60.000000,20.000000,90.000000,true,false,true,true,true,5,5199740.0,5199740.0,5199740.0,164.0,3642,6436.0,46.285481,45.81616950035095,300,300,5,,reports\ogc2026_reboot_v001\verify_active_v305_baseline_hh_py_alias_20260629_002\solutions\wrapper__baseline_hh_v305_alias_full\prob_20.solution.json,reports\ogc2026_reboot_v001\verify_active_v305_baseline_hh_py_alias_20260629_002\logs\wrapper__baseline_hh_v305_alias_full\prob_20.log,PASS objective=5199740.0 obj1=164.0 obj2=3642 obj3=6436.0,"C:\Python314\python.exe ogc2026/batchrunner/benchmark.py --algorithm name=wrapper,version=baseline_hh_v305_alias_full,path=ogc2026/baseline/baseline_hh.py --algorithm name=direct,version=v304_direct_full_recheck,path=ogc2026/baseline/alg_versions/reboot_v304_20260629_trackA_prob13like_subprocess_fallback_on_v298.py --problem train/prob_1.json --problem train/prob_2.json --problem train/prob_3.json --problem train/prob_4.json --problem train/prob_5.json --problem train/prob_6.json --problem train/prob_7.json --problem train/prob_8.json --problem train/prob_9.json --problem train/prob_10.json --problem train/prob_11.json --problem train/prob_12.json --problem train/prob_13.json --problem train/prob_14.json --problem train/prob_15.json --problem train/prob_16.json --problem train/prob_17.json --problem train/prob_18.json --problem train/prob_19.json --problem train/prob_20.json --problem train/prob_21.json --problem train/prob_22.json --problem train/prob_23.json --problem train/prob_24.json --problem train/prob_25.json --problem train/prob_26.json --problem train/prob_27.json --problem train/prob_28.json --problem train/prob_29.json --problem train/prob_30.json --problem train/prob_31.json --problem train/prob_32.json --problem train/prob_33.json --problem train/prob_34.json --problem train/prob_35.json --problem train/prob_36.json --problem train/prob_37.json --problem train/prob_38.json --problem train/prob_39.json --problem train/prob_40.json --timelimit 60 --run-id verify_active_v305_baseline_hh_py_alias_20260629_002 --out-dir reports/ogc2026_reboot_v001/verify_active_v305_baseline_hh_py_alias_20260629_002 --cumulative-csv reports/ogc2026_reboot_v001/active_publish_rechecks_v305_alias_full.csv --require-fresh-cumulative"
2026-06-29T22:50:06,verify_active_v305_baseline_hh_py_alias_20260629_002,wrapper,baseline_hh_v305_alias_full,ogc2026\baseline\baseline_hh.py,ef15ea8d93aad6150284f83b2ce629dcd57452a6f0a55880d95c7b3e6ff34ae4,9dfaa0ac5fa3e0f16fdfb0890e11b4cb64ea59b8edee029a9c4f13a2c52538b0,hh_algorithm_loop,c65b7d3b,True,prob_21.json,60.000000,60.000000,20.000000,90.000000,true,false,true,true,true,5,9383482.0,9383482.0,9383482.0,664.0,522,3501.0,10.906939,10.4650719165802,100,100,3,,reports\ogc2026_reboot_v001\verify_active_v305_baseline_hh_py_alias_20260629_002\solutions\wrapper__baseline_hh_v305_alias_full\prob_21.solution.json,reports\ogc2026_reboot_v001\verify_active_v305_baseline_hh_py_alias_20260629_002\logs\wrapper__baseline_hh_v305_alias_full\prob_21.log,PASS objective=9383482.0 obj1=664.0 obj2=522 obj3=3501.0,"C:\Python314\python.exe ogc2026/batchrunner/benchmark.py --algorithm name=wrapper,version=baseline_hh_v305_alias_full,path=ogc2026/baseline/baseline_hh.py --algorithm name=direct,version=v304_direct_full_recheck,path=ogc2026/baseline/alg_versions/reboot_v304_20260629_trackA_prob13like_subprocess_fallback_on_v298.py --problem train/prob_1.json --problem train/prob_2.json --problem train/prob_3.json --problem train/prob_4.json --problem train/prob_5.json --problem train/prob_6.json --problem train/prob_7.json --problem train/prob_8.json --problem train/prob_9.json --problem train/prob_10.json --problem train/prob_11.json --problem train/prob_12.json --problem train/prob_13.json --problem train/prob_14.json --problem train/prob_15.json --problem train/prob_16.json --problem train/prob_17.json --problem train/prob_18.json --problem train/prob_19.json --problem train/prob_20.json --problem train/prob_21.json --problem train/prob_22.json --problem train/prob_23.json --problem train/prob_24.json --problem train/prob_25.json --problem train/prob_26.json --problem train/prob_27.json --problem train/prob_28.json --problem train/prob_29.json --problem train/prob_30.json --problem train/prob_31.json --problem train/prob_32.json --problem train/prob_33.json --problem train/prob_34.json --problem train/prob_35.json --problem train/prob_36.json --problem train/prob_37.json --problem train/prob_38.json --problem train/prob_39.json --problem train/prob_40.json --timelimit 60 --run-id verify_active_v305_baseline_hh_py_alias_20260629_002 --out-dir reports/ogc2026_reboot_v001/verify_active_v305_baseline_hh_py_alias_20260629_002 --cumulative-csv reports/ogc2026_reboot_v001/active_publish_rechecks_v305_alias_full.csv --require-fresh-cumulative"
2026-06-29T22:50:06,verify_active_v305_baseline_hh_py_alias_20260629_002,wrapper,baseline_hh_v305_alias_full,ogc2026\baseline\baseline_hh.py,ef15ea8d93aad6150284f83b2ce629dcd57452a6f0a55880d95c7b3e6ff34ae4,9dfaa0ac5fa3e0f16fdfb0890e11b4cb64ea59b8edee029a9c4f13a2c52538b0,hh_algorithm_loop,c65b7d3b,True,prob_22.json,60.000000,60.000000,20.000000,90.000000,true,false,true,true,true,5,1837996.0,1837996.0,1837996.0,26.0,2446,3710.0,19.136260,18.685580730438232,100,100,2,,reports\ogc2026_reboot_v001\verify_active_v305_baseline_hh_py_alias_20260629_002\solutions\wrapper__baseline_hh_v305_alias_full\prob_22.solution.json,reports\ogc2026_reboot_v001\verify_active_v305_baseline_hh_py_alias_20260629_002\logs\wrapper__baseline_hh_v305_alias_full\prob_22.log,PASS objective=1837996.0 obj1=26.0 obj2=2446 obj3=3710.0,"C:\Python314\python.exe ogc2026/batchrunner/benchmark.py --algorithm name=wrapper,version=baseline_hh_v305_alias_full,path=ogc2026/baseline/baseline_hh.py --algorithm name=direct,version=v304_direct_full_recheck,path=ogc2026/baseline/alg_versions/reboot_v304_20260629_trackA_prob13like_subprocess_fallback_on_v298.py --problem train/prob_1.json --problem train/prob_2.json --problem train/prob_3.json --problem train/prob_4.json --problem train/prob_5.json --problem train/prob_6.json --problem train/prob_7.json --problem train/prob_8.json --problem train/prob_9.json --problem train/prob_10.json --problem train/prob_11.json --problem train/prob_12.json --problem train/prob_13.json --problem train/prob_14.json --problem train/prob_15.json --problem train/prob_16.json --problem train/prob_17.json --problem train/prob_18.json --problem train/prob_19.json --problem train/prob_20.json --problem train/prob_21.json --problem train/prob_22.json --problem train/prob_23.json --problem train/prob_24.json --problem train/prob_25.json --problem train/prob_26.json --problem train/prob_27.json --problem train/prob_28.json --problem train/prob_29.json --problem train/prob_30.json --problem train/prob_31.json --problem train/prob_32.json --problem train/prob_33.json --problem train/prob_34.json --problem train/prob_35.json --problem train/prob_36.json --problem train/prob_37.json --problem train/prob_38.json --problem train/prob_39.json --problem train/prob_40.json --timelimit 60 --run-id verify_active_v305_baseline_hh_py_alias_20260629_002 --out-dir reports/ogc2026_reboot_v001/verify_active_v305_baseline_hh_py_alias_20260629_002 --cumulative-csv reports/ogc2026_reboot_v001/active_publish_rechecks_v305_alias_full.csv --require-fresh-cumulative"
2026-06-29T22:50:06,verify_active_v305_baseline_hh_py_alias_20260629_002,wrapper,baseline_hh_v305_alias_full,ogc2026\baseline\baseline_hh.py,ef15ea8d93aad6150284f83b2ce629dcd57452a6f0a55880d95c7b3e6ff34ae4,9dfaa0ac5fa3e0f16fdfb0890e11b4cb64ea59b8edee029a9c4f13a2c52538b0,hh_algorithm_loop,c65b7d3b,True,prob_23.json,60.000000,60.000000,20.000000,90.000000,true,false,true,true,true,5,20686068.0,20686068.0,20686068.0,1497.0,35,1940.0,25.724277,25.261338233947754,100,100,2,,reports\ogc2026_reboot_v001\verify_active_v305_baseline_hh_py_alias_20260629_002\solutions\wrapper__baseline_hh_v305_alias_full\prob_23.solution.json,reports\ogc2026_reboot_v001\verify_active_v305_baseline_hh_py_alias_20260629_002\logs\wrapper__baseline_hh_v305_alias_full\prob_23.log,PASS objective=20686068.0 obj1=1497.0 obj2=35 obj3=1940.0,"C:\Python314\python.exe ogc2026/batchrunner/benchmark.py --algorithm name=wrapper,version=baseline_hh_v305_alias_full,path=ogc2026/baseline/baseline_hh.py --algorithm name=direct,version=v304_direct_full_recheck,path=ogc2026/baseline/alg_versions/reboot_v304_20260629_trackA_prob13like_subprocess_fallback_on_v298.py --problem train/prob_1.json --problem train/prob_2.json --problem train/prob_3.json --problem train/prob_4.json --problem train/prob_5.json --problem train/prob_6.json --problem train/prob_7.json --problem train/prob_8.json --problem train/prob_9.json --problem train/prob_10.json --problem train/prob_11.json --problem train/prob_12.json --problem train/prob_13.json --problem train/prob_14.json --problem train/prob_15.json --problem train/prob_16.json --problem train/prob_17.json --problem train/prob_18.json --problem train/prob_19.json --problem train/prob_20.json --problem train/prob_21.json --problem train/prob_22.json --problem train/prob_23.json --problem train/prob_24.json --problem train/prob_25.json --problem train/prob_26.json --problem train/prob_27.json --problem train/prob_28.json --problem train/prob_29.json --problem train/prob_30.json --problem train/prob_31.json --problem train/prob_32.json --problem train/prob_33.json --problem train/prob_34.json --problem train/prob_35.json --problem train/prob_36.json --problem train/prob_37.json --problem train/prob_38.json --problem train/prob_39.json --problem train/prob_40.json --timelimit 60 --run-id verify_active_v305_baseline_hh_py_alias_20260629_002 --out-dir reports/ogc2026_reboot_v001/verify_active_v305_baseline_hh_py_alias_20260629_002 --cumulative-csv reports/ogc2026_reboot_v001/active_publish_rechecks_v305_alias_full.csv --require-fresh-cumulative"
2026-06-29T22:50:06,verify_active_v305_baseline_hh_py_alias_20260629_002,wrapper,baseline_hh_v305_alias_full,ogc2026\baseline\baseline_hh.py,ef15ea8d93aad6150284f83b2ce629dcd57452a6f0a55880d95c7b3e6ff34ae4,9dfaa0ac5fa3e0f16fdfb0890e11b4cb64ea59b8edee029a9c4f13a2c52538b0,hh_algorithm_loop,c65b7d3b,True,prob_24.json,60.000000,60.000000,20.000000,90.000000,true,false,true,true,true,5,2981583.0,2981583.0,2981583.0,166.0,1381,2538.0,36.591041,36.131915807724,100,100,3,,reports\ogc2026_reboot_v001\verify_active_v305_baseline_hh_py_alias_20260629_002\solutions\wrapper__baseline_hh_v305_alias_full\prob_24.solution.json,reports\ogc2026_reboot_v001\verify_active_v305_baseline_hh_py_alias_20260629_002\logs\wrapper__baseline_hh_v305_alias_full\prob_24.log,PASS objective=2981583.0 obj1=166.0 obj2=1381 obj3=2538.0,"C:\Python314\python.exe ogc2026/batchrunner/benchmark.py --algorithm name=wrapper,version=baseline_hh_v305_alias_full,path=ogc2026/baseline/baseline_hh.py --algorithm name=direct,version=v304_direct_full_recheck,path=ogc2026/baseline/alg_versions/reboot_v304_20260629_trackA_prob13like_subprocess_fallback_on_v298.py --problem train/prob_1.json --problem train/prob_2.json --problem train/prob_3.json --problem train/prob_4.json --problem train/prob_5.json --problem train/prob_6.json --problem train/prob_7.json --problem train/prob_8.json --problem train/prob_9.json --problem train/prob_10.json --problem train/prob_11.json --problem train/prob_12.json --problem train/prob_13.json --problem train/prob_14.json --problem train/prob_15.json --problem train/prob_16.json --problem train/prob_17.json --problem train/prob_18.json --problem train/prob_19.json --problem train/prob_20.json --problem train/prob_21.json --problem train/prob_22.json --problem train/prob_23.json --problem train/prob_24.json --problem train/prob_25.json --problem train/prob_26.json --problem train/prob_27.json --problem train/prob_28.json --problem train/prob_29.json --problem train/prob_30.json --problem train/prob_31.json --problem train/prob_32.json --problem train/prob_33.json --problem train/prob_34.json --problem train/prob_35.json --problem train/prob_36.json --problem train/prob_37.json --problem train/prob_38.json --problem train/prob_39.json --problem train/prob_40.json --timelimit 60 --run-id verify_active_v305_baseline_hh_py_alias_20260629_002 --out-dir reports/ogc2026_reboot_v001/verify_active_v305_baseline_hh_py_alias_20260629_002 --cumulative-csv reports/ogc2026_reboot_v001/active_publish_rechecks_v305_alias_full.csv --require-fresh-cumulative"
2026-06-29T22:50:06,verify_active_v305_baseline_hh_py_alias_20260629_002,wrapper,baseline_hh_v305_alias_full,ogc2026\baseline\baseline_hh.py,ef15ea8d93aad6150284f83b2ce629dcd57452a6f0a55880d95c7b3e6ff34ae4,9dfaa0ac5fa3e0f16fdfb0890e11b4cb64ea59b8edee029a9c4f13a2c52538b0,hh_algorithm_loop,c65b7d3b,True,prob_25.json,60.000000,60.000000,20.000000,90.000000,true,false,true,true,true,5,1454484.0,1454484.0,1454484.0,2089.0,241,3044.0,32.122859,31.68457317352295,100,100,2,,reports\ogc2026_reboot_v001\verify_active_v305_baseline_hh_py_alias_20260629_002\solutions\wrapper__baseline_hh_v305_alias_full\prob_25.solution.json,reports\ogc2026_reboot_v001\verify_active_v305_baseline_hh_py_alias_20260629_002\logs\wrapper__baseline_hh_v305_alias_full\prob_25.log,PASS objective=1454484.0 obj1=2089.0 obj2=241 obj3=3044.0,"C:\Python314\python.exe ogc2026/batchrunner/benchmark.py --algorithm name=wrapper,version=baseline_hh_v305_alias_full,path=ogc2026/baseline/baseline_hh.py --algorithm name=direct,version=v304_direct_full_recheck,path=ogc2026/baseline/alg_versions/reboot_v304_20260629_trackA_prob13like_subprocess_fallback_on_v298.py --problem train/prob_1.json --problem train/prob_2.json --problem train/prob_3.json --problem train/prob_4.json --problem train/prob_5.json --problem train/prob_6.json --problem train/prob_7.json --problem train/prob_8.json --problem train/prob_9.json --problem train/prob_10.json --problem train/prob_11.json --problem train/prob_12.json --problem train/prob_13.json --problem train/prob_14.json --problem train/prob_15.json --problem train/prob_16.json --problem train/prob_17.json --problem train/prob_18.json --problem train/prob_19.json --problem train/prob_20.json --problem train/prob_21.json --problem train/prob_22.json --problem train/prob_23.json --problem train/prob_24.json --problem train/prob_25.json --problem train/prob_26.json --problem train/prob_27.json --problem train/prob_28.json --problem train/prob_29.json --problem train/prob_30.json --problem train/prob_31.json --problem train/prob_32.json --problem train/prob_33.json --problem train/prob_34.json --problem train/prob_35.json --problem train/prob_36.json --problem train/prob_37.json --problem train/prob_38.json --problem train/prob_39.json --problem train/prob_40.json --timelimit 60 --run-id verify_active_v305_baseline_hh_py_alias_20260629_002 --out-dir reports/ogc2026_reboot_v001/verify_active_v305_baseline_hh_py_alias_20260629_002 --cumulative-csv reports/ogc2026_reboot_v001/active_publish_rechecks_v305_alias_full.csv --require-fresh-cumulative"
2026-06-29T22:50:06,verify_active_v305_baseline_hh_py_alias_20260629_002,wrapper,baseline_hh_v305_alias_full,ogc2026\baseline\baseline_hh.py,ef15ea8d93aad6150284f83b2ce629dcd57452a6f0a55880d95c7b3e6ff34ae4,9dfaa0ac5fa3e0f16fdfb0890e11b4cb64ea59b8edee029a9c4f13a2c52538b0,hh_algorithm_loop,c65b7d3b,True,prob_26.json,60.000000,60.000000,20.000000,90.000000,true,false,true,true,true,5,31708207.0,31708207.0,31708207.0,2305.0,2556,6385.0,25.901290,25.44571018218994,150,150,3,,reports\ogc2026_reboot_v001\verify_active_v305_baseline_hh_py_alias_20260629_002\solutions\wrapper__baseline_hh_v305_alias_full\prob_26.solution.json,reports\ogc2026_reboot_v001\verify_active_v305_baseline_hh_py_alias_20260629_002\logs\wrapper__baseline_hh_v305_alias_full\prob_26.log,PASS objective=31708207.0 obj1=2305.0 obj2=2556 obj3=6385.0,"C:\Python314\python.exe ogc2026/batchrunner/benchmark.py --algorithm name=wrapper,version=baseline_hh_v305_alias_full,path=ogc2026/baseline/baseline_hh.py --algorithm name=direct,version=v304_direct_full_recheck,path=ogc2026/baseline/alg_versions/reboot_v304_20260629_trackA_prob13like_subprocess_fallback_on_v298.py --problem train/prob_1.json --problem train/prob_2.json --problem train/prob_3.json --problem train/prob_4.json --problem train/prob_5.json --problem train/prob_6.json --problem train/prob_7.json --problem train/prob_8.json --problem train/prob_9.json --problem train/prob_10.json --problem train/prob_11.json --problem train/prob_12.json --problem train/prob_13.json --problem train/prob_14.json --problem train/prob_15.json --problem train/prob_16.json --problem train/prob_17.json --problem train/prob_18.json --problem train/prob_19.json --problem train/prob_20.json --problem train/prob_21.json --problem train/prob_22.json --problem train/prob_23.json --problem train/prob_24.json --problem train/prob_25.json --problem train/prob_26.json --problem train/prob_27.json --problem train/prob_28.json --problem train/prob_29.json --problem train/prob_30.json --problem train/prob_31.json --problem train/prob_32.json --problem train/prob_33.json --problem train/prob_34.json --problem train/prob_35.json --problem train/prob_36.json --problem train/prob_37.json --problem train/prob_38.json --problem train/prob_39.json --problem train/prob_40.json --timelimit 60 --run-id verify_active_v305_baseline_hh_py_alias_20260629_002 --out-dir reports/ogc2026_reboot_v001/verify_active_v305_baseline_hh_py_alias_20260629_002 --cumulative-csv reports/ogc2026_reboot_v001/active_publish_rechecks_v305_alias_full.csv --require-fresh-cumulative"
2026-06-29T22:50:06,verify_active_v305_baseline_hh_py_alias_20260629_002,wrapper,baseline_hh_v305_alias_full,ogc2026\baseline\baseline_hh.py,ef15ea8d93aad6150284f83b2ce629dcd57452a6f0a55880d95c7b3e6ff34ae4,9dfaa0ac5fa3e0f16fdfb0890e11b4cb64ea59b8edee029a9c4f13a2c52538b0,hh_algorithm_loop,c65b7d3b,True,prob_27.json,60.000000,60.000000,20.000000,90.000000,true,false,true,true,true,5,75028700.0,75028700.0,75028700.0,5456.0,1926,5700.0,46.629874,45.901726484298706,150,150,2,,reports\ogc2026_reboot_v001\verify_active_v305_baseline_hh_py_alias_20260629_002\solutions\wrapper__baseline_hh_v305_alias_full\prob_27.solution.json,reports\ogc2026_reboot_v001\verify_active_v305_baseline_hh_py_alias_20260629_002\logs\wrapper__baseline_hh_v305_alias_full\prob_27.log,PASS objective=75028700.0 obj1=5456.0 obj2=1926 obj3=5700.0,"C:\Python314\python.exe ogc2026/batchrunner/benchmark.py --algorithm name=wrapper,version=baseline_hh_v305_alias_full,path=ogc2026/baseline/baseline_hh.py --algorithm name=direct,version=v304_direct_full_recheck,path=ogc2026/baseline/alg_versions/reboot_v304_20260629_trackA_prob13like_subprocess_fallback_on_v298.py --problem train/prob_1.json --problem train/prob_2.json --problem train/prob_3.json --problem train/prob_4.json --problem train/prob_5.json --problem train/prob_6.json --problem train/prob_7.json --problem train/prob_8.json --problem train/prob_9.json --problem train/prob_10.json --problem train/prob_11.json --problem train/prob_12.json --problem train/prob_13.json --problem train/prob_14.json --problem train/prob_15.json --problem train/prob_16.json --problem train/prob_17.json --problem train/prob_18.json --problem train/prob_19.json --problem train/prob_20.json --problem train/prob_21.json --problem train/prob_22.json --problem train/prob_23.json --problem train/prob_24.json --problem train/prob_25.json --problem train/prob_26.json --problem train/prob_27.json --problem train/prob_28.json --problem train/prob_29.json --problem train/prob_30.json --problem train/prob_31.json --problem train/prob_32.json --problem train/prob_33.json --problem train/prob_34.json --problem train/prob_35.json --problem train/prob_36.json --problem train/prob_37.json --problem train/prob_38.json --problem train/prob_39.json --problem train/prob_40.json --timelimit 60 --run-id verify_active_v305_baseline_hh_py_alias_20260629_002 --out-dir reports/ogc2026_reboot_v001/verify_active_v305_baseline_hh_py_alias_20260629_002 --cumulative-csv reports/ogc2026_reboot_v001/active_publish_rechecks_v305_alias_full.csv --require-fresh-cumulative"
2026-06-29T22:50:06,verify_active_v305_baseline_hh_py_alias_20260629_002,wrapper,baseline_hh_v305_alias_full,ogc2026\baseline\baseline_hh.py,ef15ea8d93aad6150284f83b2ce629dcd57452a6f0a55880d95c7b3e6ff34ae4,9dfaa0ac5fa3e0f16fdfb0890e11b4cb64ea59b8edee029a9c4f13a2c52538b0,hh_algorithm_loop,c65b7d3b,True,prob_28.json,60.000000,60.000000,20.000000,90.000000,true,false,true,true,true,5,18836666.0,18836666.0,18836666.0,1310.0,1012,4558.0,26.201556,25.756473779678345,150,150,3,,reports\ogc2026_reboot_v001\verify_active_v305_baseline_hh_py_alias_20260629_002\solutions\wrapper__baseline_hh_v305_alias_full\prob_28.solution.json,reports\ogc2026_reboot_v001\verify_active_v305_baseline_hh_py_alias_20260629_002\logs\wrapper__baseline_hh_v305_alias_full\prob_28.log,PASS objective=18836666.0 obj1=1310.0 obj2=1012 obj3=4558.0,"C:\Python314\python.exe ogc2026/batchrunner/benchmark.py --algorithm name=wrapper,version=baseline_hh_v305_alias_full,path=ogc2026/baseline/baseline_hh.py --algorithm name=direct,version=v304_direct_full_recheck,path=ogc2026/baseline/alg_versions/reboot_v304_20260629_trackA_prob13like_subprocess_fallback_on_v298.py --problem train/prob_1.json --problem train/prob_2.json --problem train/prob_3.json --problem train/prob_4.json --problem train/prob_5.json --problem train/prob_6.json --problem train/prob_7.json --problem train/prob_8.json --problem train/prob_9.json --problem train/prob_10.json --problem train/prob_11.json --problem train/prob_12.json --problem train/prob_13.json --problem train/prob_14.json --problem train/prob_15.json --problem train/prob_16.json --problem train/prob_17.json --problem train/prob_18.json --problem train/prob_19.json --problem train/prob_20.json --problem train/prob_21.json --problem train/prob_22.json --problem train/prob_23.json --problem train/prob_24.json --problem train/prob_25.json --problem train/prob_26.json --problem train/prob_27.json --problem train/prob_28.json --problem train/prob_29.json --problem train/prob_30.json --problem train/prob_31.json --problem train/prob_32.json --problem train/prob_33.json --problem train/prob_34.json --problem train/prob_35.json --problem train/prob_36.json --problem train/prob_37.json --problem train/prob_38.json --problem train/prob_39.json --problem train/prob_40.json --timelimit 60 --run-id verify_active_v305_baseline_hh_py_alias_20260629_002 --out-dir reports/ogc2026_reboot_v001/verify_active_v305_baseline_hh_py_alias_20260629_002 --cumulative-csv reports/ogc2026_reboot_v001/active_publish_rechecks_v305_alias_full.csv --require-fresh-cumulative"
2026-06-29T22:50:06,verify_active_v305_baseline_hh_py_alias_20260629_002,wrapper,baseline_hh_v305_alias_full,ogc2026\baseline\baseline_hh.py,ef15ea8d93aad6150284f83b2ce629dcd57452a6f0a55880d95c7b3e6ff34ae4,9dfaa0ac5fa3e0f16fdfb0890e11b4cb64ea59b8edee029a9c4f13a2c52538b0,hh_algorithm_loop,c65b7d3b,True,prob_29.json,60.000000,60.000000,20.000000,90.000000,true,false,true,true,true,5,7782572.0,7782572.0,7782572.0,446.0,3918,6081.0,32.216815,31.762288570404053,150,150,3,,reports\ogc2026_reboot_v001\verify_active_v305_baseline_hh_py_alias_20260629_002\solutions\wrapper__baseline_hh_v305_alias_full\prob_29.solution.json,reports\ogc2026_reboot_v001\verify_active_v305_baseline_hh_py_alias_20260629_002\logs\wrapper__baseline_hh_v305_alias_full\prob_29.log,PASS objective=7782572.0 obj1=446.0 obj2=3918 obj3=6081.0,"C:\Python314\python.exe ogc2026/batchrunner/benchmark.py --algorithm name=wrapper,version=baseline_hh_v305_alias_full,path=ogc2026/baseline/baseline_hh.py --algorithm name=direct,version=v304_direct_full_recheck,path=ogc2026/baseline/alg_versions/reboot_v304_20260629_trackA_prob13like_subprocess_fallback_on_v298.py --problem train/prob_1.json --problem train/prob_2.json --problem train/prob_3.json --problem train/prob_4.json --problem train/prob_5.json --problem train/prob_6.json --problem train/prob_7.json --problem train/prob_8.json --problem train/prob_9.json --problem train/prob_10.json --problem train/prob_11.json --problem train/prob_12.json --problem train/prob_13.json --problem train/prob_14.json --problem train/prob_15.json --problem train/prob_16.json --problem train/prob_17.json --problem train/prob_18.json --problem train/prob_19.json --problem train/prob_20.json --problem train/prob_21.json --problem train/prob_22.json --problem train/prob_23.json --problem train/prob_24.json --problem train/prob_25.json --problem train/prob_26.json --problem train/prob_27.json --problem train/prob_28.json --problem train/prob_29.json --problem train/prob_30.json --problem train/prob_31.json --problem train/prob_32.json --problem train/prob_33.json --problem train/prob_34.json --problem train/prob_35.json --problem train/prob_36.json --problem train/prob_37.json --problem train/prob_38.json --problem train/prob_39.json --problem train/prob_40.json --timelimit 60 --run-id verify_active_v305_baseline_hh_py_alias_20260629_002 --out-dir reports/ogc2026_reboot_v001/verify_active_v305_baseline_hh_py_alias_20260629_002 --cumulative-csv reports/ogc2026_reboot_v001/active_publish_rechecks_v305_alias_full.csv --require-fresh-cumulative"
2026-06-29T22:50:06,verify_active_v305_baseline_hh_py_alias_20260629_002,wrapper,baseline_hh_v305_alias_full,ogc2026\baseline\baseline_hh.py,ef15ea8d93aad6150284f83b2ce629dcd57452a6f0a55880d95c7b3e6ff34ae4,9dfaa0ac5fa3e0f16fdfb0890e11b4cb64ea59b8edee029a9c4f13a2c52538b0,hh_algorithm_loop,c65b7d3b,True,prob_30.json,60.000000,60.000000,20.000000,90.000000,true,false,true,true,true,5,31302610.0,31302610.0,31302610.0,2302.0,3211,2986.0,17.451063,17.004467725753784,150,150,2,,reports\ogc2026_reboot_v001\verify_active_v305_baseline_hh_py_alias_20260629_002\solutions\wrapper__baseline_hh_v305_alias_full\prob_30.solution.json,reports\ogc2026_reboot_v001\verify_active_v305_baseline_hh_py_alias_20260629_002\logs\wrapper__baseline_hh_v305_alias_full\prob_30.log,PASS objective=31302610.0 obj1=2302.0 obj2=3211 obj3=2986.0,"C:\Python314\python.exe ogc2026/batchrunner/benchmark.py --algorithm name=wrapper,version=baseline_hh_v305_alias_full,path=ogc2026/baseline/baseline_hh.py --algorithm name=direct,version=v304_direct_full_recheck,path=ogc2026/baseline/alg_versions/reboot_v304_20260629_trackA_prob13like_subprocess_fallback_on_v298.py --problem train/prob_1.json --problem train/prob_2.json --problem train/prob_3.json --problem train/prob_4.json --problem train/prob_5.json --problem train/prob_6.json --problem train/prob_7.json --problem train/prob_8.json --problem train/prob_9.json --problem train/prob_10.json --problem train/prob_11.json --problem train/prob_12.json --problem train/prob_13.json --problem train/prob_14.json --problem train/prob_15.json --problem train/prob_16.json --problem train/prob_17.json --problem train/prob_18.json --problem train/prob_19.json --problem train/prob_20.json --problem train/prob_21.json --problem train/prob_22.json --problem train/prob_23.json --problem train/prob_24.json --problem train/prob_25.json --problem train/prob_26.json --problem train/prob_27.json --problem train/prob_28.json --problem train/prob_29.json --problem train/prob_30.json --problem train/prob_31.json --problem train/prob_32.json --problem train/prob_33.json --problem train/prob_34.json --problem train/prob_35.json --problem train/prob_36.json --problem train/prob_37.json --problem train/prob_38.json --problem train/prob_39.json --problem train/prob_40.json --timelimit 60 --run-id verify_active_v305_baseline_hh_py_alias_20260629_002 --out-dir reports/ogc2026_reboot_v001/verify_active_v305_baseline_hh_py_alias_20260629_002 --cumulative-csv reports/ogc2026_reboot_v001/active_publish_rechecks_v305_alias_full.csv --require-fresh-cumulative"
2026-06-29T22:50:06,verify_active_v305_baseline_hh_py_alias_20260629_002,wrapper,baseline_hh_v305_alias_full,ogc2026\baseline\baseline_hh.py,ef15ea8d93aad6150284f83b2ce629dcd57452a6f0a55880d95c7b3e6ff34ae4,9dfaa0ac5fa3e0f16fdfb0890e11b4cb64ea59b8edee029a9c4f13a2c52538b0,hh_algorithm_loop,c65b7d3b,True,prob_31.json,60.000000,60.000000,20.000000,90.000000,true,false,true,true,true,5,39589844.0,39589844.0,39589844.0,2735.0,1843,11680.0,54.015493,53.28460502624512,200,200,4,,reports\ogc2026_reboot_v001\verify_active_v305_baseline_hh_py_alias_20260629_002\solutions\wrapper__baseline_hh_v305_alias_full\prob_31.solution.json,reports\ogc2026_reboot_v001\verify_active_v305_baseline_hh_py_alias_20260629_002\logs\wrapper__baseline_hh_v305_alias_full\prob_31.log,PASS objective=39589844.0 obj1=2735.0 obj2=1843 obj3=11680.0,"C:\Python314\python.exe ogc2026/batchrunner/benchmark.py --algorithm name=wrapper,version=baseline_hh_v305_alias_full,path=ogc2026/baseline/baseline_hh.py --algorithm name=direct,version=v304_direct_full_recheck,path=ogc2026/baseline/alg_versions/reboot_v304_20260629_trackA_prob13like_subprocess_fallback_on_v298.py --problem train/prob_1.json --problem train/prob_2.json --problem train/prob_3.json --problem train/prob_4.json --problem train/prob_5.json --problem train/prob_6.json --problem train/prob_7.json --problem train/prob_8.json --problem train/prob_9.json --problem train/prob_10.json --problem train/prob_11.json --problem train/prob_12.json --problem train/prob_13.json --problem train/prob_14.json --problem train/prob_15.json --problem train/prob_16.json --problem train/prob_17.json --problem train/prob_18.json --problem train/prob_19.json --problem train/prob_20.json --problem train/prob_21.json --problem train/prob_22.json --problem train/prob_23.json --problem train/prob_24.json --problem train/prob_25.json --problem train/prob_26.json --problem train/prob_27.json --problem train/prob_28.json --problem train/prob_29.json --problem train/prob_30.json --problem train/prob_31.json --problem train/prob_32.json --problem train/prob_33.json --problem train/prob_34.json --problem train/prob_35.json --problem train/prob_36.json --problem train/prob_37.json --problem train/prob_38.json --problem train/prob_39.json --problem train/prob_40.json --timelimit 60 --run-id verify_active_v305_baseline_hh_py_alias_20260629_002 --out-dir reports/ogc2026_reboot_v001/verify_active_v305_baseline_hh_py_alias_20260629_002 --cumulative-csv reports/ogc2026_reboot_v001/active_publish_rechecks_v305_alias_full.csv --require-fresh-cumulative"
2026-06-29T22:50:06,verify_active_v305_baseline_hh_py_alias_20260629_002,wrapper,baseline_hh_v305_alias_full,ogc2026\baseline\baseline_hh.py,ef15ea8d93aad6150284f83b2ce629dcd57452a6f0a55880d95c7b3e6ff34ae4,9dfaa0ac5fa3e0f16fdfb0890e11b4cb64ea59b8edee029a9c4f13a2c52538b0,hh_algorithm_loop,c65b7d3b,True,prob_32.json,60.000000,60.000000,20.000000,90.000000,true,false,true,true,true,5,12781706.0,12781706.0,12781706.0,2992.0,2434,4662.0,50.316301,49.831817865371704,200,200,3,,reports\ogc2026_reboot_v001\verify_active_v305_baseline_hh_py_alias_20260629_002\solutions\wrapper__baseline_hh_v305_alias_full\prob_32.solution.json,reports\ogc2026_reboot_v001\verify_active_v305_baseline_hh_py_alias_20260629_002\logs\wrapper__baseline_hh_v305_alias_full\prob_32.log,PASS objective=12781706.0 obj1=2992.0 obj2=2434 obj3=4662.0,"C:\Python314\python.exe ogc2026/batchrunner/benchmark.py --algorithm name=wrapper,version=baseline_hh_v305_alias_full,path=ogc2026/baseline/baseline_hh.py --algorithm name=direct,version=v304_direct_full_recheck,path=ogc2026/baseline/alg_versions/reboot_v304_20260629_trackA_prob13like_subprocess_fallback_on_v298.py --problem train/prob_1.json --problem train/prob_2.json --problem train/prob_3.json --problem train/prob_4.json --problem train/prob_5.json --problem train/prob_6.json --problem train/prob_7.json --problem train/prob_8.json --problem train/prob_9.json --problem train/prob_10.json --problem train/prob_11.json --problem train/prob_12.json --problem train/prob_13.json --problem train/prob_14.json --problem train/prob_15.json --problem train/prob_16.json --problem train/prob_17.json --problem train/prob_18.json --problem train/prob_19.json --problem train/prob_20.json --problem train/prob_21.json --problem train/prob_22.json --problem train/prob_23.json --problem train/prob_24.json --problem train/prob_25.json --problem train/prob_26.json --problem train/prob_27.json --problem train/prob_28.json --problem train/prob_29.json --problem train/prob_30.json --problem train/prob_31.json --problem train/prob_32.json --problem train/prob_33.json --problem train/prob_34.json --problem train/prob_35.json --problem train/prob_36.json --problem train/prob_37.json --problem train/prob_38.json --problem train/prob_39.json --problem train/prob_40.json --timelimit 60 --run-id verify_active_v305_baseline_hh_py_alias_20260629_002 --out-dir reports/ogc2026_reboot_v001/verify_active_v305_baseline_hh_py_alias_20260629_002 --cumulative-csv reports/ogc2026_reboot_v001/active_publish_rechecks_v305_alias_full.csv --require-fresh-cumulative"
2026-06-29T22:50:06,verify_active_v305_baseline_hh_py_alias_20260629_002,wrapper,baseline_hh_v305_alias_full,ogc2026\baseline\baseline_hh.py,ef15ea8d93aad6150284f83b2ce629dcd57452a6f0a55880d95c7b3e6ff34ae4,9dfaa0ac5fa3e0f16fdfb0890e11b4cb64ea59b8edee029a9c4f13a2c52538b0,hh_algorithm_loop,c65b7d3b,True,prob_33.json,60.000000,60.000000,20.000000,90.000000,true,false,true,true,true,5,26172225.0,26172225.0,26172225.0,3805.0,1094,5289.0,40.005394,39.538602113723755,200,200,3,,reports\ogc2026_reboot_v001\verify_active_v305_baseline_hh_py_alias_20260629_002\solutions\wrapper__baseline_hh_v305_alias_full\prob_33.solution.json,reports\ogc2026_reboot_v001\verify_active_v305_baseline_hh_py_alias_20260629_002\logs\wrapper__baseline_hh_v305_alias_full\prob_33.log,PASS objective=26172225.0 obj1=3805.0 obj2=1094 obj3=5289.0,"C:\Python314\python.exe ogc2026/batchrunner/benchmark.py --algorithm name=wrapper,version=baseline_hh_v305_alias_full,path=ogc2026/baseline/baseline_hh.py --algorithm name=direct,version=v304_direct_full_recheck,path=ogc2026/baseline/alg_versions/reboot_v304_20260629_trackA_prob13like_subprocess_fallback_on_v298.py --problem train/prob_1.json --problem train/prob_2.json --problem train/prob_3.json --problem train/prob_4.json --problem train/prob_5.json --problem train/prob_6.json --problem train/prob_7.json --problem train/prob_8.json --problem train/prob_9.json --problem train/prob_10.json --problem train/prob_11.json --problem train/prob_12.json --problem train/prob_13.json --problem train/prob_14.json --problem train/prob_15.json --problem train/prob_16.json --problem train/prob_17.json --problem train/prob_18.json --problem train/prob_19.json --problem train/prob_20.json --problem train/prob_21.json --problem train/prob_22.json --problem train/prob_23.json --problem train/prob_24.json --problem train/prob_25.json --problem train/prob_26.json --problem train/prob_27.json --problem train/prob_28.json --problem train/prob_29.json --problem train/prob_30.json --problem train/prob_31.json --problem train/prob_32.json --problem train/prob_33.json --problem train/prob_34.json --problem train/prob_35.json --problem train/prob_36.json --problem train/prob_37.json --problem train/prob_38.json --problem train/prob_39.json --problem train/prob_40.json --timelimit 60 --run-id verify_active_v305_baseline_hh_py_alias_20260629_002 --out-dir reports/ogc2026_reboot_v001/verify_active_v305_baseline_hh_py_alias_20260629_002 --cumulative-csv reports/ogc2026_reboot_v001/active_publish_rechecks_v305_alias_full.csv --require-fresh-cumulative"
2026-06-29T22:50:06,verify_active_v305_baseline_hh_py_alias_20260629_002,wrapper,baseline_hh_v305_alias_full,ogc2026\baseline\baseline_hh.py,ef15ea8d93aad6150284f83b2ce629dcd57452a6f0a55880d95c7b3e6ff34ae4,9dfaa0ac5fa3e0f16fdfb0890e11b4cb64ea59b8edee029a9c4f13a2c52538b0,hh_algorithm_loop,c65b7d3b,True,prob_34.json,60.000000,60.000000,20.000000,90.000000,true,false,true,true,true,5,8002714.0,8002714.0,8002714.0,1595.0,2702,5005.0,28.784926,28.323216438293457,200,200,4,,reports\ogc2026_reboot_v001\verify_active_v305_baseline_hh_py_alias_20260629_002\solutions\wrapper__baseline_hh_v305_alias_full\prob_34.solution.json,reports\ogc2026_reboot_v001\verify_active_v305_baseline_hh_py_alias_20260629_002\logs\wrapper__baseline_hh_v305_alias_full\prob_34.log,PASS objective=8002714.0 obj1=1595.0 obj2=2702 obj3=5005.0,"C:\Python314\python.exe ogc2026/batchrunner/benchmark.py --algorithm name=wrapper,version=baseline_hh_v305_alias_full,path=ogc2026/baseline/baseline_hh.py --algorithm name=direct,version=v304_direct_full_recheck,path=ogc2026/baseline/alg_versions/reboot_v304_20260629_trackA_prob13like_subprocess_fallback_on_v298.py --problem train/prob_1.json --problem train/prob_2.json --problem train/prob_3.json --problem train/prob_4.json --problem train/prob_5.json --problem train/prob_6.json --problem train/prob_7.json --problem train/prob_8.json --problem train/prob_9.json --problem train/prob_10.json --problem train/prob_11.json --problem train/prob_12.json --problem train/prob_13.json --problem train/prob_14.json --problem train/prob_15.json --problem train/prob_16.json --problem train/prob_17.json --problem train/prob_18.json --problem train/prob_19.json --problem train/prob_20.json --problem train/prob_21.json --problem train/prob_22.json --problem train/prob_23.json --problem train/prob_24.json --problem train/prob_25.json --problem train/prob_26.json --problem train/prob_27.json --problem train/prob_28.json --problem train/prob_29.json --problem train/prob_30.json --problem train/prob_31.json --problem train/prob_32.json --problem train/prob_33.json --problem train/prob_34.json --problem train/prob_35.json --problem train/prob_36.json --problem train/prob_37.json --problem train/prob_38.json --problem train/prob_39.json --problem train/prob_40.json --timelimit 60 --run-id verify_active_v305_baseline_hh_py_alias_20260629_002 --out-dir reports/ogc2026_reboot_v001/verify_active_v305_baseline_hh_py_alias_20260629_002 --cumulative-csv reports/ogc2026_reboot_v001/active_publish_rechecks_v305_alias_full.csv --require-fresh-cumulative"
2026-06-29T22:50:06,verify_active_v305_baseline_hh_py_alias_20260629_002,wrapper,baseline_hh_v305_alias_full,ogc2026\baseline\baseline_hh.py,ef15ea8d93aad6150284f83b2ce629dcd57452a6f0a55880d95c7b3e6ff34ae4,9dfaa0ac5fa3e0f16fdfb0890e11b4cb64ea59b8edee029a9c4f13a2c52538b0,hh_algorithm_loop,c65b7d3b,True,prob_35.json,60.000000,60.000000,20.000000,90.000000,true,false,true,true,true,5,22037108.0,22037108.0,22037108.0,1591.0,8081,5226.0,36.334253,35.5999698638916,200,200,3,,reports\ogc2026_reboot_v001\verify_active_v305_baseline_hh_py_alias_20260629_002\solutions\wrapper__baseline_hh_v305_alias_full\prob_35.solution.json,reports\ogc2026_reboot_v001\verify_active_v305_baseline_hh_py_alias_20260629_002\logs\wrapper__baseline_hh_v305_alias_full\prob_35.log,PASS objective=22037108.0 obj1=1591.0 obj2=8081 obj3=5226.0,"C:\Python314\python.exe ogc2026/batchrunner/benchmark.py --algorithm name=wrapper,version=baseline_hh_v305_alias_full,path=ogc2026/baseline/baseline_hh.py --algorithm name=direct,version=v304_direct_full_recheck,path=ogc2026/baseline/alg_versions/reboot_v304_20260629_trackA_prob13like_subprocess_fallback_on_v298.py --problem train/prob_1.json --problem train/prob_2.json --problem train/prob_3.json --problem train/prob_4.json --problem train/prob_5.json --problem train/prob_6.json --problem train/prob_7.json --problem train/prob_8.json --problem train/prob_9.json --problem train/prob_10.json --problem train/prob_11.json --problem train/prob_12.json --problem train/prob_13.json --problem train/prob_14.json --problem train/prob_15.json --problem train/prob_16.json --problem train/prob_17.json --problem train/prob_18.json --problem train/prob_19.json --problem train/prob_20.json --problem train/prob_21.json --problem train/prob_22.json --problem train/prob_23.json --problem train/prob_24.json --problem train/prob_25.json --problem train/prob_26.json --problem train/prob_27.json --problem train/prob_28.json --problem train/prob_29.json --problem train/prob_30.json --problem train/prob_31.json --problem train/prob_32.json --problem train/prob_33.json --problem train/prob_34.json --problem train/prob_35.json --problem train/prob_36.json --problem train/prob_37.json --problem train/prob_38.json --problem train/prob_39.json --problem train/prob_40.json --timelimit 60 --run-id verify_active_v305_baseline_hh_py_alias_20260629_002 --out-dir reports/ogc2026_reboot_v001/verify_active_v305_baseline_hh_py_alias_20260629_002 --cumulative-csv reports/ogc2026_reboot_v001/active_publish_rechecks_v305_alias_full.csv --require-fresh-cumulative"
2026-06-29T22:50:06,verify_active_v305_baseline_hh_py_alias_20260629_002,wrapper,baseline_hh_v305_alias_full,ogc2026\baseline\baseline_hh.py,ef15ea8d93aad6150284f83b2ce629dcd57452a6f0a55880d95c7b3e6ff34ae4,9dfaa0ac5fa3e0f16fdfb0890e11b4cb64ea59b8edee029a9c4f13a2c52538b0,hh_algorithm_loop,c65b7d3b,True,prob_36.json,60.000000,60.000000,20.000000,90.000000,true,false,true,true,true,5,1499988.0,1499988.0,1499988.0,2010.0,1381,12149.0,49.810785,49.34210801124573,250,250,4,,reports\ogc2026_reboot_v001\verify_active_v305_baseline_hh_py_alias_20260629_002\solutions\wrapper__baseline_hh_v305_alias_full\prob_36.solution.json,reports\ogc2026_reboot_v001\verify_active_v305_baseline_hh_py_alias_20260629_002\logs\wrapper__baseline_hh_v305_alias_full\prob_36.log,PASS objective=1499988.0 obj1=2010.0 obj2=1381 obj3=12149.0,"C:\Python314\python.exe ogc2026/batchrunner/benchmark.py --algorithm name=wrapper,version=baseline_hh_v305_alias_full,path=ogc2026/baseline/baseline_hh.py --algorithm name=direct,version=v304_direct_full_recheck,path=ogc2026/baseline/alg_versions/reboot_v304_20260629_trackA_prob13like_subprocess_fallback_on_v298.py --problem train/prob_1.json --problem train/prob_2.json --problem train/prob_3.json --problem train/prob_4.json --problem train/prob_5.json --problem train/prob_6.json --problem train/prob_7.json --problem train/prob_8.json --problem train/prob_9.json --problem train/prob_10.json --problem train/prob_11.json --problem train/prob_12.json --problem train/prob_13.json --problem train/prob_14.json --problem train/prob_15.json --problem train/prob_16.json --problem train/prob_17.json --problem train/prob_18.json --problem train/prob_19.json --problem train/prob_20.json --problem train/prob_21.json --problem train/prob_22.json --problem train/prob_23.json --problem train/prob_24.json --problem train/prob_25.json --problem train/prob_26.json --problem train/prob_27.json --problem train/prob_28.json --problem train/prob_29.json --problem train/prob_30.json --problem train/prob_31.json --problem train/prob_32.json --problem train/prob_33.json --problem train/prob_34.json --problem train/prob_35.json --problem train/prob_36.json --problem train/prob_37.json --problem train/prob_38.json --problem train/prob_39.json --problem train/prob_40.json --timelimit 60 --run-id verify_active_v305_baseline_hh_py_alias_20260629_002 --out-dir reports/ogc2026_reboot_v001/verify_active_v305_baseline_hh_py_alias_20260629_002 --cumulative-csv reports/ogc2026_reboot_v001/active_publish_rechecks_v305_alias_full.csv --require-fresh-cumulative"
2026-06-29T22:50:06,verify_active_v305_baseline_hh_py_alias_20260629_002,wrapper,baseline_hh_v305_alias_full,ogc2026\baseline\baseline_hh.py,ef15ea8d93aad6150284f83b2ce629dcd57452a6f0a55880d95c7b3e6ff34ae4,9dfaa0ac5fa3e0f16fdfb0890e11b4cb64ea59b8edee029a9c4f13a2c52538b0,hh_algorithm_loop,c65b7d3b,True,prob_37.json,60.000000,60.000000,20.000000,90.000000,true,false,true,true,true,5,17644653.0,17644653.0,17644653.0,3961.0,3660,7380.0,52.344904,51.88619565963745,250,250,3,,reports\ogc2026_reboot_v001\verify_active_v305_baseline_hh_py_alias_20260629_002\solutions\wrapper__baseline_hh_v305_alias_full\prob_37.solution.json,reports\ogc2026_reboot_v001\verify_active_v305_baseline_hh_py_alias_20260629_002\logs\wrapper__baseline_hh_v305_alias_full\prob_37.log,PASS objective=17644653.0 obj1=3961.0 obj2=3660 obj3=7380.0,"C:\Python314\python.exe ogc2026/batchrunner/benchmark.py --algorithm name=wrapper,version=baseline_hh_v305_alias_full,path=ogc2026/baseline/baseline_hh.py --algorithm name=direct,version=v304_direct_full_recheck,path=ogc2026/baseline/alg_versions/reboot_v304_20260629_trackA_prob13like_subprocess_fallback_on_v298.py --problem train/prob_1.json --problem train/prob_2.json --problem train/prob_3.json --problem train/prob_4.json --problem train/prob_5.json --problem train/prob_6.json --problem train/prob_7.json --problem train/prob_8.json --problem train/prob_9.json --problem train/prob_10.json --problem train/prob_11.json --problem train/prob_12.json --problem train/prob_13.json --problem train/prob_14.json --problem train/prob_15.json --problem train/prob_16.json --problem train/prob_17.json --problem train/prob_18.json --problem train/prob_19.json --problem train/prob_20.json --problem train/prob_21.json --problem train/prob_22.json --problem train/prob_23.json --problem train/prob_24.json --problem train/prob_25.json --problem train/prob_26.json --problem train/prob_27.json --problem train/prob_28.json --problem train/prob_29.json --problem train/prob_30.json --problem train/prob_31.json --problem train/prob_32.json --problem train/prob_33.json --problem train/prob_34.json --problem train/prob_35.json --problem train/prob_36.json --problem train/prob_37.json --problem train/prob_38.json --problem train/prob_39.json --problem train/prob_40.json --timelimit 60 --run-id verify_active_v305_baseline_hh_py_alias_20260629_002 --out-dir reports/ogc2026_reboot_v001/verify_active_v305_baseline_hh_py_alias_20260629_002 --cumulative-csv reports/ogc2026_reboot_v001/active_publish_rechecks_v305_alias_full.csv --require-fresh-cumulative"
2026-06-29T22:50:06,verify_active_v305_baseline_hh_py_alias_20260629_002,wrapper,baseline_hh_v305_alias_full,ogc2026\baseline\baseline_hh.py,ef15ea8d93aad6150284f83b2ce629dcd57452a6f0a55880d95c7b3e6ff34ae4,9dfaa0ac5fa3e0f16fdfb0890e11b4cb64ea59b8edee029a9c4f13a2c52538b0,hh_algorithm_loop,c65b7d3b,True,prob_38.json,60.000000,60.000000,20.000000,90.000000,true,false,true,true,true,5,151254848.0,151254848.0,151254848.0,11120.0,3894,9947.0,57.098535,56.63866972923279,250,250,3,,reports\ogc2026_reboot_v001\verify_active_v305_baseline_hh_py_alias_20260629_002\solutions\wrapper__baseline_hh_v305_alias_full\prob_38.solution.json,reports\ogc2026_reboot_v001\verify_active_v305_baseline_hh_py_alias_20260629_002\logs\wrapper__baseline_hh_v305_alias_full\prob_38.log,PASS objective=151254848.0 obj1=11120.0 obj2=3894 obj3=9947.0,"C:\Python314\python.exe ogc2026/batchrunner/benchmark.py --algorithm name=wrapper,version=baseline_hh_v305_alias_full,path=ogc2026/baseline/baseline_hh.py --algorithm name=direct,version=v304_direct_full_recheck,path=ogc2026/baseline/alg_versions/reboot_v304_20260629_trackA_prob13like_subprocess_fallback_on_v298.py --problem train/prob_1.json --problem train/prob_2.json --problem train/prob_3.json --problem train/prob_4.json --problem train/prob_5.json --problem train/prob_6.json --problem train/prob_7.json --problem train/prob_8.json --problem train/prob_9.json --problem train/prob_10.json --problem train/prob_11.json --problem train/prob_12.json --problem train/prob_13.json --problem train/prob_14.json --problem train/prob_15.json --problem train/prob_16.json --problem train/prob_17.json --problem train/prob_18.json --problem train/prob_19.json --problem train/prob_20.json --problem train/prob_21.json --problem train/prob_22.json --problem train/prob_23.json --problem train/prob_24.json --problem train/prob_25.json --problem train/prob_26.json --problem train/prob_27.json --problem train/prob_28.json --problem train/prob_29.json --problem train/prob_30.json --problem train/prob_31.json --problem train/prob_32.json --problem train/prob_33.json --problem train/prob_34.json --problem train/prob_35.json --problem train/prob_36.json --problem train/prob_37.json --problem train/prob_38.json --problem train/prob_39.json --problem train/prob_40.json --timelimit 60 --run-id verify_active_v305_baseline_hh_py_alias_20260629_002 --out-dir reports/ogc2026_reboot_v001/verify_active_v305_baseline_hh_py_alias_20260629_002 --cumulative-csv reports/ogc2026_reboot_v001/active_publish_rechecks_v305_alias_full.csv --require-fresh-cumulative"
2026-06-29T22:50:06,verify_active_v305_baseline_hh_py_alias_20260629_002,wrapper,baseline_hh_v305_alias_full,ogc2026\baseline\baseline_hh.py,ef15ea8d93aad6150284f83b2ce629dcd57452a6f0a55880d95c7b3e6ff34ae4,9dfaa0ac5fa3e0f16fdfb0890e11b4cb64ea59b8edee029a9c4f13a2c52538b0,hh_algorithm_loop,c65b7d3b,True,prob_39.json,60.000000,60.000000,20.000000,90.000000,true,false,true,true,true,5,48160369.0,48160369.0,48160369.0,3521.0,194,8094.0,58.035877,57.56300139427185,250,250,3,,reports\ogc2026_reboot_v001\verify_active_v305_baseline_hh_py_alias_20260629_002\solutions\wrapper__baseline_hh_v305_alias_full\prob_39.solution.json,reports\ogc2026_reboot_v001\verify_active_v305_baseline_hh_py_alias_20260629_002\logs\wrapper__baseline_hh_v305_alias_full\prob_39.log,PASS objective=48160369.0 obj1=3521.0 obj2=194 obj3=8094.0,"C:\Python314\python.exe ogc2026/batchrunner/benchmark.py --algorithm name=wrapper,version=baseline_hh_v305_alias_full,path=ogc2026/baseline/baseline_hh.py --algorithm name=direct,version=v304_direct_full_recheck,path=ogc2026/baseline/alg_versions/reboot_v304_20260629_trackA_prob13like_subprocess_fallback_on_v298.py --problem train/prob_1.json --problem train/prob_2.json --problem train/prob_3.json --problem train/prob_4.json --problem train/prob_5.json --problem train/prob_6.json --problem train/prob_7.json --problem train/prob_8.json --problem train/prob_9.json --problem train/prob_10.json --problem train/prob_11.json --problem train/prob_12.json --problem train/prob_13.json --problem train/prob_14.json --problem train/prob_15.json --problem train/prob_16.json --problem train/prob_17.json --problem train/prob_18.json --problem train/prob_19.json --problem train/prob_20.json --problem train/prob_21.json --problem train/prob_22.json --problem train/prob_23.json --problem train/prob_24.json --problem train/prob_25.json --problem train/prob_26.json --problem train/prob_27.json --problem train/prob_28.json --problem train/prob_29.json --problem train/prob_30.json --problem train/prob_31.json --problem train/prob_32.json --problem train/prob_33.json --problem train/prob_34.json --problem train/prob_35.json --problem train/prob_36.json --problem train/prob_37.json --problem train/prob_38.json --problem train/prob_39.json --problem train/prob_40.json --timelimit 60 --run-id verify_active_v305_baseline_hh_py_alias_20260629_002 --out-dir reports/ogc2026_reboot_v001/verify_active_v305_baseline_hh_py_alias_20260629_002 --cumulative-csv reports/ogc2026_reboot_v001/active_publish_rechecks_v305_alias_full.csv --require-fresh-cumulative"
2026-06-29T22:50:06,verify_active_v305_baseline_hh_py_alias_20260629_002,wrapper,baseline_hh_v305_alias_full,ogc2026\baseline\baseline_hh.py,ef15ea8d93aad6150284f83b2ce629dcd57452a6f0a55880d95c7b3e6ff34ae4,9dfaa0ac5fa3e0f16fdfb0890e11b4cb64ea59b8edee029a9c4f13a2c52538b0,hh_algorithm_loop,c65b7d3b,True,prob_40.json,60.000000,60.000000,20.000000,90.000000,true,false,true,true,true,5,5780789.0,5780789.0,5780789.0,8429.0,4947,11823.0,57.051512,56.57778596878052,250,250,4,,reports\ogc2026_reboot_v001\verify_active_v305_baseline_hh_py_alias_20260629_002\solutions\wrapper__baseline_hh_v305_alias_full\prob_40.solution.json,reports\ogc2026_reboot_v001\verify_active_v305_baseline_hh_py_alias_20260629_002\logs\wrapper__baseline_hh_v305_alias_full\prob_40.log,PASS objective=5780789.0 obj1=8429.0 obj2=4947 obj3=11823.0,"C:\Python314\python.exe ogc2026/batchrunner/benchmark.py --algorithm name=wrapper,version=baseline_hh_v305_alias_full,path=ogc2026/baseline/baseline_hh.py --algorithm name=direct,version=v304_direct_full_recheck,path=ogc2026/baseline/alg_versions/reboot_v304_20260629_trackA_prob13like_subprocess_fallback_on_v298.py --problem train/prob_1.json --problem train/prob_2.json --problem train/prob_3.json --problem train/prob_4.json --problem train/prob_5.json --problem train/prob_6.json --problem train/prob_7.json --problem train/prob_8.json --problem train/prob_9.json --problem train/prob_10.json --problem train/prob_11.json --problem train/prob_12.json --problem train/prob_13.json --problem train/prob_14.json --problem train/prob_15.json --problem train/prob_16.json --problem train/prob_17.json --problem train/prob_18.json --problem train/prob_19.json --problem train/prob_20.json --problem train/prob_21.json --problem train/prob_22.json --problem train/prob_23.json --problem train/prob_24.json --problem train/prob_25.json --problem train/prob_26.json --problem train/prob_27.json --problem train/prob_28.json --problem train/prob_29.json --problem train/prob_30.json --problem train/prob_31.json --problem train/prob_32.json --problem train/prob_33.json --problem train/prob_34.json --problem train/prob_35.json --problem train/prob_36.json --problem train/prob_37.json --problem train/prob_38.json --problem train/prob_39.json --problem train/prob_40.json --timelimit 60 --run-id verify_active_v305_baseline_hh_py_alias_20260629_002 --out-dir reports/ogc2026_reboot_v001/verify_active_v305_baseline_hh_py_alias_20260629_002 --cumulative-csv reports/ogc2026_reboot_v001/active_publish_rechecks_v305_alias_full.csv --require-fresh-cumulative"
2026-06-29T22:50:06,verify_active_v305_baseline_hh_py_alias_20260629_002,direct,v304_direct_full_recheck,ogc2026\baseline\alg_versions\reboot_v304_20260629_trackA_prob13like_subprocess_fallback_on_v298.py,008da10242e4b8e8848ca8de062e97fb39a91715f2896bade164d60493d8255d,9dfaa0ac5fa3e0f16fdfb0890e11b4cb64ea59b8edee029a9c4f13a2c52538b0,hh_algorithm_loop,c65b7d3b,True,prob_1.json,60.000000,60.000000,20.000000,90.000000,true,false,true,true,true,5,606628.0,606628.0,606628.0,8.0,1700,1810.0,22.807273,22.369673013687134,100,100,2,,reports\ogc2026_reboot_v001\verify_active_v305_baseline_hh_py_alias_20260629_002\solutions\direct__v304_direct_full_recheck\prob_1.solution.json,reports\ogc2026_reboot_v001\verify_active_v305_baseline_hh_py_alias_20260629_002\logs\direct__v304_direct_full_recheck\prob_1.log,PASS objective=606628.0 obj1=8.0 obj2=1700 obj3=1810.0,"C:\Python314\python.exe ogc2026/batchrunner/benchmark.py --algorithm name=wrapper,version=baseline_hh_v305_alias_full,path=ogc2026/baseline/baseline_hh.py --algorithm name=direct,version=v304_direct_full_recheck,path=ogc2026/baseline/alg_versions/reboot_v304_20260629_trackA_prob13like_subprocess_fallback_on_v298.py --problem train/prob_1.json --problem train/prob_2.json --problem train/prob_3.json --problem train/prob_4.json --problem train/prob_5.json --problem train/prob_6.json --problem train/prob_7.json --problem train/prob_8.json --problem train/prob_9.json --problem train/prob_10.json --problem train/prob_11.json --problem train/prob_12.json --problem train/prob_13.json --problem train/prob_14.json --problem train/prob_15.json --problem train/prob_16.json --problem train/prob_17.json --problem train/prob_18.json --problem train/prob_19.json --problem train/prob_20.json --problem train/prob_21.json --problem train/prob_22.json --problem train/prob_23.json --problem train/prob_24.json --problem train/prob_25.json --problem train/prob_26.json --problem train/prob_27.json --problem train/prob_28.json --problem train/prob_29.json --problem train/prob_30.json --problem train/prob_31.json --problem train/prob_32.json --problem train/prob_33.json --problem train/prob_34.json --problem train/prob_35.json --problem train/prob_36.json --problem train/prob_37.json --problem train/prob_38.json --problem train/prob_39.json --problem train/prob_40.json --timelimit 60 --run-id verify_active_v305_baseline_hh_py_alias_20260629_002 --out-dir reports/ogc2026_reboot_v001/verify_active_v305_baseline_hh_py_alias_20260629_002 --cumulative-csv reports/ogc2026_reboot_v001/active_publish_rechecks_v305_alias_full.csv --require-fresh-cumulative"
2026-06-29T22:50:06,verify_active_v305_baseline_hh_py_alias_20260629_002,direct,v304_direct_full_recheck,ogc2026\baseline\alg_versions\reboot_v304_20260629_trackA_prob13like_subprocess_fallback_on_v298.py,008da10242e4b8e8848ca8de062e97fb39a91715f2896bade164d60493d8255d,9dfaa0ac5fa3e0f16fdfb0890e11b4cb64ea59b8edee029a9c4f13a2c52538b0,hh_algorithm_loop,c65b7d3b,True,prob_2.json,60.000000,60.000000,20.000000,90.000000,true,false,true,true,true,5,51940.0,51940.0,51940.0,0.0,814,292.0,15.863352,15.383117437362671,100,100,3,,reports\ogc2026_reboot_v001\verify_active_v305_baseline_hh_py_alias_20260629_002\solutions\direct__v304_direct_full_recheck\prob_2.solution.json,reports\ogc2026_reboot_v001\verify_active_v305_baseline_hh_py_alias_20260629_002\logs\direct__v304_direct_full_recheck\prob_2.log,PASS objective=51940.0 obj1=0.0 obj2=814 obj3=292.0,"C:\Python314\python.exe ogc2026/batchrunner/benchmark.py --algorithm name=wrapper,version=baseline_hh_v305_alias_full,path=ogc2026/baseline/baseline_hh.py --algorithm name=direct,version=v304_direct_full_recheck,path=ogc2026/baseline/alg_versions/reboot_v304_20260629_trackA_prob13like_subprocess_fallback_on_v298.py --problem train/prob_1.json --problem train/prob_2.json --problem train/prob_3.json --problem train/prob_4.json --problem train/prob_5.json --problem train/prob_6.json --problem train/prob_7.json --problem train/prob_8.json --problem train/prob_9.json --problem train/prob_10.json --problem train/prob_11.json --problem train/prob_12.json --problem train/prob_13.json --problem train/prob_14.json --problem train/prob_15.json --problem train/prob_16.json --problem train/prob_17.json --problem train/prob_18.json --problem train/prob_19.json --problem train/prob_20.json --problem train/prob_21.json --problem train/prob_22.json --problem train/prob_23.json --problem train/prob_24.json --problem train/prob_25.json --problem train/prob_26.json --problem train/prob_27.json --problem train/prob_28.json --problem train/prob_29.json --problem train/prob_30.json --problem train/prob_31.json --problem train/prob_32.json --problem train/prob_33.json --problem train/prob_34.json --problem train/prob_35.json --problem train/prob_36.json --problem train/prob_37.json --problem train/prob_38.json --problem train/prob_39.json --problem train/prob_40.json --timelimit 60 --run-id verify_active_v305_baseline_hh_py_alias_20260629_002 --out-dir reports/ogc2026_reboot_v001/verify_active_v305_baseline_hh_py_alias_20260629_002 --cumulative-csv reports/ogc2026_reboot_v001/active_publish_rechecks_v305_alias_full.csv --require-fresh-cumulative"
2026-06-29T22:50:06,verify_active_v305_baseline_hh_py_alias_20260629_002,direct,v304_direct_full_recheck,ogc2026\baseline\alg_versions\reboot_v304_20260629_trackA_prob13like_subprocess_fallback_on_v298.py,008da10242e4b8e8848ca8de062e97fb39a91715f2896bade164d60493d8255d,9dfaa0ac5fa3e0f16fdfb0890e11b4cb64ea59b8edee029a9c4f13a2c52538b0,hh_algorithm_loop,c65b7d3b,True,prob_3.json,60.000000,60.000000,20.000000,90.000000,true,false,true,true,true,5,156780.0,156780.0,156780.0,0.0,1998,912.0,13.944333,13.50027060508728,100,100,3,,reports\ogc2026_reboot_v001\verify_active_v305_baseline_hh_py_alias_20260629_002\solutions\direct__v304_direct_full_recheck\prob_3.solution.json,reports\ogc2026_reboot_v001\verify_active_v305_baseline_hh_py_alias_20260629_002\logs\direct__v304_direct_full_recheck\prob_3.log,PASS objective=156780.0 obj1=0.0 obj2=1998 obj3=912.0,"C:\Python314\python.exe ogc2026/batchrunner/benchmark.py --algorithm name=wrapper,version=baseline_hh_v305_alias_full,path=ogc2026/baseline/baseline_hh.py --algorithm name=direct,version=v304_direct_full_recheck,path=ogc2026/baseline/alg_versions/reboot_v304_20260629_trackA_prob13like_subprocess_fallback_on_v298.py --problem train/prob_1.json --problem train/prob_2.json --problem train/prob_3.json --problem train/prob_4.json --problem train/prob_5.json --problem train/prob_6.json --problem train/prob_7.json --problem train/prob_8.json --problem train/prob_9.json --problem train/prob_10.json --problem train/prob_11.json --problem train/prob_12.json --problem train/prob_13.json --problem train/prob_14.json --problem train/prob_15.json --problem train/prob_16.json --problem train/prob_17.json --problem train/prob_18.json --problem train/prob_19.json --problem train/prob_20.json --problem train/prob_21.json --problem train/prob_22.json --problem train/prob_23.json --problem train/prob_24.json --problem train/prob_25.json --problem train/prob_26.json --problem train/prob_27.json --problem train/prob_28.json --problem train/prob_29.json --problem train/prob_30.json --problem train/prob_31.json --problem train/prob_32.json --problem train/prob_33.json --problem train/prob_34.json --problem train/prob_35.json --problem train/prob_36.json --problem train/prob_37.json --problem train/prob_38.json --problem train/prob_39.json --problem train/prob_40.json --timelimit 60 --run-id verify_active_v305_baseline_hh_py_alias_20260629_002 --out-dir reports/ogc2026_reboot_v001/verify_active_v305_baseline_hh_py_alias_20260629_002 --cumulative-csv reports/ogc2026_reboot_v001/active_publish_rechecks_v305_alias_full.csv --require-fresh-cumulative"
2026-06-29T22:50:06,verify_active_v305_baseline_hh_py_alias_20260629_002,direct,v304_direct_full_recheck,ogc2026\baseline\alg_versions\reboot_v304_20260629_trackA_prob13like_subprocess_fallback_on_v298.py,008da10242e4b8e8848ca8de062e97fb39a91715f2896bade164d60493d8255d,9dfaa0ac5fa3e0f16fdfb0890e11b4cb64ea59b8edee029a9c4f13a2c52538b0,hh_algorithm_loop,c65b7d3b,True,prob_4.json,60.000000,60.000000,20.000000,90.000000,true,false,true,true,true,5,331591.0,331591.0,331591.0,6.0,1669,942.0,17.783897,17.34347414970398,100,100,2,,reports\ogc2026_reboot_v001\verify_active_v305_baseline_hh_py_alias_20260629_002\solutions\direct__v304_direct_full_recheck\prob_4.solution.json,reports\ogc2026_reboot_v001\verify_active_v305_baseline_hh_py_alias_20260629_002\logs\direct__v304_direct_full_recheck\prob_4.log,PASS objective=331591.0 obj1=6.0 obj2=1669 obj3=942.0,"C:\Python314\python.exe ogc2026/batchrunner/benchmark.py --algorithm name=wrapper,version=baseline_hh_v305_alias_full,path=ogc2026/baseline/baseline_hh.py --algorithm name=direct,version=v304_direct_full_recheck,path=ogc2026/baseline/alg_versions/reboot_v304_20260629_trackA_prob13like_subprocess_fallback_on_v298.py --problem train/prob_1.json --problem train/prob_2.json --problem train/prob_3.json --problem train/prob_4.json --problem train/prob_5.json --problem train/prob_6.json --problem train/prob_7.json --problem train/prob_8.json --problem train/prob_9.json --problem train/prob_10.json --problem train/prob_11.json --problem train/prob_12.json --problem train/prob_13.json --problem train/prob_14.json --problem train/prob_15.json --problem train/prob_16.json --problem train/prob_17.json --problem train/prob_18.json --problem train/prob_19.json --problem train/prob_20.json --problem train/prob_21.json --problem train/prob_22.json --problem train/prob_23.json --problem train/prob_24.json --problem train/prob_25.json --problem train/prob_26.json --problem train/prob_27.json --problem train/prob_28.json --problem train/prob_29.json --problem train/prob_30.json --problem train/prob_31.json --problem train/prob_32.json --problem train/prob_33.json --problem train/prob_34.json --problem train/prob_35.json --problem train/prob_36.json --problem train/prob_37.json --problem train/prob_38.json --problem train/prob_39.json --problem train/prob_40.json --timelimit 60 --run-id verify_active_v305_baseline_hh_py_alias_20260629_002 --out-dir reports/ogc2026_reboot_v001/verify_active_v305_baseline_hh_py_alias_20260629_002 --cumulative-csv reports/ogc2026_reboot_v001/active_publish_rechecks_v305_alias_full.csv --require-fresh-cumulative"
2026-06-29T22:50:06,verify_active_v305_baseline_hh_py_alias_20260629_002,direct,v304_direct_full_recheck,ogc2026\baseline\alg_versions\reboot_v304_20260629_trackA_prob13like_subprocess_fallback_on_v298.py,008da10242e4b8e8848ca8de062e97fb39a91715f2896bade164d60493d8255d,9dfaa0ac5fa3e0f16fdfb0890e11b4cb64ea59b8edee029a9c4f13a2c52538b0,hh_algorithm_loop,c65b7d3b,True,prob_5.json,60.000000,60.000000,20.000000,90.000000,true,false,true,true,true,5,139455.0,139455.0,139455.0,0.0,1065,880.0,17.901774,17.458309650421143,150,150,3,,reports\ogc2026_reboot_v001\verify_active_v305_baseline_hh_py_alias_20260629_002\solutions\direct__v304_direct_full_recheck\prob_5.solution.json,reports\ogc2026_reboot_v001\verify_active_v305_baseline_hh_py_alias_20260629_002\logs\direct__v304_direct_full_recheck\prob_5.log,PASS objective=139455.0 obj1=0.0 obj2=1065 obj3=880.0,"C:\Python314\python.exe ogc2026/batchrunner/benchmark.py --algorithm name=wrapper,version=baseline_hh_v305_alias_full,path=ogc2026/baseline/baseline_hh.py --algorithm name=direct,version=v304_direct_full_recheck,path=ogc2026/baseline/alg_versions/reboot_v304_20260629_trackA_prob13like_subprocess_fallback_on_v298.py --problem train/prob_1.json --problem train/prob_2.json --problem train/prob_3.json --problem train/prob_4.json --problem train/prob_5.json --problem train/prob_6.json --problem train/prob_7.json --problem train/prob_8.json --problem train/prob_9.json --problem train/prob_10.json --problem train/prob_11.json --problem train/prob_12.json --problem train/prob_13.json --problem train/prob_14.json --problem train/prob_15.json --problem train/prob_16.json --problem train/prob_17.json --problem train/prob_18.json --problem train/prob_19.json --problem train/prob_20.json --problem train/prob_21.json --problem train/prob_22.json --problem train/prob_23.json --problem train/prob_24.json --problem train/prob_25.json --problem train/prob_26.json --problem train/prob_27.json --problem train/prob_28.json --problem train/prob_29.json --problem train/prob_30.json --problem train/prob_31.json --problem train/prob_32.json --problem train/prob_33.json --problem train/prob_34.json --problem train/prob_35.json --problem train/prob_36.json --problem train/prob_37.json --problem train/prob_38.json --problem train/prob_39.json --problem train/prob_40.json --timelimit 60 --run-id verify_active_v305_baseline_hh_py_alias_20260629_002 --out-dir reports/ogc2026_reboot_v001/verify_active_v305_baseline_hh_py_alias_20260629_002 --cumulative-csv reports/ogc2026_reboot_v001/active_publish_rechecks_v305_alias_full.csv --require-fresh-cumulative"
2026-06-29T22:50:06,verify_active_v305_baseline_hh_py_alias_20260629_002,direct,v304_direct_full_recheck,ogc2026\baseline\alg_versions\reboot_v304_20260629_trackA_prob13like_subprocess_fallback_on_v298.py,008da10242e4b8e8848ca8de062e97fb39a91715f2896bade164d60493d8255d,9dfaa0ac5fa3e0f16fdfb0890e11b4cb64ea59b8edee029a9c4f13a2c52538b0,hh_algorithm_loop,c65b7d3b,True,prob_6.json,60.000000,60.000000,20.000000,90.000000,true,false,true,true,true,5,577115.0,577115.0,577115.0,7.0,1815,2380.0,30.019840,29.306132316589355,150,150,3,,reports\ogc2026_reboot_v001\verify_active_v305_baseline_hh_py_alias_20260629_002\solutions\direct__v304_direct_full_recheck\prob_6.solution.json,reports\ogc2026_reboot_v001\verify_active_v305_baseline_hh_py_alias_20260629_002\logs\direct__v304_direct_full_recheck\prob_6.log,PASS objective=577115.0 obj1=7.0 obj2=1815 obj3=2380.0,"C:\Python314\python.exe ogc2026/batchrunner/benchmark.py --algorithm name=wrapper,version=baseline_hh_v305_alias_full,path=ogc2026/baseline/baseline_hh.py --algorithm name=direct,version=v304_direct_full_recheck,path=ogc2026/baseline/alg_versions/reboot_v304_20260629_trackA_prob13like_subprocess_fallback_on_v298.py --problem train/prob_1.json --problem train/prob_2.json --problem train/prob_3.json --problem train/prob_4.json --problem train/prob_5.json --problem train/prob_6.json --problem train/prob_7.json --problem train/prob_8.json --problem train/prob_9.json --problem train/prob_10.json --problem train/prob_11.json --problem train/prob_12.json --problem train/prob_13.json --problem train/prob_14.json --problem train/prob_15.json --problem train/prob_16.json --problem train/prob_17.json --problem train/prob_18.json --problem train/prob_19.json --problem train/prob_20.json --problem train/prob_21.json --problem train/prob_22.json --problem train/prob_23.json --problem train/prob_24.json --problem train/prob_25.json --problem train/prob_26.json --problem train/prob_27.json --problem train/prob_28.json --problem train/prob_29.json --problem train/prob_30.json --problem train/prob_31.json --problem train/prob_32.json --problem train/prob_33.json --problem train/prob_34.json --problem train/prob_35.json --problem train/prob_36.json --problem train/prob_37.json --problem train/prob_38.json --problem train/prob_39.json --problem train/prob_40.json --timelimit 60 --run-id verify_active_v305_baseline_hh_py_alias_20260629_002 --out-dir reports/ogc2026_reboot_v001/verify_active_v305_baseline_hh_py_alias_20260629_002 --cumulative-csv reports/ogc2026_reboot_v001/active_publish_rechecks_v305_alias_full.csv --require-fresh-cumulative"
2026-06-29T22:50:06,verify_active_v305_baseline_hh_py_alias_20260629_002,direct,v304_direct_full_recheck,ogc2026\baseline\alg_versions\reboot_v304_20260629_trackA_prob13like_subprocess_fallback_on_v298.py,008da10242e4b8e8848ca8de062e97fb39a91715f2896bade164d60493d8255d,9dfaa0ac5fa3e0f16fdfb0890e11b4cb64ea59b8edee029a9c4f13a2c52538b0,hh_algorithm_loop,c65b7d3b,True,prob_7.json,60.000000,60.000000,20.000000,90.000000,true,false,true,true,true,5,131191.0,131191.0,131191.0,0.0,3013,734.0,20.685768,20.242175579071045,150,150,3,,reports\ogc2026_reboot_v001\verify_active_v305_baseline_hh_py_alias_20260629_002\solutions\direct__v304_direct_full_recheck\prob_7.solution.json,reports\ogc2026_reboot_v001\verify_active_v305_baseline_hh_py_alias_20260629_002\logs\direct__v304_direct_full_recheck\prob_7.log,PASS objective=131191.0 obj1=0.0 obj2=3013 obj3=734.0,"C:\Python314\python.exe ogc2026/batchrunner/benchmark.py --algorithm name=wrapper,version=baseline_hh_v305_alias_full,path=ogc2026/baseline/baseline_hh.py --algorithm name=direct,version=v304_direct_full_recheck,path=ogc2026/baseline/alg_versions/reboot_v304_20260629_trackA_prob13like_subprocess_fallback_on_v298.py --problem train/prob_1.json --problem train/prob_2.json --problem train/prob_3.json --problem train/prob_4.json --problem train/prob_5.json --problem train/prob_6.json --problem train/prob_7.json --problem train/prob_8.json --problem train/prob_9.json --problem train/prob_10.json --problem train/prob_11.json --problem train/prob_12.json --problem train/prob_13.json --problem train/prob_14.json --problem train/prob_15.json --problem train/prob_16.json --problem train/prob_17.json --problem train/prob_18.json --problem train/prob_19.json --problem train/prob_20.json --problem train/prob_21.json --problem train/prob_22.json --problem train/prob_23.json --problem train/prob_24.json --problem train/prob_25.json --problem train/prob_26.json --problem train/prob_27.json --problem train/prob_28.json --problem train/prob_29.json --problem train/prob_30.json --problem train/prob_31.json --problem train/prob_32.json --problem train/prob_33.json --problem train/prob_34.json --problem train/prob_35.json --problem train/prob_36.json --problem train/prob_37.json --problem train/prob_38.json --problem train/prob_39.json --problem train/prob_40.json --timelimit 60 --run-id verify_active_v305_baseline_hh_py_alias_20260629_002 --out-dir reports/ogc2026_reboot_v001/verify_active_v305_baseline_hh_py_alias_20260629_002 --cumulative-csv reports/ogc2026_reboot_v001/active_publish_rechecks_v305_alias_full.csv --require-fresh-cumulative"
2026-06-29T22:50:06,verify_active_v305_baseline_hh_py_alias_20260629_002,direct,v304_direct_full_recheck,ogc2026\baseline\alg_versions\reboot_v304_20260629_trackA_prob13like_subprocess_fallback_on_v298.py,008da10242e4b8e8848ca8de062e97fb39a91715f2896bade164d60493d8255d,9dfaa0ac5fa3e0f16fdfb0890e11b4cb64ea59b8edee029a9c4f13a2c52538b0,hh_algorithm_loop,c65b7d3b,True,prob_8.json,60.000000,60.000000,20.000000,90.000000,true,false,true,true,true,5,74968.0,74968.0,74968.0,0.0,1142,352.0,12.359230,11.907740116119385,150,150,2,,reports\ogc2026_reboot_v001\verify_active_v305_baseline_hh_py_alias_20260629_002\solutions\direct__v304_direct_full_recheck\prob_8.solution.json,reports\ogc2026_reboot_v001\verify_active_v305_baseline_hh_py_alias_20260629_002\logs\direct__v304_direct_full_recheck\prob_8.log,PASS objective=74968.0 obj1=0.0 obj2=1142 obj3=352.0,"C:\Python314\python.exe ogc2026/batchrunner/benchmark.py --algorithm name=wrapper,version=baseline_hh_v305_alias_full,path=ogc2026/baseline/baseline_hh.py --algorithm name=direct,version=v304_direct_full_recheck,path=ogc2026/baseline/alg_versions/reboot_v304_20260629_trackA_prob13like_subprocess_fallback_on_v298.py --problem train/prob_1.json --problem train/prob_2.json --problem train/prob_3.json --problem train/prob_4.json --problem train/prob_5.json --problem train/prob_6.json --problem train/prob_7.json --problem train/prob_8.json --problem train/prob_9.json --problem train/prob_10.json --problem train/prob_11.json --problem train/prob_12.json --problem train/prob_13.json --problem train/prob_14.json --problem train/prob_15.json --problem train/prob_16.json --problem train/prob_17.json --problem train/prob_18.json --problem train/prob_19.json --problem train/prob_20.json --problem train/prob_21.json --problem train/prob_22.json --problem train/prob_23.json --problem train/prob_24.json --problem train/prob_25.json --problem train/prob_26.json --problem train/prob_27.json --problem train/prob_28.json --problem train/prob_29.json --problem train/prob_30.json --problem train/prob_31.json --problem train/prob_32.json --problem train/prob_33.json --problem train/prob_34.json --problem train/prob_35.json --problem train/prob_36.json --problem train/prob_37.json --problem train/prob_38.json --problem train/prob_39.json --problem train/prob_40.json --timelimit 60 --run-id verify_active_v305_baseline_hh_py_alias_20260629_002 --out-dir reports/ogc2026_reboot_v001/verify_active_v305_baseline_hh_py_alias_20260629_002 --cumulative-csv reports/ogc2026_reboot_v001/active_publish_rechecks_v305_alias_full.csv --require-fresh-cumulative"
2026-06-29T22:50:06,verify_active_v305_baseline_hh_py_alias_20260629_002,direct,v304_direct_full_recheck,ogc2026\baseline\alg_versions\reboot_v304_20260629_trackA_prob13like_subprocess_fallback_on_v298.py,008da10242e4b8e8848ca8de062e97fb39a91715f2896bade164d60493d8255d,9dfaa0ac5fa3e0f16fdfb0890e11b4cb64ea59b8edee029a9c4f13a2c52538b0,hh_algorithm_loop,c65b7d3b,True,prob_9.json,60.000000,60.000000,20.000000,90.000000,true,false,true,true,true,5,237200.0,237200.0,237200.0,0.0,1090,1545.0,27.491860,27.032837629318237,200,200,3,,reports\ogc2026_reboot_v001\verify_active_v305_baseline_hh_py_alias_20260629_002\solutions\direct__v304_direct_full_recheck\prob_9.solution.json,reports\ogc2026_reboot_v001\verify_active_v305_baseline_hh_py_alias_20260629_002\logs\direct__v304_direct_full_recheck\prob_9.log,PASS objective=237200.0 obj1=0.0 obj2=1090 obj3=1545.0,"C:\Python314\python.exe ogc2026/batchrunner/benchmark.py --algorithm name=wrapper,version=baseline_hh_v305_alias_full,path=ogc2026/baseline/baseline_hh.py --algorithm name=direct,version=v304_direct_full_recheck,path=ogc2026/baseline/alg_versions/reboot_v304_20260629_trackA_prob13like_subprocess_fallback_on_v298.py --problem train/prob_1.json --problem train/prob_2.json --problem train/prob_3.json --problem train/prob_4.json --problem train/prob_5.json --problem train/prob_6.json --problem train/prob_7.json --problem train/prob_8.json --problem train/prob_9.json --problem train/prob_10.json --problem train/prob_11.json --problem train/prob_12.json --problem train/prob_13.json --problem train/prob_14.json --problem train/prob_15.json --problem train/prob_16.json --problem train/prob_17.json --problem train/prob_18.json --problem train/prob_19.json --problem train/prob_20.json --problem train/prob_21.json --problem train/prob_22.json --problem train/prob_23.json --problem train/prob_24.json --problem train/prob_25.json --problem train/prob_26.json --problem train/prob_27.json --problem train/prob_28.json --problem train/prob_29.json --problem train/prob_30.json --problem train/prob_31.json --problem train/prob_32.json --problem train/prob_33.json --problem train/prob_34.json --problem train/prob_35.json --problem train/prob_36.json --problem train/prob_37.json --problem train/prob_38.json --problem train/prob_39.json --problem train/prob_40.json --timelimit 60 --run-id verify_active_v305_baseline_hh_py_alias_20260629_002 --out-dir reports/ogc2026_reboot_v001/verify_active_v305_baseline_hh_py_alias_20260629_002 --cumulative-csv reports/ogc2026_reboot_v001/active_publish_rechecks_v305_alias_full.csv --require-fresh-cumulative"
2026-06-29T22:50:06,verify_active_v305_baseline_hh_py_alias_20260629_002,direct,v304_direct_full_recheck,ogc2026\baseline\alg_versions\reboot_v304_20260629_trackA_prob13like_subprocess_fallback_on_v298.py,008da10242e4b8e8848ca8de062e97fb39a91715f2896bade164d60493d8255d,9dfaa0ac5fa3e0f16fdfb0890e11b4cb64ea59b8edee029a9c4f13a2c52538b0,hh_algorithm_loop,c65b7d3b,True,prob_10.json,60.000000,60.000000,20.000000,90.000000,true,false,true,true,true,5,1274865.0,1274865.0,1274865.0,66.0,2577,2232.0,24.226137,23.77463436126709,200,200,4,,reports\ogc2026_reboot_v001\verify_active_v305_baseline_hh_py_alias_20260629_002\solutions\direct__v304_direct_full_recheck\prob_10.solution.json,reports\ogc2026_reboot_v001\verify_active_v305_baseline_hh_py_alias_20260629_002\logs\direct__v304_direct_full_recheck\prob_10.log,PASS objective=1274865.0 obj1=66.0 obj2=2577 obj3=2232.0,"C:\Python314\python.exe ogc2026/batchrunner/benchmark.py --algorithm name=wrapper,version=baseline_hh_v305_alias_full,path=ogc2026/baseline/baseline_hh.py --algorithm name=direct,version=v304_direct_full_recheck,path=ogc2026/baseline/alg_versions/reboot_v304_20260629_trackA_prob13like_subprocess_fallback_on_v298.py --problem train/prob_1.json --problem train/prob_2.json --problem train/prob_3.json --problem train/prob_4.json --problem train/prob_5.json --problem train/prob_6.json --problem train/prob_7.json --problem train/prob_8.json --problem train/prob_9.json --problem train/prob_10.json --problem train/prob_11.json --problem train/prob_12.json --problem train/prob_13.json --problem train/prob_14.json --problem train/prob_15.json --problem train/prob_16.json --problem train/prob_17.json --problem train/prob_18.json --problem train/prob_19.json --problem train/prob_20.json --problem train/prob_21.json --problem train/prob_22.json --problem train/prob_23.json --problem train/prob_24.json --problem train/prob_25.json --problem train/prob_26.json --problem train/prob_27.json --problem train/prob_28.json --problem train/prob_29.json --problem train/prob_30.json --problem train/prob_31.json --problem train/prob_32.json --problem train/prob_33.json --problem train/prob_34.json --problem train/prob_35.json --problem train/prob_36.json --problem train/prob_37.json --problem train/prob_38.json --problem train/prob_39.json --problem train/prob_40.json --timelimit 60 --run-id verify_active_v305_baseline_hh_py_alias_20260629_002 --out-dir reports/ogc2026_reboot_v001/verify_active_v305_baseline_hh_py_alias_20260629_002 --cumulative-csv reports/ogc2026_reboot_v001/active_publish_rechecks_v305_alias_full.csv --require-fresh-cumulative"
2026-06-29T22:50:06,verify_active_v305_baseline_hh_py_alias_20260629_002,direct,v304_direct_full_recheck,ogc2026\baseline\alg_versions\reboot_v304_20260629_trackA_prob13like_subprocess_fallback_on_v298.py,008da10242e4b8e8848ca8de062e97fb39a91715f2896bade164d60493d8255d,9dfaa0ac5fa3e0f16fdfb0890e11b4cb64ea59b8edee029a9c4f13a2c52538b0,hh_algorithm_loop,c65b7d3b,True,prob_11.json,60.000000,60.000000,20.000000,90.000000,true,false,true,true,true,5,8164735.0,8164735.0,8164735.0,342.0,415,2592.0,46.903837,46.45143246650696,200,200,4,,reports\ogc2026_reboot_v001\verify_active_v305_baseline_hh_py_alias_20260629_002\solutions\direct__v304_direct_full_recheck\prob_11.solution.json,reports\ogc2026_reboot_v001\verify_active_v305_baseline_hh_py_alias_20260629_002\logs\direct__v304_direct_full_recheck\prob_11.log,PASS objective=8164735.0 obj1=342.0 obj2=415 obj3=2592.0,"C:\Python314\python.exe ogc2026/batchrunner/benchmark.py --algorithm name=wrapper,version=baseline_hh_v305_alias_full,path=ogc2026/baseline/baseline_hh.py --algorithm name=direct,version=v304_direct_full_recheck,path=ogc2026/baseline/alg_versions/reboot_v304_20260629_trackA_prob13like_subprocess_fallback_on_v298.py --problem train/prob_1.json --problem train/prob_2.json --problem train/prob_3.json --problem train/prob_4.json --problem train/prob_5.json --problem train/prob_6.json --problem train/prob_7.json --problem train/prob_8.json --problem train/prob_9.json --problem train/prob_10.json --problem train/prob_11.json --problem train/prob_12.json --problem train/prob_13.json --problem train/prob_14.json --problem train/prob_15.json --problem train/prob_16.json --problem train/prob_17.json --problem train/prob_18.json --problem train/prob_19.json --problem train/prob_20.json --problem train/prob_21.json --problem train/prob_22.json --problem train/prob_23.json --problem train/prob_24.json --problem train/prob_25.json --problem train/prob_26.json --problem train/prob_27.json --problem train/prob_28.json --problem train/prob_29.json --problem train/prob_30.json --problem train/prob_31.json --problem train/prob_32.json --problem train/prob_33.json --problem train/prob_34.json --problem train/prob_35.json --problem train/prob_36.json --problem train/prob_37.json --problem train/prob_38.json --problem train/prob_39.json --problem train/prob_40.json --timelimit 60 --run-id verify_active_v305_baseline_hh_py_alias_20260629_002 --out-dir reports/ogc2026_reboot_v001/verify_active_v305_baseline_hh_py_alias_20260629_002 --cumulative-csv reports/ogc2026_reboot_v001/active_publish_rechecks_v305_alias_full.csv --require-fresh-cumulative"
2026-06-29T22:50:06,verify_active_v305_baseline_hh_py_alias_20260629_002,direct,v304_direct_full_recheck,ogc2026\baseline\alg_versions\reboot_v304_20260629_trackA_prob13like_subprocess_fallback_on_v298.py,008da10242e4b8e8848ca8de062e97fb39a91715f2896bade164d60493d8255d,9dfaa0ac5fa3e0f16fdfb0890e11b4cb64ea59b8edee029a9c4f13a2c52538b0,hh_algorithm_loop,c65b7d3b,True,prob_12.json,60.000000,60.000000,20.000000,90.000000,true,false,true,true,true,5,553078.0,553078.0,553078.0,8.0,6633,2491.0,25.032894,24.58026957511902,200,200,4,,reports\ogc2026_reboot_v001\verify_active_v305_baseline_hh_py_alias_20260629_002\solutions\direct__v304_direct_full_recheck\prob_12.solution.json,reports\ogc2026_reboot_v001\verify_active_v305_baseline_hh_py_alias_20260629_002\logs\direct__v304_direct_full_recheck\prob_12.log,PASS objective=553078.0 obj1=8.0 obj2=6633 obj3=2491.0,"C:\Python314\python.exe ogc2026/batchrunner/benchmark.py --algorithm name=wrapper,version=baseline_hh_v305_alias_full,path=ogc2026/baseline/baseline_hh.py --algorithm name=direct,version=v304_direct_full_recheck,path=ogc2026/baseline/alg_versions/reboot_v304_20260629_trackA_prob13like_subprocess_fallback_on_v298.py --problem train/prob_1.json --problem train/prob_2.json --problem train/prob_3.json --problem train/prob_4.json --problem train/prob_5.json --problem train/prob_6.json --problem train/prob_7.json --problem train/prob_8.json --problem train/prob_9.json --problem train/prob_10.json --problem train/prob_11.json --problem train/prob_12.json --problem train/prob_13.json --problem train/prob_14.json --problem train/prob_15.json --problem train/prob_16.json --problem train/prob_17.json --problem train/prob_18.json --problem train/prob_19.json --problem train/prob_20.json --problem train/prob_21.json --problem train/prob_22.json --problem train/prob_23.json --problem train/prob_24.json --problem train/prob_25.json --problem train/prob_26.json --problem train/prob_27.json --problem train/prob_28.json --problem train/prob_29.json --problem train/prob_30.json --problem train/prob_31.json --problem train/prob_32.json --problem train/prob_33.json --problem train/prob_34.json --problem train/prob_35.json --problem train/prob_36.json --problem train/prob_37.json --problem train/prob_38.json --problem train/prob_39.json --problem train/prob_40.json --timelimit 60 --run-id verify_active_v305_baseline_hh_py_alias_20260629_002 --out-dir reports/ogc2026_reboot_v001/verify_active_v305_baseline_hh_py_alias_20260629_002 --cumulative-csv reports/ogc2026_reboot_v001/active_publish_rechecks_v305_alias_full.csv --require-fresh-cumulative"
2026-06-29T22:50:06,verify_active_v305_baseline_hh_py_alias_20260629_002,direct,v304_direct_full_recheck,ogc2026\baseline\alg_versions\reboot_v304_20260629_trackA_prob13like_subprocess_fallback_on_v298.py,008da10242e4b8e8848ca8de062e97fb39a91715f2896bade164d60493d8255d,9dfaa0ac5fa3e0f16fdfb0890e11b4cb64ea59b8edee029a9c4f13a2c52538b0,hh_algorithm_loop,c65b7d3b,True,prob_13.json,60.000000,60.000000,20.000000,90.000000,true,false,true,true,true,5,9583645.0,9583645.0,9583645.0,482.0,4438,4465.0,38.705667,38.253820180892944,250,250,4,,reports\ogc2026_reboot_v001\verify_active_v305_baseline_hh_py_alias_20260629_002\solutions\direct__v304_direct_full_recheck\prob_13.solution.json,reports\ogc2026_reboot_v001\verify_active_v305_baseline_hh_py_alias_20260629_002\logs\direct__v304_direct_full_recheck\prob_13.log,PASS objective=9583645.0 obj1=482.0 obj2=4438 obj3=4465.0,"C:\Python314\python.exe ogc2026/batchrunner/benchmark.py --algorithm name=wrapper,version=baseline_hh_v305_alias_full,path=ogc2026/baseline/baseline_hh.py --algorithm name=direct,version=v304_direct_full_recheck,path=ogc2026/baseline/alg_versions/reboot_v304_20260629_trackA_prob13like_subprocess_fallback_on_v298.py --problem train/prob_1.json --problem train/prob_2.json --problem train/prob_3.json --problem train/prob_4.json --problem train/prob_5.json --problem train/prob_6.json --problem train/prob_7.json --problem train/prob_8.json --problem train/prob_9.json --problem train/prob_10.json --problem train/prob_11.json --problem train/prob_12.json --problem train/prob_13.json --problem train/prob_14.json --problem train/prob_15.json --problem train/prob_16.json --problem train/prob_17.json --problem train/prob_18.json --problem train/prob_19.json --problem train/prob_20.json --problem train/prob_21.json --problem train/prob_22.json --problem train/prob_23.json --problem train/prob_24.json --problem train/prob_25.json --problem train/prob_26.json --problem train/prob_27.json --problem train/prob_28.json --problem train/prob_29.json --problem train/prob_30.json --problem train/prob_31.json --problem train/prob_32.json --problem train/prob_33.json --problem train/prob_34.json --problem train/prob_35.json --problem train/prob_36.json --problem train/prob_37.json --problem train/prob_38.json --problem train/prob_39.json --problem train/prob_40.json --timelimit 60 --run-id verify_active_v305_baseline_hh_py_alias_20260629_002 --out-dir reports/ogc2026_reboot_v001/verify_active_v305_baseline_hh_py_alias_20260629_002 --cumulative-csv reports/ogc2026_reboot_v001/active_publish_rechecks_v305_alias_full.csv --require-fresh-cumulative"
2026-06-29T22:50:06,verify_active_v305_baseline_hh_py_alias_20260629_002,direct,v304_direct_full_recheck,ogc2026\baseline\alg_versions\reboot_v304_20260629_trackA_prob13like_subprocess_fallback_on_v298.py,008da10242e4b8e8848ca8de062e97fb39a91715f2896bade164d60493d8255d,9dfaa0ac5fa3e0f16fdfb0890e11b4cb64ea59b8edee029a9c4f13a2c52538b0,hh_algorithm_loop,c65b7d3b,True,prob_14.json,60.000000,60.000000,20.000000,90.000000,true,false,true,true,true,5,3795716.0,3795716.0,3795716.0,181.0,3301,4221.0,55.104322,54.357237100601196,250,250,4,,reports\ogc2026_reboot_v001\verify_active_v305_baseline_hh_py_alias_20260629_002\solutions\direct__v304_direct_full_recheck\prob_14.solution.json,reports\ogc2026_reboot_v001\verify_active_v305_baseline_hh_py_alias_20260629_002\logs\direct__v304_direct_full_recheck\prob_14.log,PASS objective=3795716.0 obj1=181.0 obj2=3301 obj3=4221.0,"C:\Python314\python.exe ogc2026/batchrunner/benchmark.py --algorithm name=wrapper,version=baseline_hh_v305_alias_full,path=ogc2026/baseline/baseline_hh.py --algorithm name=direct,version=v304_direct_full_recheck,path=ogc2026/baseline/alg_versions/reboot_v304_20260629_trackA_prob13like_subprocess_fallback_on_v298.py --problem train/prob_1.json --problem train/prob_2.json --problem train/prob_3.json --problem train/prob_4.json --problem train/prob_5.json --problem train/prob_6.json --problem train/prob_7.json --problem train/prob_8.json --problem train/prob_9.json --problem train/prob_10.json --problem train/prob_11.json --problem train/prob_12.json --problem train/prob_13.json --problem train/prob_14.json --problem train/prob_15.json --problem train/prob_16.json --problem train/prob_17.json --problem train/prob_18.json --problem train/prob_19.json --problem train/prob_20.json --problem train/prob_21.json --problem train/prob_22.json --problem train/prob_23.json --problem train/prob_24.json --problem train/prob_25.json --problem train/prob_26.json --problem train/prob_27.json --problem train/prob_28.json --problem train/prob_29.json --problem train/prob_30.json --problem train/prob_31.json --problem train/prob_32.json --problem train/prob_33.json --problem train/prob_34.json --problem train/prob_35.json --problem train/prob_36.json --problem train/prob_37.json --problem train/prob_38.json --problem train/prob_39.json --problem train/prob_40.json --timelimit 60 --run-id verify_active_v305_baseline_hh_py_alias_20260629_002 --out-dir reports/ogc2026_reboot_v001/verify_active_v305_baseline_hh_py_alias_20260629_002 --cumulative-csv reports/ogc2026_reboot_v001/active_publish_rechecks_v305_alias_full.csv --require-fresh-cumulative"
2026-06-29T22:50:06,verify_active_v305_baseline_hh_py_alias_20260629_002,direct,v304_direct_full_recheck,ogc2026\baseline\alg_versions\reboot_v304_20260629_trackA_prob13like_subprocess_fallback_on_v298.py,008da10242e4b8e8848ca8de062e97fb39a91715f2896bade164d60493d8255d,9dfaa0ac5fa3e0f16fdfb0890e11b4cb64ea59b8edee029a9c4f13a2c52538b0,hh_algorithm_loop,c65b7d3b,True,prob_15.json,60.000000,60.000000,20.000000,90.000000,true,false,true,true,true,5,844023.0,844023.0,844023.0,25.0,3465,3431.0,37.940282,37.48875427246094,250,250,4,,reports\ogc2026_reboot_v001\verify_active_v305_baseline_hh_py_alias_20260629_002\solutions\direct__v304_direct_full_recheck\prob_15.solution.json,reports\ogc2026_reboot_v001\verify_active_v305_baseline_hh_py_alias_20260629_002\logs\direct__v304_direct_full_recheck\prob_15.log,PASS objective=844023.0 obj1=25.0 obj2=3465 obj3=3431.0,"C:\Python314\python.exe ogc2026/batchrunner/benchmark.py --algorithm name=wrapper,version=baseline_hh_v305_alias_full,path=ogc2026/baseline/baseline_hh.py --algorithm name=direct,version=v304_direct_full_recheck,path=ogc2026/baseline/alg_versions/reboot_v304_20260629_trackA_prob13like_subprocess_fallback_on_v298.py --problem train/prob_1.json --problem train/prob_2.json --problem train/prob_3.json --problem train/prob_4.json --problem train/prob_5.json --problem train/prob_6.json --problem train/prob_7.json --problem train/prob_8.json --problem train/prob_9.json --problem train/prob_10.json --problem train/prob_11.json --problem train/prob_12.json --problem train/prob_13.json --problem train/prob_14.json --problem train/prob_15.json --problem train/prob_16.json --problem train/prob_17.json --problem train/prob_18.json --problem train/prob_19.json --problem train/prob_20.json --problem train/prob_21.json --problem train/prob_22.json --problem train/prob_23.json --problem train/prob_24.json --problem train/prob_25.json --problem train/prob_26.json --problem train/prob_27.json --problem train/prob_28.json --problem train/prob_29.json --problem train/prob_30.json --problem train/prob_31.json --problem train/prob_32.json --problem train/prob_33.json --problem train/prob_34.json --problem train/prob_35.json --problem train/prob_36.json --problem train/prob_37.json --problem train/prob_38.json --problem train/prob_39.json --problem train/prob_40.json --timelimit 60 --run-id verify_active_v305_baseline_hh_py_alias_20260629_002 --out-dir reports/ogc2026_reboot_v001/verify_active_v305_baseline_hh_py_alias_20260629_002 --cumulative-csv reports/ogc2026_reboot_v001/active_publish_rechecks_v305_alias_full.csv --require-fresh-cumulative"
2026-06-29T22:50:06,verify_active_v305_baseline_hh_py_alias_20260629_002,direct,v304_direct_full_recheck,ogc2026\baseline\alg_versions\reboot_v304_20260629_trackA_prob13like_subprocess_fallback_on_v298.py,008da10242e4b8e8848ca8de062e97fb39a91715f2896bade164d60493d8255d,9dfaa0ac5fa3e0f16fdfb0890e11b4cb64ea59b8edee029a9c4f13a2c52538b0,hh_algorithm_loop,c65b7d3b,True,prob_16.json,60.000000,60.000000,20.000000,90.000000,true,false,true,true,true,5,176817.0,176817.0,176817.0,0.0,2938,1219.0,12.856441,12.398540496826172,250,250,4,,reports\ogc2026_reboot_v001\verify_active_v305_baseline_hh_py_alias_20260629_002\solutions\direct__v304_direct_full_recheck\prob_16.solution.json,reports\ogc2026_reboot_v001\verify_active_v305_baseline_hh_py_alias_20260629_002\logs\direct__v304_direct_full_recheck\prob_16.log,PASS objective=176817.0 obj1=0.0 obj2=2938 obj3=1219.0,"C:\Python314\python.exe ogc2026/batchrunner/benchmark.py --algorithm name=wrapper,version=baseline_hh_v305_alias_full,path=ogc2026/baseline/baseline_hh.py --algorithm name=direct,version=v304_direct_full_recheck,path=ogc2026/baseline/alg_versions/reboot_v304_20260629_trackA_prob13like_subprocess_fallback_on_v298.py --problem train/prob_1.json --problem train/prob_2.json --problem train/prob_3.json --problem train/prob_4.json --problem train/prob_5.json --problem train/prob_6.json --problem train/prob_7.json --problem train/prob_8.json --problem train/prob_9.json --problem train/prob_10.json --problem train/prob_11.json --problem train/prob_12.json --problem train/prob_13.json --problem train/prob_14.json --problem train/prob_15.json --problem train/prob_16.json --problem train/prob_17.json --problem train/prob_18.json --problem train/prob_19.json --problem train/prob_20.json --problem train/prob_21.json --problem train/prob_22.json --problem train/prob_23.json --problem train/prob_24.json --problem train/prob_25.json --problem train/prob_26.json --problem train/prob_27.json --problem train/prob_28.json --problem train/prob_29.json --problem train/prob_30.json --problem train/prob_31.json --problem train/prob_32.json --problem train/prob_33.json --problem train/prob_34.json --problem train/prob_35.json --problem train/prob_36.json --problem train/prob_37.json --problem train/prob_38.json --problem train/prob_39.json --problem train/prob_40.json --timelimit 60 --run-id verify_active_v305_baseline_hh_py_alias_20260629_002 --out-dir reports/ogc2026_reboot_v001/verify_active_v305_baseline_hh_py_alias_20260629_002 --cumulative-csv reports/ogc2026_reboot_v001/active_publish_rechecks_v305_alias_full.csv --require-fresh-cumulative"
2026-06-29T22:50:06,verify_active_v305_baseline_hh_py_alias_20260629_002,direct,v304_direct_full_recheck,ogc2026\baseline\alg_versions\reboot_v304_20260629_trackA_prob13like_subprocess_fallback_on_v298.py,008da10242e4b8e8848ca8de062e97fb39a91715f2896bade164d60493d8255d,9dfaa0ac5fa3e0f16fdfb0890e11b4cb64ea59b8edee029a9c4f13a2c52538b0,hh_algorithm_loop,c65b7d3b,True,prob_17.json,60.000000,60.000000,20.000000,90.000000,true,false,true,true,true,5,338183.0,338183.0,338183.0,13.0,5749,1422.0,19.040462,18.593632459640503,300,300,4,,reports\ogc2026_reboot_v001\verify_active_v305_baseline_hh_py_alias_20260629_002\solutions\direct__v304_direct_full_recheck\prob_17.solution.json,reports\ogc2026_reboot_v001\verify_active_v305_baseline_hh_py_alias_20260629_002\logs\direct__v304_direct_full_recheck\prob_17.log,PASS objective=338183.0 obj1=13.0 obj2=5749 obj3=1422.0,"C:\Python314\python.exe ogc2026/batchrunner/benchmark.py --algorithm name=wrapper,version=baseline_hh_v305_alias_full,path=ogc2026/baseline/baseline_hh.py --algorithm name=direct,version=v304_direct_full_recheck,path=ogc2026/baseline/alg_versions/reboot_v304_20260629_trackA_prob13like_subprocess_fallback_on_v298.py --problem train/prob_1.json --problem train/prob_2.json --problem train/prob_3.json --problem train/prob_4.json --problem train/prob_5.json --problem train/prob_6.json --problem train/prob_7.json --problem train/prob_8.json --problem train/prob_9.json --problem train/prob_10.json --problem train/prob_11.json --problem train/prob_12.json --problem train/prob_13.json --problem train/prob_14.json --problem train/prob_15.json --problem train/prob_16.json --problem train/prob_17.json --problem train/prob_18.json --problem train/prob_19.json --problem train/prob_20.json --problem train/prob_21.json --problem train/prob_22.json --problem train/prob_23.json --problem train/prob_24.json --problem train/prob_25.json --problem train/prob_26.json --problem train/prob_27.json --problem train/prob_28.json --problem train/prob_29.json --problem train/prob_30.json --problem train/prob_31.json --problem train/prob_32.json --problem train/prob_33.json --problem train/prob_34.json --problem train/prob_35.json --problem train/prob_36.json --problem train/prob_37.json --problem train/prob_38.json --problem train/prob_39.json --problem train/prob_40.json --timelimit 60 --run-id verify_active_v305_baseline_hh_py_alias_20260629_002 --out-dir reports/ogc2026_reboot_v001/verify_active_v305_baseline_hh_py_alias_20260629_002 --cumulative-csv reports/ogc2026_reboot_v001/active_publish_rechecks_v305_alias_full.csv --require-fresh-cumulative"
2026-06-29T22:50:06,verify_active_v305_baseline_hh_py_alias_20260629_002,direct,v304_direct_full_recheck,ogc2026\baseline\alg_versions\reboot_v304_20260629_trackA_prob13like_subprocess_fallback_on_v298.py,008da10242e4b8e8848ca8de062e97fb39a91715f2896bade164d60493d8255d,9dfaa0ac5fa3e0f16fdfb0890e11b4cb64ea59b8edee029a9c4f13a2c52538b0,hh_algorithm_loop,c65b7d3b,True,prob_18.json,60.000000,60.000000,20.000000,90.000000,true,false,true,true,true,5,264994.0,264994.0,264994.0,0.0,3406,1890.0,23.752247,23.01458191871643,300,300,4,,reports\ogc2026_reboot_v001\verify_active_v305_baseline_hh_py_alias_20260629_002\solutions\direct__v304_direct_full_recheck\prob_18.solution.json,reports\ogc2026_reboot_v001\verify_active_v305_baseline_hh_py_alias_20260629_002\logs\direct__v304_direct_full_recheck\prob_18.log,PASS objective=264994.0 obj1=0.0 obj2=3406 obj3=1890.0,"C:\Python314\python.exe ogc2026/batchrunner/benchmark.py --algorithm name=wrapper,version=baseline_hh_v305_alias_full,path=ogc2026/baseline/baseline_hh.py --algorithm name=direct,version=v304_direct_full_recheck,path=ogc2026/baseline/alg_versions/reboot_v304_20260629_trackA_prob13like_subprocess_fallback_on_v298.py --problem train/prob_1.json --problem train/prob_2.json --problem train/prob_3.json --problem train/prob_4.json --problem train/prob_5.json --problem train/prob_6.json --problem train/prob_7.json --problem train/prob_8.json --problem train/prob_9.json --problem train/prob_10.json --problem train/prob_11.json --problem train/prob_12.json --problem train/prob_13.json --problem train/prob_14.json --problem train/prob_15.json --problem train/prob_16.json --problem train/prob_17.json --problem train/prob_18.json --problem train/prob_19.json --problem train/prob_20.json --problem train/prob_21.json --problem train/prob_22.json --problem train/prob_23.json --problem train/prob_24.json --problem train/prob_25.json --problem train/prob_26.json --problem train/prob_27.json --problem train/prob_28.json --problem train/prob_29.json --problem train/prob_30.json --problem train/prob_31.json --problem train/prob_32.json --problem train/prob_33.json --problem train/prob_34.json --problem train/prob_35.json --problem train/prob_36.json --problem train/prob_37.json --problem train/prob_38.json --problem train/prob_39.json --problem train/prob_40.json --timelimit 60 --run-id verify_active_v305_baseline_hh_py_alias_20260629_002 --out-dir reports/ogc2026_reboot_v001/verify_active_v305_baseline_hh_py_alias_20260629_002 --cumulative-csv reports/ogc2026_reboot_v001/active_publish_rechecks_v305_alias_full.csv --require-fresh-cumulative"
2026-06-29T22:50:06,verify_active_v305_baseline_hh_py_alias_20260629_002,direct,v304_direct_full_recheck,ogc2026\baseline\alg_versions\reboot_v304_20260629_trackA_prob13like_subprocess_fallback_on_v298.py,008da10242e4b8e8848ca8de062e97fb39a91715f2896bade164d60493d8255d,9dfaa0ac5fa3e0f16fdfb0890e11b4cb64ea59b8edee029a9c4f13a2c52538b0,hh_algorithm_loop,c65b7d3b,True,prob_19.json,60.000000,60.000000,20.000000,90.000000,true,false,true,true,true,5,1896684.0,1896684.0,1896684.0,123.0,6544,4199.0,40.691563,40.227165937423706,300,300,4,,reports\ogc2026_reboot_v001\verify_active_v305_baseline_hh_py_alias_20260629_002\solutions\direct__v304_direct_full_recheck\prob_19.solution.json,reports\ogc2026_reboot_v001\verify_active_v305_baseline_hh_py_alias_20260629_002\logs\direct__v304_direct_full_recheck\prob_19.log,PASS objective=1896684.0 obj1=123.0 obj2=6544 obj3=4199.0,"C:\Python314\python.exe ogc2026/batchrunner/benchmark.py --algorithm name=wrapper,version=baseline_hh_v305_alias_full,path=ogc2026/baseline/baseline_hh.py --algorithm name=direct,version=v304_direct_full_recheck,path=ogc2026/baseline/alg_versions/reboot_v304_20260629_trackA_prob13like_subprocess_fallback_on_v298.py --problem train/prob_1.json --problem train/prob_2.json --problem train/prob_3.json --problem train/prob_4.json --problem train/prob_5.json --problem train/prob_6.json --problem train/prob_7.json --problem train/prob_8.json --problem train/prob_9.json --problem train/prob_10.json --problem train/prob_11.json --problem train/prob_12.json --problem train/prob_13.json --problem train/prob_14.json --problem train/prob_15.json --problem train/prob_16.json --problem train/prob_17.json --problem train/prob_18.json --problem train/prob_19.json --problem train/prob_20.json --problem train/prob_21.json --problem train/prob_22.json --problem train/prob_23.json --problem train/prob_24.json --problem train/prob_25.json --problem train/prob_26.json --problem train/prob_27.json --problem train/prob_28.json --problem train/prob_29.json --problem train/prob_30.json --problem train/prob_31.json --problem train/prob_32.json --problem train/prob_33.json --problem train/prob_34.json --problem train/prob_35.json --problem train/prob_36.json --problem train/prob_37.json --problem train/prob_38.json --problem train/prob_39.json --problem train/prob_40.json --timelimit 60 --run-id verify_active_v305_baseline_hh_py_alias_20260629_002 --out-dir reports/ogc2026_reboot_v001/verify_active_v305_baseline_hh_py_alias_20260629_002 --cumulative-csv reports/ogc2026_reboot_v001/active_publish_rechecks_v305_alias_full.csv --require-fresh-cumulative"
2026-06-29T22:50:06,verify_active_v305_baseline_hh_py_alias_20260629_002,direct,v304_direct_full_recheck,ogc2026\baseline\alg_versions\reboot_v304_20260629_trackA_prob13like_subprocess_fallback_on_v298.py,008da10242e4b8e8848ca8de062e97fb39a91715f2896bade164d60493d8255d,9dfaa0ac5fa3e0f16fdfb0890e11b4cb64ea59b8edee029a9c4f13a2c52538b0,hh_algorithm_loop,c65b7d3b,True,prob_20.json,60.000000,60.000000,20.000000,90.000000,true,false,true,true,true,5,5199740.0,5199740.0,5199740.0,164.0,3642,6436.0,46.416372,45.95268368721008,300,300,5,,reports\ogc2026_reboot_v001\verify_active_v305_baseline_hh_py_alias_20260629_002\solutions\direct__v304_direct_full_recheck\prob_20.solution.json,reports\ogc2026_reboot_v001\verify_active_v305_baseline_hh_py_alias_20260629_002\logs\direct__v304_direct_full_recheck\prob_20.log,PASS objective=5199740.0 obj1=164.0 obj2=3642 obj3=6436.0,"C:\Python314\python.exe ogc2026/batchrunner/benchmark.py --algorithm name=wrapper,version=baseline_hh_v305_alias_full,path=ogc2026/baseline/baseline_hh.py --algorithm name=direct,version=v304_direct_full_recheck,path=ogc2026/baseline/alg_versions/reboot_v304_20260629_trackA_prob13like_subprocess_fallback_on_v298.py --problem train/prob_1.json --problem train/prob_2.json --problem train/prob_3.json --problem train/prob_4.json --problem train/prob_5.json --problem train/prob_6.json --problem train/prob_7.json --problem train/prob_8.json --problem train/prob_9.json --problem train/prob_10.json --problem train/prob_11.json --problem train/prob_12.json --problem train/prob_13.json --problem train/prob_14.json --problem train/prob_15.json --problem train/prob_16.json --problem train/prob_17.json --problem train/prob_18.json --problem train/prob_19.json --problem train/prob_20.json --problem train/prob_21.json --problem train/prob_22.json --problem train/prob_23.json --problem train/prob_24.json --problem train/prob_25.json --problem train/prob_26.json --problem train/prob_27.json --problem train/prob_28.json --problem train/prob_29.json --problem train/prob_30.json --problem train/prob_31.json --problem train/prob_32.json --problem train/prob_33.json --problem train/prob_34.json --problem train/prob_35.json --problem train/prob_36.json --problem train/prob_37.json --problem train/prob_38.json --problem train/prob_39.json --problem train/prob_40.json --timelimit 60 --run-id verify_active_v305_baseline_hh_py_alias_20260629_002 --out-dir reports/ogc2026_reboot_v001/verify_active_v305_baseline_hh_py_alias_20260629_002 --cumulative-csv reports/ogc2026_reboot_v001/active_publish_rechecks_v305_alias_full.csv --require-fresh-cumulative"
2026-06-29T22:50:06,verify_active_v305_baseline_hh_py_alias_20260629_002,direct,v304_direct_full_recheck,ogc2026\baseline\alg_versions\reboot_v304_20260629_trackA_prob13like_subprocess_fallback_on_v298.py,008da10242e4b8e8848ca8de062e97fb39a91715f2896bade164d60493d8255d,9dfaa0ac5fa3e0f16fdfb0890e11b4cb64ea59b8edee029a9c4f13a2c52538b0,hh_algorithm_loop,c65b7d3b,True,prob_21.json,60.000000,60.000000,20.000000,90.000000,true,false,true,true,true,5,9383482.0,9383482.0,9383482.0,664.0,522,3501.0,10.781293,10.341789960861206,100,100,3,,reports\ogc2026_reboot_v001\verify_active_v305_baseline_hh_py_alias_20260629_002\solutions\direct__v304_direct_full_recheck\prob_21.solution.json,reports\ogc2026_reboot_v001\verify_active_v305_baseline_hh_py_alias_20260629_002\logs\direct__v304_direct_full_recheck\prob_21.log,PASS objective=9383482.0 obj1=664.0 obj2=522 obj3=3501.0,"C:\Python314\python.exe ogc2026/batchrunner/benchmark.py --algorithm name=wrapper,version=baseline_hh_v305_alias_full,path=ogc2026/baseline/baseline_hh.py --algorithm name=direct,version=v304_direct_full_recheck,path=ogc2026/baseline/alg_versions/reboot_v304_20260629_trackA_prob13like_subprocess_fallback_on_v298.py --problem train/prob_1.json --problem train/prob_2.json --problem train/prob_3.json --problem train/prob_4.json --problem train/prob_5.json --problem train/prob_6.json --problem train/prob_7.json --problem train/prob_8.json --problem train/prob_9.json --problem train/prob_10.json --problem train/prob_11.json --problem train/prob_12.json --problem train/prob_13.json --problem train/prob_14.json --problem train/prob_15.json --problem train/prob_16.json --problem train/prob_17.json --problem train/prob_18.json --problem train/prob_19.json --problem train/prob_20.json --problem train/prob_21.json --problem train/prob_22.json --problem train/prob_23.json --problem train/prob_24.json --problem train/prob_25.json --problem train/prob_26.json --problem train/prob_27.json --problem train/prob_28.json --problem train/prob_29.json --problem train/prob_30.json --problem train/prob_31.json --problem train/prob_32.json --problem train/prob_33.json --problem train/prob_34.json --problem train/prob_35.json --problem train/prob_36.json --problem train/prob_37.json --problem train/prob_38.json --problem train/prob_39.json --problem train/prob_40.json --timelimit 60 --run-id verify_active_v305_baseline_hh_py_alias_20260629_002 --out-dir reports/ogc2026_reboot_v001/verify_active_v305_baseline_hh_py_alias_20260629_002 --cumulative-csv reports/ogc2026_reboot_v001/active_publish_rechecks_v305_alias_full.csv --require-fresh-cumulative"
2026-06-29T22:50:06,verify_active_v305_baseline_hh_py_alias_20260629_002,direct,v304_direct_full_recheck,ogc2026\baseline\alg_versions\reboot_v304_20260629_trackA_prob13like_subprocess_fallback_on_v298.py,008da10242e4b8e8848ca8de062e97fb39a91715f2896bade164d60493d8255d,9dfaa0ac5fa3e0f16fdfb0890e11b4cb64ea59b8edee029a9c4f13a2c52538b0,hh_algorithm_loop,c65b7d3b,True,prob_22.json,60.000000,60.000000,20.000000,90.000000,true,false,true,true,true,5,1837996.0,1837996.0,1837996.0,26.0,2446,3710.0,19.388660,18.673216819763184,100,100,2,,reports\ogc2026_reboot_v001\verify_active_v305_baseline_hh_py_alias_20260629_002\solutions\direct__v304_direct_full_recheck\prob_22.solution.json,reports\ogc2026_reboot_v001\verify_active_v305_baseline_hh_py_alias_20260629_002\logs\direct__v304_direct_full_recheck\prob_22.log,PASS objective=1837996.0 obj1=26.0 obj2=2446 obj3=3710.0,"C:\Python314\python.exe ogc2026/batchrunner/benchmark.py --algorithm name=wrapper,version=baseline_hh_v305_alias_full,path=ogc2026/baseline/baseline_hh.py --algorithm name=direct,version=v304_direct_full_recheck,path=ogc2026/baseline/alg_versions/reboot_v304_20260629_trackA_prob13like_subprocess_fallback_on_v298.py --problem train/prob_1.json --problem train/prob_2.json --problem train/prob_3.json --problem train/prob_4.json --problem train/prob_5.json --problem train/prob_6.json --problem train/prob_7.json --problem train/prob_8.json --problem train/prob_9.json --problem train/prob_10.json --problem train/prob_11.json --problem train/prob_12.json --problem train/prob_13.json --problem train/prob_14.json --problem train/prob_15.json --problem train/prob_16.json --problem train/prob_17.json --problem train/prob_18.json --problem train/prob_19.json --problem train/prob_20.json --problem train/prob_21.json --problem train/prob_22.json --problem train/prob_23.json --problem train/prob_24.json --problem train/prob_25.json --problem train/prob_26.json --problem train/prob_27.json --problem train/prob_28.json --problem train/prob_29.json --problem train/prob_30.json --problem train/prob_31.json --problem train/prob_32.json --problem train/prob_33.json --problem train/prob_34.json --problem train/prob_35.json --problem train/prob_36.json --problem train/prob_37.json --problem train/prob_38.json --problem train/prob_39.json --problem train/prob_40.json --timelimit 60 --run-id verify_active_v305_baseline_hh_py_alias_20260629_002 --out-dir reports/ogc2026_reboot_v001/verify_active_v305_baseline_hh_py_alias_20260629_002 --cumulative-csv reports/ogc2026_reboot_v001/active_publish_rechecks_v305_alias_full.csv --require-fresh-cumulative"
2026-06-29T22:50:06,verify_active_v305_baseline_hh_py_alias_20260629_002,direct,v304_direct_full_recheck,ogc2026\baseline\alg_versions\reboot_v304_20260629_trackA_prob13like_subprocess_fallback_on_v298.py,008da10242e4b8e8848ca8de062e97fb39a91715f2896bade164d60493d8255d,9dfaa0ac5fa3e0f16fdfb0890e11b4cb64ea59b8edee029a9c4f13a2c52538b0,hh_algorithm_loop,c65b7d3b,True,prob_23.json,60.000000,60.000000,20.000000,90.000000,true,false,true,true,true,5,20686068.0,20686068.0,20686068.0,1497.0,35,1940.0,25.515541,25.078279733657837,100,100,2,,reports\ogc2026_reboot_v001\verify_active_v305_baseline_hh_py_alias_20260629_002\solutions\direct__v304_direct_full_recheck\prob_23.solution.json,reports\ogc2026_reboot_v001\verify_active_v305_baseline_hh_py_alias_20260629_002\logs\direct__v304_direct_full_recheck\prob_23.log,PASS objective=20686068.0 obj1=1497.0 obj2=35 obj3=1940.0,"C:\Python314\python.exe ogc2026/batchrunner/benchmark.py --algorithm name=wrapper,version=baseline_hh_v305_alias_full,path=ogc2026/baseline/baseline_hh.py --algorithm name=direct,version=v304_direct_full_recheck,path=ogc2026/baseline/alg_versions/reboot_v304_20260629_trackA_prob13like_subprocess_fallback_on_v298.py --problem train/prob_1.json --problem train/prob_2.json --problem train/prob_3.json --problem train/prob_4.json --problem train/prob_5.json --problem train/prob_6.json --problem train/prob_7.json --problem train/prob_8.json --problem train/prob_9.json --problem train/prob_10.json --problem train/prob_11.json --problem train/prob_12.json --problem train/prob_13.json --problem train/prob_14.json --problem train/prob_15.json --problem train/prob_16.json --problem train/prob_17.json --problem train/prob_18.json --problem train/prob_19.json --problem train/prob_20.json --problem train/prob_21.json --problem train/prob_22.json --problem train/prob_23.json --problem train/prob_24.json --problem train/prob_25.json --problem train/prob_26.json --problem train/prob_27.json --problem train/prob_28.json --problem train/prob_29.json --problem train/prob_30.json --problem train/prob_31.json --problem train/prob_32.json --problem train/prob_33.json --problem train/prob_34.json --problem train/prob_35.json --problem train/prob_36.json --problem train/prob_37.json --problem train/prob_38.json --problem train/prob_39.json --problem train/prob_40.json --timelimit 60 --run-id verify_active_v305_baseline_hh_py_alias_20260629_002 --out-dir reports/ogc2026_reboot_v001/verify_active_v305_baseline_hh_py_alias_20260629_002 --cumulative-csv reports/ogc2026_reboot_v001/active_publish_rechecks_v305_alias_full.csv --require-fresh-cumulative"
2026-06-29T22:50:06,verify_active_v305_baseline_hh_py_alias_20260629_002,direct,v304_direct_full_recheck,ogc2026\baseline\alg_versions\reboot_v304_20260629_trackA_prob13like_subprocess_fallback_on_v298.py,008da10242e4b8e8848ca8de062e97fb39a91715f2896bade164d60493d8255d,9dfaa0ac5fa3e0f16fdfb0890e11b4cb64ea59b8edee029a9c4f13a2c52538b0,hh_algorithm_loop,c65b7d3b,True,prob_24.json,60.000000,60.000000,20.000000,90.000000,true,false,true,true,true,5,2981583.0,2981583.0,2981583.0,166.0,1381,2538.0,36.246609,35.811774253845215,100,100,3,,reports\ogc2026_reboot_v001\verify_active_v305_baseline_hh_py_alias_20260629_002\solutions\direct__v304_direct_full_recheck\prob_24.solution.json,reports\ogc2026_reboot_v001\verify_active_v305_baseline_hh_py_alias_20260629_002\logs\direct__v304_direct_full_recheck\prob_24.log,PASS objective=2981583.0 obj1=166.0 obj2=1381 obj3=2538.0,"C:\Python314\python.exe ogc2026/batchrunner/benchmark.py --algorithm name=wrapper,version=baseline_hh_v305_alias_full,path=ogc2026/baseline/baseline_hh.py --algorithm name=direct,version=v304_direct_full_recheck,path=ogc2026/baseline/alg_versions/reboot_v304_20260629_trackA_prob13like_subprocess_fallback_on_v298.py --problem train/prob_1.json --problem train/prob_2.json --problem train/prob_3.json --problem train/prob_4.json --problem train/prob_5.json --problem train/prob_6.json --problem train/prob_7.json --problem train/prob_8.json --problem train/prob_9.json --problem train/prob_10.json --problem train/prob_11.json --problem train/prob_12.json --problem train/prob_13.json --problem train/prob_14.json --problem train/prob_15.json --problem train/prob_16.json --problem train/prob_17.json --problem train/prob_18.json --problem train/prob_19.json --problem train/prob_20.json --problem train/prob_21.json --problem train/prob_22.json --problem train/prob_23.json --problem train/prob_24.json --problem train/prob_25.json --problem train/prob_26.json --problem train/prob_27.json --problem train/prob_28.json --problem train/prob_29.json --problem train/prob_30.json --problem train/prob_31.json --problem train/prob_32.json --problem train/prob_33.json --problem train/prob_34.json --problem train/prob_35.json --problem train/prob_36.json --problem train/prob_37.json --problem train/prob_38.json --problem train/prob_39.json --problem train/prob_40.json --timelimit 60 --run-id verify_active_v305_baseline_hh_py_alias_20260629_002 --out-dir reports/ogc2026_reboot_v001/verify_active_v305_baseline_hh_py_alias_20260629_002 --cumulative-csv reports/ogc2026_reboot_v001/active_publish_rechecks_v305_alias_full.csv --require-fresh-cumulative"
2026-06-29T22:50:06,verify_active_v305_baseline_hh_py_alias_20260629_002,direct,v304_direct_full_recheck,ogc2026\baseline\alg_versions\reboot_v304_20260629_trackA_prob13like_subprocess_fallback_on_v298.py,008da10242e4b8e8848ca8de062e97fb39a91715f2896bade164d60493d8255d,9dfaa0ac5fa3e0f16fdfb0890e11b4cb64ea59b8edee029a9c4f13a2c52538b0,hh_algorithm_loop,c65b7d3b,True,prob_25.json,60.000000,60.000000,20.000000,90.000000,true,false,true,true,true,5,1454484.0,1454484.0,1454484.0,2089.0,241,3044.0,31.864090,31.430500507354736,100,100,2,,reports\ogc2026_reboot_v001\verify_active_v305_baseline_hh_py_alias_20260629_002\solutions\direct__v304_direct_full_recheck\prob_25.solution.json,reports\ogc2026_reboot_v001\verify_active_v305_baseline_hh_py_alias_20260629_002\logs\direct__v304_direct_full_recheck\prob_25.log,PASS objective=1454484.0 obj1=2089.0 obj2=241 obj3=3044.0,"C:\Python314\python.exe ogc2026/batchrunner/benchmark.py --algorithm name=wrapper,version=baseline_hh_v305_alias_full,path=ogc2026/baseline/baseline_hh.py --algorithm name=direct,version=v304_direct_full_recheck,path=ogc2026/baseline/alg_versions/reboot_v304_20260629_trackA_prob13like_subprocess_fallback_on_v298.py --problem train/prob_1.json --problem train/prob_2.json --problem train/prob_3.json --problem train/prob_4.json --problem train/prob_5.json --problem train/prob_6.json --problem train/prob_7.json --problem train/prob_8.json --problem train/prob_9.json --problem train/prob_10.json --problem train/prob_11.json --problem train/prob_12.json --problem train/prob_13.json --problem train/prob_14.json --problem train/prob_15.json --problem train/prob_16.json --problem train/prob_17.json --problem train/prob_18.json --problem train/prob_19.json --problem train/prob_20.json --problem train/prob_21.json --problem train/prob_22.json --problem train/prob_23.json --problem train/prob_24.json --problem train/prob_25.json --problem train/prob_26.json --problem train/prob_27.json --problem train/prob_28.json --problem train/prob_29.json --problem train/prob_30.json --problem train/prob_31.json --problem train/prob_32.json --problem train/prob_33.json --problem train/prob_34.json --problem train/prob_35.json --problem train/prob_36.json --problem train/prob_37.json --problem train/prob_38.json --problem train/prob_39.json --problem train/prob_40.json --timelimit 60 --run-id verify_active_v305_baseline_hh_py_alias_20260629_002 --out-dir reports/ogc2026_reboot_v001/verify_active_v305_baseline_hh_py_alias_20260629_002 --cumulative-csv reports/ogc2026_reboot_v001/active_publish_rechecks_v305_alias_full.csv --require-fresh-cumulative"
2026-06-29T22:50:06,verify_active_v305_baseline_hh_py_alias_20260629_002,direct,v304_direct_full_recheck,ogc2026\baseline\alg_versions\reboot_v304_20260629_trackA_prob13like_subprocess_fallback_on_v298.py,008da10242e4b8e8848ca8de062e97fb39a91715f2896bade164d60493d8255d,9dfaa0ac5fa3e0f16fdfb0890e11b4cb64ea59b8edee029a9c4f13a2c52538b0,hh_algorithm_loop,c65b7d3b,True,prob_26.json,60.000000,60.000000,20.000000,90.000000,true,false,true,true,true,5,31708207.0,31708207.0,31708207.0,2305.0,2556,6385.0,25.802858,25.326317310333252,150,150,3,,reports\ogc2026_reboot_v001\verify_active_v305_baseline_hh_py_alias_20260629_002\solutions\direct__v304_direct_full_recheck\prob_26.solution.json,reports\ogc2026_reboot_v001\verify_active_v305_baseline_hh_py_alias_20260629_002\logs\direct__v304_direct_full_recheck\prob_26.log,PASS objective=31708207.0 obj1=2305.0 obj2=2556 obj3=6385.0,"C:\Python314\python.exe ogc2026/batchrunner/benchmark.py --algorithm name=wrapper,version=baseline_hh_v305_alias_full,path=ogc2026/baseline/baseline_hh.py --algorithm name=direct,version=v304_direct_full_recheck,path=ogc2026/baseline/alg_versions/reboot_v304_20260629_trackA_prob13like_subprocess_fallback_on_v298.py --problem train/prob_1.json --problem train/prob_2.json --problem train/prob_3.json --problem train/prob_4.json --problem train/prob_5.json --problem train/prob_6.json --problem train/prob_7.json --problem train/prob_8.json --problem train/prob_9.json --problem train/prob_10.json --problem train/prob_11.json --problem train/prob_12.json --problem train/prob_13.json --problem train/prob_14.json --problem train/prob_15.json --problem train/prob_16.json --problem train/prob_17.json --problem train/prob_18.json --problem train/prob_19.json --problem train/prob_20.json --problem train/prob_21.json --problem train/prob_22.json --problem train/prob_23.json --problem train/prob_24.json --problem train/prob_25.json --problem train/prob_26.json --problem train/prob_27.json --problem train/prob_28.json --problem train/prob_29.json --problem train/prob_30.json --problem train/prob_31.json --problem train/prob_32.json --problem train/prob_33.json --problem train/prob_34.json --problem train/prob_35.json --problem train/prob_36.json --problem train/prob_37.json --problem train/prob_38.json --problem train/prob_39.json --problem train/prob_40.json --timelimit 60 --run-id verify_active_v305_baseline_hh_py_alias_20260629_002 --out-dir reports/ogc2026_reboot_v001/verify_active_v305_baseline_hh_py_alias_20260629_002 --cumulative-csv reports/ogc2026_reboot_v001/active_publish_rechecks_v305_alias_full.csv --require-fresh-cumulative"
2026-06-29T22:50:06,verify_active_v305_baseline_hh_py_alias_20260629_002,direct,v304_direct_full_recheck,ogc2026\baseline\alg_versions\reboot_v304_20260629_trackA_prob13like_subprocess_fallback_on_v298.py,008da10242e4b8e8848ca8de062e97fb39a91715f2896bade164d60493d8255d,9dfaa0ac5fa3e0f16fdfb0890e11b4cb64ea59b8edee029a9c4f13a2c52538b0,hh_algorithm_loop,c65b7d3b,True,prob_27.json,60.000000,60.000000,20.000000,90.000000,true,false,true,true,true,5,75028700.0,75028700.0,75028700.0,5456.0,1926,5700.0,46.458987,46.022377729415894,150,150,2,,reports\ogc2026_reboot_v001\verify_active_v305_baseline_hh_py_alias_20260629_002\solutions\direct__v304_direct_full_recheck\prob_27.solution.json,reports\ogc2026_reboot_v001\verify_active_v305_baseline_hh_py_alias_20260629_002\logs\direct__v304_direct_full_recheck\prob_27.log,PASS objective=75028700.0 obj1=5456.0 obj2=1926 obj3=5700.0,"C:\Python314\python.exe ogc2026/batchrunner/benchmark.py --algorithm name=wrapper,version=baseline_hh_v305_alias_full,path=ogc2026/baseline/baseline_hh.py --algorithm name=direct,version=v304_direct_full_recheck,path=ogc2026/baseline/alg_versions/reboot_v304_20260629_trackA_prob13like_subprocess_fallback_on_v298.py --problem train/prob_1.json --problem train/prob_2.json --problem train/prob_3.json --problem train/prob_4.json --problem train/prob_5.json --problem train/prob_6.json --problem train/prob_7.json --problem train/prob_8.json --problem train/prob_9.json --problem train/prob_10.json --problem train/prob_11.json --problem train/prob_12.json --problem train/prob_13.json --problem train/prob_14.json --problem train/prob_15.json --problem train/prob_16.json --problem train/prob_17.json --problem train/prob_18.json --problem train/prob_19.json --problem train/prob_20.json --problem train/prob_21.json --problem train/prob_22.json --problem train/prob_23.json --problem train/prob_24.json --problem train/prob_25.json --problem train/prob_26.json --problem train/prob_27.json --problem train/prob_28.json --problem train/prob_29.json --problem train/prob_30.json --problem train/prob_31.json --problem train/prob_32.json --problem train/prob_33.json --problem train/prob_34.json --problem train/prob_35.json --problem train/prob_36.json --problem train/prob_37.json --problem train/prob_38.json --problem train/prob_39.json --problem train/prob_40.json --timelimit 60 --run-id verify_active_v305_baseline_hh_py_alias_20260629_002 --out-dir reports/ogc2026_reboot_v001/verify_active_v305_baseline_hh_py_alias_20260629_002 --cumulative-csv reports/ogc2026_reboot_v001/active_publish_rechecks_v305_alias_full.csv --require-fresh-cumulative"
2026-06-29T22:50:06,verify_active_v305_baseline_hh_py_alias_20260629_002,direct,v304_direct_full_recheck,ogc2026\baseline\alg_versions\reboot_v304_20260629_trackA_prob13like_subprocess_fallback_on_v298.py,008da10242e4b8e8848ca8de062e97fb39a91715f2896bade164d60493d8255d,9dfaa0ac5fa3e0f16fdfb0890e11b4cb64ea59b8edee029a9c4f13a2c52538b0,hh_algorithm_loop,c65b7d3b,True,prob_28.json,60.000000,60.000000,20.000000,90.000000,true,false,true,true,true,5,18836666.0,18836666.0,18836666.0,1310.0,1012,4558.0,26.007872,25.567975997924805,150,150,3,,reports\ogc2026_reboot_v001\verify_active_v305_baseline_hh_py_alias_20260629_002\solutions\direct__v304_direct_full_recheck\prob_28.solution.json,reports\ogc2026_reboot_v001\verify_active_v305_baseline_hh_py_alias_20260629_002\logs\direct__v304_direct_full_recheck\prob_28.log,PASS objective=18836666.0 obj1=1310.0 obj2=1012 obj3=4558.0,"C:\Python314\python.exe ogc2026/batchrunner/benchmark.py --algorithm name=wrapper,version=baseline_hh_v305_alias_full,path=ogc2026/baseline/baseline_hh.py --algorithm name=direct,version=v304_direct_full_recheck,path=ogc2026/baseline/alg_versions/reboot_v304_20260629_trackA_prob13like_subprocess_fallback_on_v298.py --problem train/prob_1.json --problem train/prob_2.json --problem train/prob_3.json --problem train/prob_4.json --problem train/prob_5.json --problem train/prob_6.json --problem train/prob_7.json --problem train/prob_8.json --problem train/prob_9.json --problem train/prob_10.json --problem train/prob_11.json --problem train/prob_12.json --problem train/prob_13.json --problem train/prob_14.json --problem train/prob_15.json --problem train/prob_16.json --problem train/prob_17.json --problem train/prob_18.json --problem train/prob_19.json --problem train/prob_20.json --problem train/prob_21.json --problem train/prob_22.json --problem train/prob_23.json --problem train/prob_24.json --problem train/prob_25.json --problem train/prob_26.json --problem train/prob_27.json --problem train/prob_28.json --problem train/prob_29.json --problem train/prob_30.json --problem train/prob_31.json --problem train/prob_32.json --problem train/prob_33.json --problem train/prob_34.json --problem train/prob_35.json --problem train/prob_36.json --problem train/prob_37.json --problem train/prob_38.json --problem train/prob_39.json --problem train/prob_40.json --timelimit 60 --run-id verify_active_v305_baseline_hh_py_alias_20260629_002 --out-dir reports/ogc2026_reboot_v001/verify_active_v305_baseline_hh_py_alias_20260629_002 --cumulative-csv reports/ogc2026_reboot_v001/active_publish_rechecks_v305_alias_full.csv --require-fresh-cumulative"
2026-06-29T22:50:06,verify_active_v305_baseline_hh_py_alias_20260629_002,direct,v304_direct_full_recheck,ogc2026\baseline\alg_versions\reboot_v304_20260629_trackA_prob13like_subprocess_fallback_on_v298.py,008da10242e4b8e8848ca8de062e97fb39a91715f2896bade164d60493d8255d,9dfaa0ac5fa3e0f16fdfb0890e11b4cb64ea59b8edee029a9c4f13a2c52538b0,hh_algorithm_loop,c65b7d3b,True,prob_29.json,60.000000,60.000000,20.000000,90.000000,true,false,true,true,true,5,7782572.0,7782572.0,7782572.0,446.0,3918,6081.0,32.270123,31.809190034866333,150,150,3,,reports\ogc2026_reboot_v001\verify_active_v305_baseline_hh_py_alias_20260629_002\solutions\direct__v304_direct_full_recheck\prob_29.solution.json,reports\ogc2026_reboot_v001\verify_active_v305_baseline_hh_py_alias_20260629_002\logs\direct__v304_direct_full_recheck\prob_29.log,PASS objective=7782572.0 obj1=446.0 obj2=3918 obj3=6081.0,"C:\Python314\python.exe ogc2026/batchrunner/benchmark.py --algorithm name=wrapper,version=baseline_hh_v305_alias_full,path=ogc2026/baseline/baseline_hh.py --algorithm name=direct,version=v304_direct_full_recheck,path=ogc2026/baseline/alg_versions/reboot_v304_20260629_trackA_prob13like_subprocess_fallback_on_v298.py --problem train/prob_1.json --problem train/prob_2.json --problem train/prob_3.json --problem train/prob_4.json --problem train/prob_5.json --problem train/prob_6.json --problem train/prob_7.json --problem train/prob_8.json --problem train/prob_9.json --problem train/prob_10.json --problem train/prob_11.json --problem train/prob_12.json --problem train/prob_13.json --problem train/prob_14.json --problem train/prob_15.json --problem train/prob_16.json --problem train/prob_17.json --problem train/prob_18.json --problem train/prob_19.json --problem train/prob_20.json --problem train/prob_21.json --problem train/prob_22.json --problem train/prob_23.json --problem train/prob_24.json --problem train/prob_25.json --problem train/prob_26.json --problem train/prob_27.json --problem train/prob_28.json --problem train/prob_29.json --problem train/prob_30.json --problem train/prob_31.json --problem train/prob_32.json --problem train/prob_33.json --problem train/prob_34.json --problem train/prob_35.json --problem train/prob_36.json --problem train/prob_37.json --problem train/prob_38.json --problem train/prob_39.json --problem train/prob_40.json --timelimit 60 --run-id verify_active_v305_baseline_hh_py_alias_20260629_002 --out-dir reports/ogc2026_reboot_v001/verify_active_v305_baseline_hh_py_alias_20260629_002 --cumulative-csv reports/ogc2026_reboot_v001/active_publish_rechecks_v305_alias_full.csv --require-fresh-cumulative"
2026-06-29T22:50:06,verify_active_v305_baseline_hh_py_alias_20260629_002,direct,v304_direct_full_recheck,ogc2026\baseline\alg_versions\reboot_v304_20260629_trackA_prob13like_subprocess_fallback_on_v298.py,008da10242e4b8e8848ca8de062e97fb39a91715f2896bade164d60493d8255d,9dfaa0ac5fa3e0f16fdfb0890e11b4cb64ea59b8edee029a9c4f13a2c52538b0,hh_algorithm_loop,c65b7d3b,True,prob_30.json,60.000000,60.000000,20.000000,90.000000,true,false,true,true,true,5,31302610.0,31302610.0,31302610.0,2302.0,3211,2986.0,17.543796,16.82444405555725,150,150,2,,reports\ogc2026_reboot_v001\verify_active_v305_baseline_hh_py_alias_20260629_002\solutions\direct__v304_direct_full_recheck\prob_30.solution.json,reports\ogc2026_reboot_v001\verify_active_v305_baseline_hh_py_alias_20260629_002\logs\direct__v304_direct_full_recheck\prob_30.log,PASS objective=31302610.0 obj1=2302.0 obj2=3211 obj3=2986.0,"C:\Python314\python.exe ogc2026/batchrunner/benchmark.py --algorithm name=wrapper,version=baseline_hh_v305_alias_full,path=ogc2026/baseline/baseline_hh.py --algorithm name=direct,version=v304_direct_full_recheck,path=ogc2026/baseline/alg_versions/reboot_v304_20260629_trackA_prob13like_subprocess_fallback_on_v298.py --problem train/prob_1.json --problem train/prob_2.json --problem train/prob_3.json --problem train/prob_4.json --problem train/prob_5.json --problem train/prob_6.json --problem train/prob_7.json --problem train/prob_8.json --problem train/prob_9.json --problem train/prob_10.json --problem train/prob_11.json --problem train/prob_12.json --problem train/prob_13.json --problem train/prob_14.json --problem train/prob_15.json --problem train/prob_16.json --problem train/prob_17.json --problem train/prob_18.json --problem train/prob_19.json --problem train/prob_20.json --problem train/prob_21.json --problem train/prob_22.json --problem train/prob_23.json --problem train/prob_24.json --problem train/prob_25.json --problem train/prob_26.json --problem train/prob_27.json --problem train/prob_28.json --problem train/prob_29.json --problem train/prob_30.json --problem train/prob_31.json --problem train/prob_32.json --problem train/prob_33.json --problem train/prob_34.json --problem train/prob_35.json --problem train/prob_36.json --problem train/prob_37.json --problem train/prob_38.json --problem train/prob_39.json --problem train/prob_40.json --timelimit 60 --run-id verify_active_v305_baseline_hh_py_alias_20260629_002 --out-dir reports/ogc2026_reboot_v001/verify_active_v305_baseline_hh_py_alias_20260629_002 --cumulative-csv reports/ogc2026_reboot_v001/active_publish_rechecks_v305_alias_full.csv --require-fresh-cumulative"
2026-06-29T22:50:06,verify_active_v305_baseline_hh_py_alias_20260629_002,direct,v304_direct_full_recheck,ogc2026\baseline\alg_versions\reboot_v304_20260629_trackA_prob13like_subprocess_fallback_on_v298.py,008da10242e4b8e8848ca8de062e97fb39a91715f2896bade164d60493d8255d,9dfaa0ac5fa3e0f16fdfb0890e11b4cb64ea59b8edee029a9c4f13a2c52538b0,hh_algorithm_loop,c65b7d3b,True,prob_31.json,60.000000,60.000000,20.000000,90.000000,true,false,true,true,true,5,39589844.0,39589844.0,39589844.0,2735.0,1843,11680.0,54.359749,53.91288757324219,200,200,4,,reports\ogc2026_reboot_v001\verify_active_v305_baseline_hh_py_alias_20260629_002\solutions\direct__v304_direct_full_recheck\prob_31.solution.json,reports\ogc2026_reboot_v001\verify_active_v305_baseline_hh_py_alias_20260629_002\logs\direct__v304_direct_full_recheck\prob_31.log,PASS objective=39589844.0 obj1=2735.0 obj2=1843 obj3=11680.0,"C:\Python314\python.exe ogc2026/batchrunner/benchmark.py --algorithm name=wrapper,version=baseline_hh_v305_alias_full,path=ogc2026/baseline/baseline_hh.py --algorithm name=direct,version=v304_direct_full_recheck,path=ogc2026/baseline/alg_versions/reboot_v304_20260629_trackA_prob13like_subprocess_fallback_on_v298.py --problem train/prob_1.json --problem train/prob_2.json --problem train/prob_3.json --problem train/prob_4.json --problem train/prob_5.json --problem train/prob_6.json --problem train/prob_7.json --problem train/prob_8.json --problem train/prob_9.json --problem train/prob_10.json --problem train/prob_11.json --problem train/prob_12.json --problem train/prob_13.json --problem train/prob_14.json --problem train/prob_15.json --problem train/prob_16.json --problem train/prob_17.json --problem train/prob_18.json --problem train/prob_19.json --problem train/prob_20.json --problem train/prob_21.json --problem train/prob_22.json --problem train/prob_23.json --problem train/prob_24.json --problem train/prob_25.json --problem train/prob_26.json --problem train/prob_27.json --problem train/prob_28.json --problem train/prob_29.json --problem train/prob_30.json --problem train/prob_31.json --problem train/prob_32.json --problem train/prob_33.json --problem train/prob_34.json --problem train/prob_35.json --problem train/prob_36.json --problem train/prob_37.json --problem train/prob_38.json --problem train/prob_39.json --problem train/prob_40.json --timelimit 60 --run-id verify_active_v305_baseline_hh_py_alias_20260629_002 --out-dir reports/ogc2026_reboot_v001/verify_active_v305_baseline_hh_py_alias_20260629_002 --cumulative-csv reports/ogc2026_reboot_v001/active_publish_rechecks_v305_alias_full.csv --require-fresh-cumulative"
2026-06-29T22:50:06,verify_active_v305_baseline_hh_py_alias_20260629_002,direct,v304_direct_full_recheck,ogc2026\baseline\alg_versions\reboot_v304_20260629_trackA_prob13like_subprocess_fallback_on_v298.py,008da10242e4b8e8848ca8de062e97fb39a91715f2896bade164d60493d8255d,9dfaa0ac5fa3e0f16fdfb0890e11b4cb64ea59b8edee029a9c4f13a2c52538b0,hh_algorithm_loop,c65b7d3b,True,prob_32.json,60.000000,60.000000,20.000000,90.000000,true,false,true,true,true,5,12781706.0,12781706.0,12781706.0,2992.0,2434,4662.0,49.771838,49.30709266662598,200,200,3,,reports\ogc2026_reboot_v001\verify_active_v305_baseline_hh_py_alias_20260629_002\solutions\direct__v304_direct_full_recheck\prob_32.solution.json,reports\ogc2026_reboot_v001\verify_active_v305_baseline_hh_py_alias_20260629_002\logs\direct__v304_direct_full_recheck\prob_32.log,PASS objective=12781706.0 obj1=2992.0 obj2=2434 obj3=4662.0,"C:\Python314\python.exe ogc2026/batchrunner/benchmark.py --algorithm name=wrapper,version=baseline_hh_v305_alias_full,path=ogc2026/baseline/baseline_hh.py --algorithm name=direct,version=v304_direct_full_recheck,path=ogc2026/baseline/alg_versions/reboot_v304_20260629_trackA_prob13like_subprocess_fallback_on_v298.py --problem train/prob_1.json --problem train/prob_2.json --problem train/prob_3.json --problem train/prob_4.json --problem train/prob_5.json --problem train/prob_6.json --problem train/prob_7.json --problem train/prob_8.json --problem train/prob_9.json --problem train/prob_10.json --problem train/prob_11.json --problem train/prob_12.json --problem train/prob_13.json --problem train/prob_14.json --problem train/prob_15.json --problem train/prob_16.json --problem train/prob_17.json --problem train/prob_18.json --problem train/prob_19.json --problem train/prob_20.json --problem train/prob_21.json --problem train/prob_22.json --problem train/prob_23.json --problem train/prob_24.json --problem train/prob_25.json --problem train/prob_26.json --problem train/prob_27.json --problem train/prob_28.json --problem train/prob_29.json --problem train/prob_30.json --problem train/prob_31.json --problem train/prob_32.json --problem train/prob_33.json --problem train/prob_34.json --problem train/prob_35.json --problem train/prob_36.json --problem train/prob_37.json --problem train/prob_38.json --problem train/prob_39.json --problem train/prob_40.json --timelimit 60 --run-id verify_active_v305_baseline_hh_py_alias_20260629_002 --out-dir reports/ogc2026_reboot_v001/verify_active_v305_baseline_hh_py_alias_20260629_002 --cumulative-csv reports/ogc2026_reboot_v001/active_publish_rechecks_v305_alias_full.csv --require-fresh-cumulative"
2026-06-29T22:50:06,verify_active_v305_baseline_hh_py_alias_20260629_002,direct,v304_direct_full_recheck,ogc2026\baseline\alg_versions\reboot_v304_20260629_trackA_prob13like_subprocess_fallback_on_v298.py,008da10242e4b8e8848ca8de062e97fb39a91715f2896bade164d60493d8255d,9dfaa0ac5fa3e0f16fdfb0890e11b4cb64ea59b8edee029a9c4f13a2c52538b0,hh_algorithm_loop,c65b7d3b,True,prob_33.json,60.000000,60.000000,20.000000,90.000000,true,false,true,true,true,5,26172225.0,26172225.0,26172225.0,3805.0,1094,5289.0,39.044966,38.59161162376404,200,200,3,,reports\ogc2026_reboot_v001\verify_active_v305_baseline_hh_py_alias_20260629_002\solutions\direct__v304_direct_full_recheck\prob_33.solution.json,reports\ogc2026_reboot_v001\verify_active_v305_baseline_hh_py_alias_20260629_002\logs\direct__v304_direct_full_recheck\prob_33.log,PASS objective=26172225.0 obj1=3805.0 obj2=1094 obj3=5289.0,"C:\Python314\python.exe ogc2026/batchrunner/benchmark.py --algorithm name=wrapper,version=baseline_hh_v305_alias_full,path=ogc2026/baseline/baseline_hh.py --algorithm name=direct,version=v304_direct_full_recheck,path=ogc2026/baseline/alg_versions/reboot_v304_20260629_trackA_prob13like_subprocess_fallback_on_v298.py --problem train/prob_1.json --problem train/prob_2.json --problem train/prob_3.json --problem train/prob_4.json --problem train/prob_5.json --problem train/prob_6.json --problem train/prob_7.json --problem train/prob_8.json --problem train/prob_9.json --problem train/prob_10.json --problem train/prob_11.json --problem train/prob_12.json --problem train/prob_13.json --problem train/prob_14.json --problem train/prob_15.json --problem train/prob_16.json --problem train/prob_17.json --problem train/prob_18.json --problem train/prob_19.json --problem train/prob_20.json --problem train/prob_21.json --problem train/prob_22.json --problem train/prob_23.json --problem train/prob_24.json --problem train/prob_25.json --problem train/prob_26.json --problem train/prob_27.json --problem train/prob_28.json --problem train/prob_29.json --problem train/prob_30.json --problem train/prob_31.json --problem train/prob_32.json --problem train/prob_33.json --problem train/prob_34.json --problem train/prob_35.json --problem train/prob_36.json --problem train/prob_37.json --problem train/prob_38.json --problem train/prob_39.json --problem train/prob_40.json --timelimit 60 --run-id verify_active_v305_baseline_hh_py_alias_20260629_002 --out-dir reports/ogc2026_reboot_v001/verify_active_v305_baseline_hh_py_alias_20260629_002 --cumulative-csv reports/ogc2026_reboot_v001/active_publish_rechecks_v305_alias_full.csv --require-fresh-cumulative"
2026-06-29T22:50:06,verify_active_v305_baseline_hh_py_alias_20260629_002,direct,v304_direct_full_recheck,ogc2026\baseline\alg_versions\reboot_v304_20260629_trackA_prob13like_subprocess_fallback_on_v298.py,008da10242e4b8e8848ca8de062e97fb39a91715f2896bade164d60493d8255d,9dfaa0ac5fa3e0f16fdfb0890e11b4cb64ea59b8edee029a9c4f13a2c52538b0,hh_algorithm_loop,c65b7d3b,True,prob_34.json,60.000000,60.000000,20.000000,90.000000,true,false,true,true,true,5,8002714.0,8002714.0,8002714.0,1595.0,2702,5005.0,29.626935,28.899779319763184,200,200,4,,reports\ogc2026_reboot_v001\verify_active_v305_baseline_hh_py_alias_20260629_002\solutions\direct__v304_direct_full_recheck\prob_34.solution.json,reports\ogc2026_reboot_v001\verify_active_v305_baseline_hh_py_alias_20260629_002\logs\direct__v304_direct_full_recheck\prob_34.log,PASS objective=8002714.0 obj1=1595.0 obj2=2702 obj3=5005.0,"C:\Python314\python.exe ogc2026/batchrunner/benchmark.py --algorithm name=wrapper,version=baseline_hh_v305_alias_full,path=ogc2026/baseline/baseline_hh.py --algorithm name=direct,version=v304_direct_full_recheck,path=ogc2026/baseline/alg_versions/reboot_v304_20260629_trackA_prob13like_subprocess_fallback_on_v298.py --problem train/prob_1.json --problem train/prob_2.json --problem train/prob_3.json --problem train/prob_4.json --problem train/prob_5.json --problem train/prob_6.json --problem train/prob_7.json --problem train/prob_8.json --problem train/prob_9.json --problem train/prob_10.json --problem train/prob_11.json --problem train/prob_12.json --problem train/prob_13.json --problem train/prob_14.json --problem train/prob_15.json --problem train/prob_16.json --problem train/prob_17.json --problem train/prob_18.json --problem train/prob_19.json --problem train/prob_20.json --problem train/prob_21.json --problem train/prob_22.json --problem train/prob_23.json --problem train/prob_24.json --problem train/prob_25.json --problem train/prob_26.json --problem train/prob_27.json --problem train/prob_28.json --problem train/prob_29.json --problem train/prob_30.json --problem train/prob_31.json --problem train/prob_32.json --problem train/prob_33.json --problem train/prob_34.json --problem train/prob_35.json --problem train/prob_36.json --problem train/prob_37.json --problem train/prob_38.json --problem train/prob_39.json --problem train/prob_40.json --timelimit 60 --run-id verify_active_v305_baseline_hh_py_alias_20260629_002 --out-dir reports/ogc2026_reboot_v001/verify_active_v305_baseline_hh_py_alias_20260629_002 --cumulative-csv reports/ogc2026_reboot_v001/active_publish_rechecks_v305_alias_full.csv --require-fresh-cumulative"
2026-06-29T22:50:06,verify_active_v305_baseline_hh_py_alias_20260629_002,direct,v304_direct_full_recheck,ogc2026\baseline\alg_versions\reboot_v304_20260629_trackA_prob13like_subprocess_fallback_on_v298.py,008da10242e4b8e8848ca8de062e97fb39a91715f2896bade164d60493d8255d,9dfaa0ac5fa3e0f16fdfb0890e11b4cb64ea59b8edee029a9c4f13a2c52538b0,hh_algorithm_loop,c65b7d3b,True,prob_35.json,60.000000,60.000000,20.000000,90.000000,true,false,true,true,true,5,22037108.0,22037108.0,22037108.0,1591.0,8081,5226.0,36.572337,36.106258392333984,200,200,3,,reports\ogc2026_reboot_v001\verify_active_v305_baseline_hh_py_alias_20260629_002\solutions\direct__v304_direct_full_recheck\prob_35.solution.json,reports\ogc2026_reboot_v001\verify_active_v305_baseline_hh_py_alias_20260629_002\logs\direct__v304_direct_full_recheck\prob_35.log,PASS objective=22037108.0 obj1=1591.0 obj2=8081 obj3=5226.0,"C:\Python314\python.exe ogc2026/batchrunner/benchmark.py --algorithm name=wrapper,version=baseline_hh_v305_alias_full,path=ogc2026/baseline/baseline_hh.py --algorithm name=direct,version=v304_direct_full_recheck,path=ogc2026/baseline/alg_versions/reboot_v304_20260629_trackA_prob13like_subprocess_fallback_on_v298.py --problem train/prob_1.json --problem train/prob_2.json --problem train/prob_3.json --problem train/prob_4.json --problem train/prob_5.json --problem train/prob_6.json --problem train/prob_7.json --problem train/prob_8.json --problem train/prob_9.json --problem train/prob_10.json --problem train/prob_11.json --problem train/prob_12.json --problem train/prob_13.json --problem train/prob_14.json --problem train/prob_15.json --problem train/prob_16.json --problem train/prob_17.json --problem train/prob_18.json --problem train/prob_19.json --problem train/prob_20.json --problem train/prob_21.json --problem train/prob_22.json --problem train/prob_23.json --problem train/prob_24.json --problem train/prob_25.json --problem train/prob_26.json --problem train/prob_27.json --problem train/prob_28.json --problem train/prob_29.json --problem train/prob_30.json --problem train/prob_31.json --problem train/prob_32.json --problem train/prob_33.json --problem train/prob_34.json --problem train/prob_35.json --problem train/prob_36.json --problem train/prob_37.json --problem train/prob_38.json --problem train/prob_39.json --problem train/prob_40.json --timelimit 60 --run-id verify_active_v305_baseline_hh_py_alias_20260629_002 --out-dir reports/ogc2026_reboot_v001/verify_active_v305_baseline_hh_py_alias_20260629_002 --cumulative-csv reports/ogc2026_reboot_v001/active_publish_rechecks_v305_alias_full.csv --require-fresh-cumulative"
2026-06-29T22:50:06,verify_active_v305_baseline_hh_py_alias_20260629_002,direct,v304_direct_full_recheck,ogc2026\baseline\alg_versions\reboot_v304_20260629_trackA_prob13like_subprocess_fallback_on_v298.py,008da10242e4b8e8848ca8de062e97fb39a91715f2896bade164d60493d8255d,9dfaa0ac5fa3e0f16fdfb0890e11b4cb64ea59b8edee029a9c4f13a2c52538b0,hh_algorithm_loop,c65b7d3b,True,prob_36.json,60.000000,60.000000,20.000000,90.000000,true,false,true,true,true,5,1499988.0,1499988.0,1499988.0,2010.0,1381,12149.0,49.987569,49.524574518203735,250,250,4,,reports\ogc2026_reboot_v001\verify_active_v305_baseline_hh_py_alias_20260629_002\solutions\direct__v304_direct_full_recheck\prob_36.solution.json,reports\ogc2026_reboot_v001\verify_active_v305_baseline_hh_py_alias_20260629_002\logs\direct__v304_direct_full_recheck\prob_36.log,PASS objective=1499988.0 obj1=2010.0 obj2=1381 obj3=12149.0,"C:\Python314\python.exe ogc2026/batchrunner/benchmark.py --algorithm name=wrapper,version=baseline_hh_v305_alias_full,path=ogc2026/baseline/baseline_hh.py --algorithm name=direct,version=v304_direct_full_recheck,path=ogc2026/baseline/alg_versions/reboot_v304_20260629_trackA_prob13like_subprocess_fallback_on_v298.py --problem train/prob_1.json --problem train/prob_2.json --problem train/prob_3.json --problem train/prob_4.json --problem train/prob_5.json --problem train/prob_6.json --problem train/prob_7.json --problem train/prob_8.json --problem train/prob_9.json --problem train/prob_10.json --problem train/prob_11.json --problem train/prob_12.json --problem train/prob_13.json --problem train/prob_14.json --problem train/prob_15.json --problem train/prob_16.json --problem train/prob_17.json --problem train/prob_18.json --problem train/prob_19.json --problem train/prob_20.json --problem train/prob_21.json --problem train/prob_22.json --problem train/prob_23.json --problem train/prob_24.json --problem train/prob_25.json --problem train/prob_26.json --problem train/prob_27.json --problem train/prob_28.json --problem train/prob_29.json --problem train/prob_30.json --problem train/prob_31.json --problem train/prob_32.json --problem train/prob_33.json --problem train/prob_34.json --problem train/prob_35.json --problem train/prob_36.json --problem train/prob_37.json --problem train/prob_38.json --problem train/prob_39.json --problem train/prob_40.json --timelimit 60 --run-id verify_active_v305_baseline_hh_py_alias_20260629_002 --out-dir reports/ogc2026_reboot_v001/verify_active_v305_baseline_hh_py_alias_20260629_002 --cumulative-csv reports/ogc2026_reboot_v001/active_publish_rechecks_v305_alias_full.csv --require-fresh-cumulative"
2026-06-29T22:50:06,verify_active_v305_baseline_hh_py_alias_20260629_002,direct,v304_direct_full_recheck,ogc2026\baseline\alg_versions\reboot_v304_20260629_trackA_prob13like_subprocess_fallback_on_v298.py,008da10242e4b8e8848ca8de062e97fb39a91715f2896bade164d60493d8255d,9dfaa0ac5fa3e0f16fdfb0890e11b4cb64ea59b8edee029a9c4f13a2c52538b0,hh_algorithm_loop,c65b7d3b,True,prob_37.json,60.000000,60.000000,20.000000,90.000000,true,false,true,true,true,5,17644653.0,17644653.0,17644653.0,3961.0,3660,7380.0,52.137840,51.673521518707275,250,250,3,,reports\ogc2026_reboot_v001\verify_active_v305_baseline_hh_py_alias_20260629_002\solutions\direct__v304_direct_full_recheck\prob_37.solution.json,reports\ogc2026_reboot_v001\verify_active_v305_baseline_hh_py_alias_20260629_002\logs\direct__v304_direct_full_recheck\prob_37.log,PASS objective=17644653.0 obj1=3961.0 obj2=3660 obj3=7380.0,"C:\Python314\python.exe ogc2026/batchrunner/benchmark.py --algorithm name=wrapper,version=baseline_hh_v305_alias_full,path=ogc2026/baseline/baseline_hh.py --algorithm name=direct,version=v304_direct_full_recheck,path=ogc2026/baseline/alg_versions/reboot_v304_20260629_trackA_prob13like_subprocess_fallback_on_v298.py --problem train/prob_1.json --problem train/prob_2.json --problem train/prob_3.json --problem train/prob_4.json --problem train/prob_5.json --problem train/prob_6.json --problem train/prob_7.json --problem train/prob_8.json --problem train/prob_9.json --problem train/prob_10.json --problem train/prob_11.json --problem train/prob_12.json --problem train/prob_13.json --problem train/prob_14.json --problem train/prob_15.json --problem train/prob_16.json --problem train/prob_17.json --problem train/prob_18.json --problem train/prob_19.json --problem train/prob_20.json --problem train/prob_21.json --problem train/prob_22.json --problem train/prob_23.json --problem train/prob_24.json --problem train/prob_25.json --problem train/prob_26.json --problem train/prob_27.json --problem train/prob_28.json --problem train/prob_29.json --problem train/prob_30.json --problem train/prob_31.json --problem train/prob_32.json --problem train/prob_33.json --problem train/prob_34.json --problem train/prob_35.json --problem train/prob_36.json --problem train/prob_37.json --problem train/prob_38.json --problem train/prob_39.json --problem train/prob_40.json --timelimit 60 --run-id verify_active_v305_baseline_hh_py_alias_20260629_002 --out-dir reports/ogc2026_reboot_v001/verify_active_v305_baseline_hh_py_alias_20260629_002 --cumulative-csv reports/ogc2026_reboot_v001/active_publish_rechecks_v305_alias_full.csv --require-fresh-cumulative"
2026-06-29T22:50:06,verify_active_v305_baseline_hh_py_alias_20260629_002,direct,v304_direct_full_recheck,ogc2026\baseline\alg_versions\reboot_v304_20260629_trackA_prob13like_subprocess_fallback_on_v298.py,008da10242e4b8e8848ca8de062e97fb39a91715f2896bade164d60493d8255d,9dfaa0ac5fa3e0f16fdfb0890e11b4cb64ea59b8edee029a9c4f13a2c52538b0,hh_algorithm_loop,c65b7d3b,True,prob_38.json,60.000000,60.000000,20.000000,90.000000,true,false,true,true,true,5,151254848.0,151254848.0,151254848.0,11120.0,3894,9947.0,56.881712,56.14549374580383,250,250,3,,reports\ogc2026_reboot_v001\verify_active_v305_baseline_hh_py_alias_20260629_002\solutions\direct__v304_direct_full_recheck\prob_38.solution.json,reports\ogc2026_reboot_v001\verify_active_v305_baseline_hh_py_alias_20260629_002\logs\direct__v304_direct_full_recheck\prob_38.log,PASS objective=151254848.0 obj1=11120.0 obj2=3894 obj3=9947.0,"C:\Python314\python.exe ogc2026/batchrunner/benchmark.py --algorithm name=wrapper,version=baseline_hh_v305_alias_full,path=ogc2026/baseline/baseline_hh.py --algorithm name=direct,version=v304_direct_full_recheck,path=ogc2026/baseline/alg_versions/reboot_v304_20260629_trackA_prob13like_subprocess_fallback_on_v298.py --problem train/prob_1.json --problem train/prob_2.json --problem train/prob_3.json --problem train/prob_4.json --problem train/prob_5.json --problem train/prob_6.json --problem train/prob_7.json --problem train/prob_8.json --problem train/prob_9.json --problem train/prob_10.json --problem train/prob_11.json --problem train/prob_12.json --problem train/prob_13.json --problem train/prob_14.json --problem train/prob_15.json --problem train/prob_16.json --problem train/prob_17.json --problem train/prob_18.json --problem train/prob_19.json --problem train/prob_20.json --problem train/prob_21.json --problem train/prob_22.json --problem train/prob_23.json --problem train/prob_24.json --problem train/prob_25.json --problem train/prob_26.json --problem train/prob_27.json --problem train/prob_28.json --problem train/prob_29.json --problem train/prob_30.json --problem train/prob_31.json --problem train/prob_32.json --problem train/prob_33.json --problem train/prob_34.json --problem train/prob_35.json --problem train/prob_36.json --problem train/prob_37.json --problem train/prob_38.json --problem train/prob_39.json --problem train/prob_40.json --timelimit 60 --run-id verify_active_v305_baseline_hh_py_alias_20260629_002 --out-dir reports/ogc2026_reboot_v001/verify_active_v305_baseline_hh_py_alias_20260629_002 --cumulative-csv reports/ogc2026_reboot_v001/active_publish_rechecks_v305_alias_full.csv --require-fresh-cumulative"
2026-06-29T22:50:06,verify_active_v305_baseline_hh_py_alias_20260629_002,direct,v304_direct_full_recheck,ogc2026\baseline\alg_versions\reboot_v304_20260629_trackA_prob13like_subprocess_fallback_on_v298.py,008da10242e4b8e8848ca8de062e97fb39a91715f2896bade164d60493d8255d,9dfaa0ac5fa3e0f16fdfb0890e11b4cb64ea59b8edee029a9c4f13a2c52538b0,hh_algorithm_loop,c65b7d3b,True,prob_39.json,60.000000,60.000000,20.000000,90.000000,true,false,true,true,true,5,48160369.0,48160369.0,48160369.0,3521.0,194,8094.0,58.227821,57.76411747932434,250,250,3,,reports\ogc2026_reboot_v001\verify_active_v305_baseline_hh_py_alias_20260629_002\solutions\direct__v304_direct_full_recheck\prob_39.solution.json,reports\ogc2026_reboot_v001\verify_active_v305_baseline_hh_py_alias_20260629_002\logs\direct__v304_direct_full_recheck\prob_39.log,PASS objective=48160369.0 obj1=3521.0 obj2=194 obj3=8094.0,"C:\Python314\python.exe ogc2026/batchrunner/benchmark.py --algorithm name=wrapper,version=baseline_hh_v305_alias_full,path=ogc2026/baseline/baseline_hh.py --algorithm name=direct,version=v304_direct_full_recheck,path=ogc2026/baseline/alg_versions/reboot_v304_20260629_trackA_prob13like_subprocess_fallback_on_v298.py --problem train/prob_1.json --problem train/prob_2.json --problem train/prob_3.json --problem train/prob_4.json --problem train/prob_5.json --problem train/prob_6.json --problem train/prob_7.json --problem train/prob_8.json --problem train/prob_9.json --problem train/prob_10.json --problem train/prob_11.json --problem train/prob_12.json --problem train/prob_13.json --problem train/prob_14.json --problem train/prob_15.json --problem train/prob_16.json --problem train/prob_17.json --problem train/prob_18.json --problem train/prob_19.json --problem train/prob_20.json --problem train/prob_21.json --problem train/prob_22.json --problem train/prob_23.json --problem train/prob_24.json --problem train/prob_25.json --problem train/prob_26.json --problem train/prob_27.json --problem train/prob_28.json --problem train/prob_29.json --problem train/prob_30.json --problem train/prob_31.json --problem train/prob_32.json --problem train/prob_33.json --problem train/prob_34.json --problem train/prob_35.json --problem train/prob_36.json --problem train/prob_37.json --problem train/prob_38.json --problem train/prob_39.json --problem train/prob_40.json --timelimit 60 --run-id verify_active_v305_baseline_hh_py_alias_20260629_002 --out-dir reports/ogc2026_reboot_v001/verify_active_v305_baseline_hh_py_alias_20260629_002 --cumulative-csv reports/ogc2026_reboot_v001/active_publish_rechecks_v305_alias_full.csv --require-fresh-cumulative"
2026-06-29T22:50:06,verify_active_v305_baseline_hh_py_alias_20260629_002,direct,v304_direct_full_recheck,ogc2026\baseline\alg_versions\reboot_v304_20260629_trackA_prob13like_subprocess_fallback_on_v298.py,008da10242e4b8e8848ca8de062e97fb39a91715f2896bade164d60493d8255d,9dfaa0ac5fa3e0f16fdfb0890e11b4cb64ea59b8edee029a9c4f13a2c52538b0,hh_algorithm_loop,c65b7d3b,True,prob_40.json,60.000000,60.000000,20.000000,90.000000,true,false,true,true,true,5,5780789.0,5780789.0,5780789.0,8429.0,4947,11823.0,56.385849,55.91739869117737,250,250,4,,reports\ogc2026_reboot_v001\verify_active_v305_baseline_hh_py_alias_20260629_002\solutions\direct__v304_direct_full_recheck\prob_40.solution.json,reports\ogc2026_reboot_v001\verify_active_v305_baseline_hh_py_alias_20260629_002\logs\direct__v304_direct_full_recheck\prob_40.log,PASS objective=5780789.0 obj1=8429.0 obj2=4947 obj3=11823.0,"C:\Python314\python.exe ogc2026/batchrunner/benchmark.py --algorithm name=wrapper,version=baseline_hh_v305_alias_full,path=ogc2026/baseline/baseline_hh.py --algorithm name=direct,version=v304_direct_full_recheck,path=ogc2026/baseline/alg_versions/reboot_v304_20260629_trackA_prob13like_subprocess_fallback_on_v298.py --problem train/prob_1.json --problem train/prob_2.json --problem train/prob_3.json --problem train/prob_4.json --problem train/prob_5.json --problem train/prob_6.json --problem train/prob_7.json --problem train/prob_8.json --problem train/prob_9.json --problem train/prob_10.json --problem train/prob_11.json --problem train/prob_12.json --problem train/prob_13.json --problem train/prob_14.json --problem train/prob_15.json --problem train/prob_16.json --problem train/prob_17.json --problem train/prob_18.json --problem train/prob_19.json --problem train/prob_20.json --problem train/prob_21.json --problem train/prob_22.json --problem train/prob_23.json --problem train/prob_24.json --problem train/prob_25.json --problem train/prob_26.json --problem train/prob_27.json --problem train/prob_28.json --problem train/prob_29.json --problem train/prob_30.json --problem train/prob_31.json --problem train/prob_32.json --problem train/prob_33.json --problem train/prob_34.json --problem train/prob_35.json --problem train/prob_36.json --problem train/prob_37.json --problem train/prob_38.json --problem train/prob_39.json --problem train/prob_40.json --timelimit 60 --run-id verify_active_v305_baseline_hh_py_alias_20260629_002 --out-dir reports/ogc2026_reboot_v001/verify_active_v305_baseline_hh_py_alias_20260629_002 --cumulative-csv reports/ogc2026_reboot_v001/active_publish_rechecks_v305_alias_full.csv --require-fresh-cumulative"
