timestamp,run_id,algorithm_name,algorithm_version,algorithm_path,algorithm_sha256,checker_sha256,git_branch,git_head,git_dirty,instance_name,requested_timelimit,official_limit,timeout_grace,watchdog_timeout_sec,checker_feasible,timed_out,valid_under_time_limit,accepted_for_score,feasible,stage,objective,score,cost,obj1,obj2,obj3,runtime_sec,runner_elapsed_sec,assigned_blocks,total_blocks,total_bays,error_message,solution_file,log_file,tester_summary,benchmark_command
2026-06-29T17:38:06,full_compare_v298_vs_active_train40_20260629_001,hh_active,baseline_hh_v291_fullcheck,ogc2026\baseline\baseline_hh.py,6bf58d7053decf43d195aaab1e6166b2daa55c29aecc4b38d6ac862d68a2eda5,9dfaa0ac5fa3e0f16fdfb0890e11b4cb64ea59b8edee029a9c4f13a2c52538b0,hh_algorithm_loop,ed5ab7f6,True,prob_1.json,60.000000,60.000000,20.000000,90.000000,true,false,true,true,true,5,606628.0,606628.0,606628.0,8.0,1700,1810.0,22.891679,22.706268548965454,100,100,2,,reports\ogc2026_reboot_v001\full_compare_v298_vs_active_train40_20260629_001\solutions\hh_active__baseline_hh_v291_fullcheck\prob_1.solution.json,reports\ogc2026_reboot_v001\full_compare_v298_vs_active_train40_20260629_001\logs\hh_active__baseline_hh_v291_fullcheck\prob_1.log,PASS objective=606628.0 obj1=8.0 obj2=1700 obj3=1810.0,"C:\Python314\python.exe ogc2026/batchrunner/benchmark.py --algorithm name=hh_active,version=baseline_hh_v291_fullcheck,path=ogc2026/baseline/baseline_hh.py --algorithm name=hh,version=v298_fullcheck,path=ogc2026/baseline/alg_versions/reboot_v298_20260629_trackA_prob11_rescue_with_familyB_tail_freeze_on_v290.py --problems train/prob_*.json --timelimit 60 --run-id full_compare_v298_vs_active_train40_20260629_001 --out-dir reports/ogc2026_reboot_v001/full_compare_v298_vs_active_train40_20260629_001 --cumulative-csv reports/ogc2026_reboot_v001/benchmark_results_revalidate_v298_train40.csv --require-fresh-cumulative"
2026-06-29T17:38:06,full_compare_v298_vs_active_train40_20260629_001,hh_active,baseline_hh_v291_fullcheck,ogc2026\baseline\baseline_hh.py,6bf58d7053decf43d195aaab1e6166b2daa55c29aecc4b38d6ac862d68a2eda5,9dfaa0ac5fa3e0f16fdfb0890e11b4cb64ea59b8edee029a9c4f13a2c52538b0,hh_algorithm_loop,ed5ab7f6,True,prob_2.json,60.000000,60.000000,20.000000,90.000000,true,false,true,true,true,5,51940.0,51940.0,51940.0,0.0,814,292.0,15.975561,15.782013177871704,100,100,3,,reports\ogc2026_reboot_v001\full_compare_v298_vs_active_train40_20260629_001\solutions\hh_active__baseline_hh_v291_fullcheck\prob_2.solution.json,reports\ogc2026_reboot_v001\full_compare_v298_vs_active_train40_20260629_001\logs\hh_active__baseline_hh_v291_fullcheck\prob_2.log,PASS objective=51940.0 obj1=0.0 obj2=814 obj3=292.0,"C:\Python314\python.exe ogc2026/batchrunner/benchmark.py --algorithm name=hh_active,version=baseline_hh_v291_fullcheck,path=ogc2026/baseline/baseline_hh.py --algorithm name=hh,version=v298_fullcheck,path=ogc2026/baseline/alg_versions/reboot_v298_20260629_trackA_prob11_rescue_with_familyB_tail_freeze_on_v290.py --problems train/prob_*.json --timelimit 60 --run-id full_compare_v298_vs_active_train40_20260629_001 --out-dir reports/ogc2026_reboot_v001/full_compare_v298_vs_active_train40_20260629_001 --cumulative-csv reports/ogc2026_reboot_v001/benchmark_results_revalidate_v298_train40.csv --require-fresh-cumulative"
2026-06-29T17:38:06,full_compare_v298_vs_active_train40_20260629_001,hh_active,baseline_hh_v291_fullcheck,ogc2026\baseline\baseline_hh.py,6bf58d7053decf43d195aaab1e6166b2daa55c29aecc4b38d6ac862d68a2eda5,9dfaa0ac5fa3e0f16fdfb0890e11b4cb64ea59b8edee029a9c4f13a2c52538b0,hh_algorithm_loop,ed5ab7f6,True,prob_3.json,60.000000,60.000000,20.000000,90.000000,true,false,true,true,true,5,156780.0,156780.0,156780.0,0.0,1998,912.0,14.064604,13.900046348571777,100,100,3,,reports\ogc2026_reboot_v001\full_compare_v298_vs_active_train40_20260629_001\solutions\hh_active__baseline_hh_v291_fullcheck\prob_3.solution.json,reports\ogc2026_reboot_v001\full_compare_v298_vs_active_train40_20260629_001\logs\hh_active__baseline_hh_v291_fullcheck\prob_3.log,PASS objective=156780.0 obj1=0.0 obj2=1998 obj3=912.0,"C:\Python314\python.exe ogc2026/batchrunner/benchmark.py --algorithm name=hh_active,version=baseline_hh_v291_fullcheck,path=ogc2026/baseline/baseline_hh.py --algorithm name=hh,version=v298_fullcheck,path=ogc2026/baseline/alg_versions/reboot_v298_20260629_trackA_prob11_rescue_with_familyB_tail_freeze_on_v290.py --problems train/prob_*.json --timelimit 60 --run-id full_compare_v298_vs_active_train40_20260629_001 --out-dir reports/ogc2026_reboot_v001/full_compare_v298_vs_active_train40_20260629_001 --cumulative-csv reports/ogc2026_reboot_v001/benchmark_results_revalidate_v298_train40.csv --require-fresh-cumulative"
2026-06-29T17:38:06,full_compare_v298_vs_active_train40_20260629_001,hh_active,baseline_hh_v291_fullcheck,ogc2026\baseline\baseline_hh.py,6bf58d7053decf43d195aaab1e6166b2daa55c29aecc4b38d6ac862d68a2eda5,9dfaa0ac5fa3e0f16fdfb0890e11b4cb64ea59b8edee029a9c4f13a2c52538b0,hh_algorithm_loop,ed5ab7f6,True,prob_4.json,60.000000,60.000000,20.000000,90.000000,true,false,true,true,true,5,331591.0,331591.0,331591.0,6.0,1669,942.0,17.575519,17.408615589141846,100,100,2,,reports\ogc2026_reboot_v001\full_compare_v298_vs_active_train40_20260629_001\solutions\hh_active__baseline_hh_v291_fullcheck\prob_4.solution.json,reports\ogc2026_reboot_v001\full_compare_v298_vs_active_train40_20260629_001\logs\hh_active__baseline_hh_v291_fullcheck\prob_4.log,PASS objective=331591.0 obj1=6.0 obj2=1669 obj3=942.0,"C:\Python314\python.exe ogc2026/batchrunner/benchmark.py --algorithm name=hh_active,version=baseline_hh_v291_fullcheck,path=ogc2026/baseline/baseline_hh.py --algorithm name=hh,version=v298_fullcheck,path=ogc2026/baseline/alg_versions/reboot_v298_20260629_trackA_prob11_rescue_with_familyB_tail_freeze_on_v290.py --problems train/prob_*.json --timelimit 60 --run-id full_compare_v298_vs_active_train40_20260629_001 --out-dir reports/ogc2026_reboot_v001/full_compare_v298_vs_active_train40_20260629_001 --cumulative-csv reports/ogc2026_reboot_v001/benchmark_results_revalidate_v298_train40.csv --require-fresh-cumulative"
2026-06-29T17:38:06,full_compare_v298_vs_active_train40_20260629_001,hh_active,baseline_hh_v291_fullcheck,ogc2026\baseline\baseline_hh.py,6bf58d7053decf43d195aaab1e6166b2daa55c29aecc4b38d6ac862d68a2eda5,9dfaa0ac5fa3e0f16fdfb0890e11b4cb64ea59b8edee029a9c4f13a2c52538b0,hh_algorithm_loop,ed5ab7f6,True,prob_5.json,60.000000,60.000000,20.000000,90.000000,true,false,true,true,true,5,139455.0,139455.0,139455.0,0.0,1065,880.0,17.973263,17.801079750061035,150,150,3,,reports\ogc2026_reboot_v001\full_compare_v298_vs_active_train40_20260629_001\solutions\hh_active__baseline_hh_v291_fullcheck\prob_5.solution.json,reports\ogc2026_reboot_v001\full_compare_v298_vs_active_train40_20260629_001\logs\hh_active__baseline_hh_v291_fullcheck\prob_5.log,PASS objective=139455.0 obj1=0.0 obj2=1065 obj3=880.0,"C:\Python314\python.exe ogc2026/batchrunner/benchmark.py --algorithm name=hh_active,version=baseline_hh_v291_fullcheck,path=ogc2026/baseline/baseline_hh.py --algorithm name=hh,version=v298_fullcheck,path=ogc2026/baseline/alg_versions/reboot_v298_20260629_trackA_prob11_rescue_with_familyB_tail_freeze_on_v290.py --problems train/prob_*.json --timelimit 60 --run-id full_compare_v298_vs_active_train40_20260629_001 --out-dir reports/ogc2026_reboot_v001/full_compare_v298_vs_active_train40_20260629_001 --cumulative-csv reports/ogc2026_reboot_v001/benchmark_results_revalidate_v298_train40.csv --require-fresh-cumulative"
2026-06-29T17:38:06,full_compare_v298_vs_active_train40_20260629_001,hh_active,baseline_hh_v291_fullcheck,ogc2026\baseline\baseline_hh.py,6bf58d7053decf43d195aaab1e6166b2daa55c29aecc4b38d6ac862d68a2eda5,9dfaa0ac5fa3e0f16fdfb0890e11b4cb64ea59b8edee029a9c4f13a2c52538b0,hh_algorithm_loop,ed5ab7f6,True,prob_6.json,60.000000,60.000000,20.000000,90.000000,true,false,true,true,true,5,577115.0,577115.0,577115.0,7.0,1815,2380.0,30.435524,30.267357349395752,150,150,3,,reports\ogc2026_reboot_v001\full_compare_v298_vs_active_train40_20260629_001\solutions\hh_active__baseline_hh_v291_fullcheck\prob_6.solution.json,reports\ogc2026_reboot_v001\full_compare_v298_vs_active_train40_20260629_001\logs\hh_active__baseline_hh_v291_fullcheck\prob_6.log,PASS objective=577115.0 obj1=7.0 obj2=1815 obj3=2380.0,"C:\Python314\python.exe ogc2026/batchrunner/benchmark.py --algorithm name=hh_active,version=baseline_hh_v291_fullcheck,path=ogc2026/baseline/baseline_hh.py --algorithm name=hh,version=v298_fullcheck,path=ogc2026/baseline/alg_versions/reboot_v298_20260629_trackA_prob11_rescue_with_familyB_tail_freeze_on_v290.py --problems train/prob_*.json --timelimit 60 --run-id full_compare_v298_vs_active_train40_20260629_001 --out-dir reports/ogc2026_reboot_v001/full_compare_v298_vs_active_train40_20260629_001 --cumulative-csv reports/ogc2026_reboot_v001/benchmark_results_revalidate_v298_train40.csv --require-fresh-cumulative"
2026-06-29T17:38:06,full_compare_v298_vs_active_train40_20260629_001,hh_active,baseline_hh_v291_fullcheck,ogc2026\baseline\baseline_hh.py,6bf58d7053decf43d195aaab1e6166b2daa55c29aecc4b38d6ac862d68a2eda5,9dfaa0ac5fa3e0f16fdfb0890e11b4cb64ea59b8edee029a9c4f13a2c52538b0,hh_algorithm_loop,ed5ab7f6,True,prob_7.json,60.000000,60.000000,20.000000,90.000000,true,false,true,true,true,5,131191.0,131191.0,131191.0,0.0,3013,734.0,20.461341,20.28795027732849,150,150,3,,reports\ogc2026_reboot_v001\full_compare_v298_vs_active_train40_20260629_001\solutions\hh_active__baseline_hh_v291_fullcheck\prob_7.solution.json,reports\ogc2026_reboot_v001\full_compare_v298_vs_active_train40_20260629_001\logs\hh_active__baseline_hh_v291_fullcheck\prob_7.log,PASS objective=131191.0 obj1=0.0 obj2=3013 obj3=734.0,"C:\Python314\python.exe ogc2026/batchrunner/benchmark.py --algorithm name=hh_active,version=baseline_hh_v291_fullcheck,path=ogc2026/baseline/baseline_hh.py --algorithm name=hh,version=v298_fullcheck,path=ogc2026/baseline/alg_versions/reboot_v298_20260629_trackA_prob11_rescue_with_familyB_tail_freeze_on_v290.py --problems train/prob_*.json --timelimit 60 --run-id full_compare_v298_vs_active_train40_20260629_001 --out-dir reports/ogc2026_reboot_v001/full_compare_v298_vs_active_train40_20260629_001 --cumulative-csv reports/ogc2026_reboot_v001/benchmark_results_revalidate_v298_train40.csv --require-fresh-cumulative"
2026-06-29T17:38:06,full_compare_v298_vs_active_train40_20260629_001,hh_active,baseline_hh_v291_fullcheck,ogc2026\baseline\baseline_hh.py,6bf58d7053decf43d195aaab1e6166b2daa55c29aecc4b38d6ac862d68a2eda5,9dfaa0ac5fa3e0f16fdfb0890e11b4cb64ea59b8edee029a9c4f13a2c52538b0,hh_algorithm_loop,ed5ab7f6,True,prob_8.json,60.000000,60.000000,20.000000,90.000000,true,false,true,true,true,5,74968.0,74968.0,74968.0,0.0,1142,352.0,12.357930,12.178058862686157,150,150,2,,reports\ogc2026_reboot_v001\full_compare_v298_vs_active_train40_20260629_001\solutions\hh_active__baseline_hh_v291_fullcheck\prob_8.solution.json,reports\ogc2026_reboot_v001\full_compare_v298_vs_active_train40_20260629_001\logs\hh_active__baseline_hh_v291_fullcheck\prob_8.log,PASS objective=74968.0 obj1=0.0 obj2=1142 obj3=352.0,"C:\Python314\python.exe ogc2026/batchrunner/benchmark.py --algorithm name=hh_active,version=baseline_hh_v291_fullcheck,path=ogc2026/baseline/baseline_hh.py --algorithm name=hh,version=v298_fullcheck,path=ogc2026/baseline/alg_versions/reboot_v298_20260629_trackA_prob11_rescue_with_familyB_tail_freeze_on_v290.py --problems train/prob_*.json --timelimit 60 --run-id full_compare_v298_vs_active_train40_20260629_001 --out-dir reports/ogc2026_reboot_v001/full_compare_v298_vs_active_train40_20260629_001 --cumulative-csv reports/ogc2026_reboot_v001/benchmark_results_revalidate_v298_train40.csv --require-fresh-cumulative"
2026-06-29T17:38:06,full_compare_v298_vs_active_train40_20260629_001,hh_active,baseline_hh_v291_fullcheck,ogc2026\baseline\baseline_hh.py,6bf58d7053decf43d195aaab1e6166b2daa55c29aecc4b38d6ac862d68a2eda5,9dfaa0ac5fa3e0f16fdfb0890e11b4cb64ea59b8edee029a9c4f13a2c52538b0,hh_algorithm_loop,ed5ab7f6,True,prob_9.json,60.000000,60.000000,20.000000,90.000000,true,false,true,true,true,5,237200.0,237200.0,237200.0,0.0,1090,1545.0,27.353341,27.16099500656128,200,200,3,,reports\ogc2026_reboot_v001\full_compare_v298_vs_active_train40_20260629_001\solutions\hh_active__baseline_hh_v291_fullcheck\prob_9.solution.json,reports\ogc2026_reboot_v001\full_compare_v298_vs_active_train40_20260629_001\logs\hh_active__baseline_hh_v291_fullcheck\prob_9.log,PASS objective=237200.0 obj1=0.0 obj2=1090 obj3=1545.0,"C:\Python314\python.exe ogc2026/batchrunner/benchmark.py --algorithm name=hh_active,version=baseline_hh_v291_fullcheck,path=ogc2026/baseline/baseline_hh.py --algorithm name=hh,version=v298_fullcheck,path=ogc2026/baseline/alg_versions/reboot_v298_20260629_trackA_prob11_rescue_with_familyB_tail_freeze_on_v290.py --problems train/prob_*.json --timelimit 60 --run-id full_compare_v298_vs_active_train40_20260629_001 --out-dir reports/ogc2026_reboot_v001/full_compare_v298_vs_active_train40_20260629_001 --cumulative-csv reports/ogc2026_reboot_v001/benchmark_results_revalidate_v298_train40.csv --require-fresh-cumulative"
2026-06-29T17:38:06,full_compare_v298_vs_active_train40_20260629_001,hh_active,baseline_hh_v291_fullcheck,ogc2026\baseline\baseline_hh.py,6bf58d7053decf43d195aaab1e6166b2daa55c29aecc4b38d6ac862d68a2eda5,9dfaa0ac5fa3e0f16fdfb0890e11b4cb64ea59b8edee029a9c4f13a2c52538b0,hh_algorithm_loop,ed5ab7f6,True,prob_10.json,60.000000,60.000000,20.000000,90.000000,true,false,true,true,true,5,1274865.0,1274865.0,1274865.0,66.0,2577,2232.0,23.626047,23.401726961135864,200,200,4,,reports\ogc2026_reboot_v001\full_compare_v298_vs_active_train40_20260629_001\solutions\hh_active__baseline_hh_v291_fullcheck\prob_10.solution.json,reports\ogc2026_reboot_v001\full_compare_v298_vs_active_train40_20260629_001\logs\hh_active__baseline_hh_v291_fullcheck\prob_10.log,PASS objective=1274865.0 obj1=66.0 obj2=2577 obj3=2232.0,"C:\Python314\python.exe ogc2026/batchrunner/benchmark.py --algorithm name=hh_active,version=baseline_hh_v291_fullcheck,path=ogc2026/baseline/baseline_hh.py --algorithm name=hh,version=v298_fullcheck,path=ogc2026/baseline/alg_versions/reboot_v298_20260629_trackA_prob11_rescue_with_familyB_tail_freeze_on_v290.py --problems train/prob_*.json --timelimit 60 --run-id full_compare_v298_vs_active_train40_20260629_001 --out-dir reports/ogc2026_reboot_v001/full_compare_v298_vs_active_train40_20260629_001 --cumulative-csv reports/ogc2026_reboot_v001/benchmark_results_revalidate_v298_train40.csv --require-fresh-cumulative"
2026-06-29T17:38:06,full_compare_v298_vs_active_train40_20260629_001,hh_active,baseline_hh_v291_fullcheck,ogc2026\baseline\baseline_hh.py,6bf58d7053decf43d195aaab1e6166b2daa55c29aecc4b38d6ac862d68a2eda5,9dfaa0ac5fa3e0f16fdfb0890e11b4cb64ea59b8edee029a9c4f13a2c52538b0,hh_algorithm_loop,ed5ab7f6,True,prob_11.json,60.000000,60.000000,20.000000,90.000000,true,false,true,true,true,5,8364652.0,8364652.0,8364652.0,351.0,366,2551.0,42.890459,42.71015954017639,200,200,4,,reports\ogc2026_reboot_v001\full_compare_v298_vs_active_train40_20260629_001\solutions\hh_active__baseline_hh_v291_fullcheck\prob_11.solution.json,reports\ogc2026_reboot_v001\full_compare_v298_vs_active_train40_20260629_001\logs\hh_active__baseline_hh_v291_fullcheck\prob_11.log,PASS objective=8364652.0 obj1=351.0 obj2=366 obj3=2551.0,"C:\Python314\python.exe ogc2026/batchrunner/benchmark.py --algorithm name=hh_active,version=baseline_hh_v291_fullcheck,path=ogc2026/baseline/baseline_hh.py --algorithm name=hh,version=v298_fullcheck,path=ogc2026/baseline/alg_versions/reboot_v298_20260629_trackA_prob11_rescue_with_familyB_tail_freeze_on_v290.py --problems train/prob_*.json --timelimit 60 --run-id full_compare_v298_vs_active_train40_20260629_001 --out-dir reports/ogc2026_reboot_v001/full_compare_v298_vs_active_train40_20260629_001 --cumulative-csv reports/ogc2026_reboot_v001/benchmark_results_revalidate_v298_train40.csv --require-fresh-cumulative"
2026-06-29T17:38:06,full_compare_v298_vs_active_train40_20260629_001,hh_active,baseline_hh_v291_fullcheck,ogc2026\baseline\baseline_hh.py,6bf58d7053decf43d195aaab1e6166b2daa55c29aecc4b38d6ac862d68a2eda5,9dfaa0ac5fa3e0f16fdfb0890e11b4cb64ea59b8edee029a9c4f13a2c52538b0,hh_algorithm_loop,ed5ab7f6,True,prob_12.json,60.000000,60.000000,20.000000,90.000000,true,false,true,true,true,5,553078.0,553078.0,553078.0,8.0,6633,2491.0,24.929515,24.751574277877808,200,200,4,,reports\ogc2026_reboot_v001\full_compare_v298_vs_active_train40_20260629_001\solutions\hh_active__baseline_hh_v291_fullcheck\prob_12.solution.json,reports\ogc2026_reboot_v001\full_compare_v298_vs_active_train40_20260629_001\logs\hh_active__baseline_hh_v291_fullcheck\prob_12.log,PASS objective=553078.0 obj1=8.0 obj2=6633 obj3=2491.0,"C:\Python314\python.exe ogc2026/batchrunner/benchmark.py --algorithm name=hh_active,version=baseline_hh_v291_fullcheck,path=ogc2026/baseline/baseline_hh.py --algorithm name=hh,version=v298_fullcheck,path=ogc2026/baseline/alg_versions/reboot_v298_20260629_trackA_prob11_rescue_with_familyB_tail_freeze_on_v290.py --problems train/prob_*.json --timelimit 60 --run-id full_compare_v298_vs_active_train40_20260629_001 --out-dir reports/ogc2026_reboot_v001/full_compare_v298_vs_active_train40_20260629_001 --cumulative-csv reports/ogc2026_reboot_v001/benchmark_results_revalidate_v298_train40.csv --require-fresh-cumulative"
2026-06-29T17:38:06,full_compare_v298_vs_active_train40_20260629_001,hh_active,baseline_hh_v291_fullcheck,ogc2026\baseline\baseline_hh.py,6bf58d7053decf43d195aaab1e6166b2daa55c29aecc4b38d6ac862d68a2eda5,9dfaa0ac5fa3e0f16fdfb0890e11b4cb64ea59b8edee029a9c4f13a2c52538b0,hh_algorithm_loop,ed5ab7f6,True,prob_13.json,60.000000,60.000000,20.000000,90.000000,true,false,true,true,true,5,9695535.0,9695535.0,9695535.0,488.0,4623,4460.0,36.422867,36.22540259361267,250,250,4,,reports\ogc2026_reboot_v001\full_compare_v298_vs_active_train40_20260629_001\solutions\hh_active__baseline_hh_v291_fullcheck\prob_13.solution.json,reports\ogc2026_reboot_v001\full_compare_v298_vs_active_train40_20260629_001\logs\hh_active__baseline_hh_v291_fullcheck\prob_13.log,PASS objective=9695535.0 obj1=488.0 obj2=4623 obj3=4460.0,"C:\Python314\python.exe ogc2026/batchrunner/benchmark.py --algorithm name=hh_active,version=baseline_hh_v291_fullcheck,path=ogc2026/baseline/baseline_hh.py --algorithm name=hh,version=v298_fullcheck,path=ogc2026/baseline/alg_versions/reboot_v298_20260629_trackA_prob11_rescue_with_familyB_tail_freeze_on_v290.py --problems train/prob_*.json --timelimit 60 --run-id full_compare_v298_vs_active_train40_20260629_001 --out-dir reports/ogc2026_reboot_v001/full_compare_v298_vs_active_train40_20260629_001 --cumulative-csv reports/ogc2026_reboot_v001/benchmark_results_revalidate_v298_train40.csv --require-fresh-cumulative"
2026-06-29T17:38:06,full_compare_v298_vs_active_train40_20260629_001,hh_active,baseline_hh_v291_fullcheck,ogc2026\baseline\baseline_hh.py,6bf58d7053decf43d195aaab1e6166b2daa55c29aecc4b38d6ac862d68a2eda5,9dfaa0ac5fa3e0f16fdfb0890e11b4cb64ea59b8edee029a9c4f13a2c52538b0,hh_algorithm_loop,ed5ab7f6,True,prob_14.json,60.000000,60.000000,20.000000,90.000000,true,false,true,true,true,5,3795716.0,3795716.0,3795716.0,181.0,3301,4221.0,54.255262,53.77467107772827,250,250,4,,reports\ogc2026_reboot_v001\full_compare_v298_vs_active_train40_20260629_001\solutions\hh_active__baseline_hh_v291_fullcheck\prob_14.solution.json,reports\ogc2026_reboot_v001\full_compare_v298_vs_active_train40_20260629_001\logs\hh_active__baseline_hh_v291_fullcheck\prob_14.log,PASS objective=3795716.0 obj1=181.0 obj2=3301 obj3=4221.0,"C:\Python314\python.exe ogc2026/batchrunner/benchmark.py --algorithm name=hh_active,version=baseline_hh_v291_fullcheck,path=ogc2026/baseline/baseline_hh.py --algorithm name=hh,version=v298_fullcheck,path=ogc2026/baseline/alg_versions/reboot_v298_20260629_trackA_prob11_rescue_with_familyB_tail_freeze_on_v290.py --problems train/prob_*.json --timelimit 60 --run-id full_compare_v298_vs_active_train40_20260629_001 --out-dir reports/ogc2026_reboot_v001/full_compare_v298_vs_active_train40_20260629_001 --cumulative-csv reports/ogc2026_reboot_v001/benchmark_results_revalidate_v298_train40.csv --require-fresh-cumulative"
2026-06-29T17:38:06,full_compare_v298_vs_active_train40_20260629_001,hh_active,baseline_hh_v291_fullcheck,ogc2026\baseline\baseline_hh.py,6bf58d7053decf43d195aaab1e6166b2daa55c29aecc4b38d6ac862d68a2eda5,9dfaa0ac5fa3e0f16fdfb0890e11b4cb64ea59b8edee029a9c4f13a2c52538b0,hh_algorithm_loop,ed5ab7f6,True,prob_15.json,60.000000,60.000000,20.000000,90.000000,true,false,true,true,true,5,844023.0,844023.0,844023.0,25.0,3465,3431.0,37.386782,37.18213415145874,250,250,4,,reports\ogc2026_reboot_v001\full_compare_v298_vs_active_train40_20260629_001\solutions\hh_active__baseline_hh_v291_fullcheck\prob_15.solution.json,reports\ogc2026_reboot_v001\full_compare_v298_vs_active_train40_20260629_001\logs\hh_active__baseline_hh_v291_fullcheck\prob_15.log,PASS objective=844023.0 obj1=25.0 obj2=3465 obj3=3431.0,"C:\Python314\python.exe ogc2026/batchrunner/benchmark.py --algorithm name=hh_active,version=baseline_hh_v291_fullcheck,path=ogc2026/baseline/baseline_hh.py --algorithm name=hh,version=v298_fullcheck,path=ogc2026/baseline/alg_versions/reboot_v298_20260629_trackA_prob11_rescue_with_familyB_tail_freeze_on_v290.py --problems train/prob_*.json --timelimit 60 --run-id full_compare_v298_vs_active_train40_20260629_001 --out-dir reports/ogc2026_reboot_v001/full_compare_v298_vs_active_train40_20260629_001 --cumulative-csv reports/ogc2026_reboot_v001/benchmark_results_revalidate_v298_train40.csv --require-fresh-cumulative"
2026-06-29T17:38:06,full_compare_v298_vs_active_train40_20260629_001,hh_active,baseline_hh_v291_fullcheck,ogc2026\baseline\baseline_hh.py,6bf58d7053decf43d195aaab1e6166b2daa55c29aecc4b38d6ac862d68a2eda5,9dfaa0ac5fa3e0f16fdfb0890e11b4cb64ea59b8edee029a9c4f13a2c52538b0,hh_algorithm_loop,ed5ab7f6,True,prob_16.json,60.000000,60.000000,20.000000,90.000000,true,false,true,true,true,5,176817.0,176817.0,176817.0,0.0,2938,1219.0,12.880273,12.687483072280884,250,250,4,,reports\ogc2026_reboot_v001\full_compare_v298_vs_active_train40_20260629_001\solutions\hh_active__baseline_hh_v291_fullcheck\prob_16.solution.json,reports\ogc2026_reboot_v001\full_compare_v298_vs_active_train40_20260629_001\logs\hh_active__baseline_hh_v291_fullcheck\prob_16.log,PASS objective=176817.0 obj1=0.0 obj2=2938 obj3=1219.0,"C:\Python314\python.exe ogc2026/batchrunner/benchmark.py --algorithm name=hh_active,version=baseline_hh_v291_fullcheck,path=ogc2026/baseline/baseline_hh.py --algorithm name=hh,version=v298_fullcheck,path=ogc2026/baseline/alg_versions/reboot_v298_20260629_trackA_prob11_rescue_with_familyB_tail_freeze_on_v290.py --problems train/prob_*.json --timelimit 60 --run-id full_compare_v298_vs_active_train40_20260629_001 --out-dir reports/ogc2026_reboot_v001/full_compare_v298_vs_active_train40_20260629_001 --cumulative-csv reports/ogc2026_reboot_v001/benchmark_results_revalidate_v298_train40.csv --require-fresh-cumulative"
2026-06-29T17:38:06,full_compare_v298_vs_active_train40_20260629_001,hh_active,baseline_hh_v291_fullcheck,ogc2026\baseline\baseline_hh.py,6bf58d7053decf43d195aaab1e6166b2daa55c29aecc4b38d6ac862d68a2eda5,9dfaa0ac5fa3e0f16fdfb0890e11b4cb64ea59b8edee029a9c4f13a2c52538b0,hh_algorithm_loop,ed5ab7f6,True,prob_17.json,60.000000,60.000000,20.000000,90.000000,true,false,true,true,true,5,338183.0,338183.0,338183.0,13.0,5749,1422.0,18.720738,18.497559547424316,300,300,4,,reports\ogc2026_reboot_v001\full_compare_v298_vs_active_train40_20260629_001\solutions\hh_active__baseline_hh_v291_fullcheck\prob_17.solution.json,reports\ogc2026_reboot_v001\full_compare_v298_vs_active_train40_20260629_001\logs\hh_active__baseline_hh_v291_fullcheck\prob_17.log,PASS objective=338183.0 obj1=13.0 obj2=5749 obj3=1422.0,"C:\Python314\python.exe ogc2026/batchrunner/benchmark.py --algorithm name=hh_active,version=baseline_hh_v291_fullcheck,path=ogc2026/baseline/baseline_hh.py --algorithm name=hh,version=v298_fullcheck,path=ogc2026/baseline/alg_versions/reboot_v298_20260629_trackA_prob11_rescue_with_familyB_tail_freeze_on_v290.py --problems train/prob_*.json --timelimit 60 --run-id full_compare_v298_vs_active_train40_20260629_001 --out-dir reports/ogc2026_reboot_v001/full_compare_v298_vs_active_train40_20260629_001 --cumulative-csv reports/ogc2026_reboot_v001/benchmark_results_revalidate_v298_train40.csv --require-fresh-cumulative"
2026-06-29T17:38:06,full_compare_v298_vs_active_train40_20260629_001,hh_active,baseline_hh_v291_fullcheck,ogc2026\baseline\baseline_hh.py,6bf58d7053decf43d195aaab1e6166b2daa55c29aecc4b38d6ac862d68a2eda5,9dfaa0ac5fa3e0f16fdfb0890e11b4cb64ea59b8edee029a9c4f13a2c52538b0,hh_algorithm_loop,ed5ab7f6,True,prob_18.json,60.000000,60.000000,20.000000,90.000000,true,false,true,true,true,5,264994.0,264994.0,264994.0,0.0,3406,1890.0,23.652131,23.170089721679688,300,300,4,,reports\ogc2026_reboot_v001\full_compare_v298_vs_active_train40_20260629_001\solutions\hh_active__baseline_hh_v291_fullcheck\prob_18.solution.json,reports\ogc2026_reboot_v001\full_compare_v298_vs_active_train40_20260629_001\logs\hh_active__baseline_hh_v291_fullcheck\prob_18.log,PASS objective=264994.0 obj1=0.0 obj2=3406 obj3=1890.0,"C:\Python314\python.exe ogc2026/batchrunner/benchmark.py --algorithm name=hh_active,version=baseline_hh_v291_fullcheck,path=ogc2026/baseline/baseline_hh.py --algorithm name=hh,version=v298_fullcheck,path=ogc2026/baseline/alg_versions/reboot_v298_20260629_trackA_prob11_rescue_with_familyB_tail_freeze_on_v290.py --problems train/prob_*.json --timelimit 60 --run-id full_compare_v298_vs_active_train40_20260629_001 --out-dir reports/ogc2026_reboot_v001/full_compare_v298_vs_active_train40_20260629_001 --cumulative-csv reports/ogc2026_reboot_v001/benchmark_results_revalidate_v298_train40.csv --require-fresh-cumulative"
2026-06-29T17:38:06,full_compare_v298_vs_active_train40_20260629_001,hh_active,baseline_hh_v291_fullcheck,ogc2026\baseline\baseline_hh.py,6bf58d7053decf43d195aaab1e6166b2daa55c29aecc4b38d6ac862d68a2eda5,9dfaa0ac5fa3e0f16fdfb0890e11b4cb64ea59b8edee029a9c4f13a2c52538b0,hh_algorithm_loop,ed5ab7f6,True,prob_19.json,60.000000,60.000000,20.000000,90.000000,true,false,true,true,true,5,1896684.0,1896684.0,1896684.0,123.0,6544,4199.0,39.775216,39.56472873687744,300,300,4,,reports\ogc2026_reboot_v001\full_compare_v298_vs_active_train40_20260629_001\solutions\hh_active__baseline_hh_v291_fullcheck\prob_19.solution.json,reports\ogc2026_reboot_v001\full_compare_v298_vs_active_train40_20260629_001\logs\hh_active__baseline_hh_v291_fullcheck\prob_19.log,PASS objective=1896684.0 obj1=123.0 obj2=6544 obj3=4199.0,"C:\Python314\python.exe ogc2026/batchrunner/benchmark.py --algorithm name=hh_active,version=baseline_hh_v291_fullcheck,path=ogc2026/baseline/baseline_hh.py --algorithm name=hh,version=v298_fullcheck,path=ogc2026/baseline/alg_versions/reboot_v298_20260629_trackA_prob11_rescue_with_familyB_tail_freeze_on_v290.py --problems train/prob_*.json --timelimit 60 --run-id full_compare_v298_vs_active_train40_20260629_001 --out-dir reports/ogc2026_reboot_v001/full_compare_v298_vs_active_train40_20260629_001 --cumulative-csv reports/ogc2026_reboot_v001/benchmark_results_revalidate_v298_train40.csv --require-fresh-cumulative"
2026-06-29T17:38:06,full_compare_v298_vs_active_train40_20260629_001,hh_active,baseline_hh_v291_fullcheck,ogc2026\baseline\baseline_hh.py,6bf58d7053decf43d195aaab1e6166b2daa55c29aecc4b38d6ac862d68a2eda5,9dfaa0ac5fa3e0f16fdfb0890e11b4cb64ea59b8edee029a9c4f13a2c52538b0,hh_algorithm_loop,ed5ab7f6,True,prob_20.json,60.000000,60.000000,20.000000,90.000000,true,false,true,true,true,5,5199740.0,5199740.0,5199740.0,164.0,3642,6436.0,46.229960,46.0410315990448,300,300,5,,reports\ogc2026_reboot_v001\full_compare_v298_vs_active_train40_20260629_001\solutions\hh_active__baseline_hh_v291_fullcheck\prob_20.solution.json,reports\ogc2026_reboot_v001\full_compare_v298_vs_active_train40_20260629_001\logs\hh_active__baseline_hh_v291_fullcheck\prob_20.log,PASS objective=5199740.0 obj1=164.0 obj2=3642 obj3=6436.0,"C:\Python314\python.exe ogc2026/batchrunner/benchmark.py --algorithm name=hh_active,version=baseline_hh_v291_fullcheck,path=ogc2026/baseline/baseline_hh.py --algorithm name=hh,version=v298_fullcheck,path=ogc2026/baseline/alg_versions/reboot_v298_20260629_trackA_prob11_rescue_with_familyB_tail_freeze_on_v290.py --problems train/prob_*.json --timelimit 60 --run-id full_compare_v298_vs_active_train40_20260629_001 --out-dir reports/ogc2026_reboot_v001/full_compare_v298_vs_active_train40_20260629_001 --cumulative-csv reports/ogc2026_reboot_v001/benchmark_results_revalidate_v298_train40.csv --require-fresh-cumulative"
2026-06-29T17:38:06,full_compare_v298_vs_active_train40_20260629_001,hh_active,baseline_hh_v291_fullcheck,ogc2026\baseline\baseline_hh.py,6bf58d7053decf43d195aaab1e6166b2daa55c29aecc4b38d6ac862d68a2eda5,9dfaa0ac5fa3e0f16fdfb0890e11b4cb64ea59b8edee029a9c4f13a2c52538b0,hh_algorithm_loop,ed5ab7f6,True,prob_21.json,60.000000,60.000000,20.000000,90.000000,true,false,true,true,true,5,9383482.0,9383482.0,9383482.0,664.0,522,3501.0,10.543807,10.375802516937256,100,100,3,,reports\ogc2026_reboot_v001\full_compare_v298_vs_active_train40_20260629_001\solutions\hh_active__baseline_hh_v291_fullcheck\prob_21.solution.json,reports\ogc2026_reboot_v001\full_compare_v298_vs_active_train40_20260629_001\logs\hh_active__baseline_hh_v291_fullcheck\prob_21.log,PASS objective=9383482.0 obj1=664.0 obj2=522 obj3=3501.0,"C:\Python314\python.exe ogc2026/batchrunner/benchmark.py --algorithm name=hh_active,version=baseline_hh_v291_fullcheck,path=ogc2026/baseline/baseline_hh.py --algorithm name=hh,version=v298_fullcheck,path=ogc2026/baseline/alg_versions/reboot_v298_20260629_trackA_prob11_rescue_with_familyB_tail_freeze_on_v290.py --problems train/prob_*.json --timelimit 60 --run-id full_compare_v298_vs_active_train40_20260629_001 --out-dir reports/ogc2026_reboot_v001/full_compare_v298_vs_active_train40_20260629_001 --cumulative-csv reports/ogc2026_reboot_v001/benchmark_results_revalidate_v298_train40.csv --require-fresh-cumulative"
2026-06-29T17:38:06,full_compare_v298_vs_active_train40_20260629_001,hh_active,baseline_hh_v291_fullcheck,ogc2026\baseline\baseline_hh.py,6bf58d7053decf43d195aaab1e6166b2daa55c29aecc4b38d6ac862d68a2eda5,9dfaa0ac5fa3e0f16fdfb0890e11b4cb64ea59b8edee029a9c4f13a2c52538b0,hh_algorithm_loop,ed5ab7f6,True,prob_22.json,60.000000,60.000000,20.000000,90.000000,true,false,true,true,true,5,1837996.0,1837996.0,1837996.0,26.0,2446,3710.0,19.162959,18.958828687667847,100,100,2,,reports\ogc2026_reboot_v001\full_compare_v298_vs_active_train40_20260629_001\solutions\hh_active__baseline_hh_v291_fullcheck\prob_22.solution.json,reports\ogc2026_reboot_v001\full_compare_v298_vs_active_train40_20260629_001\logs\hh_active__baseline_hh_v291_fullcheck\prob_22.log,PASS objective=1837996.0 obj1=26.0 obj2=2446 obj3=3710.0,"C:\Python314\python.exe ogc2026/batchrunner/benchmark.py --algorithm name=hh_active,version=baseline_hh_v291_fullcheck,path=ogc2026/baseline/baseline_hh.py --algorithm name=hh,version=v298_fullcheck,path=ogc2026/baseline/alg_versions/reboot_v298_20260629_trackA_prob11_rescue_with_familyB_tail_freeze_on_v290.py --problems train/prob_*.json --timelimit 60 --run-id full_compare_v298_vs_active_train40_20260629_001 --out-dir reports/ogc2026_reboot_v001/full_compare_v298_vs_active_train40_20260629_001 --cumulative-csv reports/ogc2026_reboot_v001/benchmark_results_revalidate_v298_train40.csv --require-fresh-cumulative"
2026-06-29T17:38:06,full_compare_v298_vs_active_train40_20260629_001,hh_active,baseline_hh_v291_fullcheck,ogc2026\baseline\baseline_hh.py,6bf58d7053decf43d195aaab1e6166b2daa55c29aecc4b38d6ac862d68a2eda5,9dfaa0ac5fa3e0f16fdfb0890e11b4cb64ea59b8edee029a9c4f13a2c52538b0,hh_algorithm_loop,ed5ab7f6,True,prob_23.json,60.000000,60.000000,20.000000,90.000000,true,false,true,true,true,5,20686068.0,20686068.0,20686068.0,1497.0,35,1940.0,25.121524,24.95591974258423,100,100,2,,reports\ogc2026_reboot_v001\full_compare_v298_vs_active_train40_20260629_001\solutions\hh_active__baseline_hh_v291_fullcheck\prob_23.solution.json,reports\ogc2026_reboot_v001\full_compare_v298_vs_active_train40_20260629_001\logs\hh_active__baseline_hh_v291_fullcheck\prob_23.log,PASS objective=20686068.0 obj1=1497.0 obj2=35 obj3=1940.0,"C:\Python314\python.exe ogc2026/batchrunner/benchmark.py --algorithm name=hh_active,version=baseline_hh_v291_fullcheck,path=ogc2026/baseline/baseline_hh.py --algorithm name=hh,version=v298_fullcheck,path=ogc2026/baseline/alg_versions/reboot_v298_20260629_trackA_prob11_rescue_with_familyB_tail_freeze_on_v290.py --problems train/prob_*.json --timelimit 60 --run-id full_compare_v298_vs_active_train40_20260629_001 --out-dir reports/ogc2026_reboot_v001/full_compare_v298_vs_active_train40_20260629_001 --cumulative-csv reports/ogc2026_reboot_v001/benchmark_results_revalidate_v298_train40.csv --require-fresh-cumulative"
2026-06-29T17:38:06,full_compare_v298_vs_active_train40_20260629_001,hh_active,baseline_hh_v291_fullcheck,ogc2026\baseline\baseline_hh.py,6bf58d7053decf43d195aaab1e6166b2daa55c29aecc4b38d6ac862d68a2eda5,9dfaa0ac5fa3e0f16fdfb0890e11b4cb64ea59b8edee029a9c4f13a2c52538b0,hh_algorithm_loop,ed5ab7f6,True,prob_24.json,60.000000,60.000000,20.000000,90.000000,true,false,true,true,true,5,2981583.0,2981583.0,2981583.0,166.0,1381,2538.0,36.266477,36.09372329711914,100,100,3,,reports\ogc2026_reboot_v001\full_compare_v298_vs_active_train40_20260629_001\solutions\hh_active__baseline_hh_v291_fullcheck\prob_24.solution.json,reports\ogc2026_reboot_v001\full_compare_v298_vs_active_train40_20260629_001\logs\hh_active__baseline_hh_v291_fullcheck\prob_24.log,PASS objective=2981583.0 obj1=166.0 obj2=1381 obj3=2538.0,"C:\Python314\python.exe ogc2026/batchrunner/benchmark.py --algorithm name=hh_active,version=baseline_hh_v291_fullcheck,path=ogc2026/baseline/baseline_hh.py --algorithm name=hh,version=v298_fullcheck,path=ogc2026/baseline/alg_versions/reboot_v298_20260629_trackA_prob11_rescue_with_familyB_tail_freeze_on_v290.py --problems train/prob_*.json --timelimit 60 --run-id full_compare_v298_vs_active_train40_20260629_001 --out-dir reports/ogc2026_reboot_v001/full_compare_v298_vs_active_train40_20260629_001 --cumulative-csv reports/ogc2026_reboot_v001/benchmark_results_revalidate_v298_train40.csv --require-fresh-cumulative"
2026-06-29T17:38:06,full_compare_v298_vs_active_train40_20260629_001,hh_active,baseline_hh_v291_fullcheck,ogc2026\baseline\baseline_hh.py,6bf58d7053decf43d195aaab1e6166b2daa55c29aecc4b38d6ac862d68a2eda5,9dfaa0ac5fa3e0f16fdfb0890e11b4cb64ea59b8edee029a9c4f13a2c52538b0,hh_algorithm_loop,ed5ab7f6,True,prob_25.json,60.000000,60.000000,20.000000,90.000000,true,false,true,true,true,5,1454484.0,1454484.0,1454484.0,2089.0,241,3044.0,31.382792,31.221256971359253,100,100,2,,reports\ogc2026_reboot_v001\full_compare_v298_vs_active_train40_20260629_001\solutions\hh_active__baseline_hh_v291_fullcheck\prob_25.solution.json,reports\ogc2026_reboot_v001\full_compare_v298_vs_active_train40_20260629_001\logs\hh_active__baseline_hh_v291_fullcheck\prob_25.log,PASS objective=1454484.0 obj1=2089.0 obj2=241 obj3=3044.0,"C:\Python314\python.exe ogc2026/batchrunner/benchmark.py --algorithm name=hh_active,version=baseline_hh_v291_fullcheck,path=ogc2026/baseline/baseline_hh.py --algorithm name=hh,version=v298_fullcheck,path=ogc2026/baseline/alg_versions/reboot_v298_20260629_trackA_prob11_rescue_with_familyB_tail_freeze_on_v290.py --problems train/prob_*.json --timelimit 60 --run-id full_compare_v298_vs_active_train40_20260629_001 --out-dir reports/ogc2026_reboot_v001/full_compare_v298_vs_active_train40_20260629_001 --cumulative-csv reports/ogc2026_reboot_v001/benchmark_results_revalidate_v298_train40.csv --require-fresh-cumulative"
2026-06-29T17:38:06,full_compare_v298_vs_active_train40_20260629_001,hh_active,baseline_hh_v291_fullcheck,ogc2026\baseline\baseline_hh.py,6bf58d7053decf43d195aaab1e6166b2daa55c29aecc4b38d6ac862d68a2eda5,9dfaa0ac5fa3e0f16fdfb0890e11b4cb64ea59b8edee029a9c4f13a2c52538b0,hh_algorithm_loop,ed5ab7f6,True,prob_26.json,60.000000,60.000000,20.000000,90.000000,true,false,true,true,true,5,31708207.0,31708207.0,31708207.0,2305.0,2556,6385.0,26.193468,25.743655681610107,150,150,3,,reports\ogc2026_reboot_v001\full_compare_v298_vs_active_train40_20260629_001\solutions\hh_active__baseline_hh_v291_fullcheck\prob_26.solution.json,reports\ogc2026_reboot_v001\full_compare_v298_vs_active_train40_20260629_001\logs\hh_active__baseline_hh_v291_fullcheck\prob_26.log,PASS objective=31708207.0 obj1=2305.0 obj2=2556 obj3=6385.0,"C:\Python314\python.exe ogc2026/batchrunner/benchmark.py --algorithm name=hh_active,version=baseline_hh_v291_fullcheck,path=ogc2026/baseline/baseline_hh.py --algorithm name=hh,version=v298_fullcheck,path=ogc2026/baseline/alg_versions/reboot_v298_20260629_trackA_prob11_rescue_with_familyB_tail_freeze_on_v290.py --problems train/prob_*.json --timelimit 60 --run-id full_compare_v298_vs_active_train40_20260629_001 --out-dir reports/ogc2026_reboot_v001/full_compare_v298_vs_active_train40_20260629_001 --cumulative-csv reports/ogc2026_reboot_v001/benchmark_results_revalidate_v298_train40.csv --require-fresh-cumulative"
2026-06-29T17:38:06,full_compare_v298_vs_active_train40_20260629_001,hh_active,baseline_hh_v291_fullcheck,ogc2026\baseline\baseline_hh.py,6bf58d7053decf43d195aaab1e6166b2daa55c29aecc4b38d6ac862d68a2eda5,9dfaa0ac5fa3e0f16fdfb0890e11b4cb64ea59b8edee029a9c4f13a2c52538b0,hh_algorithm_loop,ed5ab7f6,True,prob_27.json,60.000000,60.000000,20.000000,90.000000,true,false,true,true,true,5,75028700.0,75028700.0,75028700.0,5456.0,1926,5700.0,47.803161,47.63141202926636,150,150,2,,reports\ogc2026_reboot_v001\full_compare_v298_vs_active_train40_20260629_001\solutions\hh_active__baseline_hh_v291_fullcheck\prob_27.solution.json,reports\ogc2026_reboot_v001\full_compare_v298_vs_active_train40_20260629_001\logs\hh_active__baseline_hh_v291_fullcheck\prob_27.log,PASS objective=75028700.0 obj1=5456.0 obj2=1926 obj3=5700.0,"C:\Python314\python.exe ogc2026/batchrunner/benchmark.py --algorithm name=hh_active,version=baseline_hh_v291_fullcheck,path=ogc2026/baseline/baseline_hh.py --algorithm name=hh,version=v298_fullcheck,path=ogc2026/baseline/alg_versions/reboot_v298_20260629_trackA_prob11_rescue_with_familyB_tail_freeze_on_v290.py --problems train/prob_*.json --timelimit 60 --run-id full_compare_v298_vs_active_train40_20260629_001 --out-dir reports/ogc2026_reboot_v001/full_compare_v298_vs_active_train40_20260629_001 --cumulative-csv reports/ogc2026_reboot_v001/benchmark_results_revalidate_v298_train40.csv --require-fresh-cumulative"
2026-06-29T17:38:06,full_compare_v298_vs_active_train40_20260629_001,hh_active,baseline_hh_v291_fullcheck,ogc2026\baseline\baseline_hh.py,6bf58d7053decf43d195aaab1e6166b2daa55c29aecc4b38d6ac862d68a2eda5,9dfaa0ac5fa3e0f16fdfb0890e11b4cb64ea59b8edee029a9c4f13a2c52538b0,hh_algorithm_loop,ed5ab7f6,True,prob_28.json,60.000000,60.000000,20.000000,90.000000,true,false,true,true,true,5,18836666.0,18836666.0,18836666.0,1310.0,1012,4558.0,26.093510,25.92368197441101,150,150,3,,reports\ogc2026_reboot_v001\full_compare_v298_vs_active_train40_20260629_001\solutions\hh_active__baseline_hh_v291_fullcheck\prob_28.solution.json,reports\ogc2026_reboot_v001\full_compare_v298_vs_active_train40_20260629_001\logs\hh_active__baseline_hh_v291_fullcheck\prob_28.log,PASS objective=18836666.0 obj1=1310.0 obj2=1012 obj3=4558.0,"C:\Python314\python.exe ogc2026/batchrunner/benchmark.py --algorithm name=hh_active,version=baseline_hh_v291_fullcheck,path=ogc2026/baseline/baseline_hh.py --algorithm name=hh,version=v298_fullcheck,path=ogc2026/baseline/alg_versions/reboot_v298_20260629_trackA_prob11_rescue_with_familyB_tail_freeze_on_v290.py --problems train/prob_*.json --timelimit 60 --run-id full_compare_v298_vs_active_train40_20260629_001 --out-dir reports/ogc2026_reboot_v001/full_compare_v298_vs_active_train40_20260629_001 --cumulative-csv reports/ogc2026_reboot_v001/benchmark_results_revalidate_v298_train40.csv --require-fresh-cumulative"
2026-06-29T17:38:06,full_compare_v298_vs_active_train40_20260629_001,hh_active,baseline_hh_v291_fullcheck,ogc2026\baseline\baseline_hh.py,6bf58d7053decf43d195aaab1e6166b2daa55c29aecc4b38d6ac862d68a2eda5,9dfaa0ac5fa3e0f16fdfb0890e11b4cb64ea59b8edee029a9c4f13a2c52538b0,hh_algorithm_loop,ed5ab7f6,True,prob_29.json,60.000000,60.000000,20.000000,90.000000,true,false,true,true,true,5,7782572.0,7782572.0,7782572.0,446.0,3918,6081.0,32.257123,32.08200931549072,150,150,3,,reports\ogc2026_reboot_v001\full_compare_v298_vs_active_train40_20260629_001\solutions\hh_active__baseline_hh_v291_fullcheck\prob_29.solution.json,reports\ogc2026_reboot_v001\full_compare_v298_vs_active_train40_20260629_001\logs\hh_active__baseline_hh_v291_fullcheck\prob_29.log,PASS objective=7782572.0 obj1=446.0 obj2=3918 obj3=6081.0,"C:\Python314\python.exe ogc2026/batchrunner/benchmark.py --algorithm name=hh_active,version=baseline_hh_v291_fullcheck,path=ogc2026/baseline/baseline_hh.py --algorithm name=hh,version=v298_fullcheck,path=ogc2026/baseline/alg_versions/reboot_v298_20260629_trackA_prob11_rescue_with_familyB_tail_freeze_on_v290.py --problems train/prob_*.json --timelimit 60 --run-id full_compare_v298_vs_active_train40_20260629_001 --out-dir reports/ogc2026_reboot_v001/full_compare_v298_vs_active_train40_20260629_001 --cumulative-csv reports/ogc2026_reboot_v001/benchmark_results_revalidate_v298_train40.csv --require-fresh-cumulative"
2026-06-29T17:38:06,full_compare_v298_vs_active_train40_20260629_001,hh_active,baseline_hh_v291_fullcheck,ogc2026\baseline\baseline_hh.py,6bf58d7053decf43d195aaab1e6166b2daa55c29aecc4b38d6ac862d68a2eda5,9dfaa0ac5fa3e0f16fdfb0890e11b4cb64ea59b8edee029a9c4f13a2c52538b0,hh_algorithm_loop,ed5ab7f6,True,prob_30.json,60.000000,60.000000,20.000000,90.000000,true,false,true,true,true,5,31302610.0,31302610.0,31302610.0,2302.0,3211,2986.0,17.686885,17.478373050689697,150,150,2,,reports\ogc2026_reboot_v001\full_compare_v298_vs_active_train40_20260629_001\solutions\hh_active__baseline_hh_v291_fullcheck\prob_30.solution.json,reports\ogc2026_reboot_v001\full_compare_v298_vs_active_train40_20260629_001\logs\hh_active__baseline_hh_v291_fullcheck\prob_30.log,PASS objective=31302610.0 obj1=2302.0 obj2=3211 obj3=2986.0,"C:\Python314\python.exe ogc2026/batchrunner/benchmark.py --algorithm name=hh_active,version=baseline_hh_v291_fullcheck,path=ogc2026/baseline/baseline_hh.py --algorithm name=hh,version=v298_fullcheck,path=ogc2026/baseline/alg_versions/reboot_v298_20260629_trackA_prob11_rescue_with_familyB_tail_freeze_on_v290.py --problems train/prob_*.json --timelimit 60 --run-id full_compare_v298_vs_active_train40_20260629_001 --out-dir reports/ogc2026_reboot_v001/full_compare_v298_vs_active_train40_20260629_001 --cumulative-csv reports/ogc2026_reboot_v001/benchmark_results_revalidate_v298_train40.csv --require-fresh-cumulative"
2026-06-29T17:38:06,full_compare_v298_vs_active_train40_20260629_001,hh_active,baseline_hh_v291_fullcheck,ogc2026\baseline\baseline_hh.py,6bf58d7053decf43d195aaab1e6166b2daa55c29aecc4b38d6ac862d68a2eda5,9dfaa0ac5fa3e0f16fdfb0890e11b4cb64ea59b8edee029a9c4f13a2c52538b0,hh_algorithm_loop,ed5ab7f6,True,prob_31.json,60.000000,60.000000,20.000000,90.000000,true,false,true,true,true,5,39589844.0,39589844.0,39589844.0,2735.0,1843,11680.0,54.063278,53.88422131538391,200,200,4,,reports\ogc2026_reboot_v001\full_compare_v298_vs_active_train40_20260629_001\solutions\hh_active__baseline_hh_v291_fullcheck\prob_31.solution.json,reports\ogc2026_reboot_v001\full_compare_v298_vs_active_train40_20260629_001\logs\hh_active__baseline_hh_v291_fullcheck\prob_31.log,PASS objective=39589844.0 obj1=2735.0 obj2=1843 obj3=11680.0,"C:\Python314\python.exe ogc2026/batchrunner/benchmark.py --algorithm name=hh_active,version=baseline_hh_v291_fullcheck,path=ogc2026/baseline/baseline_hh.py --algorithm name=hh,version=v298_fullcheck,path=ogc2026/baseline/alg_versions/reboot_v298_20260629_trackA_prob11_rescue_with_familyB_tail_freeze_on_v290.py --problems train/prob_*.json --timelimit 60 --run-id full_compare_v298_vs_active_train40_20260629_001 --out-dir reports/ogc2026_reboot_v001/full_compare_v298_vs_active_train40_20260629_001 --cumulative-csv reports/ogc2026_reboot_v001/benchmark_results_revalidate_v298_train40.csv --require-fresh-cumulative"
2026-06-29T17:38:06,full_compare_v298_vs_active_train40_20260629_001,hh_active,baseline_hh_v291_fullcheck,ogc2026\baseline\baseline_hh.py,6bf58d7053decf43d195aaab1e6166b2daa55c29aecc4b38d6ac862d68a2eda5,9dfaa0ac5fa3e0f16fdfb0890e11b4cb64ea59b8edee029a9c4f13a2c52538b0,hh_algorithm_loop,ed5ab7f6,True,prob_32.json,60.000000,60.000000,20.000000,90.000000,true,false,true,true,true,5,12781706.0,12781706.0,12781706.0,2992.0,2434,4662.0,49.310444,49.12574911117554,200,200,3,,reports\ogc2026_reboot_v001\full_compare_v298_vs_active_train40_20260629_001\solutions\hh_active__baseline_hh_v291_fullcheck\prob_32.solution.json,reports\ogc2026_reboot_v001\full_compare_v298_vs_active_train40_20260629_001\logs\hh_active__baseline_hh_v291_fullcheck\prob_32.log,PASS objective=12781706.0 obj1=2992.0 obj2=2434 obj3=4662.0,"C:\Python314\python.exe ogc2026/batchrunner/benchmark.py --algorithm name=hh_active,version=baseline_hh_v291_fullcheck,path=ogc2026/baseline/baseline_hh.py --algorithm name=hh,version=v298_fullcheck,path=ogc2026/baseline/alg_versions/reboot_v298_20260629_trackA_prob11_rescue_with_familyB_tail_freeze_on_v290.py --problems train/prob_*.json --timelimit 60 --run-id full_compare_v298_vs_active_train40_20260629_001 --out-dir reports/ogc2026_reboot_v001/full_compare_v298_vs_active_train40_20260629_001 --cumulative-csv reports/ogc2026_reboot_v001/benchmark_results_revalidate_v298_train40.csv --require-fresh-cumulative"
2026-06-29T17:38:06,full_compare_v298_vs_active_train40_20260629_001,hh_active,baseline_hh_v291_fullcheck,ogc2026\baseline\baseline_hh.py,6bf58d7053decf43d195aaab1e6166b2daa55c29aecc4b38d6ac862d68a2eda5,9dfaa0ac5fa3e0f16fdfb0890e11b4cb64ea59b8edee029a9c4f13a2c52538b0,hh_algorithm_loop,ed5ab7f6,True,prob_33.json,60.000000,60.000000,20.000000,90.000000,true,false,true,true,true,5,26172225.0,26172225.0,26172225.0,3805.0,1094,5289.0,39.058943,38.8803653717041,200,200,3,,reports\ogc2026_reboot_v001\full_compare_v298_vs_active_train40_20260629_001\solutions\hh_active__baseline_hh_v291_fullcheck\prob_33.solution.json,reports\ogc2026_reboot_v001\full_compare_v298_vs_active_train40_20260629_001\logs\hh_active__baseline_hh_v291_fullcheck\prob_33.log,PASS objective=26172225.0 obj1=3805.0 obj2=1094 obj3=5289.0,"C:\Python314\python.exe ogc2026/batchrunner/benchmark.py --algorithm name=hh_active,version=baseline_hh_v291_fullcheck,path=ogc2026/baseline/baseline_hh.py --algorithm name=hh,version=v298_fullcheck,path=ogc2026/baseline/alg_versions/reboot_v298_20260629_trackA_prob11_rescue_with_familyB_tail_freeze_on_v290.py --problems train/prob_*.json --timelimit 60 --run-id full_compare_v298_vs_active_train40_20260629_001 --out-dir reports/ogc2026_reboot_v001/full_compare_v298_vs_active_train40_20260629_001 --cumulative-csv reports/ogc2026_reboot_v001/benchmark_results_revalidate_v298_train40.csv --require-fresh-cumulative"
2026-06-29T17:38:06,full_compare_v298_vs_active_train40_20260629_001,hh_active,baseline_hh_v291_fullcheck,ogc2026\baseline\baseline_hh.py,6bf58d7053decf43d195aaab1e6166b2daa55c29aecc4b38d6ac862d68a2eda5,9dfaa0ac5fa3e0f16fdfb0890e11b4cb64ea59b8edee029a9c4f13a2c52538b0,hh_algorithm_loop,ed5ab7f6,True,prob_34.json,60.000000,60.000000,20.000000,90.000000,true,false,true,true,true,5,8002714.0,8002714.0,8002714.0,1595.0,2702,5005.0,29.249266,28.795439958572388,200,200,4,,reports\ogc2026_reboot_v001\full_compare_v298_vs_active_train40_20260629_001\solutions\hh_active__baseline_hh_v291_fullcheck\prob_34.solution.json,reports\ogc2026_reboot_v001\full_compare_v298_vs_active_train40_20260629_001\logs\hh_active__baseline_hh_v291_fullcheck\prob_34.log,PASS objective=8002714.0 obj1=1595.0 obj2=2702 obj3=5005.0,"C:\Python314\python.exe ogc2026/batchrunner/benchmark.py --algorithm name=hh_active,version=baseline_hh_v291_fullcheck,path=ogc2026/baseline/baseline_hh.py --algorithm name=hh,version=v298_fullcheck,path=ogc2026/baseline/alg_versions/reboot_v298_20260629_trackA_prob11_rescue_with_familyB_tail_freeze_on_v290.py --problems train/prob_*.json --timelimit 60 --run-id full_compare_v298_vs_active_train40_20260629_001 --out-dir reports/ogc2026_reboot_v001/full_compare_v298_vs_active_train40_20260629_001 --cumulative-csv reports/ogc2026_reboot_v001/benchmark_results_revalidate_v298_train40.csv --require-fresh-cumulative"
2026-06-29T17:38:06,full_compare_v298_vs_active_train40_20260629_001,hh_active,baseline_hh_v291_fullcheck,ogc2026\baseline\baseline_hh.py,6bf58d7053decf43d195aaab1e6166b2daa55c29aecc4b38d6ac862d68a2eda5,9dfaa0ac5fa3e0f16fdfb0890e11b4cb64ea59b8edee029a9c4f13a2c52538b0,hh_algorithm_loop,ed5ab7f6,True,prob_35.json,60.000000,60.000000,20.000000,90.000000,true,false,true,true,true,5,22037108.0,22037108.0,22037108.0,1591.0,8081,5226.0,37.114719,36.92596650123596,200,200,3,,reports\ogc2026_reboot_v001\full_compare_v298_vs_active_train40_20260629_001\solutions\hh_active__baseline_hh_v291_fullcheck\prob_35.solution.json,reports\ogc2026_reboot_v001\full_compare_v298_vs_active_train40_20260629_001\logs\hh_active__baseline_hh_v291_fullcheck\prob_35.log,PASS objective=22037108.0 obj1=1591.0 obj2=8081 obj3=5226.0,"C:\Python314\python.exe ogc2026/batchrunner/benchmark.py --algorithm name=hh_active,version=baseline_hh_v291_fullcheck,path=ogc2026/baseline/baseline_hh.py --algorithm name=hh,version=v298_fullcheck,path=ogc2026/baseline/alg_versions/reboot_v298_20260629_trackA_prob11_rescue_with_familyB_tail_freeze_on_v290.py --problems train/prob_*.json --timelimit 60 --run-id full_compare_v298_vs_active_train40_20260629_001 --out-dir reports/ogc2026_reboot_v001/full_compare_v298_vs_active_train40_20260629_001 --cumulative-csv reports/ogc2026_reboot_v001/benchmark_results_revalidate_v298_train40.csv --require-fresh-cumulative"
2026-06-29T17:38:06,full_compare_v298_vs_active_train40_20260629_001,hh_active,baseline_hh_v291_fullcheck,ogc2026\baseline\baseline_hh.py,6bf58d7053decf43d195aaab1e6166b2daa55c29aecc4b38d6ac862d68a2eda5,9dfaa0ac5fa3e0f16fdfb0890e11b4cb64ea59b8edee029a9c4f13a2c52538b0,hh_algorithm_loop,ed5ab7f6,True,prob_36.json,60.000000,60.000000,20.000000,90.000000,true,false,true,true,true,5,1499988.0,1499988.0,1499988.0,2010.0,1381,12149.0,50.029328,49.84303402900696,250,250,4,,reports\ogc2026_reboot_v001\full_compare_v298_vs_active_train40_20260629_001\solutions\hh_active__baseline_hh_v291_fullcheck\prob_36.solution.json,reports\ogc2026_reboot_v001\full_compare_v298_vs_active_train40_20260629_001\logs\hh_active__baseline_hh_v291_fullcheck\prob_36.log,PASS objective=1499988.0 obj1=2010.0 obj2=1381 obj3=12149.0,"C:\Python314\python.exe ogc2026/batchrunner/benchmark.py --algorithm name=hh_active,version=baseline_hh_v291_fullcheck,path=ogc2026/baseline/baseline_hh.py --algorithm name=hh,version=v298_fullcheck,path=ogc2026/baseline/alg_versions/reboot_v298_20260629_trackA_prob11_rescue_with_familyB_tail_freeze_on_v290.py --problems train/prob_*.json --timelimit 60 --run-id full_compare_v298_vs_active_train40_20260629_001 --out-dir reports/ogc2026_reboot_v001/full_compare_v298_vs_active_train40_20260629_001 --cumulative-csv reports/ogc2026_reboot_v001/benchmark_results_revalidate_v298_train40.csv --require-fresh-cumulative"
2026-06-29T17:38:06,full_compare_v298_vs_active_train40_20260629_001,hh_active,baseline_hh_v291_fullcheck,ogc2026\baseline\baseline_hh.py,6bf58d7053decf43d195aaab1e6166b2daa55c29aecc4b38d6ac862d68a2eda5,9dfaa0ac5fa3e0f16fdfb0890e11b4cb64ea59b8edee029a9c4f13a2c52538b0,hh_algorithm_loop,ed5ab7f6,True,prob_37.json,60.000000,60.000000,20.000000,90.000000,true,false,true,true,true,5,17644653.0,17644653.0,17644653.0,3961.0,3660,7380.0,52.892370,52.70956778526306,250,250,3,,reports\ogc2026_reboot_v001\full_compare_v298_vs_active_train40_20260629_001\solutions\hh_active__baseline_hh_v291_fullcheck\prob_37.solution.json,reports\ogc2026_reboot_v001\full_compare_v298_vs_active_train40_20260629_001\logs\hh_active__baseline_hh_v291_fullcheck\prob_37.log,PASS objective=17644653.0 obj1=3961.0 obj2=3660 obj3=7380.0,"C:\Python314\python.exe ogc2026/batchrunner/benchmark.py --algorithm name=hh_active,version=baseline_hh_v291_fullcheck,path=ogc2026/baseline/baseline_hh.py --algorithm name=hh,version=v298_fullcheck,path=ogc2026/baseline/alg_versions/reboot_v298_20260629_trackA_prob11_rescue_with_familyB_tail_freeze_on_v290.py --problems train/prob_*.json --timelimit 60 --run-id full_compare_v298_vs_active_train40_20260629_001 --out-dir reports/ogc2026_reboot_v001/full_compare_v298_vs_active_train40_20260629_001 --cumulative-csv reports/ogc2026_reboot_v001/benchmark_results_revalidate_v298_train40.csv --require-fresh-cumulative"
2026-06-29T17:38:06,full_compare_v298_vs_active_train40_20260629_001,hh_active,baseline_hh_v291_fullcheck,ogc2026\baseline\baseline_hh.py,6bf58d7053decf43d195aaab1e6166b2daa55c29aecc4b38d6ac862d68a2eda5,9dfaa0ac5fa3e0f16fdfb0890e11b4cb64ea59b8edee029a9c4f13a2c52538b0,hh_algorithm_loop,ed5ab7f6,True,prob_38.json,60.000000,60.000000,20.000000,90.000000,true,false,true,true,true,5,151254848.0,151254848.0,151254848.0,11120.0,3894,9947.0,56.718096,56.267438650131226,250,250,3,,reports\ogc2026_reboot_v001\full_compare_v298_vs_active_train40_20260629_001\solutions\hh_active__baseline_hh_v291_fullcheck\prob_38.solution.json,reports\ogc2026_reboot_v001\full_compare_v298_vs_active_train40_20260629_001\logs\hh_active__baseline_hh_v291_fullcheck\prob_38.log,PASS objective=151254848.0 obj1=11120.0 obj2=3894 obj3=9947.0,"C:\Python314\python.exe ogc2026/batchrunner/benchmark.py --algorithm name=hh_active,version=baseline_hh_v291_fullcheck,path=ogc2026/baseline/baseline_hh.py --algorithm name=hh,version=v298_fullcheck,path=ogc2026/baseline/alg_versions/reboot_v298_20260629_trackA_prob11_rescue_with_familyB_tail_freeze_on_v290.py --problems train/prob_*.json --timelimit 60 --run-id full_compare_v298_vs_active_train40_20260629_001 --out-dir reports/ogc2026_reboot_v001/full_compare_v298_vs_active_train40_20260629_001 --cumulative-csv reports/ogc2026_reboot_v001/benchmark_results_revalidate_v298_train40.csv --require-fresh-cumulative"
2026-06-29T17:38:06,full_compare_v298_vs_active_train40_20260629_001,hh_active,baseline_hh_v291_fullcheck,ogc2026\baseline\baseline_hh.py,6bf58d7053decf43d195aaab1e6166b2daa55c29aecc4b38d6ac862d68a2eda5,9dfaa0ac5fa3e0f16fdfb0890e11b4cb64ea59b8edee029a9c4f13a2c52538b0,hh_algorithm_loop,ed5ab7f6,True,prob_39.json,60.000000,60.000000,20.000000,90.000000,true,false,true,true,true,5,48160369.0,48160369.0,48160369.0,3521.0,194,8094.0,57.655466,57.46137595176697,250,250,3,,reports\ogc2026_reboot_v001\full_compare_v298_vs_active_train40_20260629_001\solutions\hh_active__baseline_hh_v291_fullcheck\prob_39.solution.json,reports\ogc2026_reboot_v001\full_compare_v298_vs_active_train40_20260629_001\logs\hh_active__baseline_hh_v291_fullcheck\prob_39.log,PASS objective=48160369.0 obj1=3521.0 obj2=194 obj3=8094.0,"C:\Python314\python.exe ogc2026/batchrunner/benchmark.py --algorithm name=hh_active,version=baseline_hh_v291_fullcheck,path=ogc2026/baseline/baseline_hh.py --algorithm name=hh,version=v298_fullcheck,path=ogc2026/baseline/alg_versions/reboot_v298_20260629_trackA_prob11_rescue_with_familyB_tail_freeze_on_v290.py --problems train/prob_*.json --timelimit 60 --run-id full_compare_v298_vs_active_train40_20260629_001 --out-dir reports/ogc2026_reboot_v001/full_compare_v298_vs_active_train40_20260629_001 --cumulative-csv reports/ogc2026_reboot_v001/benchmark_results_revalidate_v298_train40.csv --require-fresh-cumulative"
2026-06-29T17:38:06,full_compare_v298_vs_active_train40_20260629_001,hh_active,baseline_hh_v291_fullcheck,ogc2026\baseline\baseline_hh.py,6bf58d7053decf43d195aaab1e6166b2daa55c29aecc4b38d6ac862d68a2eda5,9dfaa0ac5fa3e0f16fdfb0890e11b4cb64ea59b8edee029a9c4f13a2c52538b0,hh_algorithm_loop,ed5ab7f6,True,prob_40.json,60.000000,60.000000,20.000000,90.000000,true,false,true,true,true,5,5780789.0,5780789.0,5780789.0,8429.0,4947,11823.0,56.179550,55.98250770568848,250,250,4,,reports\ogc2026_reboot_v001\full_compare_v298_vs_active_train40_20260629_001\solutions\hh_active__baseline_hh_v291_fullcheck\prob_40.solution.json,reports\ogc2026_reboot_v001\full_compare_v298_vs_active_train40_20260629_001\logs\hh_active__baseline_hh_v291_fullcheck\prob_40.log,PASS objective=5780789.0 obj1=8429.0 obj2=4947 obj3=11823.0,"C:\Python314\python.exe ogc2026/batchrunner/benchmark.py --algorithm name=hh_active,version=baseline_hh_v291_fullcheck,path=ogc2026/baseline/baseline_hh.py --algorithm name=hh,version=v298_fullcheck,path=ogc2026/baseline/alg_versions/reboot_v298_20260629_trackA_prob11_rescue_with_familyB_tail_freeze_on_v290.py --problems train/prob_*.json --timelimit 60 --run-id full_compare_v298_vs_active_train40_20260629_001 --out-dir reports/ogc2026_reboot_v001/full_compare_v298_vs_active_train40_20260629_001 --cumulative-csv reports/ogc2026_reboot_v001/benchmark_results_revalidate_v298_train40.csv --require-fresh-cumulative"
2026-06-29T17:38:06,full_compare_v298_vs_active_train40_20260629_001,hh,v298_fullcheck,ogc2026\baseline\alg_versions\reboot_v298_20260629_trackA_prob11_rescue_with_familyB_tail_freeze_on_v290.py,653a22733fa06d48ca9620ea9200f9767c1f55700d6bd4ae079d8a49f827fa35,9dfaa0ac5fa3e0f16fdfb0890e11b4cb64ea59b8edee029a9c4f13a2c52538b0,hh_algorithm_loop,ed5ab7f6,True,prob_1.json,60.000000,60.000000,20.000000,90.000000,true,false,true,true,true,5,606628.0,606628.0,606628.0,8.0,1700,1810.0,23.381704,23.247684955596924,100,100,2,,reports\ogc2026_reboot_v001\full_compare_v298_vs_active_train40_20260629_001\solutions\hh__v298_fullcheck\prob_1.solution.json,reports\ogc2026_reboot_v001\full_compare_v298_vs_active_train40_20260629_001\logs\hh__v298_fullcheck\prob_1.log,PASS objective=606628.0 obj1=8.0 obj2=1700 obj3=1810.0,"C:\Python314\python.exe ogc2026/batchrunner/benchmark.py --algorithm name=hh_active,version=baseline_hh_v291_fullcheck,path=ogc2026/baseline/baseline_hh.py --algorithm name=hh,version=v298_fullcheck,path=ogc2026/baseline/alg_versions/reboot_v298_20260629_trackA_prob11_rescue_with_familyB_tail_freeze_on_v290.py --problems train/prob_*.json --timelimit 60 --run-id full_compare_v298_vs_active_train40_20260629_001 --out-dir reports/ogc2026_reboot_v001/full_compare_v298_vs_active_train40_20260629_001 --cumulative-csv reports/ogc2026_reboot_v001/benchmark_results_revalidate_v298_train40.csv --require-fresh-cumulative"
2026-06-29T17:38:06,full_compare_v298_vs_active_train40_20260629_001,hh,v298_fullcheck,ogc2026\baseline\alg_versions\reboot_v298_20260629_trackA_prob11_rescue_with_familyB_tail_freeze_on_v290.py,653a22733fa06d48ca9620ea9200f9767c1f55700d6bd4ae079d8a49f827fa35,9dfaa0ac5fa3e0f16fdfb0890e11b4cb64ea59b8edee029a9c4f13a2c52538b0,hh_algorithm_loop,ed5ab7f6,True,prob_2.json,60.000000,60.000000,20.000000,90.000000,true,false,true,true,true,5,51940.0,51940.0,51940.0,0.0,814,292.0,15.728768,15.595919609069824,100,100,3,,reports\ogc2026_reboot_v001\full_compare_v298_vs_active_train40_20260629_001\solutions\hh__v298_fullcheck\prob_2.solution.json,reports\ogc2026_reboot_v001\full_compare_v298_vs_active_train40_20260629_001\logs\hh__v298_fullcheck\prob_2.log,PASS objective=51940.0 obj1=0.0 obj2=814 obj3=292.0,"C:\Python314\python.exe ogc2026/batchrunner/benchmark.py --algorithm name=hh_active,version=baseline_hh_v291_fullcheck,path=ogc2026/baseline/baseline_hh.py --algorithm name=hh,version=v298_fullcheck,path=ogc2026/baseline/alg_versions/reboot_v298_20260629_trackA_prob11_rescue_with_familyB_tail_freeze_on_v290.py --problems train/prob_*.json --timelimit 60 --run-id full_compare_v298_vs_active_train40_20260629_001 --out-dir reports/ogc2026_reboot_v001/full_compare_v298_vs_active_train40_20260629_001 --cumulative-csv reports/ogc2026_reboot_v001/benchmark_results_revalidate_v298_train40.csv --require-fresh-cumulative"
2026-06-29T17:38:06,full_compare_v298_vs_active_train40_20260629_001,hh,v298_fullcheck,ogc2026\baseline\alg_versions\reboot_v298_20260629_trackA_prob11_rescue_with_familyB_tail_freeze_on_v290.py,653a22733fa06d48ca9620ea9200f9767c1f55700d6bd4ae079d8a49f827fa35,9dfaa0ac5fa3e0f16fdfb0890e11b4cb64ea59b8edee029a9c4f13a2c52538b0,hh_algorithm_loop,ed5ab7f6,True,prob_3.json,60.000000,60.000000,20.000000,90.000000,true,false,true,true,true,5,156780.0,156780.0,156780.0,0.0,1998,912.0,14.021459,13.871378898620605,100,100,3,,reports\ogc2026_reboot_v001\full_compare_v298_vs_active_train40_20260629_001\solutions\hh__v298_fullcheck\prob_3.solution.json,reports\ogc2026_reboot_v001\full_compare_v298_vs_active_train40_20260629_001\logs\hh__v298_fullcheck\prob_3.log,PASS objective=156780.0 obj1=0.0 obj2=1998 obj3=912.0,"C:\Python314\python.exe ogc2026/batchrunner/benchmark.py --algorithm name=hh_active,version=baseline_hh_v291_fullcheck,path=ogc2026/baseline/baseline_hh.py --algorithm name=hh,version=v298_fullcheck,path=ogc2026/baseline/alg_versions/reboot_v298_20260629_trackA_prob11_rescue_with_familyB_tail_freeze_on_v290.py --problems train/prob_*.json --timelimit 60 --run-id full_compare_v298_vs_active_train40_20260629_001 --out-dir reports/ogc2026_reboot_v001/full_compare_v298_vs_active_train40_20260629_001 --cumulative-csv reports/ogc2026_reboot_v001/benchmark_results_revalidate_v298_train40.csv --require-fresh-cumulative"
2026-06-29T17:38:06,full_compare_v298_vs_active_train40_20260629_001,hh,v298_fullcheck,ogc2026\baseline\alg_versions\reboot_v298_20260629_trackA_prob11_rescue_with_familyB_tail_freeze_on_v290.py,653a22733fa06d48ca9620ea9200f9767c1f55700d6bd4ae079d8a49f827fa35,9dfaa0ac5fa3e0f16fdfb0890e11b4cb64ea59b8edee029a9c4f13a2c52538b0,hh_algorithm_loop,ed5ab7f6,True,prob_4.json,60.000000,60.000000,20.000000,90.000000,true,false,true,true,true,5,331591.0,331591.0,331591.0,6.0,1669,942.0,17.328058,17.19200372695923,100,100,2,,reports\ogc2026_reboot_v001\full_compare_v298_vs_active_train40_20260629_001\solutions\hh__v298_fullcheck\prob_4.solution.json,reports\ogc2026_reboot_v001\full_compare_v298_vs_active_train40_20260629_001\logs\hh__v298_fullcheck\prob_4.log,PASS objective=331591.0 obj1=6.0 obj2=1669 obj3=942.0,"C:\Python314\python.exe ogc2026/batchrunner/benchmark.py --algorithm name=hh_active,version=baseline_hh_v291_fullcheck,path=ogc2026/baseline/baseline_hh.py --algorithm name=hh,version=v298_fullcheck,path=ogc2026/baseline/alg_versions/reboot_v298_20260629_trackA_prob11_rescue_with_familyB_tail_freeze_on_v290.py --problems train/prob_*.json --timelimit 60 --run-id full_compare_v298_vs_active_train40_20260629_001 --out-dir reports/ogc2026_reboot_v001/full_compare_v298_vs_active_train40_20260629_001 --cumulative-csv reports/ogc2026_reboot_v001/benchmark_results_revalidate_v298_train40.csv --require-fresh-cumulative"
2026-06-29T17:38:06,full_compare_v298_vs_active_train40_20260629_001,hh,v298_fullcheck,ogc2026\baseline\alg_versions\reboot_v298_20260629_trackA_prob11_rescue_with_familyB_tail_freeze_on_v290.py,653a22733fa06d48ca9620ea9200f9767c1f55700d6bd4ae079d8a49f827fa35,9dfaa0ac5fa3e0f16fdfb0890e11b4cb64ea59b8edee029a9c4f13a2c52538b0,hh_algorithm_loop,ed5ab7f6,True,prob_5.json,60.000000,60.000000,20.000000,90.000000,true,false,true,true,true,5,139455.0,139455.0,139455.0,0.0,1065,880.0,17.730975,17.560011625289917,150,150,3,,reports\ogc2026_reboot_v001\full_compare_v298_vs_active_train40_20260629_001\solutions\hh__v298_fullcheck\prob_5.solution.json,reports\ogc2026_reboot_v001\full_compare_v298_vs_active_train40_20260629_001\logs\hh__v298_fullcheck\prob_5.log,PASS objective=139455.0 obj1=0.0 obj2=1065 obj3=880.0,"C:\Python314\python.exe ogc2026/batchrunner/benchmark.py --algorithm name=hh_active,version=baseline_hh_v291_fullcheck,path=ogc2026/baseline/baseline_hh.py --algorithm name=hh,version=v298_fullcheck,path=ogc2026/baseline/alg_versions/reboot_v298_20260629_trackA_prob11_rescue_with_familyB_tail_freeze_on_v290.py --problems train/prob_*.json --timelimit 60 --run-id full_compare_v298_vs_active_train40_20260629_001 --out-dir reports/ogc2026_reboot_v001/full_compare_v298_vs_active_train40_20260629_001 --cumulative-csv reports/ogc2026_reboot_v001/benchmark_results_revalidate_v298_train40.csv --require-fresh-cumulative"
2026-06-29T17:38:06,full_compare_v298_vs_active_train40_20260629_001,hh,v298_fullcheck,ogc2026\baseline\alg_versions\reboot_v298_20260629_trackA_prob11_rescue_with_familyB_tail_freeze_on_v290.py,653a22733fa06d48ca9620ea9200f9767c1f55700d6bd4ae079d8a49f827fa35,9dfaa0ac5fa3e0f16fdfb0890e11b4cb64ea59b8edee029a9c4f13a2c52538b0,hh_algorithm_loop,ed5ab7f6,True,prob_6.json,60.000000,60.000000,20.000000,90.000000,true,false,true,true,true,5,577115.0,577115.0,577115.0,7.0,1815,2380.0,29.584549,29.443471908569336,150,150,3,,reports\ogc2026_reboot_v001\full_compare_v298_vs_active_train40_20260629_001\solutions\hh__v298_fullcheck\prob_6.solution.json,reports\ogc2026_reboot_v001\full_compare_v298_vs_active_train40_20260629_001\logs\hh__v298_fullcheck\prob_6.log,PASS objective=577115.0 obj1=7.0 obj2=1815 obj3=2380.0,"C:\Python314\python.exe ogc2026/batchrunner/benchmark.py --algorithm name=hh_active,version=baseline_hh_v291_fullcheck,path=ogc2026/baseline/baseline_hh.py --algorithm name=hh,version=v298_fullcheck,path=ogc2026/baseline/alg_versions/reboot_v298_20260629_trackA_prob11_rescue_with_familyB_tail_freeze_on_v290.py --problems train/prob_*.json --timelimit 60 --run-id full_compare_v298_vs_active_train40_20260629_001 --out-dir reports/ogc2026_reboot_v001/full_compare_v298_vs_active_train40_20260629_001 --cumulative-csv reports/ogc2026_reboot_v001/benchmark_results_revalidate_v298_train40.csv --require-fresh-cumulative"
2026-06-29T17:38:06,full_compare_v298_vs_active_train40_20260629_001,hh,v298_fullcheck,ogc2026\baseline\alg_versions\reboot_v298_20260629_trackA_prob11_rescue_with_familyB_tail_freeze_on_v290.py,653a22733fa06d48ca9620ea9200f9767c1f55700d6bd4ae079d8a49f827fa35,9dfaa0ac5fa3e0f16fdfb0890e11b4cb64ea59b8edee029a9c4f13a2c52538b0,hh_algorithm_loop,ed5ab7f6,True,prob_7.json,60.000000,60.000000,20.000000,90.000000,true,false,true,true,true,5,131191.0,131191.0,131191.0,0.0,3013,734.0,20.441649,20.300994157791138,150,150,3,,reports\ogc2026_reboot_v001\full_compare_v298_vs_active_train40_20260629_001\solutions\hh__v298_fullcheck\prob_7.solution.json,reports\ogc2026_reboot_v001\full_compare_v298_vs_active_train40_20260629_001\logs\hh__v298_fullcheck\prob_7.log,PASS objective=131191.0 obj1=0.0 obj2=3013 obj3=734.0,"C:\Python314\python.exe ogc2026/batchrunner/benchmark.py --algorithm name=hh_active,version=baseline_hh_v291_fullcheck,path=ogc2026/baseline/baseline_hh.py --algorithm name=hh,version=v298_fullcheck,path=ogc2026/baseline/alg_versions/reboot_v298_20260629_trackA_prob11_rescue_with_familyB_tail_freeze_on_v290.py --problems train/prob_*.json --timelimit 60 --run-id full_compare_v298_vs_active_train40_20260629_001 --out-dir reports/ogc2026_reboot_v001/full_compare_v298_vs_active_train40_20260629_001 --cumulative-csv reports/ogc2026_reboot_v001/benchmark_results_revalidate_v298_train40.csv --require-fresh-cumulative"
2026-06-29T17:38:06,full_compare_v298_vs_active_train40_20260629_001,hh,v298_fullcheck,ogc2026\baseline\alg_versions\reboot_v298_20260629_trackA_prob11_rescue_with_familyB_tail_freeze_on_v290.py,653a22733fa06d48ca9620ea9200f9767c1f55700d6bd4ae079d8a49f827fa35,9dfaa0ac5fa3e0f16fdfb0890e11b4cb64ea59b8edee029a9c4f13a2c52538b0,hh_algorithm_loop,ed5ab7f6,True,prob_8.json,60.000000,60.000000,20.000000,90.000000,true,false,true,true,true,5,74968.0,74968.0,74968.0,0.0,1142,352.0,12.234049,12.091662645339966,150,150,2,,reports\ogc2026_reboot_v001\full_compare_v298_vs_active_train40_20260629_001\solutions\hh__v298_fullcheck\prob_8.solution.json,reports\ogc2026_reboot_v001\full_compare_v298_vs_active_train40_20260629_001\logs\hh__v298_fullcheck\prob_8.log,PASS objective=74968.0 obj1=0.0 obj2=1142 obj3=352.0,"C:\Python314\python.exe ogc2026/batchrunner/benchmark.py --algorithm name=hh_active,version=baseline_hh_v291_fullcheck,path=ogc2026/baseline/baseline_hh.py --algorithm name=hh,version=v298_fullcheck,path=ogc2026/baseline/alg_versions/reboot_v298_20260629_trackA_prob11_rescue_with_familyB_tail_freeze_on_v290.py --problems train/prob_*.json --timelimit 60 --run-id full_compare_v298_vs_active_train40_20260629_001 --out-dir reports/ogc2026_reboot_v001/full_compare_v298_vs_active_train40_20260629_001 --cumulative-csv reports/ogc2026_reboot_v001/benchmark_results_revalidate_v298_train40.csv --require-fresh-cumulative"
2026-06-29T17:38:06,full_compare_v298_vs_active_train40_20260629_001,hh,v298_fullcheck,ogc2026\baseline\alg_versions\reboot_v298_20260629_trackA_prob11_rescue_with_familyB_tail_freeze_on_v290.py,653a22733fa06d48ca9620ea9200f9767c1f55700d6bd4ae079d8a49f827fa35,9dfaa0ac5fa3e0f16fdfb0890e11b4cb64ea59b8edee029a9c4f13a2c52538b0,hh_algorithm_loop,ed5ab7f6,True,prob_9.json,60.000000,60.000000,20.000000,90.000000,true,false,true,true,true,5,237200.0,237200.0,237200.0,0.0,1090,1545.0,27.745220,27.317594051361084,200,200,3,,reports\ogc2026_reboot_v001\full_compare_v298_vs_active_train40_20260629_001\solutions\hh__v298_fullcheck\prob_9.solution.json,reports\ogc2026_reboot_v001\full_compare_v298_vs_active_train40_20260629_001\logs\hh__v298_fullcheck\prob_9.log,PASS objective=237200.0 obj1=0.0 obj2=1090 obj3=1545.0,"C:\Python314\python.exe ogc2026/batchrunner/benchmark.py --algorithm name=hh_active,version=baseline_hh_v291_fullcheck,path=ogc2026/baseline/baseline_hh.py --algorithm name=hh,version=v298_fullcheck,path=ogc2026/baseline/alg_versions/reboot_v298_20260629_trackA_prob11_rescue_with_familyB_tail_freeze_on_v290.py --problems train/prob_*.json --timelimit 60 --run-id full_compare_v298_vs_active_train40_20260629_001 --out-dir reports/ogc2026_reboot_v001/full_compare_v298_vs_active_train40_20260629_001 --cumulative-csv reports/ogc2026_reboot_v001/benchmark_results_revalidate_v298_train40.csv --require-fresh-cumulative"
2026-06-29T17:38:06,full_compare_v298_vs_active_train40_20260629_001,hh,v298_fullcheck,ogc2026\baseline\alg_versions\reboot_v298_20260629_trackA_prob11_rescue_with_familyB_tail_freeze_on_v290.py,653a22733fa06d48ca9620ea9200f9767c1f55700d6bd4ae079d8a49f827fa35,9dfaa0ac5fa3e0f16fdfb0890e11b4cb64ea59b8edee029a9c4f13a2c52538b0,hh_algorithm_loop,ed5ab7f6,True,prob_10.json,60.000000,60.000000,20.000000,90.000000,true,false,true,true,true,5,1274865.0,1274865.0,1274865.0,66.0,2577,2232.0,23.578045,23.408126831054688,200,200,4,,reports\ogc2026_reboot_v001\full_compare_v298_vs_active_train40_20260629_001\solutions\hh__v298_fullcheck\prob_10.solution.json,reports\ogc2026_reboot_v001\full_compare_v298_vs_active_train40_20260629_001\logs\hh__v298_fullcheck\prob_10.log,PASS objective=1274865.0 obj1=66.0 obj2=2577 obj3=2232.0,"C:\Python314\python.exe ogc2026/batchrunner/benchmark.py --algorithm name=hh_active,version=baseline_hh_v291_fullcheck,path=ogc2026/baseline/baseline_hh.py --algorithm name=hh,version=v298_fullcheck,path=ogc2026/baseline/alg_versions/reboot_v298_20260629_trackA_prob11_rescue_with_familyB_tail_freeze_on_v290.py --problems train/prob_*.json --timelimit 60 --run-id full_compare_v298_vs_active_train40_20260629_001 --out-dir reports/ogc2026_reboot_v001/full_compare_v298_vs_active_train40_20260629_001 --cumulative-csv reports/ogc2026_reboot_v001/benchmark_results_revalidate_v298_train40.csv --require-fresh-cumulative"
2026-06-29T17:38:06,full_compare_v298_vs_active_train40_20260629_001,hh,v298_fullcheck,ogc2026\baseline\alg_versions\reboot_v298_20260629_trackA_prob11_rescue_with_familyB_tail_freeze_on_v290.py,653a22733fa06d48ca9620ea9200f9767c1f55700d6bd4ae079d8a49f827fa35,9dfaa0ac5fa3e0f16fdfb0890e11b4cb64ea59b8edee029a9c4f13a2c52538b0,hh_algorithm_loop,ed5ab7f6,True,prob_11.json,60.000000,60.000000,20.000000,90.000000,true,false,true,true,true,5,8164735.0,8164735.0,8164735.0,342.0,415,2592.0,47.342784,47.16201567649841,200,200,4,,reports\ogc2026_reboot_v001\full_compare_v298_vs_active_train40_20260629_001\solutions\hh__v298_fullcheck\prob_11.solution.json,reports\ogc2026_reboot_v001\full_compare_v298_vs_active_train40_20260629_001\logs\hh__v298_fullcheck\prob_11.log,PASS objective=8164735.0 obj1=342.0 obj2=415 obj3=2592.0,"C:\Python314\python.exe ogc2026/batchrunner/benchmark.py --algorithm name=hh_active,version=baseline_hh_v291_fullcheck,path=ogc2026/baseline/baseline_hh.py --algorithm name=hh,version=v298_fullcheck,path=ogc2026/baseline/alg_versions/reboot_v298_20260629_trackA_prob11_rescue_with_familyB_tail_freeze_on_v290.py --problems train/prob_*.json --timelimit 60 --run-id full_compare_v298_vs_active_train40_20260629_001 --out-dir reports/ogc2026_reboot_v001/full_compare_v298_vs_active_train40_20260629_001 --cumulative-csv reports/ogc2026_reboot_v001/benchmark_results_revalidate_v298_train40.csv --require-fresh-cumulative"
2026-06-29T17:38:06,full_compare_v298_vs_active_train40_20260629_001,hh,v298_fullcheck,ogc2026\baseline\alg_versions\reboot_v298_20260629_trackA_prob11_rescue_with_familyB_tail_freeze_on_v290.py,653a22733fa06d48ca9620ea9200f9767c1f55700d6bd4ae079d8a49f827fa35,9dfaa0ac5fa3e0f16fdfb0890e11b4cb64ea59b8edee029a9c4f13a2c52538b0,hh_algorithm_loop,ed5ab7f6,True,prob_12.json,60.000000,60.000000,20.000000,90.000000,true,false,true,true,true,5,553078.0,553078.0,553078.0,8.0,6633,2491.0,25.162501,24.99381422996521,200,200,4,,reports\ogc2026_reboot_v001\full_compare_v298_vs_active_train40_20260629_001\solutions\hh__v298_fullcheck\prob_12.solution.json,reports\ogc2026_reboot_v001\full_compare_v298_vs_active_train40_20260629_001\logs\hh__v298_fullcheck\prob_12.log,PASS objective=553078.0 obj1=8.0 obj2=6633 obj3=2491.0,"C:\Python314\python.exe ogc2026/batchrunner/benchmark.py --algorithm name=hh_active,version=baseline_hh_v291_fullcheck,path=ogc2026/baseline/baseline_hh.py --algorithm name=hh,version=v298_fullcheck,path=ogc2026/baseline/alg_versions/reboot_v298_20260629_trackA_prob11_rescue_with_familyB_tail_freeze_on_v290.py --problems train/prob_*.json --timelimit 60 --run-id full_compare_v298_vs_active_train40_20260629_001 --out-dir reports/ogc2026_reboot_v001/full_compare_v298_vs_active_train40_20260629_001 --cumulative-csv reports/ogc2026_reboot_v001/benchmark_results_revalidate_v298_train40.csv --require-fresh-cumulative"
2026-06-29T17:38:06,full_compare_v298_vs_active_train40_20260629_001,hh,v298_fullcheck,ogc2026\baseline\alg_versions\reboot_v298_20260629_trackA_prob11_rescue_with_familyB_tail_freeze_on_v290.py,653a22733fa06d48ca9620ea9200f9767c1f55700d6bd4ae079d8a49f827fa35,9dfaa0ac5fa3e0f16fdfb0890e11b4cb64ea59b8edee029a9c4f13a2c52538b0,hh_algorithm_loop,ed5ab7f6,True,prob_13.json,60.000000,60.000000,20.000000,90.000000,true,false,true,true,true,5,9695535.0,9695535.0,9695535.0,488.0,4623,4460.0,36.915278,36.74379253387451,250,250,4,,reports\ogc2026_reboot_v001\full_compare_v298_vs_active_train40_20260629_001\solutions\hh__v298_fullcheck\prob_13.solution.json,reports\ogc2026_reboot_v001\full_compare_v298_vs_active_train40_20260629_001\logs\hh__v298_fullcheck\prob_13.log,PASS objective=9695535.0 obj1=488.0 obj2=4623 obj3=4460.0,"C:\Python314\python.exe ogc2026/batchrunner/benchmark.py --algorithm name=hh_active,version=baseline_hh_v291_fullcheck,path=ogc2026/baseline/baseline_hh.py --algorithm name=hh,version=v298_fullcheck,path=ogc2026/baseline/alg_versions/reboot_v298_20260629_trackA_prob11_rescue_with_familyB_tail_freeze_on_v290.py --problems train/prob_*.json --timelimit 60 --run-id full_compare_v298_vs_active_train40_20260629_001 --out-dir reports/ogc2026_reboot_v001/full_compare_v298_vs_active_train40_20260629_001 --cumulative-csv reports/ogc2026_reboot_v001/benchmark_results_revalidate_v298_train40.csv --require-fresh-cumulative"
2026-06-29T17:38:06,full_compare_v298_vs_active_train40_20260629_001,hh,v298_fullcheck,ogc2026\baseline\alg_versions\reboot_v298_20260629_trackA_prob11_rescue_with_familyB_tail_freeze_on_v290.py,653a22733fa06d48ca9620ea9200f9767c1f55700d6bd4ae079d8a49f827fa35,9dfaa0ac5fa3e0f16fdfb0890e11b4cb64ea59b8edee029a9c4f13a2c52538b0,hh_algorithm_loop,ed5ab7f6,True,prob_14.json,60.000000,60.000000,20.000000,90.000000,true,false,true,true,true,5,3795716.0,3795716.0,3795716.0,181.0,3301,4221.0,53.285195,53.10501194000244,250,250,4,,reports\ogc2026_reboot_v001\full_compare_v298_vs_active_train40_20260629_001\solutions\hh__v298_fullcheck\prob_14.solution.json,reports\ogc2026_reboot_v001\full_compare_v298_vs_active_train40_20260629_001\logs\hh__v298_fullcheck\prob_14.log,PASS objective=3795716.0 obj1=181.0 obj2=3301 obj3=4221.0,"C:\Python314\python.exe ogc2026/batchrunner/benchmark.py --algorithm name=hh_active,version=baseline_hh_v291_fullcheck,path=ogc2026/baseline/baseline_hh.py --algorithm name=hh,version=v298_fullcheck,path=ogc2026/baseline/alg_versions/reboot_v298_20260629_trackA_prob11_rescue_with_familyB_tail_freeze_on_v290.py --problems train/prob_*.json --timelimit 60 --run-id full_compare_v298_vs_active_train40_20260629_001 --out-dir reports/ogc2026_reboot_v001/full_compare_v298_vs_active_train40_20260629_001 --cumulative-csv reports/ogc2026_reboot_v001/benchmark_results_revalidate_v298_train40.csv --require-fresh-cumulative"
2026-06-29T17:38:06,full_compare_v298_vs_active_train40_20260629_001,hh,v298_fullcheck,ogc2026\baseline\alg_versions\reboot_v298_20260629_trackA_prob11_rescue_with_familyB_tail_freeze_on_v290.py,653a22733fa06d48ca9620ea9200f9767c1f55700d6bd4ae079d8a49f827fa35,9dfaa0ac5fa3e0f16fdfb0890e11b4cb64ea59b8edee029a9c4f13a2c52538b0,hh_algorithm_loop,ed5ab7f6,True,prob_15.json,60.000000,60.000000,20.000000,90.000000,true,false,true,true,true,5,844023.0,844023.0,844023.0,25.0,3465,3431.0,37.628539,37.4524872303009,250,250,4,,reports\ogc2026_reboot_v001\full_compare_v298_vs_active_train40_20260629_001\solutions\hh__v298_fullcheck\prob_15.solution.json,reports\ogc2026_reboot_v001\full_compare_v298_vs_active_train40_20260629_001\logs\hh__v298_fullcheck\prob_15.log,PASS objective=844023.0 obj1=25.0 obj2=3465 obj3=3431.0,"C:\Python314\python.exe ogc2026/batchrunner/benchmark.py --algorithm name=hh_active,version=baseline_hh_v291_fullcheck,path=ogc2026/baseline/baseline_hh.py --algorithm name=hh,version=v298_fullcheck,path=ogc2026/baseline/alg_versions/reboot_v298_20260629_trackA_prob11_rescue_with_familyB_tail_freeze_on_v290.py --problems train/prob_*.json --timelimit 60 --run-id full_compare_v298_vs_active_train40_20260629_001 --out-dir reports/ogc2026_reboot_v001/full_compare_v298_vs_active_train40_20260629_001 --cumulative-csv reports/ogc2026_reboot_v001/benchmark_results_revalidate_v298_train40.csv --require-fresh-cumulative"
2026-06-29T17:38:06,full_compare_v298_vs_active_train40_20260629_001,hh,v298_fullcheck,ogc2026\baseline\alg_versions\reboot_v298_20260629_trackA_prob11_rescue_with_familyB_tail_freeze_on_v290.py,653a22733fa06d48ca9620ea9200f9767c1f55700d6bd4ae079d8a49f827fa35,9dfaa0ac5fa3e0f16fdfb0890e11b4cb64ea59b8edee029a9c4f13a2c52538b0,hh_algorithm_loop,ed5ab7f6,True,prob_16.json,60.000000,60.000000,20.000000,90.000000,true,false,true,true,true,5,176817.0,176817.0,176817.0,0.0,2938,1219.0,12.335802,12.17518401145935,250,250,4,,reports\ogc2026_reboot_v001\full_compare_v298_vs_active_train40_20260629_001\solutions\hh__v298_fullcheck\prob_16.solution.json,reports\ogc2026_reboot_v001\full_compare_v298_vs_active_train40_20260629_001\logs\hh__v298_fullcheck\prob_16.log,PASS objective=176817.0 obj1=0.0 obj2=2938 obj3=1219.0,"C:\Python314\python.exe ogc2026/batchrunner/benchmark.py --algorithm name=hh_active,version=baseline_hh_v291_fullcheck,path=ogc2026/baseline/baseline_hh.py --algorithm name=hh,version=v298_fullcheck,path=ogc2026/baseline/alg_versions/reboot_v298_20260629_trackA_prob11_rescue_with_familyB_tail_freeze_on_v290.py --problems train/prob_*.json --timelimit 60 --run-id full_compare_v298_vs_active_train40_20260629_001 --out-dir reports/ogc2026_reboot_v001/full_compare_v298_vs_active_train40_20260629_001 --cumulative-csv reports/ogc2026_reboot_v001/benchmark_results_revalidate_v298_train40.csv --require-fresh-cumulative"
2026-06-29T17:38:06,full_compare_v298_vs_active_train40_20260629_001,hh,v298_fullcheck,ogc2026\baseline\alg_versions\reboot_v298_20260629_trackA_prob11_rescue_with_familyB_tail_freeze_on_v290.py,653a22733fa06d48ca9620ea9200f9767c1f55700d6bd4ae079d8a49f827fa35,9dfaa0ac5fa3e0f16fdfb0890e11b4cb64ea59b8edee029a9c4f13a2c52538b0,hh_algorithm_loop,ed5ab7f6,True,prob_17.json,60.000000,60.000000,20.000000,90.000000,true,false,true,true,true,5,338183.0,338183.0,338183.0,13.0,5749,1422.0,18.969279,18.528406143188477,300,300,4,,reports\ogc2026_reboot_v001\full_compare_v298_vs_active_train40_20260629_001\solutions\hh__v298_fullcheck\prob_17.solution.json,reports\ogc2026_reboot_v001\full_compare_v298_vs_active_train40_20260629_001\logs\hh__v298_fullcheck\prob_17.log,PASS objective=338183.0 obj1=13.0 obj2=5749 obj3=1422.0,"C:\Python314\python.exe ogc2026/batchrunner/benchmark.py --algorithm name=hh_active,version=baseline_hh_v291_fullcheck,path=ogc2026/baseline/baseline_hh.py --algorithm name=hh,version=v298_fullcheck,path=ogc2026/baseline/alg_versions/reboot_v298_20260629_trackA_prob11_rescue_with_familyB_tail_freeze_on_v290.py --problems train/prob_*.json --timelimit 60 --run-id full_compare_v298_vs_active_train40_20260629_001 --out-dir reports/ogc2026_reboot_v001/full_compare_v298_vs_active_train40_20260629_001 --cumulative-csv reports/ogc2026_reboot_v001/benchmark_results_revalidate_v298_train40.csv --require-fresh-cumulative"
2026-06-29T17:38:06,full_compare_v298_vs_active_train40_20260629_001,hh,v298_fullcheck,ogc2026\baseline\alg_versions\reboot_v298_20260629_trackA_prob11_rescue_with_familyB_tail_freeze_on_v290.py,653a22733fa06d48ca9620ea9200f9767c1f55700d6bd4ae079d8a49f827fa35,9dfaa0ac5fa3e0f16fdfb0890e11b4cb64ea59b8edee029a9c4f13a2c52538b0,hh_algorithm_loop,ed5ab7f6,True,prob_18.json,60.000000,60.000000,20.000000,90.000000,true,false,true,true,true,5,264994.0,264994.0,264994.0,0.0,3406,1890.0,23.425226,23.251440286636353,300,300,4,,reports\ogc2026_reboot_v001\full_compare_v298_vs_active_train40_20260629_001\solutions\hh__v298_fullcheck\prob_18.solution.json,reports\ogc2026_reboot_v001\full_compare_v298_vs_active_train40_20260629_001\logs\hh__v298_fullcheck\prob_18.log,PASS objective=264994.0 obj1=0.0 obj2=3406 obj3=1890.0,"C:\Python314\python.exe ogc2026/batchrunner/benchmark.py --algorithm name=hh_active,version=baseline_hh_v291_fullcheck,path=ogc2026/baseline/baseline_hh.py --algorithm name=hh,version=v298_fullcheck,path=ogc2026/baseline/alg_versions/reboot_v298_20260629_trackA_prob11_rescue_with_familyB_tail_freeze_on_v290.py --problems train/prob_*.json --timelimit 60 --run-id full_compare_v298_vs_active_train40_20260629_001 --out-dir reports/ogc2026_reboot_v001/full_compare_v298_vs_active_train40_20260629_001 --cumulative-csv reports/ogc2026_reboot_v001/benchmark_results_revalidate_v298_train40.csv --require-fresh-cumulative"
2026-06-29T17:38:06,full_compare_v298_vs_active_train40_20260629_001,hh,v298_fullcheck,ogc2026\baseline\alg_versions\reboot_v298_20260629_trackA_prob11_rescue_with_familyB_tail_freeze_on_v290.py,653a22733fa06d48ca9620ea9200f9767c1f55700d6bd4ae079d8a49f827fa35,9dfaa0ac5fa3e0f16fdfb0890e11b4cb64ea59b8edee029a9c4f13a2c52538b0,hh_algorithm_loop,ed5ab7f6,True,prob_19.json,60.000000,60.000000,20.000000,90.000000,true,false,true,true,true,5,1896684.0,1896684.0,1896684.0,123.0,6544,4199.0,39.536530,39.35358285903931,300,300,4,,reports\ogc2026_reboot_v001\full_compare_v298_vs_active_train40_20260629_001\solutions\hh__v298_fullcheck\prob_19.solution.json,reports\ogc2026_reboot_v001\full_compare_v298_vs_active_train40_20260629_001\logs\hh__v298_fullcheck\prob_19.log,PASS objective=1896684.0 obj1=123.0 obj2=6544 obj3=4199.0,"C:\Python314\python.exe ogc2026/batchrunner/benchmark.py --algorithm name=hh_active,version=baseline_hh_v291_fullcheck,path=ogc2026/baseline/baseline_hh.py --algorithm name=hh,version=v298_fullcheck,path=ogc2026/baseline/alg_versions/reboot_v298_20260629_trackA_prob11_rescue_with_familyB_tail_freeze_on_v290.py --problems train/prob_*.json --timelimit 60 --run-id full_compare_v298_vs_active_train40_20260629_001 --out-dir reports/ogc2026_reboot_v001/full_compare_v298_vs_active_train40_20260629_001 --cumulative-csv reports/ogc2026_reboot_v001/benchmark_results_revalidate_v298_train40.csv --require-fresh-cumulative"
2026-06-29T17:38:06,full_compare_v298_vs_active_train40_20260629_001,hh,v298_fullcheck,ogc2026\baseline\alg_versions\reboot_v298_20260629_trackA_prob11_rescue_with_familyB_tail_freeze_on_v290.py,653a22733fa06d48ca9620ea9200f9767c1f55700d6bd4ae079d8a49f827fa35,9dfaa0ac5fa3e0f16fdfb0890e11b4cb64ea59b8edee029a9c4f13a2c52538b0,hh_algorithm_loop,ed5ab7f6,True,prob_20.json,60.000000,60.000000,20.000000,90.000000,true,false,true,true,true,5,5199740.0,5199740.0,5199740.0,164.0,3642,6436.0,46.589340,46.42725133895874,300,300,5,,reports\ogc2026_reboot_v001\full_compare_v298_vs_active_train40_20260629_001\solutions\hh__v298_fullcheck\prob_20.solution.json,reports\ogc2026_reboot_v001\full_compare_v298_vs_active_train40_20260629_001\logs\hh__v298_fullcheck\prob_20.log,PASS objective=5199740.0 obj1=164.0 obj2=3642 obj3=6436.0,"C:\Python314\python.exe ogc2026/batchrunner/benchmark.py --algorithm name=hh_active,version=baseline_hh_v291_fullcheck,path=ogc2026/baseline/baseline_hh.py --algorithm name=hh,version=v298_fullcheck,path=ogc2026/baseline/alg_versions/reboot_v298_20260629_trackA_prob11_rescue_with_familyB_tail_freeze_on_v290.py --problems train/prob_*.json --timelimit 60 --run-id full_compare_v298_vs_active_train40_20260629_001 --out-dir reports/ogc2026_reboot_v001/full_compare_v298_vs_active_train40_20260629_001 --cumulative-csv reports/ogc2026_reboot_v001/benchmark_results_revalidate_v298_train40.csv --require-fresh-cumulative"
2026-06-29T17:38:06,full_compare_v298_vs_active_train40_20260629_001,hh,v298_fullcheck,ogc2026\baseline\alg_versions\reboot_v298_20260629_trackA_prob11_rescue_with_familyB_tail_freeze_on_v290.py,653a22733fa06d48ca9620ea9200f9767c1f55700d6bd4ae079d8a49f827fa35,9dfaa0ac5fa3e0f16fdfb0890e11b4cb64ea59b8edee029a9c4f13a2c52538b0,hh_algorithm_loop,ed5ab7f6,True,prob_21.json,60.000000,60.000000,20.000000,90.000000,true,false,true,true,true,5,9383482.0,9383482.0,9383482.0,664.0,522,3501.0,10.735672,10.569540023803711,100,100,3,,reports\ogc2026_reboot_v001\full_compare_v298_vs_active_train40_20260629_001\solutions\hh__v298_fullcheck\prob_21.solution.json,reports\ogc2026_reboot_v001\full_compare_v298_vs_active_train40_20260629_001\logs\hh__v298_fullcheck\prob_21.log,PASS objective=9383482.0 obj1=664.0 obj2=522 obj3=3501.0,"C:\Python314\python.exe ogc2026/batchrunner/benchmark.py --algorithm name=hh_active,version=baseline_hh_v291_fullcheck,path=ogc2026/baseline/baseline_hh.py --algorithm name=hh,version=v298_fullcheck,path=ogc2026/baseline/alg_versions/reboot_v298_20260629_trackA_prob11_rescue_with_familyB_tail_freeze_on_v290.py --problems train/prob_*.json --timelimit 60 --run-id full_compare_v298_vs_active_train40_20260629_001 --out-dir reports/ogc2026_reboot_v001/full_compare_v298_vs_active_train40_20260629_001 --cumulative-csv reports/ogc2026_reboot_v001/benchmark_results_revalidate_v298_train40.csv --require-fresh-cumulative"
2026-06-29T17:38:06,full_compare_v298_vs_active_train40_20260629_001,hh,v298_fullcheck,ogc2026\baseline\alg_versions\reboot_v298_20260629_trackA_prob11_rescue_with_familyB_tail_freeze_on_v290.py,653a22733fa06d48ca9620ea9200f9767c1f55700d6bd4ae079d8a49f827fa35,9dfaa0ac5fa3e0f16fdfb0890e11b4cb64ea59b8edee029a9c4f13a2c52538b0,hh_algorithm_loop,ed5ab7f6,True,prob_22.json,60.000000,60.000000,20.000000,90.000000,true,false,true,true,true,5,1837996.0,1837996.0,1837996.0,26.0,2446,3710.0,19.021202,18.8792564868927,100,100,2,,reports\ogc2026_reboot_v001\full_compare_v298_vs_active_train40_20260629_001\solutions\hh__v298_fullcheck\prob_22.solution.json,reports\ogc2026_reboot_v001\full_compare_v298_vs_active_train40_20260629_001\logs\hh__v298_fullcheck\prob_22.log,PASS objective=1837996.0 obj1=26.0 obj2=2446 obj3=3710.0,"C:\Python314\python.exe ogc2026/batchrunner/benchmark.py --algorithm name=hh_active,version=baseline_hh_v291_fullcheck,path=ogc2026/baseline/baseline_hh.py --algorithm name=hh,version=v298_fullcheck,path=ogc2026/baseline/alg_versions/reboot_v298_20260629_trackA_prob11_rescue_with_familyB_tail_freeze_on_v290.py --problems train/prob_*.json --timelimit 60 --run-id full_compare_v298_vs_active_train40_20260629_001 --out-dir reports/ogc2026_reboot_v001/full_compare_v298_vs_active_train40_20260629_001 --cumulative-csv reports/ogc2026_reboot_v001/benchmark_results_revalidate_v298_train40.csv --require-fresh-cumulative"
2026-06-29T17:38:06,full_compare_v298_vs_active_train40_20260629_001,hh,v298_fullcheck,ogc2026\baseline\alg_versions\reboot_v298_20260629_trackA_prob11_rescue_with_familyB_tail_freeze_on_v290.py,653a22733fa06d48ca9620ea9200f9767c1f55700d6bd4ae079d8a49f827fa35,9dfaa0ac5fa3e0f16fdfb0890e11b4cb64ea59b8edee029a9c4f13a2c52538b0,hh_algorithm_loop,ed5ab7f6,True,prob_23.json,60.000000,60.000000,20.000000,90.000000,true,false,true,true,true,5,20686068.0,20686068.0,20686068.0,1497.0,35,1940.0,25.346558,25.211119413375854,100,100,2,,reports\ogc2026_reboot_v001\full_compare_v298_vs_active_train40_20260629_001\solutions\hh__v298_fullcheck\prob_23.solution.json,reports\ogc2026_reboot_v001\full_compare_v298_vs_active_train40_20260629_001\logs\hh__v298_fullcheck\prob_23.log,PASS objective=20686068.0 obj1=1497.0 obj2=35 obj3=1940.0,"C:\Python314\python.exe ogc2026/batchrunner/benchmark.py --algorithm name=hh_active,version=baseline_hh_v291_fullcheck,path=ogc2026/baseline/baseline_hh.py --algorithm name=hh,version=v298_fullcheck,path=ogc2026/baseline/alg_versions/reboot_v298_20260629_trackA_prob11_rescue_with_familyB_tail_freeze_on_v290.py --problems train/prob_*.json --timelimit 60 --run-id full_compare_v298_vs_active_train40_20260629_001 --out-dir reports/ogc2026_reboot_v001/full_compare_v298_vs_active_train40_20260629_001 --cumulative-csv reports/ogc2026_reboot_v001/benchmark_results_revalidate_v298_train40.csv --require-fresh-cumulative"
2026-06-29T17:38:06,full_compare_v298_vs_active_train40_20260629_001,hh,v298_fullcheck,ogc2026\baseline\alg_versions\reboot_v298_20260629_trackA_prob11_rescue_with_familyB_tail_freeze_on_v290.py,653a22733fa06d48ca9620ea9200f9767c1f55700d6bd4ae079d8a49f827fa35,9dfaa0ac5fa3e0f16fdfb0890e11b4cb64ea59b8edee029a9c4f13a2c52538b0,hh_algorithm_loop,ed5ab7f6,True,prob_24.json,60.000000,60.000000,20.000000,90.000000,true,false,true,true,true,5,2981583.0,2981583.0,2981583.0,166.0,1381,2538.0,36.881585,36.73975896835327,100,100,3,,reports\ogc2026_reboot_v001\full_compare_v298_vs_active_train40_20260629_001\solutions\hh__v298_fullcheck\prob_24.solution.json,reports\ogc2026_reboot_v001\full_compare_v298_vs_active_train40_20260629_001\logs\hh__v298_fullcheck\prob_24.log,PASS objective=2981583.0 obj1=166.0 obj2=1381 obj3=2538.0,"C:\Python314\python.exe ogc2026/batchrunner/benchmark.py --algorithm name=hh_active,version=baseline_hh_v291_fullcheck,path=ogc2026/baseline/baseline_hh.py --algorithm name=hh,version=v298_fullcheck,path=ogc2026/baseline/alg_versions/reboot_v298_20260629_trackA_prob11_rescue_with_familyB_tail_freeze_on_v290.py --problems train/prob_*.json --timelimit 60 --run-id full_compare_v298_vs_active_train40_20260629_001 --out-dir reports/ogc2026_reboot_v001/full_compare_v298_vs_active_train40_20260629_001 --cumulative-csv reports/ogc2026_reboot_v001/benchmark_results_revalidate_v298_train40.csv --require-fresh-cumulative"
2026-06-29T17:38:06,full_compare_v298_vs_active_train40_20260629_001,hh,v298_fullcheck,ogc2026\baseline\alg_versions\reboot_v298_20260629_trackA_prob11_rescue_with_familyB_tail_freeze_on_v290.py,653a22733fa06d48ca9620ea9200f9767c1f55700d6bd4ae079d8a49f827fa35,9dfaa0ac5fa3e0f16fdfb0890e11b4cb64ea59b8edee029a9c4f13a2c52538b0,hh_algorithm_loop,ed5ab7f6,True,prob_25.json,60.000000,60.000000,20.000000,90.000000,true,false,true,true,true,5,1454484.0,1454484.0,1454484.0,2089.0,241,3044.0,31.883120,31.47574281692505,100,100,2,,reports\ogc2026_reboot_v001\full_compare_v298_vs_active_train40_20260629_001\solutions\hh__v298_fullcheck\prob_25.solution.json,reports\ogc2026_reboot_v001\full_compare_v298_vs_active_train40_20260629_001\logs\hh__v298_fullcheck\prob_25.log,PASS objective=1454484.0 obj1=2089.0 obj2=241 obj3=3044.0,"C:\Python314\python.exe ogc2026/batchrunner/benchmark.py --algorithm name=hh_active,version=baseline_hh_v291_fullcheck,path=ogc2026/baseline/baseline_hh.py --algorithm name=hh,version=v298_fullcheck,path=ogc2026/baseline/alg_versions/reboot_v298_20260629_trackA_prob11_rescue_with_familyB_tail_freeze_on_v290.py --problems train/prob_*.json --timelimit 60 --run-id full_compare_v298_vs_active_train40_20260629_001 --out-dir reports/ogc2026_reboot_v001/full_compare_v298_vs_active_train40_20260629_001 --cumulative-csv reports/ogc2026_reboot_v001/benchmark_results_revalidate_v298_train40.csv --require-fresh-cumulative"
2026-06-29T17:38:06,full_compare_v298_vs_active_train40_20260629_001,hh,v298_fullcheck,ogc2026\baseline\alg_versions\reboot_v298_20260629_trackA_prob11_rescue_with_familyB_tail_freeze_on_v290.py,653a22733fa06d48ca9620ea9200f9767c1f55700d6bd4ae079d8a49f827fa35,9dfaa0ac5fa3e0f16fdfb0890e11b4cb64ea59b8edee029a9c4f13a2c52538b0,hh_algorithm_loop,ed5ab7f6,True,prob_26.json,60.000000,60.000000,20.000000,90.000000,true,false,true,true,true,5,31708207.0,31708207.0,31708207.0,2305.0,2556,6385.0,25.877959,25.731104373931885,150,150,3,,reports\ogc2026_reboot_v001\full_compare_v298_vs_active_train40_20260629_001\solutions\hh__v298_fullcheck\prob_26.solution.json,reports\ogc2026_reboot_v001\full_compare_v298_vs_active_train40_20260629_001\logs\hh__v298_fullcheck\prob_26.log,PASS objective=31708207.0 obj1=2305.0 obj2=2556 obj3=6385.0,"C:\Python314\python.exe ogc2026/batchrunner/benchmark.py --algorithm name=hh_active,version=baseline_hh_v291_fullcheck,path=ogc2026/baseline/baseline_hh.py --algorithm name=hh,version=v298_fullcheck,path=ogc2026/baseline/alg_versions/reboot_v298_20260629_trackA_prob11_rescue_with_familyB_tail_freeze_on_v290.py --problems train/prob_*.json --timelimit 60 --run-id full_compare_v298_vs_active_train40_20260629_001 --out-dir reports/ogc2026_reboot_v001/full_compare_v298_vs_active_train40_20260629_001 --cumulative-csv reports/ogc2026_reboot_v001/benchmark_results_revalidate_v298_train40.csv --require-fresh-cumulative"
2026-06-29T17:38:06,full_compare_v298_vs_active_train40_20260629_001,hh,v298_fullcheck,ogc2026\baseline\alg_versions\reboot_v298_20260629_trackA_prob11_rescue_with_familyB_tail_freeze_on_v290.py,653a22733fa06d48ca9620ea9200f9767c1f55700d6bd4ae079d8a49f827fa35,9dfaa0ac5fa3e0f16fdfb0890e11b4cb64ea59b8edee029a9c4f13a2c52538b0,hh_algorithm_loop,ed5ab7f6,True,prob_27.json,60.000000,60.000000,20.000000,90.000000,true,false,true,true,true,5,75028700.0,75028700.0,75028700.0,5456.0,1926,5700.0,46.097000,45.95468783378601,150,150,2,,reports\ogc2026_reboot_v001\full_compare_v298_vs_active_train40_20260629_001\solutions\hh__v298_fullcheck\prob_27.solution.json,reports\ogc2026_reboot_v001\full_compare_v298_vs_active_train40_20260629_001\logs\hh__v298_fullcheck\prob_27.log,PASS objective=75028700.0 obj1=5456.0 obj2=1926 obj3=5700.0,"C:\Python314\python.exe ogc2026/batchrunner/benchmark.py --algorithm name=hh_active,version=baseline_hh_v291_fullcheck,path=ogc2026/baseline/baseline_hh.py --algorithm name=hh,version=v298_fullcheck,path=ogc2026/baseline/alg_versions/reboot_v298_20260629_trackA_prob11_rescue_with_familyB_tail_freeze_on_v290.py --problems train/prob_*.json --timelimit 60 --run-id full_compare_v298_vs_active_train40_20260629_001 --out-dir reports/ogc2026_reboot_v001/full_compare_v298_vs_active_train40_20260629_001 --cumulative-csv reports/ogc2026_reboot_v001/benchmark_results_revalidate_v298_train40.csv --require-fresh-cumulative"
2026-06-29T17:38:06,full_compare_v298_vs_active_train40_20260629_001,hh,v298_fullcheck,ogc2026\baseline\alg_versions\reboot_v298_20260629_trackA_prob11_rescue_with_familyB_tail_freeze_on_v290.py,653a22733fa06d48ca9620ea9200f9767c1f55700d6bd4ae079d8a49f827fa35,9dfaa0ac5fa3e0f16fdfb0890e11b4cb64ea59b8edee029a9c4f13a2c52538b0,hh_algorithm_loop,ed5ab7f6,True,prob_28.json,60.000000,60.000000,20.000000,90.000000,true,false,true,true,true,5,18836666.0,18836666.0,18836666.0,1310.0,1012,4558.0,26.148215,26.00874900817871,150,150,3,,reports\ogc2026_reboot_v001\full_compare_v298_vs_active_train40_20260629_001\solutions\hh__v298_fullcheck\prob_28.solution.json,reports\ogc2026_reboot_v001\full_compare_v298_vs_active_train40_20260629_001\logs\hh__v298_fullcheck\prob_28.log,PASS objective=18836666.0 obj1=1310.0 obj2=1012 obj3=4558.0,"C:\Python314\python.exe ogc2026/batchrunner/benchmark.py --algorithm name=hh_active,version=baseline_hh_v291_fullcheck,path=ogc2026/baseline/baseline_hh.py --algorithm name=hh,version=v298_fullcheck,path=ogc2026/baseline/alg_versions/reboot_v298_20260629_trackA_prob11_rescue_with_familyB_tail_freeze_on_v290.py --problems train/prob_*.json --timelimit 60 --run-id full_compare_v298_vs_active_train40_20260629_001 --out-dir reports/ogc2026_reboot_v001/full_compare_v298_vs_active_train40_20260629_001 --cumulative-csv reports/ogc2026_reboot_v001/benchmark_results_revalidate_v298_train40.csv --require-fresh-cumulative"
2026-06-29T17:38:06,full_compare_v298_vs_active_train40_20260629_001,hh,v298_fullcheck,ogc2026\baseline\alg_versions\reboot_v298_20260629_trackA_prob11_rescue_with_familyB_tail_freeze_on_v290.py,653a22733fa06d48ca9620ea9200f9767c1f55700d6bd4ae079d8a49f827fa35,9dfaa0ac5fa3e0f16fdfb0890e11b4cb64ea59b8edee029a9c4f13a2c52538b0,hh_algorithm_loop,ed5ab7f6,True,prob_29.json,60.000000,60.000000,20.000000,90.000000,true,false,true,true,true,5,7782572.0,7782572.0,7782572.0,446.0,3918,6081.0,32.174233,31.758365154266357,150,150,3,,reports\ogc2026_reboot_v001\full_compare_v298_vs_active_train40_20260629_001\solutions\hh__v298_fullcheck\prob_29.solution.json,reports\ogc2026_reboot_v001\full_compare_v298_vs_active_train40_20260629_001\logs\hh__v298_fullcheck\prob_29.log,PASS objective=7782572.0 obj1=446.0 obj2=3918 obj3=6081.0,"C:\Python314\python.exe ogc2026/batchrunner/benchmark.py --algorithm name=hh_active,version=baseline_hh_v291_fullcheck,path=ogc2026/baseline/baseline_hh.py --algorithm name=hh,version=v298_fullcheck,path=ogc2026/baseline/alg_versions/reboot_v298_20260629_trackA_prob11_rescue_with_familyB_tail_freeze_on_v290.py --problems train/prob_*.json --timelimit 60 --run-id full_compare_v298_vs_active_train40_20260629_001 --out-dir reports/ogc2026_reboot_v001/full_compare_v298_vs_active_train40_20260629_001 --cumulative-csv reports/ogc2026_reboot_v001/benchmark_results_revalidate_v298_train40.csv --require-fresh-cumulative"
2026-06-29T17:38:06,full_compare_v298_vs_active_train40_20260629_001,hh,v298_fullcheck,ogc2026\baseline\alg_versions\reboot_v298_20260629_trackA_prob11_rescue_with_familyB_tail_freeze_on_v290.py,653a22733fa06d48ca9620ea9200f9767c1f55700d6bd4ae079d8a49f827fa35,9dfaa0ac5fa3e0f16fdfb0890e11b4cb64ea59b8edee029a9c4f13a2c52538b0,hh_algorithm_loop,ed5ab7f6,True,prob_30.json,60.000000,60.000000,20.000000,90.000000,true,false,true,true,true,5,31302610.0,31302610.0,31302610.0,2302.0,3211,2986.0,17.168894,17.027965307235718,150,150,2,,reports\ogc2026_reboot_v001\full_compare_v298_vs_active_train40_20260629_001\solutions\hh__v298_fullcheck\prob_30.solution.json,reports\ogc2026_reboot_v001\full_compare_v298_vs_active_train40_20260629_001\logs\hh__v298_fullcheck\prob_30.log,PASS objective=31302610.0 obj1=2302.0 obj2=3211 obj3=2986.0,"C:\Python314\python.exe ogc2026/batchrunner/benchmark.py --algorithm name=hh_active,version=baseline_hh_v291_fullcheck,path=ogc2026/baseline/baseline_hh.py --algorithm name=hh,version=v298_fullcheck,path=ogc2026/baseline/alg_versions/reboot_v298_20260629_trackA_prob11_rescue_with_familyB_tail_freeze_on_v290.py --problems train/prob_*.json --timelimit 60 --run-id full_compare_v298_vs_active_train40_20260629_001 --out-dir reports/ogc2026_reboot_v001/full_compare_v298_vs_active_train40_20260629_001 --cumulative-csv reports/ogc2026_reboot_v001/benchmark_results_revalidate_v298_train40.csv --require-fresh-cumulative"
2026-06-29T17:38:06,full_compare_v298_vs_active_train40_20260629_001,hh,v298_fullcheck,ogc2026\baseline\alg_versions\reboot_v298_20260629_trackA_prob11_rescue_with_familyB_tail_freeze_on_v290.py,653a22733fa06d48ca9620ea9200f9767c1f55700d6bd4ae079d8a49f827fa35,9dfaa0ac5fa3e0f16fdfb0890e11b4cb64ea59b8edee029a9c4f13a2c52538b0,hh_algorithm_loop,ed5ab7f6,True,prob_31.json,60.000000,60.000000,20.000000,90.000000,true,false,true,true,true,5,39589844.0,39589844.0,39589844.0,2735.0,1843,11680.0,54.133200,53.97285771369934,200,200,4,,reports\ogc2026_reboot_v001\full_compare_v298_vs_active_train40_20260629_001\solutions\hh__v298_fullcheck\prob_31.solution.json,reports\ogc2026_reboot_v001\full_compare_v298_vs_active_train40_20260629_001\logs\hh__v298_fullcheck\prob_31.log,PASS objective=39589844.0 obj1=2735.0 obj2=1843 obj3=11680.0,"C:\Python314\python.exe ogc2026/batchrunner/benchmark.py --algorithm name=hh_active,version=baseline_hh_v291_fullcheck,path=ogc2026/baseline/baseline_hh.py --algorithm name=hh,version=v298_fullcheck,path=ogc2026/baseline/alg_versions/reboot_v298_20260629_trackA_prob11_rescue_with_familyB_tail_freeze_on_v290.py --problems train/prob_*.json --timelimit 60 --run-id full_compare_v298_vs_active_train40_20260629_001 --out-dir reports/ogc2026_reboot_v001/full_compare_v298_vs_active_train40_20260629_001 --cumulative-csv reports/ogc2026_reboot_v001/benchmark_results_revalidate_v298_train40.csv --require-fresh-cumulative"
2026-06-29T17:38:06,full_compare_v298_vs_active_train40_20260629_001,hh,v298_fullcheck,ogc2026\baseline\alg_versions\reboot_v298_20260629_trackA_prob11_rescue_with_familyB_tail_freeze_on_v290.py,653a22733fa06d48ca9620ea9200f9767c1f55700d6bd4ae079d8a49f827fa35,9dfaa0ac5fa3e0f16fdfb0890e11b4cb64ea59b8edee029a9c4f13a2c52538b0,hh_algorithm_loop,ed5ab7f6,True,prob_32.json,60.000000,60.000000,20.000000,90.000000,true,false,true,true,true,5,12781706.0,12781706.0,12781706.0,2992.0,2434,4662.0,50.346764,50.19343566894531,200,200,3,,reports\ogc2026_reboot_v001\full_compare_v298_vs_active_train40_20260629_001\solutions\hh__v298_fullcheck\prob_32.solution.json,reports\ogc2026_reboot_v001\full_compare_v298_vs_active_train40_20260629_001\logs\hh__v298_fullcheck\prob_32.log,PASS objective=12781706.0 obj1=2992.0 obj2=2434 obj3=4662.0,"C:\Python314\python.exe ogc2026/batchrunner/benchmark.py --algorithm name=hh_active,version=baseline_hh_v291_fullcheck,path=ogc2026/baseline/baseline_hh.py --algorithm name=hh,version=v298_fullcheck,path=ogc2026/baseline/alg_versions/reboot_v298_20260629_trackA_prob11_rescue_with_familyB_tail_freeze_on_v290.py --problems train/prob_*.json --timelimit 60 --run-id full_compare_v298_vs_active_train40_20260629_001 --out-dir reports/ogc2026_reboot_v001/full_compare_v298_vs_active_train40_20260629_001 --cumulative-csv reports/ogc2026_reboot_v001/benchmark_results_revalidate_v298_train40.csv --require-fresh-cumulative"
2026-06-29T17:38:06,full_compare_v298_vs_active_train40_20260629_001,hh,v298_fullcheck,ogc2026\baseline\alg_versions\reboot_v298_20260629_trackA_prob11_rescue_with_familyB_tail_freeze_on_v290.py,653a22733fa06d48ca9620ea9200f9767c1f55700d6bd4ae079d8a49f827fa35,9dfaa0ac5fa3e0f16fdfb0890e11b4cb64ea59b8edee029a9c4f13a2c52538b0,hh_algorithm_loop,ed5ab7f6,True,prob_33.json,60.000000,60.000000,20.000000,90.000000,true,false,true,true,true,5,26172225.0,26172225.0,26172225.0,3805.0,1094,5289.0,38.952796,38.5371458530426,200,200,3,,reports\ogc2026_reboot_v001\full_compare_v298_vs_active_train40_20260629_001\solutions\hh__v298_fullcheck\prob_33.solution.json,reports\ogc2026_reboot_v001\full_compare_v298_vs_active_train40_20260629_001\logs\hh__v298_fullcheck\prob_33.log,PASS objective=26172225.0 obj1=3805.0 obj2=1094 obj3=5289.0,"C:\Python314\python.exe ogc2026/batchrunner/benchmark.py --algorithm name=hh_active,version=baseline_hh_v291_fullcheck,path=ogc2026/baseline/baseline_hh.py --algorithm name=hh,version=v298_fullcheck,path=ogc2026/baseline/alg_versions/reboot_v298_20260629_trackA_prob11_rescue_with_familyB_tail_freeze_on_v290.py --problems train/prob_*.json --timelimit 60 --run-id full_compare_v298_vs_active_train40_20260629_001 --out-dir reports/ogc2026_reboot_v001/full_compare_v298_vs_active_train40_20260629_001 --cumulative-csv reports/ogc2026_reboot_v001/benchmark_results_revalidate_v298_train40.csv --require-fresh-cumulative"
2026-06-29T17:38:06,full_compare_v298_vs_active_train40_20260629_001,hh,v298_fullcheck,ogc2026\baseline\alg_versions\reboot_v298_20260629_trackA_prob11_rescue_with_familyB_tail_freeze_on_v290.py,653a22733fa06d48ca9620ea9200f9767c1f55700d6bd4ae079d8a49f827fa35,9dfaa0ac5fa3e0f16fdfb0890e11b4cb64ea59b8edee029a9c4f13a2c52538b0,hh_algorithm_loop,ed5ab7f6,True,prob_34.json,60.000000,60.000000,20.000000,90.000000,true,false,true,true,true,5,8002714.0,8002714.0,8002714.0,1595.0,2702,5005.0,29.357408,29.191507816314697,200,200,4,,reports\ogc2026_reboot_v001\full_compare_v298_vs_active_train40_20260629_001\solutions\hh__v298_fullcheck\prob_34.solution.json,reports\ogc2026_reboot_v001\full_compare_v298_vs_active_train40_20260629_001\logs\hh__v298_fullcheck\prob_34.log,PASS objective=8002714.0 obj1=1595.0 obj2=2702 obj3=5005.0,"C:\Python314\python.exe ogc2026/batchrunner/benchmark.py --algorithm name=hh_active,version=baseline_hh_v291_fullcheck,path=ogc2026/baseline/baseline_hh.py --algorithm name=hh,version=v298_fullcheck,path=ogc2026/baseline/alg_versions/reboot_v298_20260629_trackA_prob11_rescue_with_familyB_tail_freeze_on_v290.py --problems train/prob_*.json --timelimit 60 --run-id full_compare_v298_vs_active_train40_20260629_001 --out-dir reports/ogc2026_reboot_v001/full_compare_v298_vs_active_train40_20260629_001 --cumulative-csv reports/ogc2026_reboot_v001/benchmark_results_revalidate_v298_train40.csv --require-fresh-cumulative"
2026-06-29T17:38:06,full_compare_v298_vs_active_train40_20260629_001,hh,v298_fullcheck,ogc2026\baseline\alg_versions\reboot_v298_20260629_trackA_prob11_rescue_with_familyB_tail_freeze_on_v290.py,653a22733fa06d48ca9620ea9200f9767c1f55700d6bd4ae079d8a49f827fa35,9dfaa0ac5fa3e0f16fdfb0890e11b4cb64ea59b8edee029a9c4f13a2c52538b0,hh_algorithm_loop,ed5ab7f6,True,prob_35.json,60.000000,60.000000,20.000000,90.000000,true,false,true,true,true,5,22037108.0,22037108.0,22037108.0,1591.0,8081,5226.0,36.302435,36.15424156188965,200,200,3,,reports\ogc2026_reboot_v001\full_compare_v298_vs_active_train40_20260629_001\solutions\hh__v298_fullcheck\prob_35.solution.json,reports\ogc2026_reboot_v001\full_compare_v298_vs_active_train40_20260629_001\logs\hh__v298_fullcheck\prob_35.log,PASS objective=22037108.0 obj1=1591.0 obj2=8081 obj3=5226.0,"C:\Python314\python.exe ogc2026/batchrunner/benchmark.py --algorithm name=hh_active,version=baseline_hh_v291_fullcheck,path=ogc2026/baseline/baseline_hh.py --algorithm name=hh,version=v298_fullcheck,path=ogc2026/baseline/alg_versions/reboot_v298_20260629_trackA_prob11_rescue_with_familyB_tail_freeze_on_v290.py --problems train/prob_*.json --timelimit 60 --run-id full_compare_v298_vs_active_train40_20260629_001 --out-dir reports/ogc2026_reboot_v001/full_compare_v298_vs_active_train40_20260629_001 --cumulative-csv reports/ogc2026_reboot_v001/benchmark_results_revalidate_v298_train40.csv --require-fresh-cumulative"
2026-06-29T17:38:06,full_compare_v298_vs_active_train40_20260629_001,hh,v298_fullcheck,ogc2026\baseline\alg_versions\reboot_v298_20260629_trackA_prob11_rescue_with_familyB_tail_freeze_on_v290.py,653a22733fa06d48ca9620ea9200f9767c1f55700d6bd4ae079d8a49f827fa35,9dfaa0ac5fa3e0f16fdfb0890e11b4cb64ea59b8edee029a9c4f13a2c52538b0,hh_algorithm_loop,ed5ab7f6,True,prob_36.json,60.000000,60.000000,20.000000,90.000000,true,false,true,true,true,5,1499988.0,1499988.0,1499988.0,2010.0,1381,12149.0,49.685285,49.52977132797241,250,250,4,,reports\ogc2026_reboot_v001\full_compare_v298_vs_active_train40_20260629_001\solutions\hh__v298_fullcheck\prob_36.solution.json,reports\ogc2026_reboot_v001\full_compare_v298_vs_active_train40_20260629_001\logs\hh__v298_fullcheck\prob_36.log,PASS objective=1499988.0 obj1=2010.0 obj2=1381 obj3=12149.0,"C:\Python314\python.exe ogc2026/batchrunner/benchmark.py --algorithm name=hh_active,version=baseline_hh_v291_fullcheck,path=ogc2026/baseline/baseline_hh.py --algorithm name=hh,version=v298_fullcheck,path=ogc2026/baseline/alg_versions/reboot_v298_20260629_trackA_prob11_rescue_with_familyB_tail_freeze_on_v290.py --problems train/prob_*.json --timelimit 60 --run-id full_compare_v298_vs_active_train40_20260629_001 --out-dir reports/ogc2026_reboot_v001/full_compare_v298_vs_active_train40_20260629_001 --cumulative-csv reports/ogc2026_reboot_v001/benchmark_results_revalidate_v298_train40.csv --require-fresh-cumulative"
2026-06-29T17:38:06,full_compare_v298_vs_active_train40_20260629_001,hh,v298_fullcheck,ogc2026\baseline\alg_versions\reboot_v298_20260629_trackA_prob11_rescue_with_familyB_tail_freeze_on_v290.py,653a22733fa06d48ca9620ea9200f9767c1f55700d6bd4ae079d8a49f827fa35,9dfaa0ac5fa3e0f16fdfb0890e11b4cb64ea59b8edee029a9c4f13a2c52538b0,hh_algorithm_loop,ed5ab7f6,True,prob_37.json,60.000000,60.000000,20.000000,90.000000,true,false,true,true,true,5,17644653.0,17644653.0,17644653.0,3961.0,3660,7380.0,53.246545,52.8326735496521,250,250,3,,reports\ogc2026_reboot_v001\full_compare_v298_vs_active_train40_20260629_001\solutions\hh__v298_fullcheck\prob_37.solution.json,reports\ogc2026_reboot_v001\full_compare_v298_vs_active_train40_20260629_001\logs\hh__v298_fullcheck\prob_37.log,PASS objective=17644653.0 obj1=3961.0 obj2=3660 obj3=7380.0,"C:\Python314\python.exe ogc2026/batchrunner/benchmark.py --algorithm name=hh_active,version=baseline_hh_v291_fullcheck,path=ogc2026/baseline/baseline_hh.py --algorithm name=hh,version=v298_fullcheck,path=ogc2026/baseline/alg_versions/reboot_v298_20260629_trackA_prob11_rescue_with_familyB_tail_freeze_on_v290.py --problems train/prob_*.json --timelimit 60 --run-id full_compare_v298_vs_active_train40_20260629_001 --out-dir reports/ogc2026_reboot_v001/full_compare_v298_vs_active_train40_20260629_001 --cumulative-csv reports/ogc2026_reboot_v001/benchmark_results_revalidate_v298_train40.csv --require-fresh-cumulative"
2026-06-29T17:38:06,full_compare_v298_vs_active_train40_20260629_001,hh,v298_fullcheck,ogc2026\baseline\alg_versions\reboot_v298_20260629_trackA_prob11_rescue_with_familyB_tail_freeze_on_v290.py,653a22733fa06d48ca9620ea9200f9767c1f55700d6bd4ae079d8a49f827fa35,9dfaa0ac5fa3e0f16fdfb0890e11b4cb64ea59b8edee029a9c4f13a2c52538b0,hh_algorithm_loop,ed5ab7f6,True,prob_38.json,60.000000,60.000000,20.000000,90.000000,true,false,true,true,true,5,151254848.0,151254848.0,151254848.0,11120.0,3894,9947.0,56.372827,56.22331643104553,250,250,3,,reports\ogc2026_reboot_v001\full_compare_v298_vs_active_train40_20260629_001\solutions\hh__v298_fullcheck\prob_38.solution.json,reports\ogc2026_reboot_v001\full_compare_v298_vs_active_train40_20260629_001\logs\hh__v298_fullcheck\prob_38.log,PASS objective=151254848.0 obj1=11120.0 obj2=3894 obj3=9947.0,"C:\Python314\python.exe ogc2026/batchrunner/benchmark.py --algorithm name=hh_active,version=baseline_hh_v291_fullcheck,path=ogc2026/baseline/baseline_hh.py --algorithm name=hh,version=v298_fullcheck,path=ogc2026/baseline/alg_versions/reboot_v298_20260629_trackA_prob11_rescue_with_familyB_tail_freeze_on_v290.py --problems train/prob_*.json --timelimit 60 --run-id full_compare_v298_vs_active_train40_20260629_001 --out-dir reports/ogc2026_reboot_v001/full_compare_v298_vs_active_train40_20260629_001 --cumulative-csv reports/ogc2026_reboot_v001/benchmark_results_revalidate_v298_train40.csv --require-fresh-cumulative"
2026-06-29T17:38:06,full_compare_v298_vs_active_train40_20260629_001,hh,v298_fullcheck,ogc2026\baseline\alg_versions\reboot_v298_20260629_trackA_prob11_rescue_with_familyB_tail_freeze_on_v290.py,653a22733fa06d48ca9620ea9200f9767c1f55700d6bd4ae079d8a49f827fa35,9dfaa0ac5fa3e0f16fdfb0890e11b4cb64ea59b8edee029a9c4f13a2c52538b0,hh_algorithm_loop,ed5ab7f6,True,prob_39.json,60.000000,60.000000,20.000000,90.000000,true,false,true,true,true,5,48160369.0,48160369.0,48160369.0,3521.0,194,8094.0,58.026402,57.86826944351196,250,250,3,,reports\ogc2026_reboot_v001\full_compare_v298_vs_active_train40_20260629_001\solutions\hh__v298_fullcheck\prob_39.solution.json,reports\ogc2026_reboot_v001\full_compare_v298_vs_active_train40_20260629_001\logs\hh__v298_fullcheck\prob_39.log,PASS objective=48160369.0 obj1=3521.0 obj2=194 obj3=8094.0,"C:\Python314\python.exe ogc2026/batchrunner/benchmark.py --algorithm name=hh_active,version=baseline_hh_v291_fullcheck,path=ogc2026/baseline/baseline_hh.py --algorithm name=hh,version=v298_fullcheck,path=ogc2026/baseline/alg_versions/reboot_v298_20260629_trackA_prob11_rescue_with_familyB_tail_freeze_on_v290.py --problems train/prob_*.json --timelimit 60 --run-id full_compare_v298_vs_active_train40_20260629_001 --out-dir reports/ogc2026_reboot_v001/full_compare_v298_vs_active_train40_20260629_001 --cumulative-csv reports/ogc2026_reboot_v001/benchmark_results_revalidate_v298_train40.csv --require-fresh-cumulative"
2026-06-29T17:38:06,full_compare_v298_vs_active_train40_20260629_001,hh,v298_fullcheck,ogc2026\baseline\alg_versions\reboot_v298_20260629_trackA_prob11_rescue_with_familyB_tail_freeze_on_v290.py,653a22733fa06d48ca9620ea9200f9767c1f55700d6bd4ae079d8a49f827fa35,9dfaa0ac5fa3e0f16fdfb0890e11b4cb64ea59b8edee029a9c4f13a2c52538b0,hh_algorithm_loop,ed5ab7f6,True,prob_40.json,60.000000,60.000000,20.000000,90.000000,true,false,true,true,true,5,5780789.0,5780789.0,5780789.0,8429.0,4947,11823.0,56.906677,56.7297203540802,250,250,4,,reports\ogc2026_reboot_v001\full_compare_v298_vs_active_train40_20260629_001\solutions\hh__v298_fullcheck\prob_40.solution.json,reports\ogc2026_reboot_v001\full_compare_v298_vs_active_train40_20260629_001\logs\hh__v298_fullcheck\prob_40.log,PASS objective=5780789.0 obj1=8429.0 obj2=4947 obj3=11823.0,"C:\Python314\python.exe ogc2026/batchrunner/benchmark.py --algorithm name=hh_active,version=baseline_hh_v291_fullcheck,path=ogc2026/baseline/baseline_hh.py --algorithm name=hh,version=v298_fullcheck,path=ogc2026/baseline/alg_versions/reboot_v298_20260629_trackA_prob11_rescue_with_familyB_tail_freeze_on_v290.py --problems train/prob_*.json --timelimit 60 --run-id full_compare_v298_vs_active_train40_20260629_001 --out-dir reports/ogc2026_reboot_v001/full_compare_v298_vs_active_train40_20260629_001 --cumulative-csv reports/ogc2026_reboot_v001/benchmark_results_revalidate_v298_train40.csv --require-fresh-cumulative"
