timestamp,run_id,algorithm_name,algorithm_version,algorithm_path,algorithm_sha256,checker_sha256,git_branch,git_head,git_dirty,instance_name,requested_timelimit,official_limit,timeout_grace,watchdog_timeout_sec,checker_feasible,timed_out,valid_under_time_limit,accepted_for_score,feasible,stage,objective,score,cost,obj1,obj2,obj3,runtime_sec,runner_elapsed_sec,assigned_blocks,total_blocks,total_bays,error_message,solution_file,log_file,tester_summary,benchmark_command
2026-06-29T21:57:24,verify_active_v305_baseline_hh_py_20260629_001,wrapper,baseline_hh_v305,ogc2026\baseline\baseline_hh.py,80bdfb43ccde774ab56ef7f2dcb4a4b1c35166a596044710b37beb49bd6bd338,9dfaa0ac5fa3e0f16fdfb0890e11b4cb64ea59b8edee029a9c4f13a2c52538b0,hh_algorithm_loop,c65b7d3b,True,prob_1.json,60.000000,60.000000,20.000000,90.000000,true,false,true,true,true,5,606628.0,606628.0,606628.0,8.0,1700,1810.0,23.021735,22.549935817718506,100,100,2,,reports\ogc2026_reboot_v001\verify_active_v305_baseline_hh_py_20260629_001\solutions\wrapper__baseline_hh_v305\prob_1.solution.json,reports\ogc2026_reboot_v001\verify_active_v305_baseline_hh_py_20260629_001\logs\wrapper__baseline_hh_v305\prob_1.log,PASS objective=606628.0 obj1=8.0 obj2=1700 obj3=1810.0,"C:\Python314\python.exe ogc2026/batchrunner/benchmark.py --algorithm name=wrapper,version=baseline_hh_v305,path=ogc2026/baseline/baseline_hh.py --algorithm name=direct,version=v304_direct,path=ogc2026/baseline/alg_versions/reboot_v304_20260629_trackA_prob13like_subprocess_fallback_on_v298.py --problem train/prob_1.json --problem train/prob_2.json --problem train/prob_3.json --problem train/prob_4.json --problem train/prob_5.json --problem train/prob_6.json --problem train/prob_7.json --problem train/prob_8.json --problem train/prob_9.json --problem train/prob_10.json --problem train/prob_11.json --problem train/prob_12.json --problem train/prob_13.json --problem train/prob_14.json --problem train/prob_15.json --problem train/prob_16.json --problem train/prob_17.json --problem train/prob_18.json --problem train/prob_19.json --problem train/prob_20.json --problem train/prob_21.json --problem train/prob_22.json --problem train/prob_23.json --problem train/prob_24.json --problem train/prob_25.json --problem train/prob_26.json --problem train/prob_27.json --problem train/prob_28.json --problem train/prob_29.json --problem train/prob_30.json --problem train/prob_31.json --problem train/prob_32.json --problem train/prob_33.json --problem train/prob_34.json --problem train/prob_35.json --problem train/prob_36.json --problem train/prob_37.json --problem train/prob_38.json --problem train/prob_39.json --problem train/prob_40.json --timelimit 60 --run-id verify_active_v305_baseline_hh_py_20260629_001 --out-dir reports/ogc2026_reboot_v001/verify_active_v305_baseline_hh_py_20260629_001 --cumulative-csv reports/ogc2026_reboot_v001/active_publish_rechecks_v305.csv --require-fresh-cumulative"
2026-06-29T21:57:24,verify_active_v305_baseline_hh_py_20260629_001,wrapper,baseline_hh_v305,ogc2026\baseline\baseline_hh.py,80bdfb43ccde774ab56ef7f2dcb4a4b1c35166a596044710b37beb49bd6bd338,9dfaa0ac5fa3e0f16fdfb0890e11b4cb64ea59b8edee029a9c4f13a2c52538b0,hh_algorithm_loop,c65b7d3b,True,prob_2.json,60.000000,60.000000,20.000000,90.000000,true,false,true,true,true,5,51940.0,51940.0,51940.0,0.0,814,292.0,16.364941,15.909711837768555,100,100,3,,reports\ogc2026_reboot_v001\verify_active_v305_baseline_hh_py_20260629_001\solutions\wrapper__baseline_hh_v305\prob_2.solution.json,reports\ogc2026_reboot_v001\verify_active_v305_baseline_hh_py_20260629_001\logs\wrapper__baseline_hh_v305\prob_2.log,PASS objective=51940.0 obj1=0.0 obj2=814 obj3=292.0,"C:\Python314\python.exe ogc2026/batchrunner/benchmark.py --algorithm name=wrapper,version=baseline_hh_v305,path=ogc2026/baseline/baseline_hh.py --algorithm name=direct,version=v304_direct,path=ogc2026/baseline/alg_versions/reboot_v304_20260629_trackA_prob13like_subprocess_fallback_on_v298.py --problem train/prob_1.json --problem train/prob_2.json --problem train/prob_3.json --problem train/prob_4.json --problem train/prob_5.json --problem train/prob_6.json --problem train/prob_7.json --problem train/prob_8.json --problem train/prob_9.json --problem train/prob_10.json --problem train/prob_11.json --problem train/prob_12.json --problem train/prob_13.json --problem train/prob_14.json --problem train/prob_15.json --problem train/prob_16.json --problem train/prob_17.json --problem train/prob_18.json --problem train/prob_19.json --problem train/prob_20.json --problem train/prob_21.json --problem train/prob_22.json --problem train/prob_23.json --problem train/prob_24.json --problem train/prob_25.json --problem train/prob_26.json --problem train/prob_27.json --problem train/prob_28.json --problem train/prob_29.json --problem train/prob_30.json --problem train/prob_31.json --problem train/prob_32.json --problem train/prob_33.json --problem train/prob_34.json --problem train/prob_35.json --problem train/prob_36.json --problem train/prob_37.json --problem train/prob_38.json --problem train/prob_39.json --problem train/prob_40.json --timelimit 60 --run-id verify_active_v305_baseline_hh_py_20260629_001 --out-dir reports/ogc2026_reboot_v001/verify_active_v305_baseline_hh_py_20260629_001 --cumulative-csv reports/ogc2026_reboot_v001/active_publish_rechecks_v305.csv --require-fresh-cumulative"
2026-06-29T21:57:24,verify_active_v305_baseline_hh_py_20260629_001,wrapper,baseline_hh_v305,ogc2026\baseline\baseline_hh.py,80bdfb43ccde774ab56ef7f2dcb4a4b1c35166a596044710b37beb49bd6bd338,9dfaa0ac5fa3e0f16fdfb0890e11b4cb64ea59b8edee029a9c4f13a2c52538b0,hh_algorithm_loop,c65b7d3b,True,prob_3.json,60.000000,60.000000,20.000000,90.000000,true,false,true,true,true,5,156780.0,156780.0,156780.0,0.0,1998,912.0,14.196336,13.7178053855896,100,100,3,,reports\ogc2026_reboot_v001\verify_active_v305_baseline_hh_py_20260629_001\solutions\wrapper__baseline_hh_v305\prob_3.solution.json,reports\ogc2026_reboot_v001\verify_active_v305_baseline_hh_py_20260629_001\logs\wrapper__baseline_hh_v305\prob_3.log,PASS objective=156780.0 obj1=0.0 obj2=1998 obj3=912.0,"C:\Python314\python.exe ogc2026/batchrunner/benchmark.py --algorithm name=wrapper,version=baseline_hh_v305,path=ogc2026/baseline/baseline_hh.py --algorithm name=direct,version=v304_direct,path=ogc2026/baseline/alg_versions/reboot_v304_20260629_trackA_prob13like_subprocess_fallback_on_v298.py --problem train/prob_1.json --problem train/prob_2.json --problem train/prob_3.json --problem train/prob_4.json --problem train/prob_5.json --problem train/prob_6.json --problem train/prob_7.json --problem train/prob_8.json --problem train/prob_9.json --problem train/prob_10.json --problem train/prob_11.json --problem train/prob_12.json --problem train/prob_13.json --problem train/prob_14.json --problem train/prob_15.json --problem train/prob_16.json --problem train/prob_17.json --problem train/prob_18.json --problem train/prob_19.json --problem train/prob_20.json --problem train/prob_21.json --problem train/prob_22.json --problem train/prob_23.json --problem train/prob_24.json --problem train/prob_25.json --problem train/prob_26.json --problem train/prob_27.json --problem train/prob_28.json --problem train/prob_29.json --problem train/prob_30.json --problem train/prob_31.json --problem train/prob_32.json --problem train/prob_33.json --problem train/prob_34.json --problem train/prob_35.json --problem train/prob_36.json --problem train/prob_37.json --problem train/prob_38.json --problem train/prob_39.json --problem train/prob_40.json --timelimit 60 --run-id verify_active_v305_baseline_hh_py_20260629_001 --out-dir reports/ogc2026_reboot_v001/verify_active_v305_baseline_hh_py_20260629_001 --cumulative-csv reports/ogc2026_reboot_v001/active_publish_rechecks_v305.csv --require-fresh-cumulative"
2026-06-29T21:57:24,verify_active_v305_baseline_hh_py_20260629_001,wrapper,baseline_hh_v305,ogc2026\baseline\baseline_hh.py,80bdfb43ccde774ab56ef7f2dcb4a4b1c35166a596044710b37beb49bd6bd338,9dfaa0ac5fa3e0f16fdfb0890e11b4cb64ea59b8edee029a9c4f13a2c52538b0,hh_algorithm_loop,c65b7d3b,True,prob_4.json,60.000000,60.000000,20.000000,90.000000,true,false,true,true,true,5,331591.0,331591.0,331591.0,6.0,1669,942.0,17.475827,17.037452697753906,100,100,2,,reports\ogc2026_reboot_v001\verify_active_v305_baseline_hh_py_20260629_001\solutions\wrapper__baseline_hh_v305\prob_4.solution.json,reports\ogc2026_reboot_v001\verify_active_v305_baseline_hh_py_20260629_001\logs\wrapper__baseline_hh_v305\prob_4.log,PASS objective=331591.0 obj1=6.0 obj2=1669 obj3=942.0,"C:\Python314\python.exe ogc2026/batchrunner/benchmark.py --algorithm name=wrapper,version=baseline_hh_v305,path=ogc2026/baseline/baseline_hh.py --algorithm name=direct,version=v304_direct,path=ogc2026/baseline/alg_versions/reboot_v304_20260629_trackA_prob13like_subprocess_fallback_on_v298.py --problem train/prob_1.json --problem train/prob_2.json --problem train/prob_3.json --problem train/prob_4.json --problem train/prob_5.json --problem train/prob_6.json --problem train/prob_7.json --problem train/prob_8.json --problem train/prob_9.json --problem train/prob_10.json --problem train/prob_11.json --problem train/prob_12.json --problem train/prob_13.json --problem train/prob_14.json --problem train/prob_15.json --problem train/prob_16.json --problem train/prob_17.json --problem train/prob_18.json --problem train/prob_19.json --problem train/prob_20.json --problem train/prob_21.json --problem train/prob_22.json --problem train/prob_23.json --problem train/prob_24.json --problem train/prob_25.json --problem train/prob_26.json --problem train/prob_27.json --problem train/prob_28.json --problem train/prob_29.json --problem train/prob_30.json --problem train/prob_31.json --problem train/prob_32.json --problem train/prob_33.json --problem train/prob_34.json --problem train/prob_35.json --problem train/prob_36.json --problem train/prob_37.json --problem train/prob_38.json --problem train/prob_39.json --problem train/prob_40.json --timelimit 60 --run-id verify_active_v305_baseline_hh_py_20260629_001 --out-dir reports/ogc2026_reboot_v001/verify_active_v305_baseline_hh_py_20260629_001 --cumulative-csv reports/ogc2026_reboot_v001/active_publish_rechecks_v305.csv --require-fresh-cumulative"
2026-06-29T21:57:24,verify_active_v305_baseline_hh_py_20260629_001,wrapper,baseline_hh_v305,ogc2026\baseline\baseline_hh.py,80bdfb43ccde774ab56ef7f2dcb4a4b1c35166a596044710b37beb49bd6bd338,9dfaa0ac5fa3e0f16fdfb0890e11b4cb64ea59b8edee029a9c4f13a2c52538b0,hh_algorithm_loop,c65b7d3b,True,prob_5.json,60.000000,60.000000,20.000000,90.000000,true,false,true,true,true,5,139455.0,139455.0,139455.0,0.0,1065,880.0,17.580524,17.112563610076904,150,150,3,,reports\ogc2026_reboot_v001\verify_active_v305_baseline_hh_py_20260629_001\solutions\wrapper__baseline_hh_v305\prob_5.solution.json,reports\ogc2026_reboot_v001\verify_active_v305_baseline_hh_py_20260629_001\logs\wrapper__baseline_hh_v305\prob_5.log,PASS objective=139455.0 obj1=0.0 obj2=1065 obj3=880.0,"C:\Python314\python.exe ogc2026/batchrunner/benchmark.py --algorithm name=wrapper,version=baseline_hh_v305,path=ogc2026/baseline/baseline_hh.py --algorithm name=direct,version=v304_direct,path=ogc2026/baseline/alg_versions/reboot_v304_20260629_trackA_prob13like_subprocess_fallback_on_v298.py --problem train/prob_1.json --problem train/prob_2.json --problem train/prob_3.json --problem train/prob_4.json --problem train/prob_5.json --problem train/prob_6.json --problem train/prob_7.json --problem train/prob_8.json --problem train/prob_9.json --problem train/prob_10.json --problem train/prob_11.json --problem train/prob_12.json --problem train/prob_13.json --problem train/prob_14.json --problem train/prob_15.json --problem train/prob_16.json --problem train/prob_17.json --problem train/prob_18.json --problem train/prob_19.json --problem train/prob_20.json --problem train/prob_21.json --problem train/prob_22.json --problem train/prob_23.json --problem train/prob_24.json --problem train/prob_25.json --problem train/prob_26.json --problem train/prob_27.json --problem train/prob_28.json --problem train/prob_29.json --problem train/prob_30.json --problem train/prob_31.json --problem train/prob_32.json --problem train/prob_33.json --problem train/prob_34.json --problem train/prob_35.json --problem train/prob_36.json --problem train/prob_37.json --problem train/prob_38.json --problem train/prob_39.json --problem train/prob_40.json --timelimit 60 --run-id verify_active_v305_baseline_hh_py_20260629_001 --out-dir reports/ogc2026_reboot_v001/verify_active_v305_baseline_hh_py_20260629_001 --cumulative-csv reports/ogc2026_reboot_v001/active_publish_rechecks_v305.csv --require-fresh-cumulative"
2026-06-29T21:57:24,verify_active_v305_baseline_hh_py_20260629_001,wrapper,baseline_hh_v305,ogc2026\baseline\baseline_hh.py,80bdfb43ccde774ab56ef7f2dcb4a4b1c35166a596044710b37beb49bd6bd338,9dfaa0ac5fa3e0f16fdfb0890e11b4cb64ea59b8edee029a9c4f13a2c52538b0,hh_algorithm_loop,c65b7d3b,True,prob_6.json,60.000000,60.000000,20.000000,90.000000,true,false,true,true,true,5,577115.0,577115.0,577115.0,7.0,1815,2380.0,29.532804,29.08244228363037,150,150,3,,reports\ogc2026_reboot_v001\verify_active_v305_baseline_hh_py_20260629_001\solutions\wrapper__baseline_hh_v305\prob_6.solution.json,reports\ogc2026_reboot_v001\verify_active_v305_baseline_hh_py_20260629_001\logs\wrapper__baseline_hh_v305\prob_6.log,PASS objective=577115.0 obj1=7.0 obj2=1815 obj3=2380.0,"C:\Python314\python.exe ogc2026/batchrunner/benchmark.py --algorithm name=wrapper,version=baseline_hh_v305,path=ogc2026/baseline/baseline_hh.py --algorithm name=direct,version=v304_direct,path=ogc2026/baseline/alg_versions/reboot_v304_20260629_trackA_prob13like_subprocess_fallback_on_v298.py --problem train/prob_1.json --problem train/prob_2.json --problem train/prob_3.json --problem train/prob_4.json --problem train/prob_5.json --problem train/prob_6.json --problem train/prob_7.json --problem train/prob_8.json --problem train/prob_9.json --problem train/prob_10.json --problem train/prob_11.json --problem train/prob_12.json --problem train/prob_13.json --problem train/prob_14.json --problem train/prob_15.json --problem train/prob_16.json --problem train/prob_17.json --problem train/prob_18.json --problem train/prob_19.json --problem train/prob_20.json --problem train/prob_21.json --problem train/prob_22.json --problem train/prob_23.json --problem train/prob_24.json --problem train/prob_25.json --problem train/prob_26.json --problem train/prob_27.json --problem train/prob_28.json --problem train/prob_29.json --problem train/prob_30.json --problem train/prob_31.json --problem train/prob_32.json --problem train/prob_33.json --problem train/prob_34.json --problem train/prob_35.json --problem train/prob_36.json --problem train/prob_37.json --problem train/prob_38.json --problem train/prob_39.json --problem train/prob_40.json --timelimit 60 --run-id verify_active_v305_baseline_hh_py_20260629_001 --out-dir reports/ogc2026_reboot_v001/verify_active_v305_baseline_hh_py_20260629_001 --cumulative-csv reports/ogc2026_reboot_v001/active_publish_rechecks_v305.csv --require-fresh-cumulative"
2026-06-29T21:57:24,verify_active_v305_baseline_hh_py_20260629_001,wrapper,baseline_hh_v305,ogc2026\baseline\baseline_hh.py,80bdfb43ccde774ab56ef7f2dcb4a4b1c35166a596044710b37beb49bd6bd338,9dfaa0ac5fa3e0f16fdfb0890e11b4cb64ea59b8edee029a9c4f13a2c52538b0,hh_algorithm_loop,c65b7d3b,True,prob_7.json,60.000000,60.000000,20.000000,90.000000,true,false,true,true,true,5,131191.0,131191.0,131191.0,0.0,3013,734.0,20.508941,20.025421619415283,150,150,3,,reports\ogc2026_reboot_v001\verify_active_v305_baseline_hh_py_20260629_001\solutions\wrapper__baseline_hh_v305\prob_7.solution.json,reports\ogc2026_reboot_v001\verify_active_v305_baseline_hh_py_20260629_001\logs\wrapper__baseline_hh_v305\prob_7.log,PASS objective=131191.0 obj1=0.0 obj2=3013 obj3=734.0,"C:\Python314\python.exe ogc2026/batchrunner/benchmark.py --algorithm name=wrapper,version=baseline_hh_v305,path=ogc2026/baseline/baseline_hh.py --algorithm name=direct,version=v304_direct,path=ogc2026/baseline/alg_versions/reboot_v304_20260629_trackA_prob13like_subprocess_fallback_on_v298.py --problem train/prob_1.json --problem train/prob_2.json --problem train/prob_3.json --problem train/prob_4.json --problem train/prob_5.json --problem train/prob_6.json --problem train/prob_7.json --problem train/prob_8.json --problem train/prob_9.json --problem train/prob_10.json --problem train/prob_11.json --problem train/prob_12.json --problem train/prob_13.json --problem train/prob_14.json --problem train/prob_15.json --problem train/prob_16.json --problem train/prob_17.json --problem train/prob_18.json --problem train/prob_19.json --problem train/prob_20.json --problem train/prob_21.json --problem train/prob_22.json --problem train/prob_23.json --problem train/prob_24.json --problem train/prob_25.json --problem train/prob_26.json --problem train/prob_27.json --problem train/prob_28.json --problem train/prob_29.json --problem train/prob_30.json --problem train/prob_31.json --problem train/prob_32.json --problem train/prob_33.json --problem train/prob_34.json --problem train/prob_35.json --problem train/prob_36.json --problem train/prob_37.json --problem train/prob_38.json --problem train/prob_39.json --problem train/prob_40.json --timelimit 60 --run-id verify_active_v305_baseline_hh_py_20260629_001 --out-dir reports/ogc2026_reboot_v001/verify_active_v305_baseline_hh_py_20260629_001 --cumulative-csv reports/ogc2026_reboot_v001/active_publish_rechecks_v305.csv --require-fresh-cumulative"
2026-06-29T21:57:24,verify_active_v305_baseline_hh_py_20260629_001,wrapper,baseline_hh_v305,ogc2026\baseline\baseline_hh.py,80bdfb43ccde774ab56ef7f2dcb4a4b1c35166a596044710b37beb49bd6bd338,9dfaa0ac5fa3e0f16fdfb0890e11b4cb64ea59b8edee029a9c4f13a2c52538b0,hh_algorithm_loop,c65b7d3b,True,prob_8.json,60.000000,60.000000,20.000000,90.000000,true,false,true,true,true,5,74968.0,74968.0,74968.0,0.0,1142,352.0,12.266010,11.817830801010132,150,150,2,,reports\ogc2026_reboot_v001\verify_active_v305_baseline_hh_py_20260629_001\solutions\wrapper__baseline_hh_v305\prob_8.solution.json,reports\ogc2026_reboot_v001\verify_active_v305_baseline_hh_py_20260629_001\logs\wrapper__baseline_hh_v305\prob_8.log,PASS objective=74968.0 obj1=0.0 obj2=1142 obj3=352.0,"C:\Python314\python.exe ogc2026/batchrunner/benchmark.py --algorithm name=wrapper,version=baseline_hh_v305,path=ogc2026/baseline/baseline_hh.py --algorithm name=direct,version=v304_direct,path=ogc2026/baseline/alg_versions/reboot_v304_20260629_trackA_prob13like_subprocess_fallback_on_v298.py --problem train/prob_1.json --problem train/prob_2.json --problem train/prob_3.json --problem train/prob_4.json --problem train/prob_5.json --problem train/prob_6.json --problem train/prob_7.json --problem train/prob_8.json --problem train/prob_9.json --problem train/prob_10.json --problem train/prob_11.json --problem train/prob_12.json --problem train/prob_13.json --problem train/prob_14.json --problem train/prob_15.json --problem train/prob_16.json --problem train/prob_17.json --problem train/prob_18.json --problem train/prob_19.json --problem train/prob_20.json --problem train/prob_21.json --problem train/prob_22.json --problem train/prob_23.json --problem train/prob_24.json --problem train/prob_25.json --problem train/prob_26.json --problem train/prob_27.json --problem train/prob_28.json --problem train/prob_29.json --problem train/prob_30.json --problem train/prob_31.json --problem train/prob_32.json --problem train/prob_33.json --problem train/prob_34.json --problem train/prob_35.json --problem train/prob_36.json --problem train/prob_37.json --problem train/prob_38.json --problem train/prob_39.json --problem train/prob_40.json --timelimit 60 --run-id verify_active_v305_baseline_hh_py_20260629_001 --out-dir reports/ogc2026_reboot_v001/verify_active_v305_baseline_hh_py_20260629_001 --cumulative-csv reports/ogc2026_reboot_v001/active_publish_rechecks_v305.csv --require-fresh-cumulative"
2026-06-29T21:57:24,verify_active_v305_baseline_hh_py_20260629_001,wrapper,baseline_hh_v305,ogc2026\baseline\baseline_hh.py,80bdfb43ccde774ab56ef7f2dcb4a4b1c35166a596044710b37beb49bd6bd338,9dfaa0ac5fa3e0f16fdfb0890e11b4cb64ea59b8edee029a9c4f13a2c52538b0,hh_algorithm_loop,c65b7d3b,True,prob_9.json,60.000000,60.000000,20.000000,90.000000,true,false,true,true,true,5,237200.0,237200.0,237200.0,0.0,1090,1545.0,27.668726,27.201510190963745,200,200,3,,reports\ogc2026_reboot_v001\verify_active_v305_baseline_hh_py_20260629_001\solutions\wrapper__baseline_hh_v305\prob_9.solution.json,reports\ogc2026_reboot_v001\verify_active_v305_baseline_hh_py_20260629_001\logs\wrapper__baseline_hh_v305\prob_9.log,PASS objective=237200.0 obj1=0.0 obj2=1090 obj3=1545.0,"C:\Python314\python.exe ogc2026/batchrunner/benchmark.py --algorithm name=wrapper,version=baseline_hh_v305,path=ogc2026/baseline/baseline_hh.py --algorithm name=direct,version=v304_direct,path=ogc2026/baseline/alg_versions/reboot_v304_20260629_trackA_prob13like_subprocess_fallback_on_v298.py --problem train/prob_1.json --problem train/prob_2.json --problem train/prob_3.json --problem train/prob_4.json --problem train/prob_5.json --problem train/prob_6.json --problem train/prob_7.json --problem train/prob_8.json --problem train/prob_9.json --problem train/prob_10.json --problem train/prob_11.json --problem train/prob_12.json --problem train/prob_13.json --problem train/prob_14.json --problem train/prob_15.json --problem train/prob_16.json --problem train/prob_17.json --problem train/prob_18.json --problem train/prob_19.json --problem train/prob_20.json --problem train/prob_21.json --problem train/prob_22.json --problem train/prob_23.json --problem train/prob_24.json --problem train/prob_25.json --problem train/prob_26.json --problem train/prob_27.json --problem train/prob_28.json --problem train/prob_29.json --problem train/prob_30.json --problem train/prob_31.json --problem train/prob_32.json --problem train/prob_33.json --problem train/prob_34.json --problem train/prob_35.json --problem train/prob_36.json --problem train/prob_37.json --problem train/prob_38.json --problem train/prob_39.json --problem train/prob_40.json --timelimit 60 --run-id verify_active_v305_baseline_hh_py_20260629_001 --out-dir reports/ogc2026_reboot_v001/verify_active_v305_baseline_hh_py_20260629_001 --cumulative-csv reports/ogc2026_reboot_v001/active_publish_rechecks_v305.csv --require-fresh-cumulative"
2026-06-29T21:57:24,verify_active_v305_baseline_hh_py_20260629_001,wrapper,baseline_hh_v305,ogc2026\baseline\baseline_hh.py,80bdfb43ccde774ab56ef7f2dcb4a4b1c35166a596044710b37beb49bd6bd338,9dfaa0ac5fa3e0f16fdfb0890e11b4cb64ea59b8edee029a9c4f13a2c52538b0,hh_algorithm_loop,c65b7d3b,True,prob_10.json,60.000000,60.000000,20.000000,90.000000,true,false,true,true,true,5,1274865.0,1274865.0,1274865.0,66.0,2577,2232.0,23.389444,22.926204442977905,200,200,4,,reports\ogc2026_reboot_v001\verify_active_v305_baseline_hh_py_20260629_001\solutions\wrapper__baseline_hh_v305\prob_10.solution.json,reports\ogc2026_reboot_v001\verify_active_v305_baseline_hh_py_20260629_001\logs\wrapper__baseline_hh_v305\prob_10.log,PASS objective=1274865.0 obj1=66.0 obj2=2577 obj3=2232.0,"C:\Python314\python.exe ogc2026/batchrunner/benchmark.py --algorithm name=wrapper,version=baseline_hh_v305,path=ogc2026/baseline/baseline_hh.py --algorithm name=direct,version=v304_direct,path=ogc2026/baseline/alg_versions/reboot_v304_20260629_trackA_prob13like_subprocess_fallback_on_v298.py --problem train/prob_1.json --problem train/prob_2.json --problem train/prob_3.json --problem train/prob_4.json --problem train/prob_5.json --problem train/prob_6.json --problem train/prob_7.json --problem train/prob_8.json --problem train/prob_9.json --problem train/prob_10.json --problem train/prob_11.json --problem train/prob_12.json --problem train/prob_13.json --problem train/prob_14.json --problem train/prob_15.json --problem train/prob_16.json --problem train/prob_17.json --problem train/prob_18.json --problem train/prob_19.json --problem train/prob_20.json --problem train/prob_21.json --problem train/prob_22.json --problem train/prob_23.json --problem train/prob_24.json --problem train/prob_25.json --problem train/prob_26.json --problem train/prob_27.json --problem train/prob_28.json --problem train/prob_29.json --problem train/prob_30.json --problem train/prob_31.json --problem train/prob_32.json --problem train/prob_33.json --problem train/prob_34.json --problem train/prob_35.json --problem train/prob_36.json --problem train/prob_37.json --problem train/prob_38.json --problem train/prob_39.json --problem train/prob_40.json --timelimit 60 --run-id verify_active_v305_baseline_hh_py_20260629_001 --out-dir reports/ogc2026_reboot_v001/verify_active_v305_baseline_hh_py_20260629_001 --cumulative-csv reports/ogc2026_reboot_v001/active_publish_rechecks_v305.csv --require-fresh-cumulative"
2026-06-29T21:57:24,verify_active_v305_baseline_hh_py_20260629_001,wrapper,baseline_hh_v305,ogc2026\baseline\baseline_hh.py,80bdfb43ccde774ab56ef7f2dcb4a4b1c35166a596044710b37beb49bd6bd338,9dfaa0ac5fa3e0f16fdfb0890e11b4cb64ea59b8edee029a9c4f13a2c52538b0,hh_algorithm_loop,c65b7d3b,True,prob_11.json,60.000000,60.000000,20.000000,90.000000,true,false,true,true,true,5,8164735.0,8164735.0,8164735.0,342.0,415,2592.0,47.038327,46.29113268852234,200,200,4,,reports\ogc2026_reboot_v001\verify_active_v305_baseline_hh_py_20260629_001\solutions\wrapper__baseline_hh_v305\prob_11.solution.json,reports\ogc2026_reboot_v001\verify_active_v305_baseline_hh_py_20260629_001\logs\wrapper__baseline_hh_v305\prob_11.log,PASS objective=8164735.0 obj1=342.0 obj2=415 obj3=2592.0,"C:\Python314\python.exe ogc2026/batchrunner/benchmark.py --algorithm name=wrapper,version=baseline_hh_v305,path=ogc2026/baseline/baseline_hh.py --algorithm name=direct,version=v304_direct,path=ogc2026/baseline/alg_versions/reboot_v304_20260629_trackA_prob13like_subprocess_fallback_on_v298.py --problem train/prob_1.json --problem train/prob_2.json --problem train/prob_3.json --problem train/prob_4.json --problem train/prob_5.json --problem train/prob_6.json --problem train/prob_7.json --problem train/prob_8.json --problem train/prob_9.json --problem train/prob_10.json --problem train/prob_11.json --problem train/prob_12.json --problem train/prob_13.json --problem train/prob_14.json --problem train/prob_15.json --problem train/prob_16.json --problem train/prob_17.json --problem train/prob_18.json --problem train/prob_19.json --problem train/prob_20.json --problem train/prob_21.json --problem train/prob_22.json --problem train/prob_23.json --problem train/prob_24.json --problem train/prob_25.json --problem train/prob_26.json --problem train/prob_27.json --problem train/prob_28.json --problem train/prob_29.json --problem train/prob_30.json --problem train/prob_31.json --problem train/prob_32.json --problem train/prob_33.json --problem train/prob_34.json --problem train/prob_35.json --problem train/prob_36.json --problem train/prob_37.json --problem train/prob_38.json --problem train/prob_39.json --problem train/prob_40.json --timelimit 60 --run-id verify_active_v305_baseline_hh_py_20260629_001 --out-dir reports/ogc2026_reboot_v001/verify_active_v305_baseline_hh_py_20260629_001 --cumulative-csv reports/ogc2026_reboot_v001/active_publish_rechecks_v305.csv --require-fresh-cumulative"
2026-06-29T21:57:24,verify_active_v305_baseline_hh_py_20260629_001,wrapper,baseline_hh_v305,ogc2026\baseline\baseline_hh.py,80bdfb43ccde774ab56ef7f2dcb4a4b1c35166a596044710b37beb49bd6bd338,9dfaa0ac5fa3e0f16fdfb0890e11b4cb64ea59b8edee029a9c4f13a2c52538b0,hh_algorithm_loop,c65b7d3b,True,prob_12.json,60.000000,60.000000,20.000000,90.000000,true,false,true,true,true,5,553078.0,553078.0,553078.0,8.0,6633,2491.0,25.424824,24.97427010536194,200,200,4,,reports\ogc2026_reboot_v001\verify_active_v305_baseline_hh_py_20260629_001\solutions\wrapper__baseline_hh_v305\prob_12.solution.json,reports\ogc2026_reboot_v001\verify_active_v305_baseline_hh_py_20260629_001\logs\wrapper__baseline_hh_v305\prob_12.log,PASS objective=553078.0 obj1=8.0 obj2=6633 obj3=2491.0,"C:\Python314\python.exe ogc2026/batchrunner/benchmark.py --algorithm name=wrapper,version=baseline_hh_v305,path=ogc2026/baseline/baseline_hh.py --algorithm name=direct,version=v304_direct,path=ogc2026/baseline/alg_versions/reboot_v304_20260629_trackA_prob13like_subprocess_fallback_on_v298.py --problem train/prob_1.json --problem train/prob_2.json --problem train/prob_3.json --problem train/prob_4.json --problem train/prob_5.json --problem train/prob_6.json --problem train/prob_7.json --problem train/prob_8.json --problem train/prob_9.json --problem train/prob_10.json --problem train/prob_11.json --problem train/prob_12.json --problem train/prob_13.json --problem train/prob_14.json --problem train/prob_15.json --problem train/prob_16.json --problem train/prob_17.json --problem train/prob_18.json --problem train/prob_19.json --problem train/prob_20.json --problem train/prob_21.json --problem train/prob_22.json --problem train/prob_23.json --problem train/prob_24.json --problem train/prob_25.json --problem train/prob_26.json --problem train/prob_27.json --problem train/prob_28.json --problem train/prob_29.json --problem train/prob_30.json --problem train/prob_31.json --problem train/prob_32.json --problem train/prob_33.json --problem train/prob_34.json --problem train/prob_35.json --problem train/prob_36.json --problem train/prob_37.json --problem train/prob_38.json --problem train/prob_39.json --problem train/prob_40.json --timelimit 60 --run-id verify_active_v305_baseline_hh_py_20260629_001 --out-dir reports/ogc2026_reboot_v001/verify_active_v305_baseline_hh_py_20260629_001 --cumulative-csv reports/ogc2026_reboot_v001/active_publish_rechecks_v305.csv --require-fresh-cumulative"
2026-06-29T21:57:24,verify_active_v305_baseline_hh_py_20260629_001,wrapper,baseline_hh_v305,ogc2026\baseline\baseline_hh.py,80bdfb43ccde774ab56ef7f2dcb4a4b1c35166a596044710b37beb49bd6bd338,9dfaa0ac5fa3e0f16fdfb0890e11b4cb64ea59b8edee029a9c4f13a2c52538b0,hh_algorithm_loop,c65b7d3b,True,prob_13.json,60.000000,60.000000,20.000000,90.000000,true,false,true,true,true,5,9583645.0,9583645.0,9583645.0,482.0,4438,4465.0,38.231379,37.77633810043335,250,250,4,,reports\ogc2026_reboot_v001\verify_active_v305_baseline_hh_py_20260629_001\solutions\wrapper__baseline_hh_v305\prob_13.solution.json,reports\ogc2026_reboot_v001\verify_active_v305_baseline_hh_py_20260629_001\logs\wrapper__baseline_hh_v305\prob_13.log,PASS objective=9583645.0 obj1=482.0 obj2=4438 obj3=4465.0,"C:\Python314\python.exe ogc2026/batchrunner/benchmark.py --algorithm name=wrapper,version=baseline_hh_v305,path=ogc2026/baseline/baseline_hh.py --algorithm name=direct,version=v304_direct,path=ogc2026/baseline/alg_versions/reboot_v304_20260629_trackA_prob13like_subprocess_fallback_on_v298.py --problem train/prob_1.json --problem train/prob_2.json --problem train/prob_3.json --problem train/prob_4.json --problem train/prob_5.json --problem train/prob_6.json --problem train/prob_7.json --problem train/prob_8.json --problem train/prob_9.json --problem train/prob_10.json --problem train/prob_11.json --problem train/prob_12.json --problem train/prob_13.json --problem train/prob_14.json --problem train/prob_15.json --problem train/prob_16.json --problem train/prob_17.json --problem train/prob_18.json --problem train/prob_19.json --problem train/prob_20.json --problem train/prob_21.json --problem train/prob_22.json --problem train/prob_23.json --problem train/prob_24.json --problem train/prob_25.json --problem train/prob_26.json --problem train/prob_27.json --problem train/prob_28.json --problem train/prob_29.json --problem train/prob_30.json --problem train/prob_31.json --problem train/prob_32.json --problem train/prob_33.json --problem train/prob_34.json --problem train/prob_35.json --problem train/prob_36.json --problem train/prob_37.json --problem train/prob_38.json --problem train/prob_39.json --problem train/prob_40.json --timelimit 60 --run-id verify_active_v305_baseline_hh_py_20260629_001 --out-dir reports/ogc2026_reboot_v001/verify_active_v305_baseline_hh_py_20260629_001 --cumulative-csv reports/ogc2026_reboot_v001/active_publish_rechecks_v305.csv --require-fresh-cumulative"
2026-06-29T21:57:24,verify_active_v305_baseline_hh_py_20260629_001,wrapper,baseline_hh_v305,ogc2026\baseline\baseline_hh.py,80bdfb43ccde774ab56ef7f2dcb4a4b1c35166a596044710b37beb49bd6bd338,9dfaa0ac5fa3e0f16fdfb0890e11b4cb64ea59b8edee029a9c4f13a2c52538b0,hh_algorithm_loop,c65b7d3b,True,prob_14.json,60.000000,60.000000,20.000000,90.000000,true,false,true,true,true,5,3795716.0,3795716.0,3795716.0,181.0,3301,4221.0,54.375970,53.905219316482544,250,250,4,,reports\ogc2026_reboot_v001\verify_active_v305_baseline_hh_py_20260629_001\solutions\wrapper__baseline_hh_v305\prob_14.solution.json,reports\ogc2026_reboot_v001\verify_active_v305_baseline_hh_py_20260629_001\logs\wrapper__baseline_hh_v305\prob_14.log,PASS objective=3795716.0 obj1=181.0 obj2=3301 obj3=4221.0,"C:\Python314\python.exe ogc2026/batchrunner/benchmark.py --algorithm name=wrapper,version=baseline_hh_v305,path=ogc2026/baseline/baseline_hh.py --algorithm name=direct,version=v304_direct,path=ogc2026/baseline/alg_versions/reboot_v304_20260629_trackA_prob13like_subprocess_fallback_on_v298.py --problem train/prob_1.json --problem train/prob_2.json --problem train/prob_3.json --problem train/prob_4.json --problem train/prob_5.json --problem train/prob_6.json --problem train/prob_7.json --problem train/prob_8.json --problem train/prob_9.json --problem train/prob_10.json --problem train/prob_11.json --problem train/prob_12.json --problem train/prob_13.json --problem train/prob_14.json --problem train/prob_15.json --problem train/prob_16.json --problem train/prob_17.json --problem train/prob_18.json --problem train/prob_19.json --problem train/prob_20.json --problem train/prob_21.json --problem train/prob_22.json --problem train/prob_23.json --problem train/prob_24.json --problem train/prob_25.json --problem train/prob_26.json --problem train/prob_27.json --problem train/prob_28.json --problem train/prob_29.json --problem train/prob_30.json --problem train/prob_31.json --problem train/prob_32.json --problem train/prob_33.json --problem train/prob_34.json --problem train/prob_35.json --problem train/prob_36.json --problem train/prob_37.json --problem train/prob_38.json --problem train/prob_39.json --problem train/prob_40.json --timelimit 60 --run-id verify_active_v305_baseline_hh_py_20260629_001 --out-dir reports/ogc2026_reboot_v001/verify_active_v305_baseline_hh_py_20260629_001 --cumulative-csv reports/ogc2026_reboot_v001/active_publish_rechecks_v305.csv --require-fresh-cumulative"
2026-06-29T21:57:24,verify_active_v305_baseline_hh_py_20260629_001,wrapper,baseline_hh_v305,ogc2026\baseline\baseline_hh.py,80bdfb43ccde774ab56ef7f2dcb4a4b1c35166a596044710b37beb49bd6bd338,9dfaa0ac5fa3e0f16fdfb0890e11b4cb64ea59b8edee029a9c4f13a2c52538b0,hh_algorithm_loop,c65b7d3b,True,prob_15.json,60.000000,60.000000,20.000000,90.000000,true,false,true,true,true,5,844023.0,844023.0,844023.0,25.0,3465,3431.0,38.218711,37.488619565963745,250,250,4,,reports\ogc2026_reboot_v001\verify_active_v305_baseline_hh_py_20260629_001\solutions\wrapper__baseline_hh_v305\prob_15.solution.json,reports\ogc2026_reboot_v001\verify_active_v305_baseline_hh_py_20260629_001\logs\wrapper__baseline_hh_v305\prob_15.log,PASS objective=844023.0 obj1=25.0 obj2=3465 obj3=3431.0,"C:\Python314\python.exe ogc2026/batchrunner/benchmark.py --algorithm name=wrapper,version=baseline_hh_v305,path=ogc2026/baseline/baseline_hh.py --algorithm name=direct,version=v304_direct,path=ogc2026/baseline/alg_versions/reboot_v304_20260629_trackA_prob13like_subprocess_fallback_on_v298.py --problem train/prob_1.json --problem train/prob_2.json --problem train/prob_3.json --problem train/prob_4.json --problem train/prob_5.json --problem train/prob_6.json --problem train/prob_7.json --problem train/prob_8.json --problem train/prob_9.json --problem train/prob_10.json --problem train/prob_11.json --problem train/prob_12.json --problem train/prob_13.json --problem train/prob_14.json --problem train/prob_15.json --problem train/prob_16.json --problem train/prob_17.json --problem train/prob_18.json --problem train/prob_19.json --problem train/prob_20.json --problem train/prob_21.json --problem train/prob_22.json --problem train/prob_23.json --problem train/prob_24.json --problem train/prob_25.json --problem train/prob_26.json --problem train/prob_27.json --problem train/prob_28.json --problem train/prob_29.json --problem train/prob_30.json --problem train/prob_31.json --problem train/prob_32.json --problem train/prob_33.json --problem train/prob_34.json --problem train/prob_35.json --problem train/prob_36.json --problem train/prob_37.json --problem train/prob_38.json --problem train/prob_39.json --problem train/prob_40.json --timelimit 60 --run-id verify_active_v305_baseline_hh_py_20260629_001 --out-dir reports/ogc2026_reboot_v001/verify_active_v305_baseline_hh_py_20260629_001 --cumulative-csv reports/ogc2026_reboot_v001/active_publish_rechecks_v305.csv --require-fresh-cumulative"
2026-06-29T21:57:24,verify_active_v305_baseline_hh_py_20260629_001,wrapper,baseline_hh_v305,ogc2026\baseline\baseline_hh.py,80bdfb43ccde774ab56ef7f2dcb4a4b1c35166a596044710b37beb49bd6bd338,9dfaa0ac5fa3e0f16fdfb0890e11b4cb64ea59b8edee029a9c4f13a2c52538b0,hh_algorithm_loop,c65b7d3b,True,prob_16.json,60.000000,60.000000,20.000000,90.000000,true,false,true,true,true,5,176817.0,176817.0,176817.0,0.0,2938,1219.0,12.807600,12.33637022972107,250,250,4,,reports\ogc2026_reboot_v001\verify_active_v305_baseline_hh_py_20260629_001\solutions\wrapper__baseline_hh_v305\prob_16.solution.json,reports\ogc2026_reboot_v001\verify_active_v305_baseline_hh_py_20260629_001\logs\wrapper__baseline_hh_v305\prob_16.log,PASS objective=176817.0 obj1=0.0 obj2=2938 obj3=1219.0,"C:\Python314\python.exe ogc2026/batchrunner/benchmark.py --algorithm name=wrapper,version=baseline_hh_v305,path=ogc2026/baseline/baseline_hh.py --algorithm name=direct,version=v304_direct,path=ogc2026/baseline/alg_versions/reboot_v304_20260629_trackA_prob13like_subprocess_fallback_on_v298.py --problem train/prob_1.json --problem train/prob_2.json --problem train/prob_3.json --problem train/prob_4.json --problem train/prob_5.json --problem train/prob_6.json --problem train/prob_7.json --problem train/prob_8.json --problem train/prob_9.json --problem train/prob_10.json --problem train/prob_11.json --problem train/prob_12.json --problem train/prob_13.json --problem train/prob_14.json --problem train/prob_15.json --problem train/prob_16.json --problem train/prob_17.json --problem train/prob_18.json --problem train/prob_19.json --problem train/prob_20.json --problem train/prob_21.json --problem train/prob_22.json --problem train/prob_23.json --problem train/prob_24.json --problem train/prob_25.json --problem train/prob_26.json --problem train/prob_27.json --problem train/prob_28.json --problem train/prob_29.json --problem train/prob_30.json --problem train/prob_31.json --problem train/prob_32.json --problem train/prob_33.json --problem train/prob_34.json --problem train/prob_35.json --problem train/prob_36.json --problem train/prob_37.json --problem train/prob_38.json --problem train/prob_39.json --problem train/prob_40.json --timelimit 60 --run-id verify_active_v305_baseline_hh_py_20260629_001 --out-dir reports/ogc2026_reboot_v001/verify_active_v305_baseline_hh_py_20260629_001 --cumulative-csv reports/ogc2026_reboot_v001/active_publish_rechecks_v305.csv --require-fresh-cumulative"
2026-06-29T21:57:24,verify_active_v305_baseline_hh_py_20260629_001,wrapper,baseline_hh_v305,ogc2026\baseline\baseline_hh.py,80bdfb43ccde774ab56ef7f2dcb4a4b1c35166a596044710b37beb49bd6bd338,9dfaa0ac5fa3e0f16fdfb0890e11b4cb64ea59b8edee029a9c4f13a2c52538b0,hh_algorithm_loop,c65b7d3b,True,prob_17.json,60.000000,60.000000,20.000000,90.000000,true,false,true,true,true,5,338183.0,338183.0,338183.0,13.0,5749,1422.0,19.094213,18.626575708389282,300,300,4,,reports\ogc2026_reboot_v001\verify_active_v305_baseline_hh_py_20260629_001\solutions\wrapper__baseline_hh_v305\prob_17.solution.json,reports\ogc2026_reboot_v001\verify_active_v305_baseline_hh_py_20260629_001\logs\wrapper__baseline_hh_v305\prob_17.log,PASS objective=338183.0 obj1=13.0 obj2=5749 obj3=1422.0,"C:\Python314\python.exe ogc2026/batchrunner/benchmark.py --algorithm name=wrapper,version=baseline_hh_v305,path=ogc2026/baseline/baseline_hh.py --algorithm name=direct,version=v304_direct,path=ogc2026/baseline/alg_versions/reboot_v304_20260629_trackA_prob13like_subprocess_fallback_on_v298.py --problem train/prob_1.json --problem train/prob_2.json --problem train/prob_3.json --problem train/prob_4.json --problem train/prob_5.json --problem train/prob_6.json --problem train/prob_7.json --problem train/prob_8.json --problem train/prob_9.json --problem train/prob_10.json --problem train/prob_11.json --problem train/prob_12.json --problem train/prob_13.json --problem train/prob_14.json --problem train/prob_15.json --problem train/prob_16.json --problem train/prob_17.json --problem train/prob_18.json --problem train/prob_19.json --problem train/prob_20.json --problem train/prob_21.json --problem train/prob_22.json --problem train/prob_23.json --problem train/prob_24.json --problem train/prob_25.json --problem train/prob_26.json --problem train/prob_27.json --problem train/prob_28.json --problem train/prob_29.json --problem train/prob_30.json --problem train/prob_31.json --problem train/prob_32.json --problem train/prob_33.json --problem train/prob_34.json --problem train/prob_35.json --problem train/prob_36.json --problem train/prob_37.json --problem train/prob_38.json --problem train/prob_39.json --problem train/prob_40.json --timelimit 60 --run-id verify_active_v305_baseline_hh_py_20260629_001 --out-dir reports/ogc2026_reboot_v001/verify_active_v305_baseline_hh_py_20260629_001 --cumulative-csv reports/ogc2026_reboot_v001/active_publish_rechecks_v305.csv --require-fresh-cumulative"
2026-06-29T21:57:24,verify_active_v305_baseline_hh_py_20260629_001,wrapper,baseline_hh_v305,ogc2026\baseline\baseline_hh.py,80bdfb43ccde774ab56ef7f2dcb4a4b1c35166a596044710b37beb49bd6bd338,9dfaa0ac5fa3e0f16fdfb0890e11b4cb64ea59b8edee029a9c4f13a2c52538b0,hh_algorithm_loop,c65b7d3b,True,prob_18.json,60.000000,60.000000,20.000000,90.000000,true,false,true,true,true,5,264994.0,264994.0,264994.0,0.0,3406,1890.0,23.696249,23.240938901901245,300,300,4,,reports\ogc2026_reboot_v001\verify_active_v305_baseline_hh_py_20260629_001\solutions\wrapper__baseline_hh_v305\prob_18.solution.json,reports\ogc2026_reboot_v001\verify_active_v305_baseline_hh_py_20260629_001\logs\wrapper__baseline_hh_v305\prob_18.log,PASS objective=264994.0 obj1=0.0 obj2=3406 obj3=1890.0,"C:\Python314\python.exe ogc2026/batchrunner/benchmark.py --algorithm name=wrapper,version=baseline_hh_v305,path=ogc2026/baseline/baseline_hh.py --algorithm name=direct,version=v304_direct,path=ogc2026/baseline/alg_versions/reboot_v304_20260629_trackA_prob13like_subprocess_fallback_on_v298.py --problem train/prob_1.json --problem train/prob_2.json --problem train/prob_3.json --problem train/prob_4.json --problem train/prob_5.json --problem train/prob_6.json --problem train/prob_7.json --problem train/prob_8.json --problem train/prob_9.json --problem train/prob_10.json --problem train/prob_11.json --problem train/prob_12.json --problem train/prob_13.json --problem train/prob_14.json --problem train/prob_15.json --problem train/prob_16.json --problem train/prob_17.json --problem train/prob_18.json --problem train/prob_19.json --problem train/prob_20.json --problem train/prob_21.json --problem train/prob_22.json --problem train/prob_23.json --problem train/prob_24.json --problem train/prob_25.json --problem train/prob_26.json --problem train/prob_27.json --problem train/prob_28.json --problem train/prob_29.json --problem train/prob_30.json --problem train/prob_31.json --problem train/prob_32.json --problem train/prob_33.json --problem train/prob_34.json --problem train/prob_35.json --problem train/prob_36.json --problem train/prob_37.json --problem train/prob_38.json --problem train/prob_39.json --problem train/prob_40.json --timelimit 60 --run-id verify_active_v305_baseline_hh_py_20260629_001 --out-dir reports/ogc2026_reboot_v001/verify_active_v305_baseline_hh_py_20260629_001 --cumulative-csv reports/ogc2026_reboot_v001/active_publish_rechecks_v305.csv --require-fresh-cumulative"
2026-06-29T21:57:24,verify_active_v305_baseline_hh_py_20260629_001,wrapper,baseline_hh_v305,ogc2026\baseline\baseline_hh.py,80bdfb43ccde774ab56ef7f2dcb4a4b1c35166a596044710b37beb49bd6bd338,9dfaa0ac5fa3e0f16fdfb0890e11b4cb64ea59b8edee029a9c4f13a2c52538b0,hh_algorithm_loop,c65b7d3b,True,prob_19.json,60.000000,60.000000,20.000000,90.000000,true,false,true,true,true,5,1896684.0,1896684.0,1896684.0,123.0,6544,4199.0,40.477603,39.7398464679718,300,300,4,,reports\ogc2026_reboot_v001\verify_active_v305_baseline_hh_py_20260629_001\solutions\wrapper__baseline_hh_v305\prob_19.solution.json,reports\ogc2026_reboot_v001\verify_active_v305_baseline_hh_py_20260629_001\logs\wrapper__baseline_hh_v305\prob_19.log,PASS objective=1896684.0 obj1=123.0 obj2=6544 obj3=4199.0,"C:\Python314\python.exe ogc2026/batchrunner/benchmark.py --algorithm name=wrapper,version=baseline_hh_v305,path=ogc2026/baseline/baseline_hh.py --algorithm name=direct,version=v304_direct,path=ogc2026/baseline/alg_versions/reboot_v304_20260629_trackA_prob13like_subprocess_fallback_on_v298.py --problem train/prob_1.json --problem train/prob_2.json --problem train/prob_3.json --problem train/prob_4.json --problem train/prob_5.json --problem train/prob_6.json --problem train/prob_7.json --problem train/prob_8.json --problem train/prob_9.json --problem train/prob_10.json --problem train/prob_11.json --problem train/prob_12.json --problem train/prob_13.json --problem train/prob_14.json --problem train/prob_15.json --problem train/prob_16.json --problem train/prob_17.json --problem train/prob_18.json --problem train/prob_19.json --problem train/prob_20.json --problem train/prob_21.json --problem train/prob_22.json --problem train/prob_23.json --problem train/prob_24.json --problem train/prob_25.json --problem train/prob_26.json --problem train/prob_27.json --problem train/prob_28.json --problem train/prob_29.json --problem train/prob_30.json --problem train/prob_31.json --problem train/prob_32.json --problem train/prob_33.json --problem train/prob_34.json --problem train/prob_35.json --problem train/prob_36.json --problem train/prob_37.json --problem train/prob_38.json --problem train/prob_39.json --problem train/prob_40.json --timelimit 60 --run-id verify_active_v305_baseline_hh_py_20260629_001 --out-dir reports/ogc2026_reboot_v001/verify_active_v305_baseline_hh_py_20260629_001 --cumulative-csv reports/ogc2026_reboot_v001/active_publish_rechecks_v305.csv --require-fresh-cumulative"
2026-06-29T21:57:24,verify_active_v305_baseline_hh_py_20260629_001,wrapper,baseline_hh_v305,ogc2026\baseline\baseline_hh.py,80bdfb43ccde774ab56ef7f2dcb4a4b1c35166a596044710b37beb49bd6bd338,9dfaa0ac5fa3e0f16fdfb0890e11b4cb64ea59b8edee029a9c4f13a2c52538b0,hh_algorithm_loop,c65b7d3b,True,prob_20.json,60.000000,60.000000,20.000000,90.000000,true,false,true,true,true,5,5199740.0,5199740.0,5199740.0,164.0,3642,6436.0,46.092278,45.624279260635376,300,300,5,,reports\ogc2026_reboot_v001\verify_active_v305_baseline_hh_py_20260629_001\solutions\wrapper__baseline_hh_v305\prob_20.solution.json,reports\ogc2026_reboot_v001\verify_active_v305_baseline_hh_py_20260629_001\logs\wrapper__baseline_hh_v305\prob_20.log,PASS objective=5199740.0 obj1=164.0 obj2=3642 obj3=6436.0,"C:\Python314\python.exe ogc2026/batchrunner/benchmark.py --algorithm name=wrapper,version=baseline_hh_v305,path=ogc2026/baseline/baseline_hh.py --algorithm name=direct,version=v304_direct,path=ogc2026/baseline/alg_versions/reboot_v304_20260629_trackA_prob13like_subprocess_fallback_on_v298.py --problem train/prob_1.json --problem train/prob_2.json --problem train/prob_3.json --problem train/prob_4.json --problem train/prob_5.json --problem train/prob_6.json --problem train/prob_7.json --problem train/prob_8.json --problem train/prob_9.json --problem train/prob_10.json --problem train/prob_11.json --problem train/prob_12.json --problem train/prob_13.json --problem train/prob_14.json --problem train/prob_15.json --problem train/prob_16.json --problem train/prob_17.json --problem train/prob_18.json --problem train/prob_19.json --problem train/prob_20.json --problem train/prob_21.json --problem train/prob_22.json --problem train/prob_23.json --problem train/prob_24.json --problem train/prob_25.json --problem train/prob_26.json --problem train/prob_27.json --problem train/prob_28.json --problem train/prob_29.json --problem train/prob_30.json --problem train/prob_31.json --problem train/prob_32.json --problem train/prob_33.json --problem train/prob_34.json --problem train/prob_35.json --problem train/prob_36.json --problem train/prob_37.json --problem train/prob_38.json --problem train/prob_39.json --problem train/prob_40.json --timelimit 60 --run-id verify_active_v305_baseline_hh_py_20260629_001 --out-dir reports/ogc2026_reboot_v001/verify_active_v305_baseline_hh_py_20260629_001 --cumulative-csv reports/ogc2026_reboot_v001/active_publish_rechecks_v305.csv --require-fresh-cumulative"
2026-06-29T21:57:24,verify_active_v305_baseline_hh_py_20260629_001,wrapper,baseline_hh_v305,ogc2026\baseline\baseline_hh.py,80bdfb43ccde774ab56ef7f2dcb4a4b1c35166a596044710b37beb49bd6bd338,9dfaa0ac5fa3e0f16fdfb0890e11b4cb64ea59b8edee029a9c4f13a2c52538b0,hh_algorithm_loop,c65b7d3b,True,prob_21.json,60.000000,60.000000,20.000000,90.000000,true,false,true,true,true,5,9383482.0,9383482.0,9383482.0,664.0,522,3501.0,10.618858,10.18010401725769,100,100,3,,reports\ogc2026_reboot_v001\verify_active_v305_baseline_hh_py_20260629_001\solutions\wrapper__baseline_hh_v305\prob_21.solution.json,reports\ogc2026_reboot_v001\verify_active_v305_baseline_hh_py_20260629_001\logs\wrapper__baseline_hh_v305\prob_21.log,PASS objective=9383482.0 obj1=664.0 obj2=522 obj3=3501.0,"C:\Python314\python.exe ogc2026/batchrunner/benchmark.py --algorithm name=wrapper,version=baseline_hh_v305,path=ogc2026/baseline/baseline_hh.py --algorithm name=direct,version=v304_direct,path=ogc2026/baseline/alg_versions/reboot_v304_20260629_trackA_prob13like_subprocess_fallback_on_v298.py --problem train/prob_1.json --problem train/prob_2.json --problem train/prob_3.json --problem train/prob_4.json --problem train/prob_5.json --problem train/prob_6.json --problem train/prob_7.json --problem train/prob_8.json --problem train/prob_9.json --problem train/prob_10.json --problem train/prob_11.json --problem train/prob_12.json --problem train/prob_13.json --problem train/prob_14.json --problem train/prob_15.json --problem train/prob_16.json --problem train/prob_17.json --problem train/prob_18.json --problem train/prob_19.json --problem train/prob_20.json --problem train/prob_21.json --problem train/prob_22.json --problem train/prob_23.json --problem train/prob_24.json --problem train/prob_25.json --problem train/prob_26.json --problem train/prob_27.json --problem train/prob_28.json --problem train/prob_29.json --problem train/prob_30.json --problem train/prob_31.json --problem train/prob_32.json --problem train/prob_33.json --problem train/prob_34.json --problem train/prob_35.json --problem train/prob_36.json --problem train/prob_37.json --problem train/prob_38.json --problem train/prob_39.json --problem train/prob_40.json --timelimit 60 --run-id verify_active_v305_baseline_hh_py_20260629_001 --out-dir reports/ogc2026_reboot_v001/verify_active_v305_baseline_hh_py_20260629_001 --cumulative-csv reports/ogc2026_reboot_v001/active_publish_rechecks_v305.csv --require-fresh-cumulative"
2026-06-29T21:57:24,verify_active_v305_baseline_hh_py_20260629_001,wrapper,baseline_hh_v305,ogc2026\baseline\baseline_hh.py,80bdfb43ccde774ab56ef7f2dcb4a4b1c35166a596044710b37beb49bd6bd338,9dfaa0ac5fa3e0f16fdfb0890e11b4cb64ea59b8edee029a9c4f13a2c52538b0,hh_algorithm_loop,c65b7d3b,True,prob_22.json,60.000000,60.000000,20.000000,90.000000,true,false,true,true,true,5,1837996.0,1837996.0,1837996.0,26.0,2446,3710.0,19.193274,18.750332355499268,100,100,2,,reports\ogc2026_reboot_v001\verify_active_v305_baseline_hh_py_20260629_001\solutions\wrapper__baseline_hh_v305\prob_22.solution.json,reports\ogc2026_reboot_v001\verify_active_v305_baseline_hh_py_20260629_001\logs\wrapper__baseline_hh_v305\prob_22.log,PASS objective=1837996.0 obj1=26.0 obj2=2446 obj3=3710.0,"C:\Python314\python.exe ogc2026/batchrunner/benchmark.py --algorithm name=wrapper,version=baseline_hh_v305,path=ogc2026/baseline/baseline_hh.py --algorithm name=direct,version=v304_direct,path=ogc2026/baseline/alg_versions/reboot_v304_20260629_trackA_prob13like_subprocess_fallback_on_v298.py --problem train/prob_1.json --problem train/prob_2.json --problem train/prob_3.json --problem train/prob_4.json --problem train/prob_5.json --problem train/prob_6.json --problem train/prob_7.json --problem train/prob_8.json --problem train/prob_9.json --problem train/prob_10.json --problem train/prob_11.json --problem train/prob_12.json --problem train/prob_13.json --problem train/prob_14.json --problem train/prob_15.json --problem train/prob_16.json --problem train/prob_17.json --problem train/prob_18.json --problem train/prob_19.json --problem train/prob_20.json --problem train/prob_21.json --problem train/prob_22.json --problem train/prob_23.json --problem train/prob_24.json --problem train/prob_25.json --problem train/prob_26.json --problem train/prob_27.json --problem train/prob_28.json --problem train/prob_29.json --problem train/prob_30.json --problem train/prob_31.json --problem train/prob_32.json --problem train/prob_33.json --problem train/prob_34.json --problem train/prob_35.json --problem train/prob_36.json --problem train/prob_37.json --problem train/prob_38.json --problem train/prob_39.json --problem train/prob_40.json --timelimit 60 --run-id verify_active_v305_baseline_hh_py_20260629_001 --out-dir reports/ogc2026_reboot_v001/verify_active_v305_baseline_hh_py_20260629_001 --cumulative-csv reports/ogc2026_reboot_v001/active_publish_rechecks_v305.csv --require-fresh-cumulative"
2026-06-29T21:57:24,verify_active_v305_baseline_hh_py_20260629_001,wrapper,baseline_hh_v305,ogc2026\baseline\baseline_hh.py,80bdfb43ccde774ab56ef7f2dcb4a4b1c35166a596044710b37beb49bd6bd338,9dfaa0ac5fa3e0f16fdfb0890e11b4cb64ea59b8edee029a9c4f13a2c52538b0,hh_algorithm_loop,c65b7d3b,True,prob_23.json,60.000000,60.000000,20.000000,90.000000,true,false,true,true,true,5,20686068.0,20686068.0,20686068.0,1497.0,35,1940.0,25.474803,24.741617679595947,100,100,2,,reports\ogc2026_reboot_v001\verify_active_v305_baseline_hh_py_20260629_001\solutions\wrapper__baseline_hh_v305\prob_23.solution.json,reports\ogc2026_reboot_v001\verify_active_v305_baseline_hh_py_20260629_001\logs\wrapper__baseline_hh_v305\prob_23.log,PASS objective=20686068.0 obj1=1497.0 obj2=35 obj3=1940.0,"C:\Python314\python.exe ogc2026/batchrunner/benchmark.py --algorithm name=wrapper,version=baseline_hh_v305,path=ogc2026/baseline/baseline_hh.py --algorithm name=direct,version=v304_direct,path=ogc2026/baseline/alg_versions/reboot_v304_20260629_trackA_prob13like_subprocess_fallback_on_v298.py --problem train/prob_1.json --problem train/prob_2.json --problem train/prob_3.json --problem train/prob_4.json --problem train/prob_5.json --problem train/prob_6.json --problem train/prob_7.json --problem train/prob_8.json --problem train/prob_9.json --problem train/prob_10.json --problem train/prob_11.json --problem train/prob_12.json --problem train/prob_13.json --problem train/prob_14.json --problem train/prob_15.json --problem train/prob_16.json --problem train/prob_17.json --problem train/prob_18.json --problem train/prob_19.json --problem train/prob_20.json --problem train/prob_21.json --problem train/prob_22.json --problem train/prob_23.json --problem train/prob_24.json --problem train/prob_25.json --problem train/prob_26.json --problem train/prob_27.json --problem train/prob_28.json --problem train/prob_29.json --problem train/prob_30.json --problem train/prob_31.json --problem train/prob_32.json --problem train/prob_33.json --problem train/prob_34.json --problem train/prob_35.json --problem train/prob_36.json --problem train/prob_37.json --problem train/prob_38.json --problem train/prob_39.json --problem train/prob_40.json --timelimit 60 --run-id verify_active_v305_baseline_hh_py_20260629_001 --out-dir reports/ogc2026_reboot_v001/verify_active_v305_baseline_hh_py_20260629_001 --cumulative-csv reports/ogc2026_reboot_v001/active_publish_rechecks_v305.csv --require-fresh-cumulative"
2026-06-29T21:57:24,verify_active_v305_baseline_hh_py_20260629_001,wrapper,baseline_hh_v305,ogc2026\baseline\baseline_hh.py,80bdfb43ccde774ab56ef7f2dcb4a4b1c35166a596044710b37beb49bd6bd338,9dfaa0ac5fa3e0f16fdfb0890e11b4cb64ea59b8edee029a9c4f13a2c52538b0,hh_algorithm_loop,c65b7d3b,True,prob_24.json,60.000000,60.000000,20.000000,90.000000,true,false,true,true,true,5,2981583.0,2981583.0,2981583.0,166.0,1381,2538.0,36.324904,35.88207793235779,100,100,3,,reports\ogc2026_reboot_v001\verify_active_v305_baseline_hh_py_20260629_001\solutions\wrapper__baseline_hh_v305\prob_24.solution.json,reports\ogc2026_reboot_v001\verify_active_v305_baseline_hh_py_20260629_001\logs\wrapper__baseline_hh_v305\prob_24.log,PASS objective=2981583.0 obj1=166.0 obj2=1381 obj3=2538.0,"C:\Python314\python.exe ogc2026/batchrunner/benchmark.py --algorithm name=wrapper,version=baseline_hh_v305,path=ogc2026/baseline/baseline_hh.py --algorithm name=direct,version=v304_direct,path=ogc2026/baseline/alg_versions/reboot_v304_20260629_trackA_prob13like_subprocess_fallback_on_v298.py --problem train/prob_1.json --problem train/prob_2.json --problem train/prob_3.json --problem train/prob_4.json --problem train/prob_5.json --problem train/prob_6.json --problem train/prob_7.json --problem train/prob_8.json --problem train/prob_9.json --problem train/prob_10.json --problem train/prob_11.json --problem train/prob_12.json --problem train/prob_13.json --problem train/prob_14.json --problem train/prob_15.json --problem train/prob_16.json --problem train/prob_17.json --problem train/prob_18.json --problem train/prob_19.json --problem train/prob_20.json --problem train/prob_21.json --problem train/prob_22.json --problem train/prob_23.json --problem train/prob_24.json --problem train/prob_25.json --problem train/prob_26.json --problem train/prob_27.json --problem train/prob_28.json --problem train/prob_29.json --problem train/prob_30.json --problem train/prob_31.json --problem train/prob_32.json --problem train/prob_33.json --problem train/prob_34.json --problem train/prob_35.json --problem train/prob_36.json --problem train/prob_37.json --problem train/prob_38.json --problem train/prob_39.json --problem train/prob_40.json --timelimit 60 --run-id verify_active_v305_baseline_hh_py_20260629_001 --out-dir reports/ogc2026_reboot_v001/verify_active_v305_baseline_hh_py_20260629_001 --cumulative-csv reports/ogc2026_reboot_v001/active_publish_rechecks_v305.csv --require-fresh-cumulative"
2026-06-29T21:57:24,verify_active_v305_baseline_hh_py_20260629_001,wrapper,baseline_hh_v305,ogc2026\baseline\baseline_hh.py,80bdfb43ccde774ab56ef7f2dcb4a4b1c35166a596044710b37beb49bd6bd338,9dfaa0ac5fa3e0f16fdfb0890e11b4cb64ea59b8edee029a9c4f13a2c52538b0,hh_algorithm_loop,c65b7d3b,True,prob_25.json,60.000000,60.000000,20.000000,90.000000,true,false,true,true,true,5,1454484.0,1454484.0,1454484.0,2089.0,241,3044.0,31.838992,31.40660071372986,100,100,2,,reports\ogc2026_reboot_v001\verify_active_v305_baseline_hh_py_20260629_001\solutions\wrapper__baseline_hh_v305\prob_25.solution.json,reports\ogc2026_reboot_v001\verify_active_v305_baseline_hh_py_20260629_001\logs\wrapper__baseline_hh_v305\prob_25.log,PASS objective=1454484.0 obj1=2089.0 obj2=241 obj3=3044.0,"C:\Python314\python.exe ogc2026/batchrunner/benchmark.py --algorithm name=wrapper,version=baseline_hh_v305,path=ogc2026/baseline/baseline_hh.py --algorithm name=direct,version=v304_direct,path=ogc2026/baseline/alg_versions/reboot_v304_20260629_trackA_prob13like_subprocess_fallback_on_v298.py --problem train/prob_1.json --problem train/prob_2.json --problem train/prob_3.json --problem train/prob_4.json --problem train/prob_5.json --problem train/prob_6.json --problem train/prob_7.json --problem train/prob_8.json --problem train/prob_9.json --problem train/prob_10.json --problem train/prob_11.json --problem train/prob_12.json --problem train/prob_13.json --problem train/prob_14.json --problem train/prob_15.json --problem train/prob_16.json --problem train/prob_17.json --problem train/prob_18.json --problem train/prob_19.json --problem train/prob_20.json --problem train/prob_21.json --problem train/prob_22.json --problem train/prob_23.json --problem train/prob_24.json --problem train/prob_25.json --problem train/prob_26.json --problem train/prob_27.json --problem train/prob_28.json --problem train/prob_29.json --problem train/prob_30.json --problem train/prob_31.json --problem train/prob_32.json --problem train/prob_33.json --problem train/prob_34.json --problem train/prob_35.json --problem train/prob_36.json --problem train/prob_37.json --problem train/prob_38.json --problem train/prob_39.json --problem train/prob_40.json --timelimit 60 --run-id verify_active_v305_baseline_hh_py_20260629_001 --out-dir reports/ogc2026_reboot_v001/verify_active_v305_baseline_hh_py_20260629_001 --cumulative-csv reports/ogc2026_reboot_v001/active_publish_rechecks_v305.csv --require-fresh-cumulative"
2026-06-29T21:57:24,verify_active_v305_baseline_hh_py_20260629_001,wrapper,baseline_hh_v305,ogc2026\baseline\baseline_hh.py,80bdfb43ccde774ab56ef7f2dcb4a4b1c35166a596044710b37beb49bd6bd338,9dfaa0ac5fa3e0f16fdfb0890e11b4cb64ea59b8edee029a9c4f13a2c52538b0,hh_algorithm_loop,c65b7d3b,True,prob_26.json,60.000000,60.000000,20.000000,90.000000,true,false,true,true,true,5,31708207.0,31708207.0,31708207.0,2305.0,2556,6385.0,26.096087,25.639914512634277,150,150,3,,reports\ogc2026_reboot_v001\verify_active_v305_baseline_hh_py_20260629_001\solutions\wrapper__baseline_hh_v305\prob_26.solution.json,reports\ogc2026_reboot_v001\verify_active_v305_baseline_hh_py_20260629_001\logs\wrapper__baseline_hh_v305\prob_26.log,PASS objective=31708207.0 obj1=2305.0 obj2=2556 obj3=6385.0,"C:\Python314\python.exe ogc2026/batchrunner/benchmark.py --algorithm name=wrapper,version=baseline_hh_v305,path=ogc2026/baseline/baseline_hh.py --algorithm name=direct,version=v304_direct,path=ogc2026/baseline/alg_versions/reboot_v304_20260629_trackA_prob13like_subprocess_fallback_on_v298.py --problem train/prob_1.json --problem train/prob_2.json --problem train/prob_3.json --problem train/prob_4.json --problem train/prob_5.json --problem train/prob_6.json --problem train/prob_7.json --problem train/prob_8.json --problem train/prob_9.json --problem train/prob_10.json --problem train/prob_11.json --problem train/prob_12.json --problem train/prob_13.json --problem train/prob_14.json --problem train/prob_15.json --problem train/prob_16.json --problem train/prob_17.json --problem train/prob_18.json --problem train/prob_19.json --problem train/prob_20.json --problem train/prob_21.json --problem train/prob_22.json --problem train/prob_23.json --problem train/prob_24.json --problem train/prob_25.json --problem train/prob_26.json --problem train/prob_27.json --problem train/prob_28.json --problem train/prob_29.json --problem train/prob_30.json --problem train/prob_31.json --problem train/prob_32.json --problem train/prob_33.json --problem train/prob_34.json --problem train/prob_35.json --problem train/prob_36.json --problem train/prob_37.json --problem train/prob_38.json --problem train/prob_39.json --problem train/prob_40.json --timelimit 60 --run-id verify_active_v305_baseline_hh_py_20260629_001 --out-dir reports/ogc2026_reboot_v001/verify_active_v305_baseline_hh_py_20260629_001 --cumulative-csv reports/ogc2026_reboot_v001/active_publish_rechecks_v305.csv --require-fresh-cumulative"
2026-06-29T21:57:24,verify_active_v305_baseline_hh_py_20260629_001,wrapper,baseline_hh_v305,ogc2026\baseline\baseline_hh.py,80bdfb43ccde774ab56ef7f2dcb4a4b1c35166a596044710b37beb49bd6bd338,9dfaa0ac5fa3e0f16fdfb0890e11b4cb64ea59b8edee029a9c4f13a2c52538b0,hh_algorithm_loop,c65b7d3b,True,prob_27.json,60.000000,60.000000,20.000000,90.000000,true,false,true,true,true,5,75028700.0,75028700.0,75028700.0,5456.0,1926,5700.0,46.530748,45.797584533691406,150,150,2,,reports\ogc2026_reboot_v001\verify_active_v305_baseline_hh_py_20260629_001\solutions\wrapper__baseline_hh_v305\prob_27.solution.json,reports\ogc2026_reboot_v001\verify_active_v305_baseline_hh_py_20260629_001\logs\wrapper__baseline_hh_v305\prob_27.log,PASS objective=75028700.0 obj1=5456.0 obj2=1926 obj3=5700.0,"C:\Python314\python.exe ogc2026/batchrunner/benchmark.py --algorithm name=wrapper,version=baseline_hh_v305,path=ogc2026/baseline/baseline_hh.py --algorithm name=direct,version=v304_direct,path=ogc2026/baseline/alg_versions/reboot_v304_20260629_trackA_prob13like_subprocess_fallback_on_v298.py --problem train/prob_1.json --problem train/prob_2.json --problem train/prob_3.json --problem train/prob_4.json --problem train/prob_5.json --problem train/prob_6.json --problem train/prob_7.json --problem train/prob_8.json --problem train/prob_9.json --problem train/prob_10.json --problem train/prob_11.json --problem train/prob_12.json --problem train/prob_13.json --problem train/prob_14.json --problem train/prob_15.json --problem train/prob_16.json --problem train/prob_17.json --problem train/prob_18.json --problem train/prob_19.json --problem train/prob_20.json --problem train/prob_21.json --problem train/prob_22.json --problem train/prob_23.json --problem train/prob_24.json --problem train/prob_25.json --problem train/prob_26.json --problem train/prob_27.json --problem train/prob_28.json --problem train/prob_29.json --problem train/prob_30.json --problem train/prob_31.json --problem train/prob_32.json --problem train/prob_33.json --problem train/prob_34.json --problem train/prob_35.json --problem train/prob_36.json --problem train/prob_37.json --problem train/prob_38.json --problem train/prob_39.json --problem train/prob_40.json --timelimit 60 --run-id verify_active_v305_baseline_hh_py_20260629_001 --out-dir reports/ogc2026_reboot_v001/verify_active_v305_baseline_hh_py_20260629_001 --cumulative-csv reports/ogc2026_reboot_v001/active_publish_rechecks_v305.csv --require-fresh-cumulative"
2026-06-29T21:57:24,verify_active_v305_baseline_hh_py_20260629_001,wrapper,baseline_hh_v305,ogc2026\baseline\baseline_hh.py,80bdfb43ccde774ab56ef7f2dcb4a4b1c35166a596044710b37beb49bd6bd338,9dfaa0ac5fa3e0f16fdfb0890e11b4cb64ea59b8edee029a9c4f13a2c52538b0,hh_algorithm_loop,c65b7d3b,True,prob_28.json,60.000000,60.000000,20.000000,90.000000,true,false,true,true,true,5,18836666.0,18836666.0,18836666.0,1310.0,1012,4558.0,26.500104,26.04972195625305,150,150,3,,reports\ogc2026_reboot_v001\verify_active_v305_baseline_hh_py_20260629_001\solutions\wrapper__baseline_hh_v305\prob_28.solution.json,reports\ogc2026_reboot_v001\verify_active_v305_baseline_hh_py_20260629_001\logs\wrapper__baseline_hh_v305\prob_28.log,PASS objective=18836666.0 obj1=1310.0 obj2=1012 obj3=4558.0,"C:\Python314\python.exe ogc2026/batchrunner/benchmark.py --algorithm name=wrapper,version=baseline_hh_v305,path=ogc2026/baseline/baseline_hh.py --algorithm name=direct,version=v304_direct,path=ogc2026/baseline/alg_versions/reboot_v304_20260629_trackA_prob13like_subprocess_fallback_on_v298.py --problem train/prob_1.json --problem train/prob_2.json --problem train/prob_3.json --problem train/prob_4.json --problem train/prob_5.json --problem train/prob_6.json --problem train/prob_7.json --problem train/prob_8.json --problem train/prob_9.json --problem train/prob_10.json --problem train/prob_11.json --problem train/prob_12.json --problem train/prob_13.json --problem train/prob_14.json --problem train/prob_15.json --problem train/prob_16.json --problem train/prob_17.json --problem train/prob_18.json --problem train/prob_19.json --problem train/prob_20.json --problem train/prob_21.json --problem train/prob_22.json --problem train/prob_23.json --problem train/prob_24.json --problem train/prob_25.json --problem train/prob_26.json --problem train/prob_27.json --problem train/prob_28.json --problem train/prob_29.json --problem train/prob_30.json --problem train/prob_31.json --problem train/prob_32.json --problem train/prob_33.json --problem train/prob_34.json --problem train/prob_35.json --problem train/prob_36.json --problem train/prob_37.json --problem train/prob_38.json --problem train/prob_39.json --problem train/prob_40.json --timelimit 60 --run-id verify_active_v305_baseline_hh_py_20260629_001 --out-dir reports/ogc2026_reboot_v001/verify_active_v305_baseline_hh_py_20260629_001 --cumulative-csv reports/ogc2026_reboot_v001/active_publish_rechecks_v305.csv --require-fresh-cumulative"
2026-06-29T21:57:24,verify_active_v305_baseline_hh_py_20260629_001,wrapper,baseline_hh_v305,ogc2026\baseline\baseline_hh.py,80bdfb43ccde774ab56ef7f2dcb4a4b1c35166a596044710b37beb49bd6bd338,9dfaa0ac5fa3e0f16fdfb0890e11b4cb64ea59b8edee029a9c4f13a2c52538b0,hh_algorithm_loop,c65b7d3b,True,prob_29.json,60.000000,60.000000,20.000000,90.000000,true,false,true,true,true,5,7782572.0,7782572.0,7782572.0,446.0,3918,6081.0,32.088336,31.637439250946045,150,150,3,,reports\ogc2026_reboot_v001\verify_active_v305_baseline_hh_py_20260629_001\solutions\wrapper__baseline_hh_v305\prob_29.solution.json,reports\ogc2026_reboot_v001\verify_active_v305_baseline_hh_py_20260629_001\logs\wrapper__baseline_hh_v305\prob_29.log,PASS objective=7782572.0 obj1=446.0 obj2=3918 obj3=6081.0,"C:\Python314\python.exe ogc2026/batchrunner/benchmark.py --algorithm name=wrapper,version=baseline_hh_v305,path=ogc2026/baseline/baseline_hh.py --algorithm name=direct,version=v304_direct,path=ogc2026/baseline/alg_versions/reboot_v304_20260629_trackA_prob13like_subprocess_fallback_on_v298.py --problem train/prob_1.json --problem train/prob_2.json --problem train/prob_3.json --problem train/prob_4.json --problem train/prob_5.json --problem train/prob_6.json --problem train/prob_7.json --problem train/prob_8.json --problem train/prob_9.json --problem train/prob_10.json --problem train/prob_11.json --problem train/prob_12.json --problem train/prob_13.json --problem train/prob_14.json --problem train/prob_15.json --problem train/prob_16.json --problem train/prob_17.json --problem train/prob_18.json --problem train/prob_19.json --problem train/prob_20.json --problem train/prob_21.json --problem train/prob_22.json --problem train/prob_23.json --problem train/prob_24.json --problem train/prob_25.json --problem train/prob_26.json --problem train/prob_27.json --problem train/prob_28.json --problem train/prob_29.json --problem train/prob_30.json --problem train/prob_31.json --problem train/prob_32.json --problem train/prob_33.json --problem train/prob_34.json --problem train/prob_35.json --problem train/prob_36.json --problem train/prob_37.json --problem train/prob_38.json --problem train/prob_39.json --problem train/prob_40.json --timelimit 60 --run-id verify_active_v305_baseline_hh_py_20260629_001 --out-dir reports/ogc2026_reboot_v001/verify_active_v305_baseline_hh_py_20260629_001 --cumulative-csv reports/ogc2026_reboot_v001/active_publish_rechecks_v305.csv --require-fresh-cumulative"
2026-06-29T21:57:24,verify_active_v305_baseline_hh_py_20260629_001,wrapper,baseline_hh_v305,ogc2026\baseline\baseline_hh.py,80bdfb43ccde774ab56ef7f2dcb4a4b1c35166a596044710b37beb49bd6bd338,9dfaa0ac5fa3e0f16fdfb0890e11b4cb64ea59b8edee029a9c4f13a2c52538b0,hh_algorithm_loop,c65b7d3b,True,prob_30.json,60.000000,60.000000,20.000000,90.000000,true,false,true,true,true,5,31302610.0,31302610.0,31302610.0,2302.0,3211,2986.0,17.272785,16.827728271484375,150,150,2,,reports\ogc2026_reboot_v001\verify_active_v305_baseline_hh_py_20260629_001\solutions\wrapper__baseline_hh_v305\prob_30.solution.json,reports\ogc2026_reboot_v001\verify_active_v305_baseline_hh_py_20260629_001\logs\wrapper__baseline_hh_v305\prob_30.log,PASS objective=31302610.0 obj1=2302.0 obj2=3211 obj3=2986.0,"C:\Python314\python.exe ogc2026/batchrunner/benchmark.py --algorithm name=wrapper,version=baseline_hh_v305,path=ogc2026/baseline/baseline_hh.py --algorithm name=direct,version=v304_direct,path=ogc2026/baseline/alg_versions/reboot_v304_20260629_trackA_prob13like_subprocess_fallback_on_v298.py --problem train/prob_1.json --problem train/prob_2.json --problem train/prob_3.json --problem train/prob_4.json --problem train/prob_5.json --problem train/prob_6.json --problem train/prob_7.json --problem train/prob_8.json --problem train/prob_9.json --problem train/prob_10.json --problem train/prob_11.json --problem train/prob_12.json --problem train/prob_13.json --problem train/prob_14.json --problem train/prob_15.json --problem train/prob_16.json --problem train/prob_17.json --problem train/prob_18.json --problem train/prob_19.json --problem train/prob_20.json --problem train/prob_21.json --problem train/prob_22.json --problem train/prob_23.json --problem train/prob_24.json --problem train/prob_25.json --problem train/prob_26.json --problem train/prob_27.json --problem train/prob_28.json --problem train/prob_29.json --problem train/prob_30.json --problem train/prob_31.json --problem train/prob_32.json --problem train/prob_33.json --problem train/prob_34.json --problem train/prob_35.json --problem train/prob_36.json --problem train/prob_37.json --problem train/prob_38.json --problem train/prob_39.json --problem train/prob_40.json --timelimit 60 --run-id verify_active_v305_baseline_hh_py_20260629_001 --out-dir reports/ogc2026_reboot_v001/verify_active_v305_baseline_hh_py_20260629_001 --cumulative-csv reports/ogc2026_reboot_v001/active_publish_rechecks_v305.csv --require-fresh-cumulative"
2026-06-29T21:57:24,verify_active_v305_baseline_hh_py_20260629_001,wrapper,baseline_hh_v305,ogc2026\baseline\baseline_hh.py,80bdfb43ccde774ab56ef7f2dcb4a4b1c35166a596044710b37beb49bd6bd338,9dfaa0ac5fa3e0f16fdfb0890e11b4cb64ea59b8edee029a9c4f13a2c52538b0,hh_algorithm_loop,c65b7d3b,True,prob_31.json,60.000000,60.000000,20.000000,90.000000,true,false,true,true,true,5,39589844.0,39589844.0,39589844.0,2735.0,1843,11680.0,59.252887,58.515923738479614,200,200,4,,reports\ogc2026_reboot_v001\verify_active_v305_baseline_hh_py_20260629_001\solutions\wrapper__baseline_hh_v305\prob_31.solution.json,reports\ogc2026_reboot_v001\verify_active_v305_baseline_hh_py_20260629_001\logs\wrapper__baseline_hh_v305\prob_31.log,PASS objective=39589844.0 obj1=2735.0 obj2=1843 obj3=11680.0,"C:\Python314\python.exe ogc2026/batchrunner/benchmark.py --algorithm name=wrapper,version=baseline_hh_v305,path=ogc2026/baseline/baseline_hh.py --algorithm name=direct,version=v304_direct,path=ogc2026/baseline/alg_versions/reboot_v304_20260629_trackA_prob13like_subprocess_fallback_on_v298.py --problem train/prob_1.json --problem train/prob_2.json --problem train/prob_3.json --problem train/prob_4.json --problem train/prob_5.json --problem train/prob_6.json --problem train/prob_7.json --problem train/prob_8.json --problem train/prob_9.json --problem train/prob_10.json --problem train/prob_11.json --problem train/prob_12.json --problem train/prob_13.json --problem train/prob_14.json --problem train/prob_15.json --problem train/prob_16.json --problem train/prob_17.json --problem train/prob_18.json --problem train/prob_19.json --problem train/prob_20.json --problem train/prob_21.json --problem train/prob_22.json --problem train/prob_23.json --problem train/prob_24.json --problem train/prob_25.json --problem train/prob_26.json --problem train/prob_27.json --problem train/prob_28.json --problem train/prob_29.json --problem train/prob_30.json --problem train/prob_31.json --problem train/prob_32.json --problem train/prob_33.json --problem train/prob_34.json --problem train/prob_35.json --problem train/prob_36.json --problem train/prob_37.json --problem train/prob_38.json --problem train/prob_39.json --problem train/prob_40.json --timelimit 60 --run-id verify_active_v305_baseline_hh_py_20260629_001 --out-dir reports/ogc2026_reboot_v001/verify_active_v305_baseline_hh_py_20260629_001 --cumulative-csv reports/ogc2026_reboot_v001/active_publish_rechecks_v305.csv --require-fresh-cumulative"
2026-06-29T21:57:24,verify_active_v305_baseline_hh_py_20260629_001,wrapper,baseline_hh_v305,ogc2026\baseline\baseline_hh.py,80bdfb43ccde774ab56ef7f2dcb4a4b1c35166a596044710b37beb49bd6bd338,9dfaa0ac5fa3e0f16fdfb0890e11b4cb64ea59b8edee029a9c4f13a2c52538b0,hh_algorithm_loop,c65b7d3b,True,prob_32.json,60.000000,60.000000,20.000000,90.000000,true,false,true,true,true,5,12781706.0,12781706.0,12781706.0,2992.0,2434,4662.0,49.097797,48.63331413269043,200,200,3,,reports\ogc2026_reboot_v001\verify_active_v305_baseline_hh_py_20260629_001\solutions\wrapper__baseline_hh_v305\prob_32.solution.json,reports\ogc2026_reboot_v001\verify_active_v305_baseline_hh_py_20260629_001\logs\wrapper__baseline_hh_v305\prob_32.log,PASS objective=12781706.0 obj1=2992.0 obj2=2434 obj3=4662.0,"C:\Python314\python.exe ogc2026/batchrunner/benchmark.py --algorithm name=wrapper,version=baseline_hh_v305,path=ogc2026/baseline/baseline_hh.py --algorithm name=direct,version=v304_direct,path=ogc2026/baseline/alg_versions/reboot_v304_20260629_trackA_prob13like_subprocess_fallback_on_v298.py --problem train/prob_1.json --problem train/prob_2.json --problem train/prob_3.json --problem train/prob_4.json --problem train/prob_5.json --problem train/prob_6.json --problem train/prob_7.json --problem train/prob_8.json --problem train/prob_9.json --problem train/prob_10.json --problem train/prob_11.json --problem train/prob_12.json --problem train/prob_13.json --problem train/prob_14.json --problem train/prob_15.json --problem train/prob_16.json --problem train/prob_17.json --problem train/prob_18.json --problem train/prob_19.json --problem train/prob_20.json --problem train/prob_21.json --problem train/prob_22.json --problem train/prob_23.json --problem train/prob_24.json --problem train/prob_25.json --problem train/prob_26.json --problem train/prob_27.json --problem train/prob_28.json --problem train/prob_29.json --problem train/prob_30.json --problem train/prob_31.json --problem train/prob_32.json --problem train/prob_33.json --problem train/prob_34.json --problem train/prob_35.json --problem train/prob_36.json --problem train/prob_37.json --problem train/prob_38.json --problem train/prob_39.json --problem train/prob_40.json --timelimit 60 --run-id verify_active_v305_baseline_hh_py_20260629_001 --out-dir reports/ogc2026_reboot_v001/verify_active_v305_baseline_hh_py_20260629_001 --cumulative-csv reports/ogc2026_reboot_v001/active_publish_rechecks_v305.csv --require-fresh-cumulative"
2026-06-29T21:57:24,verify_active_v305_baseline_hh_py_20260629_001,wrapper,baseline_hh_v305,ogc2026\baseline\baseline_hh.py,80bdfb43ccde774ab56ef7f2dcb4a4b1c35166a596044710b37beb49bd6bd338,9dfaa0ac5fa3e0f16fdfb0890e11b4cb64ea59b8edee029a9c4f13a2c52538b0,hh_algorithm_loop,c65b7d3b,True,prob_33.json,60.000000,60.000000,20.000000,90.000000,true,false,true,true,true,5,26172225.0,26172225.0,26172225.0,3805.0,1094,5289.0,38.690565,38.22818875312805,200,200,3,,reports\ogc2026_reboot_v001\verify_active_v305_baseline_hh_py_20260629_001\solutions\wrapper__baseline_hh_v305\prob_33.solution.json,reports\ogc2026_reboot_v001\verify_active_v305_baseline_hh_py_20260629_001\logs\wrapper__baseline_hh_v305\prob_33.log,PASS objective=26172225.0 obj1=3805.0 obj2=1094 obj3=5289.0,"C:\Python314\python.exe ogc2026/batchrunner/benchmark.py --algorithm name=wrapper,version=baseline_hh_v305,path=ogc2026/baseline/baseline_hh.py --algorithm name=direct,version=v304_direct,path=ogc2026/baseline/alg_versions/reboot_v304_20260629_trackA_prob13like_subprocess_fallback_on_v298.py --problem train/prob_1.json --problem train/prob_2.json --problem train/prob_3.json --problem train/prob_4.json --problem train/prob_5.json --problem train/prob_6.json --problem train/prob_7.json --problem train/prob_8.json --problem train/prob_9.json --problem train/prob_10.json --problem train/prob_11.json --problem train/prob_12.json --problem train/prob_13.json --problem train/prob_14.json --problem train/prob_15.json --problem train/prob_16.json --problem train/prob_17.json --problem train/prob_18.json --problem train/prob_19.json --problem train/prob_20.json --problem train/prob_21.json --problem train/prob_22.json --problem train/prob_23.json --problem train/prob_24.json --problem train/prob_25.json --problem train/prob_26.json --problem train/prob_27.json --problem train/prob_28.json --problem train/prob_29.json --problem train/prob_30.json --problem train/prob_31.json --problem train/prob_32.json --problem train/prob_33.json --problem train/prob_34.json --problem train/prob_35.json --problem train/prob_36.json --problem train/prob_37.json --problem train/prob_38.json --problem train/prob_39.json --problem train/prob_40.json --timelimit 60 --run-id verify_active_v305_baseline_hh_py_20260629_001 --out-dir reports/ogc2026_reboot_v001/verify_active_v305_baseline_hh_py_20260629_001 --cumulative-csv reports/ogc2026_reboot_v001/active_publish_rechecks_v305.csv --require-fresh-cumulative"
2026-06-29T21:57:24,verify_active_v305_baseline_hh_py_20260629_001,wrapper,baseline_hh_v305,ogc2026\baseline\baseline_hh.py,80bdfb43ccde774ab56ef7f2dcb4a4b1c35166a596044710b37beb49bd6bd338,9dfaa0ac5fa3e0f16fdfb0890e11b4cb64ea59b8edee029a9c4f13a2c52538b0,hh_algorithm_loop,c65b7d3b,True,prob_34.json,60.000000,60.000000,20.000000,90.000000,true,false,true,true,true,5,8002714.0,8002714.0,8002714.0,1595.0,2702,5005.0,28.824543,28.36017394065857,200,200,4,,reports\ogc2026_reboot_v001\verify_active_v305_baseline_hh_py_20260629_001\solutions\wrapper__baseline_hh_v305\prob_34.solution.json,reports\ogc2026_reboot_v001\verify_active_v305_baseline_hh_py_20260629_001\logs\wrapper__baseline_hh_v305\prob_34.log,PASS objective=8002714.0 obj1=1595.0 obj2=2702 obj3=5005.0,"C:\Python314\python.exe ogc2026/batchrunner/benchmark.py --algorithm name=wrapper,version=baseline_hh_v305,path=ogc2026/baseline/baseline_hh.py --algorithm name=direct,version=v304_direct,path=ogc2026/baseline/alg_versions/reboot_v304_20260629_trackA_prob13like_subprocess_fallback_on_v298.py --problem train/prob_1.json --problem train/prob_2.json --problem train/prob_3.json --problem train/prob_4.json --problem train/prob_5.json --problem train/prob_6.json --problem train/prob_7.json --problem train/prob_8.json --problem train/prob_9.json --problem train/prob_10.json --problem train/prob_11.json --problem train/prob_12.json --problem train/prob_13.json --problem train/prob_14.json --problem train/prob_15.json --problem train/prob_16.json --problem train/prob_17.json --problem train/prob_18.json --problem train/prob_19.json --problem train/prob_20.json --problem train/prob_21.json --problem train/prob_22.json --problem train/prob_23.json --problem train/prob_24.json --problem train/prob_25.json --problem train/prob_26.json --problem train/prob_27.json --problem train/prob_28.json --problem train/prob_29.json --problem train/prob_30.json --problem train/prob_31.json --problem train/prob_32.json --problem train/prob_33.json --problem train/prob_34.json --problem train/prob_35.json --problem train/prob_36.json --problem train/prob_37.json --problem train/prob_38.json --problem train/prob_39.json --problem train/prob_40.json --timelimit 60 --run-id verify_active_v305_baseline_hh_py_20260629_001 --out-dir reports/ogc2026_reboot_v001/verify_active_v305_baseline_hh_py_20260629_001 --cumulative-csv reports/ogc2026_reboot_v001/active_publish_rechecks_v305.csv --require-fresh-cumulative"
2026-06-29T21:57:24,verify_active_v305_baseline_hh_py_20260629_001,wrapper,baseline_hh_v305,ogc2026\baseline\baseline_hh.py,80bdfb43ccde774ab56ef7f2dcb4a4b1c35166a596044710b37beb49bd6bd338,9dfaa0ac5fa3e0f16fdfb0890e11b4cb64ea59b8edee029a9c4f13a2c52538b0,hh_algorithm_loop,c65b7d3b,True,prob_35.json,60.000000,60.000000,20.000000,90.000000,true,false,true,true,true,5,22037108.0,22037108.0,22037108.0,1591.0,8081,5226.0,36.375321,35.64978885650635,200,200,3,,reports\ogc2026_reboot_v001\verify_active_v305_baseline_hh_py_20260629_001\solutions\wrapper__baseline_hh_v305\prob_35.solution.json,reports\ogc2026_reboot_v001\verify_active_v305_baseline_hh_py_20260629_001\logs\wrapper__baseline_hh_v305\prob_35.log,PASS objective=22037108.0 obj1=1591.0 obj2=8081 obj3=5226.0,"C:\Python314\python.exe ogc2026/batchrunner/benchmark.py --algorithm name=wrapper,version=baseline_hh_v305,path=ogc2026/baseline/baseline_hh.py --algorithm name=direct,version=v304_direct,path=ogc2026/baseline/alg_versions/reboot_v304_20260629_trackA_prob13like_subprocess_fallback_on_v298.py --problem train/prob_1.json --problem train/prob_2.json --problem train/prob_3.json --problem train/prob_4.json --problem train/prob_5.json --problem train/prob_6.json --problem train/prob_7.json --problem train/prob_8.json --problem train/prob_9.json --problem train/prob_10.json --problem train/prob_11.json --problem train/prob_12.json --problem train/prob_13.json --problem train/prob_14.json --problem train/prob_15.json --problem train/prob_16.json --problem train/prob_17.json --problem train/prob_18.json --problem train/prob_19.json --problem train/prob_20.json --problem train/prob_21.json --problem train/prob_22.json --problem train/prob_23.json --problem train/prob_24.json --problem train/prob_25.json --problem train/prob_26.json --problem train/prob_27.json --problem train/prob_28.json --problem train/prob_29.json --problem train/prob_30.json --problem train/prob_31.json --problem train/prob_32.json --problem train/prob_33.json --problem train/prob_34.json --problem train/prob_35.json --problem train/prob_36.json --problem train/prob_37.json --problem train/prob_38.json --problem train/prob_39.json --problem train/prob_40.json --timelimit 60 --run-id verify_active_v305_baseline_hh_py_20260629_001 --out-dir reports/ogc2026_reboot_v001/verify_active_v305_baseline_hh_py_20260629_001 --cumulative-csv reports/ogc2026_reboot_v001/active_publish_rechecks_v305.csv --require-fresh-cumulative"
2026-06-29T21:57:24,verify_active_v305_baseline_hh_py_20260629_001,wrapper,baseline_hh_v305,ogc2026\baseline\baseline_hh.py,80bdfb43ccde774ab56ef7f2dcb4a4b1c35166a596044710b37beb49bd6bd338,9dfaa0ac5fa3e0f16fdfb0890e11b4cb64ea59b8edee029a9c4f13a2c52538b0,hh_algorithm_loop,c65b7d3b,True,prob_36.json,60.000000,60.000000,20.000000,90.000000,true,false,true,true,true,5,1499988.0,1499988.0,1499988.0,2010.0,1381,12149.0,50.317102,49.85205841064453,250,250,4,,reports\ogc2026_reboot_v001\verify_active_v305_baseline_hh_py_20260629_001\solutions\wrapper__baseline_hh_v305\prob_36.solution.json,reports\ogc2026_reboot_v001\verify_active_v305_baseline_hh_py_20260629_001\logs\wrapper__baseline_hh_v305\prob_36.log,PASS objective=1499988.0 obj1=2010.0 obj2=1381 obj3=12149.0,"C:\Python314\python.exe ogc2026/batchrunner/benchmark.py --algorithm name=wrapper,version=baseline_hh_v305,path=ogc2026/baseline/baseline_hh.py --algorithm name=direct,version=v304_direct,path=ogc2026/baseline/alg_versions/reboot_v304_20260629_trackA_prob13like_subprocess_fallback_on_v298.py --problem train/prob_1.json --problem train/prob_2.json --problem train/prob_3.json --problem train/prob_4.json --problem train/prob_5.json --problem train/prob_6.json --problem train/prob_7.json --problem train/prob_8.json --problem train/prob_9.json --problem train/prob_10.json --problem train/prob_11.json --problem train/prob_12.json --problem train/prob_13.json --problem train/prob_14.json --problem train/prob_15.json --problem train/prob_16.json --problem train/prob_17.json --problem train/prob_18.json --problem train/prob_19.json --problem train/prob_20.json --problem train/prob_21.json --problem train/prob_22.json --problem train/prob_23.json --problem train/prob_24.json --problem train/prob_25.json --problem train/prob_26.json --problem train/prob_27.json --problem train/prob_28.json --problem train/prob_29.json --problem train/prob_30.json --problem train/prob_31.json --problem train/prob_32.json --problem train/prob_33.json --problem train/prob_34.json --problem train/prob_35.json --problem train/prob_36.json --problem train/prob_37.json --problem train/prob_38.json --problem train/prob_39.json --problem train/prob_40.json --timelimit 60 --run-id verify_active_v305_baseline_hh_py_20260629_001 --out-dir reports/ogc2026_reboot_v001/verify_active_v305_baseline_hh_py_20260629_001 --cumulative-csv reports/ogc2026_reboot_v001/active_publish_rechecks_v305.csv --require-fresh-cumulative"
2026-06-29T21:57:24,verify_active_v305_baseline_hh_py_20260629_001,wrapper,baseline_hh_v305,ogc2026\baseline\baseline_hh.py,80bdfb43ccde774ab56ef7f2dcb4a4b1c35166a596044710b37beb49bd6bd338,9dfaa0ac5fa3e0f16fdfb0890e11b4cb64ea59b8edee029a9c4f13a2c52538b0,hh_algorithm_loop,c65b7d3b,True,prob_37.json,60.000000,60.000000,20.000000,90.000000,true,false,true,true,true,5,17644653.0,17644653.0,17644653.0,3961.0,3660,7380.0,52.425528,51.961270809173584,250,250,3,,reports\ogc2026_reboot_v001\verify_active_v305_baseline_hh_py_20260629_001\solutions\wrapper__baseline_hh_v305\prob_37.solution.json,reports\ogc2026_reboot_v001\verify_active_v305_baseline_hh_py_20260629_001\logs\wrapper__baseline_hh_v305\prob_37.log,PASS objective=17644653.0 obj1=3961.0 obj2=3660 obj3=7380.0,"C:\Python314\python.exe ogc2026/batchrunner/benchmark.py --algorithm name=wrapper,version=baseline_hh_v305,path=ogc2026/baseline/baseline_hh.py --algorithm name=direct,version=v304_direct,path=ogc2026/baseline/alg_versions/reboot_v304_20260629_trackA_prob13like_subprocess_fallback_on_v298.py --problem train/prob_1.json --problem train/prob_2.json --problem train/prob_3.json --problem train/prob_4.json --problem train/prob_5.json --problem train/prob_6.json --problem train/prob_7.json --problem train/prob_8.json --problem train/prob_9.json --problem train/prob_10.json --problem train/prob_11.json --problem train/prob_12.json --problem train/prob_13.json --problem train/prob_14.json --problem train/prob_15.json --problem train/prob_16.json --problem train/prob_17.json --problem train/prob_18.json --problem train/prob_19.json --problem train/prob_20.json --problem train/prob_21.json --problem train/prob_22.json --problem train/prob_23.json --problem train/prob_24.json --problem train/prob_25.json --problem train/prob_26.json --problem train/prob_27.json --problem train/prob_28.json --problem train/prob_29.json --problem train/prob_30.json --problem train/prob_31.json --problem train/prob_32.json --problem train/prob_33.json --problem train/prob_34.json --problem train/prob_35.json --problem train/prob_36.json --problem train/prob_37.json --problem train/prob_38.json --problem train/prob_39.json --problem train/prob_40.json --timelimit 60 --run-id verify_active_v305_baseline_hh_py_20260629_001 --out-dir reports/ogc2026_reboot_v001/verify_active_v305_baseline_hh_py_20260629_001 --cumulative-csv reports/ogc2026_reboot_v001/active_publish_rechecks_v305.csv --require-fresh-cumulative"
2026-06-29T21:57:24,verify_active_v305_baseline_hh_py_20260629_001,wrapper,baseline_hh_v305,ogc2026\baseline\baseline_hh.py,80bdfb43ccde774ab56ef7f2dcb4a4b1c35166a596044710b37beb49bd6bd338,9dfaa0ac5fa3e0f16fdfb0890e11b4cb64ea59b8edee029a9c4f13a2c52538b0,hh_algorithm_loop,c65b7d3b,True,prob_38.json,60.000000,60.000000,20.000000,90.000000,true,false,true,true,true,5,151254848.0,151254848.0,151254848.0,11120.0,3894,9947.0,56.590104,56.12793254852295,250,250,3,,reports\ogc2026_reboot_v001\verify_active_v305_baseline_hh_py_20260629_001\solutions\wrapper__baseline_hh_v305\prob_38.solution.json,reports\ogc2026_reboot_v001\verify_active_v305_baseline_hh_py_20260629_001\logs\wrapper__baseline_hh_v305\prob_38.log,PASS objective=151254848.0 obj1=11120.0 obj2=3894 obj3=9947.0,"C:\Python314\python.exe ogc2026/batchrunner/benchmark.py --algorithm name=wrapper,version=baseline_hh_v305,path=ogc2026/baseline/baseline_hh.py --algorithm name=direct,version=v304_direct,path=ogc2026/baseline/alg_versions/reboot_v304_20260629_trackA_prob13like_subprocess_fallback_on_v298.py --problem train/prob_1.json --problem train/prob_2.json --problem train/prob_3.json --problem train/prob_4.json --problem train/prob_5.json --problem train/prob_6.json --problem train/prob_7.json --problem train/prob_8.json --problem train/prob_9.json --problem train/prob_10.json --problem train/prob_11.json --problem train/prob_12.json --problem train/prob_13.json --problem train/prob_14.json --problem train/prob_15.json --problem train/prob_16.json --problem train/prob_17.json --problem train/prob_18.json --problem train/prob_19.json --problem train/prob_20.json --problem train/prob_21.json --problem train/prob_22.json --problem train/prob_23.json --problem train/prob_24.json --problem train/prob_25.json --problem train/prob_26.json --problem train/prob_27.json --problem train/prob_28.json --problem train/prob_29.json --problem train/prob_30.json --problem train/prob_31.json --problem train/prob_32.json --problem train/prob_33.json --problem train/prob_34.json --problem train/prob_35.json --problem train/prob_36.json --problem train/prob_37.json --problem train/prob_38.json --problem train/prob_39.json --problem train/prob_40.json --timelimit 60 --run-id verify_active_v305_baseline_hh_py_20260629_001 --out-dir reports/ogc2026_reboot_v001/verify_active_v305_baseline_hh_py_20260629_001 --cumulative-csv reports/ogc2026_reboot_v001/active_publish_rechecks_v305.csv --require-fresh-cumulative"
2026-06-29T21:57:24,verify_active_v305_baseline_hh_py_20260629_001,wrapper,baseline_hh_v305,ogc2026\baseline\baseline_hh.py,80bdfb43ccde774ab56ef7f2dcb4a4b1c35166a596044710b37beb49bd6bd338,9dfaa0ac5fa3e0f16fdfb0890e11b4cb64ea59b8edee029a9c4f13a2c52538b0,hh_algorithm_loop,c65b7d3b,True,prob_39.json,60.000000,60.000000,20.000000,90.000000,true,true,false,false,false,TIMEOUT,48160369.0,48160369.0,48160369.0,3521.0,194,8094.0,60.305055,59.5677285194397,250,250,3,runtime exceeded official_limit 60.000000s,reports\ogc2026_reboot_v001\verify_active_v305_baseline_hh_py_20260629_001\solutions\wrapper__baseline_hh_v305\prob_39.solution.json,reports\ogc2026_reboot_v001\verify_active_v305_baseline_hh_py_20260629_001\logs\wrapper__baseline_hh_v305\prob_39.log,PASS objective=48160369.0 obj1=3521.0 obj2=194 obj3=8094.0 | INVALID runtime exceeded official limit,"C:\Python314\python.exe ogc2026/batchrunner/benchmark.py --algorithm name=wrapper,version=baseline_hh_v305,path=ogc2026/baseline/baseline_hh.py --algorithm name=direct,version=v304_direct,path=ogc2026/baseline/alg_versions/reboot_v304_20260629_trackA_prob13like_subprocess_fallback_on_v298.py --problem train/prob_1.json --problem train/prob_2.json --problem train/prob_3.json --problem train/prob_4.json --problem train/prob_5.json --problem train/prob_6.json --problem train/prob_7.json --problem train/prob_8.json --problem train/prob_9.json --problem train/prob_10.json --problem train/prob_11.json --problem train/prob_12.json --problem train/prob_13.json --problem train/prob_14.json --problem train/prob_15.json --problem train/prob_16.json --problem train/prob_17.json --problem train/prob_18.json --problem train/prob_19.json --problem train/prob_20.json --problem train/prob_21.json --problem train/prob_22.json --problem train/prob_23.json --problem train/prob_24.json --problem train/prob_25.json --problem train/prob_26.json --problem train/prob_27.json --problem train/prob_28.json --problem train/prob_29.json --problem train/prob_30.json --problem train/prob_31.json --problem train/prob_32.json --problem train/prob_33.json --problem train/prob_34.json --problem train/prob_35.json --problem train/prob_36.json --problem train/prob_37.json --problem train/prob_38.json --problem train/prob_39.json --problem train/prob_40.json --timelimit 60 --run-id verify_active_v305_baseline_hh_py_20260629_001 --out-dir reports/ogc2026_reboot_v001/verify_active_v305_baseline_hh_py_20260629_001 --cumulative-csv reports/ogc2026_reboot_v001/active_publish_rechecks_v305.csv --require-fresh-cumulative"
2026-06-29T21:57:24,verify_active_v305_baseline_hh_py_20260629_001,wrapper,baseline_hh_v305,ogc2026\baseline\baseline_hh.py,80bdfb43ccde774ab56ef7f2dcb4a4b1c35166a596044710b37beb49bd6bd338,9dfaa0ac5fa3e0f16fdfb0890e11b4cb64ea59b8edee029a9c4f13a2c52538b0,hh_algorithm_loop,c65b7d3b,True,prob_40.json,60.000000,60.000000,20.000000,90.000000,true,false,true,true,true,5,5780789.0,5780789.0,5780789.0,8429.0,4947,11823.0,56.994610,56.512895584106445,250,250,4,,reports\ogc2026_reboot_v001\verify_active_v305_baseline_hh_py_20260629_001\solutions\wrapper__baseline_hh_v305\prob_40.solution.json,reports\ogc2026_reboot_v001\verify_active_v305_baseline_hh_py_20260629_001\logs\wrapper__baseline_hh_v305\prob_40.log,PASS objective=5780789.0 obj1=8429.0 obj2=4947 obj3=11823.0,"C:\Python314\python.exe ogc2026/batchrunner/benchmark.py --algorithm name=wrapper,version=baseline_hh_v305,path=ogc2026/baseline/baseline_hh.py --algorithm name=direct,version=v304_direct,path=ogc2026/baseline/alg_versions/reboot_v304_20260629_trackA_prob13like_subprocess_fallback_on_v298.py --problem train/prob_1.json --problem train/prob_2.json --problem train/prob_3.json --problem train/prob_4.json --problem train/prob_5.json --problem train/prob_6.json --problem train/prob_7.json --problem train/prob_8.json --problem train/prob_9.json --problem train/prob_10.json --problem train/prob_11.json --problem train/prob_12.json --problem train/prob_13.json --problem train/prob_14.json --problem train/prob_15.json --problem train/prob_16.json --problem train/prob_17.json --problem train/prob_18.json --problem train/prob_19.json --problem train/prob_20.json --problem train/prob_21.json --problem train/prob_22.json --problem train/prob_23.json --problem train/prob_24.json --problem train/prob_25.json --problem train/prob_26.json --problem train/prob_27.json --problem train/prob_28.json --problem train/prob_29.json --problem train/prob_30.json --problem train/prob_31.json --problem train/prob_32.json --problem train/prob_33.json --problem train/prob_34.json --problem train/prob_35.json --problem train/prob_36.json --problem train/prob_37.json --problem train/prob_38.json --problem train/prob_39.json --problem train/prob_40.json --timelimit 60 --run-id verify_active_v305_baseline_hh_py_20260629_001 --out-dir reports/ogc2026_reboot_v001/verify_active_v305_baseline_hh_py_20260629_001 --cumulative-csv reports/ogc2026_reboot_v001/active_publish_rechecks_v305.csv --require-fresh-cumulative"
2026-06-29T21:57:24,verify_active_v305_baseline_hh_py_20260629_001,direct,v304_direct,ogc2026\baseline\alg_versions\reboot_v304_20260629_trackA_prob13like_subprocess_fallback_on_v298.py,008da10242e4b8e8848ca8de062e97fb39a91715f2896bade164d60493d8255d,9dfaa0ac5fa3e0f16fdfb0890e11b4cb64ea59b8edee029a9c4f13a2c52538b0,hh_algorithm_loop,c65b7d3b,True,prob_1.json,60.000000,60.000000,20.000000,90.000000,true,false,true,true,true,5,606628.0,606628.0,606628.0,8.0,1700,1810.0,22.470200,22.030880212783813,100,100,2,,reports\ogc2026_reboot_v001\verify_active_v305_baseline_hh_py_20260629_001\solutions\direct__v304_direct\prob_1.solution.json,reports\ogc2026_reboot_v001\verify_active_v305_baseline_hh_py_20260629_001\logs\direct__v304_direct\prob_1.log,PASS objective=606628.0 obj1=8.0 obj2=1700 obj3=1810.0,"C:\Python314\python.exe ogc2026/batchrunner/benchmark.py --algorithm name=wrapper,version=baseline_hh_v305,path=ogc2026/baseline/baseline_hh.py --algorithm name=direct,version=v304_direct,path=ogc2026/baseline/alg_versions/reboot_v304_20260629_trackA_prob13like_subprocess_fallback_on_v298.py --problem train/prob_1.json --problem train/prob_2.json --problem train/prob_3.json --problem train/prob_4.json --problem train/prob_5.json --problem train/prob_6.json --problem train/prob_7.json --problem train/prob_8.json --problem train/prob_9.json --problem train/prob_10.json --problem train/prob_11.json --problem train/prob_12.json --problem train/prob_13.json --problem train/prob_14.json --problem train/prob_15.json --problem train/prob_16.json --problem train/prob_17.json --problem train/prob_18.json --problem train/prob_19.json --problem train/prob_20.json --problem train/prob_21.json --problem train/prob_22.json --problem train/prob_23.json --problem train/prob_24.json --problem train/prob_25.json --problem train/prob_26.json --problem train/prob_27.json --problem train/prob_28.json --problem train/prob_29.json --problem train/prob_30.json --problem train/prob_31.json --problem train/prob_32.json --problem train/prob_33.json --problem train/prob_34.json --problem train/prob_35.json --problem train/prob_36.json --problem train/prob_37.json --problem train/prob_38.json --problem train/prob_39.json --problem train/prob_40.json --timelimit 60 --run-id verify_active_v305_baseline_hh_py_20260629_001 --out-dir reports/ogc2026_reboot_v001/verify_active_v305_baseline_hh_py_20260629_001 --cumulative-csv reports/ogc2026_reboot_v001/active_publish_rechecks_v305.csv --require-fresh-cumulative"
2026-06-29T21:57:24,verify_active_v305_baseline_hh_py_20260629_001,direct,v304_direct,ogc2026\baseline\alg_versions\reboot_v304_20260629_trackA_prob13like_subprocess_fallback_on_v298.py,008da10242e4b8e8848ca8de062e97fb39a91715f2896bade164d60493d8255d,9dfaa0ac5fa3e0f16fdfb0890e11b4cb64ea59b8edee029a9c4f13a2c52538b0,hh_algorithm_loop,c65b7d3b,True,prob_2.json,60.000000,60.000000,20.000000,90.000000,true,false,true,true,true,5,51940.0,51940.0,51940.0,0.0,814,292.0,16.344168,15.894359588623047,100,100,3,,reports\ogc2026_reboot_v001\verify_active_v305_baseline_hh_py_20260629_001\solutions\direct__v304_direct\prob_2.solution.json,reports\ogc2026_reboot_v001\verify_active_v305_baseline_hh_py_20260629_001\logs\direct__v304_direct\prob_2.log,PASS objective=51940.0 obj1=0.0 obj2=814 obj3=292.0,"C:\Python314\python.exe ogc2026/batchrunner/benchmark.py --algorithm name=wrapper,version=baseline_hh_v305,path=ogc2026/baseline/baseline_hh.py --algorithm name=direct,version=v304_direct,path=ogc2026/baseline/alg_versions/reboot_v304_20260629_trackA_prob13like_subprocess_fallback_on_v298.py --problem train/prob_1.json --problem train/prob_2.json --problem train/prob_3.json --problem train/prob_4.json --problem train/prob_5.json --problem train/prob_6.json --problem train/prob_7.json --problem train/prob_8.json --problem train/prob_9.json --problem train/prob_10.json --problem train/prob_11.json --problem train/prob_12.json --problem train/prob_13.json --problem train/prob_14.json --problem train/prob_15.json --problem train/prob_16.json --problem train/prob_17.json --problem train/prob_18.json --problem train/prob_19.json --problem train/prob_20.json --problem train/prob_21.json --problem train/prob_22.json --problem train/prob_23.json --problem train/prob_24.json --problem train/prob_25.json --problem train/prob_26.json --problem train/prob_27.json --problem train/prob_28.json --problem train/prob_29.json --problem train/prob_30.json --problem train/prob_31.json --problem train/prob_32.json --problem train/prob_33.json --problem train/prob_34.json --problem train/prob_35.json --problem train/prob_36.json --problem train/prob_37.json --problem train/prob_38.json --problem train/prob_39.json --problem train/prob_40.json --timelimit 60 --run-id verify_active_v305_baseline_hh_py_20260629_001 --out-dir reports/ogc2026_reboot_v001/verify_active_v305_baseline_hh_py_20260629_001 --cumulative-csv reports/ogc2026_reboot_v001/active_publish_rechecks_v305.csv --require-fresh-cumulative"
2026-06-29T21:57:24,verify_active_v305_baseline_hh_py_20260629_001,direct,v304_direct,ogc2026\baseline\alg_versions\reboot_v304_20260629_trackA_prob13like_subprocess_fallback_on_v298.py,008da10242e4b8e8848ca8de062e97fb39a91715f2896bade164d60493d8255d,9dfaa0ac5fa3e0f16fdfb0890e11b4cb64ea59b8edee029a9c4f13a2c52538b0,hh_algorithm_loop,c65b7d3b,True,prob_3.json,60.000000,60.000000,20.000000,90.000000,true,false,true,true,true,5,156780.0,156780.0,156780.0,0.0,1998,912.0,14.095483,13.613137483596802,100,100,3,,reports\ogc2026_reboot_v001\verify_active_v305_baseline_hh_py_20260629_001\solutions\direct__v304_direct\prob_3.solution.json,reports\ogc2026_reboot_v001\verify_active_v305_baseline_hh_py_20260629_001\logs\direct__v304_direct\prob_3.log,PASS objective=156780.0 obj1=0.0 obj2=1998 obj3=912.0,"C:\Python314\python.exe ogc2026/batchrunner/benchmark.py --algorithm name=wrapper,version=baseline_hh_v305,path=ogc2026/baseline/baseline_hh.py --algorithm name=direct,version=v304_direct,path=ogc2026/baseline/alg_versions/reboot_v304_20260629_trackA_prob13like_subprocess_fallback_on_v298.py --problem train/prob_1.json --problem train/prob_2.json --problem train/prob_3.json --problem train/prob_4.json --problem train/prob_5.json --problem train/prob_6.json --problem train/prob_7.json --problem train/prob_8.json --problem train/prob_9.json --problem train/prob_10.json --problem train/prob_11.json --problem train/prob_12.json --problem train/prob_13.json --problem train/prob_14.json --problem train/prob_15.json --problem train/prob_16.json --problem train/prob_17.json --problem train/prob_18.json --problem train/prob_19.json --problem train/prob_20.json --problem train/prob_21.json --problem train/prob_22.json --problem train/prob_23.json --problem train/prob_24.json --problem train/prob_25.json --problem train/prob_26.json --problem train/prob_27.json --problem train/prob_28.json --problem train/prob_29.json --problem train/prob_30.json --problem train/prob_31.json --problem train/prob_32.json --problem train/prob_33.json --problem train/prob_34.json --problem train/prob_35.json --problem train/prob_36.json --problem train/prob_37.json --problem train/prob_38.json --problem train/prob_39.json --problem train/prob_40.json --timelimit 60 --run-id verify_active_v305_baseline_hh_py_20260629_001 --out-dir reports/ogc2026_reboot_v001/verify_active_v305_baseline_hh_py_20260629_001 --cumulative-csv reports/ogc2026_reboot_v001/active_publish_rechecks_v305.csv --require-fresh-cumulative"
2026-06-29T21:57:24,verify_active_v305_baseline_hh_py_20260629_001,direct,v304_direct,ogc2026\baseline\alg_versions\reboot_v304_20260629_trackA_prob13like_subprocess_fallback_on_v298.py,008da10242e4b8e8848ca8de062e97fb39a91715f2896bade164d60493d8255d,9dfaa0ac5fa3e0f16fdfb0890e11b4cb64ea59b8edee029a9c4f13a2c52538b0,hh_algorithm_loop,c65b7d3b,True,prob_4.json,60.000000,60.000000,20.000000,90.000000,true,false,true,true,true,5,331591.0,331591.0,331591.0,6.0,1669,942.0,17.458739,17.03095555305481,100,100,2,,reports\ogc2026_reboot_v001\verify_active_v305_baseline_hh_py_20260629_001\solutions\direct__v304_direct\prob_4.solution.json,reports\ogc2026_reboot_v001\verify_active_v305_baseline_hh_py_20260629_001\logs\direct__v304_direct\prob_4.log,PASS objective=331591.0 obj1=6.0 obj2=1669 obj3=942.0,"C:\Python314\python.exe ogc2026/batchrunner/benchmark.py --algorithm name=wrapper,version=baseline_hh_v305,path=ogc2026/baseline/baseline_hh.py --algorithm name=direct,version=v304_direct,path=ogc2026/baseline/alg_versions/reboot_v304_20260629_trackA_prob13like_subprocess_fallback_on_v298.py --problem train/prob_1.json --problem train/prob_2.json --problem train/prob_3.json --problem train/prob_4.json --problem train/prob_5.json --problem train/prob_6.json --problem train/prob_7.json --problem train/prob_8.json --problem train/prob_9.json --problem train/prob_10.json --problem train/prob_11.json --problem train/prob_12.json --problem train/prob_13.json --problem train/prob_14.json --problem train/prob_15.json --problem train/prob_16.json --problem train/prob_17.json --problem train/prob_18.json --problem train/prob_19.json --problem train/prob_20.json --problem train/prob_21.json --problem train/prob_22.json --problem train/prob_23.json --problem train/prob_24.json --problem train/prob_25.json --problem train/prob_26.json --problem train/prob_27.json --problem train/prob_28.json --problem train/prob_29.json --problem train/prob_30.json --problem train/prob_31.json --problem train/prob_32.json --problem train/prob_33.json --problem train/prob_34.json --problem train/prob_35.json --problem train/prob_36.json --problem train/prob_37.json --problem train/prob_38.json --problem train/prob_39.json --problem train/prob_40.json --timelimit 60 --run-id verify_active_v305_baseline_hh_py_20260629_001 --out-dir reports/ogc2026_reboot_v001/verify_active_v305_baseline_hh_py_20260629_001 --cumulative-csv reports/ogc2026_reboot_v001/active_publish_rechecks_v305.csv --require-fresh-cumulative"
2026-06-29T21:57:24,verify_active_v305_baseline_hh_py_20260629_001,direct,v304_direct,ogc2026\baseline\alg_versions\reboot_v304_20260629_trackA_prob13like_subprocess_fallback_on_v298.py,008da10242e4b8e8848ca8de062e97fb39a91715f2896bade164d60493d8255d,9dfaa0ac5fa3e0f16fdfb0890e11b4cb64ea59b8edee029a9c4f13a2c52538b0,hh_algorithm_loop,c65b7d3b,True,prob_5.json,60.000000,60.000000,20.000000,90.000000,true,false,true,true,true,5,139455.0,139455.0,139455.0,0.0,1065,880.0,17.614547,17.162126302719116,150,150,3,,reports\ogc2026_reboot_v001\verify_active_v305_baseline_hh_py_20260629_001\solutions\direct__v304_direct\prob_5.solution.json,reports\ogc2026_reboot_v001\verify_active_v305_baseline_hh_py_20260629_001\logs\direct__v304_direct\prob_5.log,PASS objective=139455.0 obj1=0.0 obj2=1065 obj3=880.0,"C:\Python314\python.exe ogc2026/batchrunner/benchmark.py --algorithm name=wrapper,version=baseline_hh_v305,path=ogc2026/baseline/baseline_hh.py --algorithm name=direct,version=v304_direct,path=ogc2026/baseline/alg_versions/reboot_v304_20260629_trackA_prob13like_subprocess_fallback_on_v298.py --problem train/prob_1.json --problem train/prob_2.json --problem train/prob_3.json --problem train/prob_4.json --problem train/prob_5.json --problem train/prob_6.json --problem train/prob_7.json --problem train/prob_8.json --problem train/prob_9.json --problem train/prob_10.json --problem train/prob_11.json --problem train/prob_12.json --problem train/prob_13.json --problem train/prob_14.json --problem train/prob_15.json --problem train/prob_16.json --problem train/prob_17.json --problem train/prob_18.json --problem train/prob_19.json --problem train/prob_20.json --problem train/prob_21.json --problem train/prob_22.json --problem train/prob_23.json --problem train/prob_24.json --problem train/prob_25.json --problem train/prob_26.json --problem train/prob_27.json --problem train/prob_28.json --problem train/prob_29.json --problem train/prob_30.json --problem train/prob_31.json --problem train/prob_32.json --problem train/prob_33.json --problem train/prob_34.json --problem train/prob_35.json --problem train/prob_36.json --problem train/prob_37.json --problem train/prob_38.json --problem train/prob_39.json --problem train/prob_40.json --timelimit 60 --run-id verify_active_v305_baseline_hh_py_20260629_001 --out-dir reports/ogc2026_reboot_v001/verify_active_v305_baseline_hh_py_20260629_001 --cumulative-csv reports/ogc2026_reboot_v001/active_publish_rechecks_v305.csv --require-fresh-cumulative"
2026-06-29T21:57:24,verify_active_v305_baseline_hh_py_20260629_001,direct,v304_direct,ogc2026\baseline\alg_versions\reboot_v304_20260629_trackA_prob13like_subprocess_fallback_on_v298.py,008da10242e4b8e8848ca8de062e97fb39a91715f2896bade164d60493d8255d,9dfaa0ac5fa3e0f16fdfb0890e11b4cb64ea59b8edee029a9c4f13a2c52538b0,hh_algorithm_loop,c65b7d3b,True,prob_6.json,60.000000,60.000000,20.000000,90.000000,true,false,true,true,true,5,577115.0,577115.0,577115.0,7.0,1815,2380.0,30.203362,29.504958152770996,150,150,3,,reports\ogc2026_reboot_v001\verify_active_v305_baseline_hh_py_20260629_001\solutions\direct__v304_direct\prob_6.solution.json,reports\ogc2026_reboot_v001\verify_active_v305_baseline_hh_py_20260629_001\logs\direct__v304_direct\prob_6.log,PASS objective=577115.0 obj1=7.0 obj2=1815 obj3=2380.0,"C:\Python314\python.exe ogc2026/batchrunner/benchmark.py --algorithm name=wrapper,version=baseline_hh_v305,path=ogc2026/baseline/baseline_hh.py --algorithm name=direct,version=v304_direct,path=ogc2026/baseline/alg_versions/reboot_v304_20260629_trackA_prob13like_subprocess_fallback_on_v298.py --problem train/prob_1.json --problem train/prob_2.json --problem train/prob_3.json --problem train/prob_4.json --problem train/prob_5.json --problem train/prob_6.json --problem train/prob_7.json --problem train/prob_8.json --problem train/prob_9.json --problem train/prob_10.json --problem train/prob_11.json --problem train/prob_12.json --problem train/prob_13.json --problem train/prob_14.json --problem train/prob_15.json --problem train/prob_16.json --problem train/prob_17.json --problem train/prob_18.json --problem train/prob_19.json --problem train/prob_20.json --problem train/prob_21.json --problem train/prob_22.json --problem train/prob_23.json --problem train/prob_24.json --problem train/prob_25.json --problem train/prob_26.json --problem train/prob_27.json --problem train/prob_28.json --problem train/prob_29.json --problem train/prob_30.json --problem train/prob_31.json --problem train/prob_32.json --problem train/prob_33.json --problem train/prob_34.json --problem train/prob_35.json --problem train/prob_36.json --problem train/prob_37.json --problem train/prob_38.json --problem train/prob_39.json --problem train/prob_40.json --timelimit 60 --run-id verify_active_v305_baseline_hh_py_20260629_001 --out-dir reports/ogc2026_reboot_v001/verify_active_v305_baseline_hh_py_20260629_001 --cumulative-csv reports/ogc2026_reboot_v001/active_publish_rechecks_v305.csv --require-fresh-cumulative"
2026-06-29T21:57:24,verify_active_v305_baseline_hh_py_20260629_001,direct,v304_direct,ogc2026\baseline\alg_versions\reboot_v304_20260629_trackA_prob13like_subprocess_fallback_on_v298.py,008da10242e4b8e8848ca8de062e97fb39a91715f2896bade164d60493d8255d,9dfaa0ac5fa3e0f16fdfb0890e11b4cb64ea59b8edee029a9c4f13a2c52538b0,hh_algorithm_loop,c65b7d3b,True,prob_7.json,60.000000,60.000000,20.000000,90.000000,true,false,true,true,true,5,131191.0,131191.0,131191.0,0.0,3013,734.0,20.555644,20.109421968460083,150,150,3,,reports\ogc2026_reboot_v001\verify_active_v305_baseline_hh_py_20260629_001\solutions\direct__v304_direct\prob_7.solution.json,reports\ogc2026_reboot_v001\verify_active_v305_baseline_hh_py_20260629_001\logs\direct__v304_direct\prob_7.log,PASS objective=131191.0 obj1=0.0 obj2=3013 obj3=734.0,"C:\Python314\python.exe ogc2026/batchrunner/benchmark.py --algorithm name=wrapper,version=baseline_hh_v305,path=ogc2026/baseline/baseline_hh.py --algorithm name=direct,version=v304_direct,path=ogc2026/baseline/alg_versions/reboot_v304_20260629_trackA_prob13like_subprocess_fallback_on_v298.py --problem train/prob_1.json --problem train/prob_2.json --problem train/prob_3.json --problem train/prob_4.json --problem train/prob_5.json --problem train/prob_6.json --problem train/prob_7.json --problem train/prob_8.json --problem train/prob_9.json --problem train/prob_10.json --problem train/prob_11.json --problem train/prob_12.json --problem train/prob_13.json --problem train/prob_14.json --problem train/prob_15.json --problem train/prob_16.json --problem train/prob_17.json --problem train/prob_18.json --problem train/prob_19.json --problem train/prob_20.json --problem train/prob_21.json --problem train/prob_22.json --problem train/prob_23.json --problem train/prob_24.json --problem train/prob_25.json --problem train/prob_26.json --problem train/prob_27.json --problem train/prob_28.json --problem train/prob_29.json --problem train/prob_30.json --problem train/prob_31.json --problem train/prob_32.json --problem train/prob_33.json --problem train/prob_34.json --problem train/prob_35.json --problem train/prob_36.json --problem train/prob_37.json --problem train/prob_38.json --problem train/prob_39.json --problem train/prob_40.json --timelimit 60 --run-id verify_active_v305_baseline_hh_py_20260629_001 --out-dir reports/ogc2026_reboot_v001/verify_active_v305_baseline_hh_py_20260629_001 --cumulative-csv reports/ogc2026_reboot_v001/active_publish_rechecks_v305.csv --require-fresh-cumulative"
2026-06-29T21:57:24,verify_active_v305_baseline_hh_py_20260629_001,direct,v304_direct,ogc2026\baseline\alg_versions\reboot_v304_20260629_trackA_prob13like_subprocess_fallback_on_v298.py,008da10242e4b8e8848ca8de062e97fb39a91715f2896bade164d60493d8255d,9dfaa0ac5fa3e0f16fdfb0890e11b4cb64ea59b8edee029a9c4f13a2c52538b0,hh_algorithm_loop,c65b7d3b,True,prob_8.json,60.000000,60.000000,20.000000,90.000000,true,false,true,true,true,5,74968.0,74968.0,74968.0,0.0,1142,352.0,12.367316,11.925390243530273,150,150,2,,reports\ogc2026_reboot_v001\verify_active_v305_baseline_hh_py_20260629_001\solutions\direct__v304_direct\prob_8.solution.json,reports\ogc2026_reboot_v001\verify_active_v305_baseline_hh_py_20260629_001\logs\direct__v304_direct\prob_8.log,PASS objective=74968.0 obj1=0.0 obj2=1142 obj3=352.0,"C:\Python314\python.exe ogc2026/batchrunner/benchmark.py --algorithm name=wrapper,version=baseline_hh_v305,path=ogc2026/baseline/baseline_hh.py --algorithm name=direct,version=v304_direct,path=ogc2026/baseline/alg_versions/reboot_v304_20260629_trackA_prob13like_subprocess_fallback_on_v298.py --problem train/prob_1.json --problem train/prob_2.json --problem train/prob_3.json --problem train/prob_4.json --problem train/prob_5.json --problem train/prob_6.json --problem train/prob_7.json --problem train/prob_8.json --problem train/prob_9.json --problem train/prob_10.json --problem train/prob_11.json --problem train/prob_12.json --problem train/prob_13.json --problem train/prob_14.json --problem train/prob_15.json --problem train/prob_16.json --problem train/prob_17.json --problem train/prob_18.json --problem train/prob_19.json --problem train/prob_20.json --problem train/prob_21.json --problem train/prob_22.json --problem train/prob_23.json --problem train/prob_24.json --problem train/prob_25.json --problem train/prob_26.json --problem train/prob_27.json --problem train/prob_28.json --problem train/prob_29.json --problem train/prob_30.json --problem train/prob_31.json --problem train/prob_32.json --problem train/prob_33.json --problem train/prob_34.json --problem train/prob_35.json --problem train/prob_36.json --problem train/prob_37.json --problem train/prob_38.json --problem train/prob_39.json --problem train/prob_40.json --timelimit 60 --run-id verify_active_v305_baseline_hh_py_20260629_001 --out-dir reports/ogc2026_reboot_v001/verify_active_v305_baseline_hh_py_20260629_001 --cumulative-csv reports/ogc2026_reboot_v001/active_publish_rechecks_v305.csv --require-fresh-cumulative"
2026-06-29T21:57:24,verify_active_v305_baseline_hh_py_20260629_001,direct,v304_direct,ogc2026\baseline\alg_versions\reboot_v304_20260629_trackA_prob13like_subprocess_fallback_on_v298.py,008da10242e4b8e8848ca8de062e97fb39a91715f2896bade164d60493d8255d,9dfaa0ac5fa3e0f16fdfb0890e11b4cb64ea59b8edee029a9c4f13a2c52538b0,hh_algorithm_loop,c65b7d3b,True,prob_9.json,60.000000,60.000000,20.000000,90.000000,true,false,true,true,true,5,237200.0,237200.0,237200.0,0.0,1090,1545.0,27.725979,27.26999831199646,200,200,3,,reports\ogc2026_reboot_v001\verify_active_v305_baseline_hh_py_20260629_001\solutions\direct__v304_direct\prob_9.solution.json,reports\ogc2026_reboot_v001\verify_active_v305_baseline_hh_py_20260629_001\logs\direct__v304_direct\prob_9.log,PASS objective=237200.0 obj1=0.0 obj2=1090 obj3=1545.0,"C:\Python314\python.exe ogc2026/batchrunner/benchmark.py --algorithm name=wrapper,version=baseline_hh_v305,path=ogc2026/baseline/baseline_hh.py --algorithm name=direct,version=v304_direct,path=ogc2026/baseline/alg_versions/reboot_v304_20260629_trackA_prob13like_subprocess_fallback_on_v298.py --problem train/prob_1.json --problem train/prob_2.json --problem train/prob_3.json --problem train/prob_4.json --problem train/prob_5.json --problem train/prob_6.json --problem train/prob_7.json --problem train/prob_8.json --problem train/prob_9.json --problem train/prob_10.json --problem train/prob_11.json --problem train/prob_12.json --problem train/prob_13.json --problem train/prob_14.json --problem train/prob_15.json --problem train/prob_16.json --problem train/prob_17.json --problem train/prob_18.json --problem train/prob_19.json --problem train/prob_20.json --problem train/prob_21.json --problem train/prob_22.json --problem train/prob_23.json --problem train/prob_24.json --problem train/prob_25.json --problem train/prob_26.json --problem train/prob_27.json --problem train/prob_28.json --problem train/prob_29.json --problem train/prob_30.json --problem train/prob_31.json --problem train/prob_32.json --problem train/prob_33.json --problem train/prob_34.json --problem train/prob_35.json --problem train/prob_36.json --problem train/prob_37.json --problem train/prob_38.json --problem train/prob_39.json --problem train/prob_40.json --timelimit 60 --run-id verify_active_v305_baseline_hh_py_20260629_001 --out-dir reports/ogc2026_reboot_v001/verify_active_v305_baseline_hh_py_20260629_001 --cumulative-csv reports/ogc2026_reboot_v001/active_publish_rechecks_v305.csv --require-fresh-cumulative"
2026-06-29T21:57:24,verify_active_v305_baseline_hh_py_20260629_001,direct,v304_direct,ogc2026\baseline\alg_versions\reboot_v304_20260629_trackA_prob13like_subprocess_fallback_on_v298.py,008da10242e4b8e8848ca8de062e97fb39a91715f2896bade164d60493d8255d,9dfaa0ac5fa3e0f16fdfb0890e11b4cb64ea59b8edee029a9c4f13a2c52538b0,hh_algorithm_loop,c65b7d3b,True,prob_10.json,60.000000,60.000000,20.000000,90.000000,true,false,true,true,true,5,1274865.0,1274865.0,1274865.0,66.0,2577,2232.0,23.409945,22.91142725944519,200,200,4,,reports\ogc2026_reboot_v001\verify_active_v305_baseline_hh_py_20260629_001\solutions\direct__v304_direct\prob_10.solution.json,reports\ogc2026_reboot_v001\verify_active_v305_baseline_hh_py_20260629_001\logs\direct__v304_direct\prob_10.log,PASS objective=1274865.0 obj1=66.0 obj2=2577 obj3=2232.0,"C:\Python314\python.exe ogc2026/batchrunner/benchmark.py --algorithm name=wrapper,version=baseline_hh_v305,path=ogc2026/baseline/baseline_hh.py --algorithm name=direct,version=v304_direct,path=ogc2026/baseline/alg_versions/reboot_v304_20260629_trackA_prob13like_subprocess_fallback_on_v298.py --problem train/prob_1.json --problem train/prob_2.json --problem train/prob_3.json --problem train/prob_4.json --problem train/prob_5.json --problem train/prob_6.json --problem train/prob_7.json --problem train/prob_8.json --problem train/prob_9.json --problem train/prob_10.json --problem train/prob_11.json --problem train/prob_12.json --problem train/prob_13.json --problem train/prob_14.json --problem train/prob_15.json --problem train/prob_16.json --problem train/prob_17.json --problem train/prob_18.json --problem train/prob_19.json --problem train/prob_20.json --problem train/prob_21.json --problem train/prob_22.json --problem train/prob_23.json --problem train/prob_24.json --problem train/prob_25.json --problem train/prob_26.json --problem train/prob_27.json --problem train/prob_28.json --problem train/prob_29.json --problem train/prob_30.json --problem train/prob_31.json --problem train/prob_32.json --problem train/prob_33.json --problem train/prob_34.json --problem train/prob_35.json --problem train/prob_36.json --problem train/prob_37.json --problem train/prob_38.json --problem train/prob_39.json --problem train/prob_40.json --timelimit 60 --run-id verify_active_v305_baseline_hh_py_20260629_001 --out-dir reports/ogc2026_reboot_v001/verify_active_v305_baseline_hh_py_20260629_001 --cumulative-csv reports/ogc2026_reboot_v001/active_publish_rechecks_v305.csv --require-fresh-cumulative"
2026-06-29T21:57:24,verify_active_v305_baseline_hh_py_20260629_001,direct,v304_direct,ogc2026\baseline\alg_versions\reboot_v304_20260629_trackA_prob13like_subprocess_fallback_on_v298.py,008da10242e4b8e8848ca8de062e97fb39a91715f2896bade164d60493d8255d,9dfaa0ac5fa3e0f16fdfb0890e11b4cb64ea59b8edee029a9c4f13a2c52538b0,hh_algorithm_loop,c65b7d3b,True,prob_11.json,60.000000,60.000000,20.000000,90.000000,true,false,true,true,true,5,8164735.0,8164735.0,8164735.0,342.0,415,2592.0,46.885971,46.43073511123657,200,200,4,,reports\ogc2026_reboot_v001\verify_active_v305_baseline_hh_py_20260629_001\solutions\direct__v304_direct\prob_11.solution.json,reports\ogc2026_reboot_v001\verify_active_v305_baseline_hh_py_20260629_001\logs\direct__v304_direct\prob_11.log,PASS objective=8164735.0 obj1=342.0 obj2=415 obj3=2592.0,"C:\Python314\python.exe ogc2026/batchrunner/benchmark.py --algorithm name=wrapper,version=baseline_hh_v305,path=ogc2026/baseline/baseline_hh.py --algorithm name=direct,version=v304_direct,path=ogc2026/baseline/alg_versions/reboot_v304_20260629_trackA_prob13like_subprocess_fallback_on_v298.py --problem train/prob_1.json --problem train/prob_2.json --problem train/prob_3.json --problem train/prob_4.json --problem train/prob_5.json --problem train/prob_6.json --problem train/prob_7.json --problem train/prob_8.json --problem train/prob_9.json --problem train/prob_10.json --problem train/prob_11.json --problem train/prob_12.json --problem train/prob_13.json --problem train/prob_14.json --problem train/prob_15.json --problem train/prob_16.json --problem train/prob_17.json --problem train/prob_18.json --problem train/prob_19.json --problem train/prob_20.json --problem train/prob_21.json --problem train/prob_22.json --problem train/prob_23.json --problem train/prob_24.json --problem train/prob_25.json --problem train/prob_26.json --problem train/prob_27.json --problem train/prob_28.json --problem train/prob_29.json --problem train/prob_30.json --problem train/prob_31.json --problem train/prob_32.json --problem train/prob_33.json --problem train/prob_34.json --problem train/prob_35.json --problem train/prob_36.json --problem train/prob_37.json --problem train/prob_38.json --problem train/prob_39.json --problem train/prob_40.json --timelimit 60 --run-id verify_active_v305_baseline_hh_py_20260629_001 --out-dir reports/ogc2026_reboot_v001/verify_active_v305_baseline_hh_py_20260629_001 --cumulative-csv reports/ogc2026_reboot_v001/active_publish_rechecks_v305.csv --require-fresh-cumulative"
2026-06-29T21:57:24,verify_active_v305_baseline_hh_py_20260629_001,direct,v304_direct,ogc2026\baseline\alg_versions\reboot_v304_20260629_trackA_prob13like_subprocess_fallback_on_v298.py,008da10242e4b8e8848ca8de062e97fb39a91715f2896bade164d60493d8255d,9dfaa0ac5fa3e0f16fdfb0890e11b4cb64ea59b8edee029a9c4f13a2c52538b0,hh_algorithm_loop,c65b7d3b,True,prob_12.json,60.000000,60.000000,20.000000,90.000000,true,false,true,true,true,5,553078.0,553078.0,553078.0,8.0,6633,2491.0,24.710954,24.25789737701416,200,200,4,,reports\ogc2026_reboot_v001\verify_active_v305_baseline_hh_py_20260629_001\solutions\direct__v304_direct\prob_12.solution.json,reports\ogc2026_reboot_v001\verify_active_v305_baseline_hh_py_20260629_001\logs\direct__v304_direct\prob_12.log,PASS objective=553078.0 obj1=8.0 obj2=6633 obj3=2491.0,"C:\Python314\python.exe ogc2026/batchrunner/benchmark.py --algorithm name=wrapper,version=baseline_hh_v305,path=ogc2026/baseline/baseline_hh.py --algorithm name=direct,version=v304_direct,path=ogc2026/baseline/alg_versions/reboot_v304_20260629_trackA_prob13like_subprocess_fallback_on_v298.py --problem train/prob_1.json --problem train/prob_2.json --problem train/prob_3.json --problem train/prob_4.json --problem train/prob_5.json --problem train/prob_6.json --problem train/prob_7.json --problem train/prob_8.json --problem train/prob_9.json --problem train/prob_10.json --problem train/prob_11.json --problem train/prob_12.json --problem train/prob_13.json --problem train/prob_14.json --problem train/prob_15.json --problem train/prob_16.json --problem train/prob_17.json --problem train/prob_18.json --problem train/prob_19.json --problem train/prob_20.json --problem train/prob_21.json --problem train/prob_22.json --problem train/prob_23.json --problem train/prob_24.json --problem train/prob_25.json --problem train/prob_26.json --problem train/prob_27.json --problem train/prob_28.json --problem train/prob_29.json --problem train/prob_30.json --problem train/prob_31.json --problem train/prob_32.json --problem train/prob_33.json --problem train/prob_34.json --problem train/prob_35.json --problem train/prob_36.json --problem train/prob_37.json --problem train/prob_38.json --problem train/prob_39.json --problem train/prob_40.json --timelimit 60 --run-id verify_active_v305_baseline_hh_py_20260629_001 --out-dir reports/ogc2026_reboot_v001/verify_active_v305_baseline_hh_py_20260629_001 --cumulative-csv reports/ogc2026_reboot_v001/active_publish_rechecks_v305.csv --require-fresh-cumulative"
2026-06-29T21:57:24,verify_active_v305_baseline_hh_py_20260629_001,direct,v304_direct,ogc2026\baseline\alg_versions\reboot_v304_20260629_trackA_prob13like_subprocess_fallback_on_v298.py,008da10242e4b8e8848ca8de062e97fb39a91715f2896bade164d60493d8255d,9dfaa0ac5fa3e0f16fdfb0890e11b4cb64ea59b8edee029a9c4f13a2c52538b0,hh_algorithm_loop,c65b7d3b,True,prob_13.json,60.000000,60.000000,20.000000,90.000000,true,false,true,true,true,5,9583645.0,9583645.0,9583645.0,482.0,4438,4465.0,38.642403,38.180100440979004,250,250,4,,reports\ogc2026_reboot_v001\verify_active_v305_baseline_hh_py_20260629_001\solutions\direct__v304_direct\prob_13.solution.json,reports\ogc2026_reboot_v001\verify_active_v305_baseline_hh_py_20260629_001\logs\direct__v304_direct\prob_13.log,PASS objective=9583645.0 obj1=482.0 obj2=4438 obj3=4465.0,"C:\Python314\python.exe ogc2026/batchrunner/benchmark.py --algorithm name=wrapper,version=baseline_hh_v305,path=ogc2026/baseline/baseline_hh.py --algorithm name=direct,version=v304_direct,path=ogc2026/baseline/alg_versions/reboot_v304_20260629_trackA_prob13like_subprocess_fallback_on_v298.py --problem train/prob_1.json --problem train/prob_2.json --problem train/prob_3.json --problem train/prob_4.json --problem train/prob_5.json --problem train/prob_6.json --problem train/prob_7.json --problem train/prob_8.json --problem train/prob_9.json --problem train/prob_10.json --problem train/prob_11.json --problem train/prob_12.json --problem train/prob_13.json --problem train/prob_14.json --problem train/prob_15.json --problem train/prob_16.json --problem train/prob_17.json --problem train/prob_18.json --problem train/prob_19.json --problem train/prob_20.json --problem train/prob_21.json --problem train/prob_22.json --problem train/prob_23.json --problem train/prob_24.json --problem train/prob_25.json --problem train/prob_26.json --problem train/prob_27.json --problem train/prob_28.json --problem train/prob_29.json --problem train/prob_30.json --problem train/prob_31.json --problem train/prob_32.json --problem train/prob_33.json --problem train/prob_34.json --problem train/prob_35.json --problem train/prob_36.json --problem train/prob_37.json --problem train/prob_38.json --problem train/prob_39.json --problem train/prob_40.json --timelimit 60 --run-id verify_active_v305_baseline_hh_py_20260629_001 --out-dir reports/ogc2026_reboot_v001/verify_active_v305_baseline_hh_py_20260629_001 --cumulative-csv reports/ogc2026_reboot_v001/active_publish_rechecks_v305.csv --require-fresh-cumulative"
2026-06-29T21:57:24,verify_active_v305_baseline_hh_py_20260629_001,direct,v304_direct,ogc2026\baseline\alg_versions\reboot_v304_20260629_trackA_prob13like_subprocess_fallback_on_v298.py,008da10242e4b8e8848ca8de062e97fb39a91715f2896bade164d60493d8255d,9dfaa0ac5fa3e0f16fdfb0890e11b4cb64ea59b8edee029a9c4f13a2c52538b0,hh_algorithm_loop,c65b7d3b,True,prob_14.json,60.000000,60.000000,20.000000,90.000000,true,false,true,true,true,5,3795716.0,3795716.0,3795716.0,181.0,3301,4221.0,54.795044,54.31582808494568,250,250,4,,reports\ogc2026_reboot_v001\verify_active_v305_baseline_hh_py_20260629_001\solutions\direct__v304_direct\prob_14.solution.json,reports\ogc2026_reboot_v001\verify_active_v305_baseline_hh_py_20260629_001\logs\direct__v304_direct\prob_14.log,PASS objective=3795716.0 obj1=181.0 obj2=3301 obj3=4221.0,"C:\Python314\python.exe ogc2026/batchrunner/benchmark.py --algorithm name=wrapper,version=baseline_hh_v305,path=ogc2026/baseline/baseline_hh.py --algorithm name=direct,version=v304_direct,path=ogc2026/baseline/alg_versions/reboot_v304_20260629_trackA_prob13like_subprocess_fallback_on_v298.py --problem train/prob_1.json --problem train/prob_2.json --problem train/prob_3.json --problem train/prob_4.json --problem train/prob_5.json --problem train/prob_6.json --problem train/prob_7.json --problem train/prob_8.json --problem train/prob_9.json --problem train/prob_10.json --problem train/prob_11.json --problem train/prob_12.json --problem train/prob_13.json --problem train/prob_14.json --problem train/prob_15.json --problem train/prob_16.json --problem train/prob_17.json --problem train/prob_18.json --problem train/prob_19.json --problem train/prob_20.json --problem train/prob_21.json --problem train/prob_22.json --problem train/prob_23.json --problem train/prob_24.json --problem train/prob_25.json --problem train/prob_26.json --problem train/prob_27.json --problem train/prob_28.json --problem train/prob_29.json --problem train/prob_30.json --problem train/prob_31.json --problem train/prob_32.json --problem train/prob_33.json --problem train/prob_34.json --problem train/prob_35.json --problem train/prob_36.json --problem train/prob_37.json --problem train/prob_38.json --problem train/prob_39.json --problem train/prob_40.json --timelimit 60 --run-id verify_active_v305_baseline_hh_py_20260629_001 --out-dir reports/ogc2026_reboot_v001/verify_active_v305_baseline_hh_py_20260629_001 --cumulative-csv reports/ogc2026_reboot_v001/active_publish_rechecks_v305.csv --require-fresh-cumulative"
2026-06-29T21:57:24,verify_active_v305_baseline_hh_py_20260629_001,direct,v304_direct,ogc2026\baseline\alg_versions\reboot_v304_20260629_trackA_prob13like_subprocess_fallback_on_v298.py,008da10242e4b8e8848ca8de062e97fb39a91715f2896bade164d60493d8255d,9dfaa0ac5fa3e0f16fdfb0890e11b4cb64ea59b8edee029a9c4f13a2c52538b0,hh_algorithm_loop,c65b7d3b,True,prob_15.json,60.000000,60.000000,20.000000,90.000000,true,false,true,true,true,5,844023.0,844023.0,844023.0,25.0,3465,3431.0,37.490855,37.03478407859802,250,250,4,,reports\ogc2026_reboot_v001\verify_active_v305_baseline_hh_py_20260629_001\solutions\direct__v304_direct\prob_15.solution.json,reports\ogc2026_reboot_v001\verify_active_v305_baseline_hh_py_20260629_001\logs\direct__v304_direct\prob_15.log,PASS objective=844023.0 obj1=25.0 obj2=3465 obj3=3431.0,"C:\Python314\python.exe ogc2026/batchrunner/benchmark.py --algorithm name=wrapper,version=baseline_hh_v305,path=ogc2026/baseline/baseline_hh.py --algorithm name=direct,version=v304_direct,path=ogc2026/baseline/alg_versions/reboot_v304_20260629_trackA_prob13like_subprocess_fallback_on_v298.py --problem train/prob_1.json --problem train/prob_2.json --problem train/prob_3.json --problem train/prob_4.json --problem train/prob_5.json --problem train/prob_6.json --problem train/prob_7.json --problem train/prob_8.json --problem train/prob_9.json --problem train/prob_10.json --problem train/prob_11.json --problem train/prob_12.json --problem train/prob_13.json --problem train/prob_14.json --problem train/prob_15.json --problem train/prob_16.json --problem train/prob_17.json --problem train/prob_18.json --problem train/prob_19.json --problem train/prob_20.json --problem train/prob_21.json --problem train/prob_22.json --problem train/prob_23.json --problem train/prob_24.json --problem train/prob_25.json --problem train/prob_26.json --problem train/prob_27.json --problem train/prob_28.json --problem train/prob_29.json --problem train/prob_30.json --problem train/prob_31.json --problem train/prob_32.json --problem train/prob_33.json --problem train/prob_34.json --problem train/prob_35.json --problem train/prob_36.json --problem train/prob_37.json --problem train/prob_38.json --problem train/prob_39.json --problem train/prob_40.json --timelimit 60 --run-id verify_active_v305_baseline_hh_py_20260629_001 --out-dir reports/ogc2026_reboot_v001/verify_active_v305_baseline_hh_py_20260629_001 --cumulative-csv reports/ogc2026_reboot_v001/active_publish_rechecks_v305.csv --require-fresh-cumulative"
2026-06-29T21:57:24,verify_active_v305_baseline_hh_py_20260629_001,direct,v304_direct,ogc2026\baseline\alg_versions\reboot_v304_20260629_trackA_prob13like_subprocess_fallback_on_v298.py,008da10242e4b8e8848ca8de062e97fb39a91715f2896bade164d60493d8255d,9dfaa0ac5fa3e0f16fdfb0890e11b4cb64ea59b8edee029a9c4f13a2c52538b0,hh_algorithm_loop,c65b7d3b,True,prob_16.json,60.000000,60.000000,20.000000,90.000000,true,false,true,true,true,5,176817.0,176817.0,176817.0,0.0,2938,1219.0,12.953250,12.479234218597412,250,250,4,,reports\ogc2026_reboot_v001\verify_active_v305_baseline_hh_py_20260629_001\solutions\direct__v304_direct\prob_16.solution.json,reports\ogc2026_reboot_v001\verify_active_v305_baseline_hh_py_20260629_001\logs\direct__v304_direct\prob_16.log,PASS objective=176817.0 obj1=0.0 obj2=2938 obj3=1219.0,"C:\Python314\python.exe ogc2026/batchrunner/benchmark.py --algorithm name=wrapper,version=baseline_hh_v305,path=ogc2026/baseline/baseline_hh.py --algorithm name=direct,version=v304_direct,path=ogc2026/baseline/alg_versions/reboot_v304_20260629_trackA_prob13like_subprocess_fallback_on_v298.py --problem train/prob_1.json --problem train/prob_2.json --problem train/prob_3.json --problem train/prob_4.json --problem train/prob_5.json --problem train/prob_6.json --problem train/prob_7.json --problem train/prob_8.json --problem train/prob_9.json --problem train/prob_10.json --problem train/prob_11.json --problem train/prob_12.json --problem train/prob_13.json --problem train/prob_14.json --problem train/prob_15.json --problem train/prob_16.json --problem train/prob_17.json --problem train/prob_18.json --problem train/prob_19.json --problem train/prob_20.json --problem train/prob_21.json --problem train/prob_22.json --problem train/prob_23.json --problem train/prob_24.json --problem train/prob_25.json --problem train/prob_26.json --problem train/prob_27.json --problem train/prob_28.json --problem train/prob_29.json --problem train/prob_30.json --problem train/prob_31.json --problem train/prob_32.json --problem train/prob_33.json --problem train/prob_34.json --problem train/prob_35.json --problem train/prob_36.json --problem train/prob_37.json --problem train/prob_38.json --problem train/prob_39.json --problem train/prob_40.json --timelimit 60 --run-id verify_active_v305_baseline_hh_py_20260629_001 --out-dir reports/ogc2026_reboot_v001/verify_active_v305_baseline_hh_py_20260629_001 --cumulative-csv reports/ogc2026_reboot_v001/active_publish_rechecks_v305.csv --require-fresh-cumulative"
2026-06-29T21:57:24,verify_active_v305_baseline_hh_py_20260629_001,direct,v304_direct,ogc2026\baseline\alg_versions\reboot_v304_20260629_trackA_prob13like_subprocess_fallback_on_v298.py,008da10242e4b8e8848ca8de062e97fb39a91715f2896bade164d60493d8255d,9dfaa0ac5fa3e0f16fdfb0890e11b4cb64ea59b8edee029a9c4f13a2c52538b0,hh_algorithm_loop,c65b7d3b,True,prob_17.json,60.000000,60.000000,20.000000,90.000000,true,false,true,true,true,5,338183.0,338183.0,338183.0,13.0,5749,1422.0,19.170176,18.712591409683228,300,300,4,,reports\ogc2026_reboot_v001\verify_active_v305_baseline_hh_py_20260629_001\solutions\direct__v304_direct\prob_17.solution.json,reports\ogc2026_reboot_v001\verify_active_v305_baseline_hh_py_20260629_001\logs\direct__v304_direct\prob_17.log,PASS objective=338183.0 obj1=13.0 obj2=5749 obj3=1422.0,"C:\Python314\python.exe ogc2026/batchrunner/benchmark.py --algorithm name=wrapper,version=baseline_hh_v305,path=ogc2026/baseline/baseline_hh.py --algorithm name=direct,version=v304_direct,path=ogc2026/baseline/alg_versions/reboot_v304_20260629_trackA_prob13like_subprocess_fallback_on_v298.py --problem train/prob_1.json --problem train/prob_2.json --problem train/prob_3.json --problem train/prob_4.json --problem train/prob_5.json --problem train/prob_6.json --problem train/prob_7.json --problem train/prob_8.json --problem train/prob_9.json --problem train/prob_10.json --problem train/prob_11.json --problem train/prob_12.json --problem train/prob_13.json --problem train/prob_14.json --problem train/prob_15.json --problem train/prob_16.json --problem train/prob_17.json --problem train/prob_18.json --problem train/prob_19.json --problem train/prob_20.json --problem train/prob_21.json --problem train/prob_22.json --problem train/prob_23.json --problem train/prob_24.json --problem train/prob_25.json --problem train/prob_26.json --problem train/prob_27.json --problem train/prob_28.json --problem train/prob_29.json --problem train/prob_30.json --problem train/prob_31.json --problem train/prob_32.json --problem train/prob_33.json --problem train/prob_34.json --problem train/prob_35.json --problem train/prob_36.json --problem train/prob_37.json --problem train/prob_38.json --problem train/prob_39.json --problem train/prob_40.json --timelimit 60 --run-id verify_active_v305_baseline_hh_py_20260629_001 --out-dir reports/ogc2026_reboot_v001/verify_active_v305_baseline_hh_py_20260629_001 --cumulative-csv reports/ogc2026_reboot_v001/active_publish_rechecks_v305.csv --require-fresh-cumulative"
2026-06-29T21:57:24,verify_active_v305_baseline_hh_py_20260629_001,direct,v304_direct,ogc2026\baseline\alg_versions\reboot_v304_20260629_trackA_prob13like_subprocess_fallback_on_v298.py,008da10242e4b8e8848ca8de062e97fb39a91715f2896bade164d60493d8255d,9dfaa0ac5fa3e0f16fdfb0890e11b4cb64ea59b8edee029a9c4f13a2c52538b0,hh_algorithm_loop,c65b7d3b,True,prob_18.json,60.000000,60.000000,20.000000,90.000000,true,false,true,true,true,5,264994.0,264994.0,264994.0,0.0,3406,1890.0,23.814189,23.33284091949463,300,300,4,,reports\ogc2026_reboot_v001\verify_active_v305_baseline_hh_py_20260629_001\solutions\direct__v304_direct\prob_18.solution.json,reports\ogc2026_reboot_v001\verify_active_v305_baseline_hh_py_20260629_001\logs\direct__v304_direct\prob_18.log,PASS objective=264994.0 obj1=0.0 obj2=3406 obj3=1890.0,"C:\Python314\python.exe ogc2026/batchrunner/benchmark.py --algorithm name=wrapper,version=baseline_hh_v305,path=ogc2026/baseline/baseline_hh.py --algorithm name=direct,version=v304_direct,path=ogc2026/baseline/alg_versions/reboot_v304_20260629_trackA_prob13like_subprocess_fallback_on_v298.py --problem train/prob_1.json --problem train/prob_2.json --problem train/prob_3.json --problem train/prob_4.json --problem train/prob_5.json --problem train/prob_6.json --problem train/prob_7.json --problem train/prob_8.json --problem train/prob_9.json --problem train/prob_10.json --problem train/prob_11.json --problem train/prob_12.json --problem train/prob_13.json --problem train/prob_14.json --problem train/prob_15.json --problem train/prob_16.json --problem train/prob_17.json --problem train/prob_18.json --problem train/prob_19.json --problem train/prob_20.json --problem train/prob_21.json --problem train/prob_22.json --problem train/prob_23.json --problem train/prob_24.json --problem train/prob_25.json --problem train/prob_26.json --problem train/prob_27.json --problem train/prob_28.json --problem train/prob_29.json --problem train/prob_30.json --problem train/prob_31.json --problem train/prob_32.json --problem train/prob_33.json --problem train/prob_34.json --problem train/prob_35.json --problem train/prob_36.json --problem train/prob_37.json --problem train/prob_38.json --problem train/prob_39.json --problem train/prob_40.json --timelimit 60 --run-id verify_active_v305_baseline_hh_py_20260629_001 --out-dir reports/ogc2026_reboot_v001/verify_active_v305_baseline_hh_py_20260629_001 --cumulative-csv reports/ogc2026_reboot_v001/active_publish_rechecks_v305.csv --require-fresh-cumulative"
2026-06-29T21:57:24,verify_active_v305_baseline_hh_py_20260629_001,direct,v304_direct,ogc2026\baseline\alg_versions\reboot_v304_20260629_trackA_prob13like_subprocess_fallback_on_v298.py,008da10242e4b8e8848ca8de062e97fb39a91715f2896bade164d60493d8255d,9dfaa0ac5fa3e0f16fdfb0890e11b4cb64ea59b8edee029a9c4f13a2c52538b0,hh_algorithm_loop,c65b7d3b,True,prob_19.json,60.000000,60.000000,20.000000,90.000000,true,false,true,true,true,5,1896684.0,1896684.0,1896684.0,123.0,6544,4199.0,39.961631,39.50075340270996,300,300,4,,reports\ogc2026_reboot_v001\verify_active_v305_baseline_hh_py_20260629_001\solutions\direct__v304_direct\prob_19.solution.json,reports\ogc2026_reboot_v001\verify_active_v305_baseline_hh_py_20260629_001\logs\direct__v304_direct\prob_19.log,PASS objective=1896684.0 obj1=123.0 obj2=6544 obj3=4199.0,"C:\Python314\python.exe ogc2026/batchrunner/benchmark.py --algorithm name=wrapper,version=baseline_hh_v305,path=ogc2026/baseline/baseline_hh.py --algorithm name=direct,version=v304_direct,path=ogc2026/baseline/alg_versions/reboot_v304_20260629_trackA_prob13like_subprocess_fallback_on_v298.py --problem train/prob_1.json --problem train/prob_2.json --problem train/prob_3.json --problem train/prob_4.json --problem train/prob_5.json --problem train/prob_6.json --problem train/prob_7.json --problem train/prob_8.json --problem train/prob_9.json --problem train/prob_10.json --problem train/prob_11.json --problem train/prob_12.json --problem train/prob_13.json --problem train/prob_14.json --problem train/prob_15.json --problem train/prob_16.json --problem train/prob_17.json --problem train/prob_18.json --problem train/prob_19.json --problem train/prob_20.json --problem train/prob_21.json --problem train/prob_22.json --problem train/prob_23.json --problem train/prob_24.json --problem train/prob_25.json --problem train/prob_26.json --problem train/prob_27.json --problem train/prob_28.json --problem train/prob_29.json --problem train/prob_30.json --problem train/prob_31.json --problem train/prob_32.json --problem train/prob_33.json --problem train/prob_34.json --problem train/prob_35.json --problem train/prob_36.json --problem train/prob_37.json --problem train/prob_38.json --problem train/prob_39.json --problem train/prob_40.json --timelimit 60 --run-id verify_active_v305_baseline_hh_py_20260629_001 --out-dir reports/ogc2026_reboot_v001/verify_active_v305_baseline_hh_py_20260629_001 --cumulative-csv reports/ogc2026_reboot_v001/active_publish_rechecks_v305.csv --require-fresh-cumulative"
2026-06-29T21:57:24,verify_active_v305_baseline_hh_py_20260629_001,direct,v304_direct,ogc2026\baseline\alg_versions\reboot_v304_20260629_trackA_prob13like_subprocess_fallback_on_v298.py,008da10242e4b8e8848ca8de062e97fb39a91715f2896bade164d60493d8255d,9dfaa0ac5fa3e0f16fdfb0890e11b4cb64ea59b8edee029a9c4f13a2c52538b0,hh_algorithm_loop,c65b7d3b,True,prob_20.json,60.000000,60.000000,20.000000,90.000000,true,false,true,true,true,5,5199740.0,5199740.0,5199740.0,164.0,3642,6436.0,46.404712,45.96329975128174,300,300,5,,reports\ogc2026_reboot_v001\verify_active_v305_baseline_hh_py_20260629_001\solutions\direct__v304_direct\prob_20.solution.json,reports\ogc2026_reboot_v001\verify_active_v305_baseline_hh_py_20260629_001\logs\direct__v304_direct\prob_20.log,PASS objective=5199740.0 obj1=164.0 obj2=3642 obj3=6436.0,"C:\Python314\python.exe ogc2026/batchrunner/benchmark.py --algorithm name=wrapper,version=baseline_hh_v305,path=ogc2026/baseline/baseline_hh.py --algorithm name=direct,version=v304_direct,path=ogc2026/baseline/alg_versions/reboot_v304_20260629_trackA_prob13like_subprocess_fallback_on_v298.py --problem train/prob_1.json --problem train/prob_2.json --problem train/prob_3.json --problem train/prob_4.json --problem train/prob_5.json --problem train/prob_6.json --problem train/prob_7.json --problem train/prob_8.json --problem train/prob_9.json --problem train/prob_10.json --problem train/prob_11.json --problem train/prob_12.json --problem train/prob_13.json --problem train/prob_14.json --problem train/prob_15.json --problem train/prob_16.json --problem train/prob_17.json --problem train/prob_18.json --problem train/prob_19.json --problem train/prob_20.json --problem train/prob_21.json --problem train/prob_22.json --problem train/prob_23.json --problem train/prob_24.json --problem train/prob_25.json --problem train/prob_26.json --problem train/prob_27.json --problem train/prob_28.json --problem train/prob_29.json --problem train/prob_30.json --problem train/prob_31.json --problem train/prob_32.json --problem train/prob_33.json --problem train/prob_34.json --problem train/prob_35.json --problem train/prob_36.json --problem train/prob_37.json --problem train/prob_38.json --problem train/prob_39.json --problem train/prob_40.json --timelimit 60 --run-id verify_active_v305_baseline_hh_py_20260629_001 --out-dir reports/ogc2026_reboot_v001/verify_active_v305_baseline_hh_py_20260629_001 --cumulative-csv reports/ogc2026_reboot_v001/active_publish_rechecks_v305.csv --require-fresh-cumulative"
2026-06-29T21:57:24,verify_active_v305_baseline_hh_py_20260629_001,direct,v304_direct,ogc2026\baseline\alg_versions\reboot_v304_20260629_trackA_prob13like_subprocess_fallback_on_v298.py,008da10242e4b8e8848ca8de062e97fb39a91715f2896bade164d60493d8255d,9dfaa0ac5fa3e0f16fdfb0890e11b4cb64ea59b8edee029a9c4f13a2c52538b0,hh_algorithm_loop,c65b7d3b,True,prob_21.json,60.000000,60.000000,20.000000,90.000000,true,false,true,true,true,5,9383482.0,9383482.0,9383482.0,664.0,522,3501.0,10.785004,10.346344947814941,100,100,3,,reports\ogc2026_reboot_v001\verify_active_v305_baseline_hh_py_20260629_001\solutions\direct__v304_direct\prob_21.solution.json,reports\ogc2026_reboot_v001\verify_active_v305_baseline_hh_py_20260629_001\logs\direct__v304_direct\prob_21.log,PASS objective=9383482.0 obj1=664.0 obj2=522 obj3=3501.0,"C:\Python314\python.exe ogc2026/batchrunner/benchmark.py --algorithm name=wrapper,version=baseline_hh_v305,path=ogc2026/baseline/baseline_hh.py --algorithm name=direct,version=v304_direct,path=ogc2026/baseline/alg_versions/reboot_v304_20260629_trackA_prob13like_subprocess_fallback_on_v298.py --problem train/prob_1.json --problem train/prob_2.json --problem train/prob_3.json --problem train/prob_4.json --problem train/prob_5.json --problem train/prob_6.json --problem train/prob_7.json --problem train/prob_8.json --problem train/prob_9.json --problem train/prob_10.json --problem train/prob_11.json --problem train/prob_12.json --problem train/prob_13.json --problem train/prob_14.json --problem train/prob_15.json --problem train/prob_16.json --problem train/prob_17.json --problem train/prob_18.json --problem train/prob_19.json --problem train/prob_20.json --problem train/prob_21.json --problem train/prob_22.json --problem train/prob_23.json --problem train/prob_24.json --problem train/prob_25.json --problem train/prob_26.json --problem train/prob_27.json --problem train/prob_28.json --problem train/prob_29.json --problem train/prob_30.json --problem train/prob_31.json --problem train/prob_32.json --problem train/prob_33.json --problem train/prob_34.json --problem train/prob_35.json --problem train/prob_36.json --problem train/prob_37.json --problem train/prob_38.json --problem train/prob_39.json --problem train/prob_40.json --timelimit 60 --run-id verify_active_v305_baseline_hh_py_20260629_001 --out-dir reports/ogc2026_reboot_v001/verify_active_v305_baseline_hh_py_20260629_001 --cumulative-csv reports/ogc2026_reboot_v001/active_publish_rechecks_v305.csv --require-fresh-cumulative"
2026-06-29T21:57:24,verify_active_v305_baseline_hh_py_20260629_001,direct,v304_direct,ogc2026\baseline\alg_versions\reboot_v304_20260629_trackA_prob13like_subprocess_fallback_on_v298.py,008da10242e4b8e8848ca8de062e97fb39a91715f2896bade164d60493d8255d,9dfaa0ac5fa3e0f16fdfb0890e11b4cb64ea59b8edee029a9c4f13a2c52538b0,hh_algorithm_loop,c65b7d3b,True,prob_22.json,60.000000,60.000000,20.000000,90.000000,true,false,true,true,true,5,1837996.0,1837996.0,1837996.0,26.0,2446,3710.0,19.046568,18.56124258041382,100,100,2,,reports\ogc2026_reboot_v001\verify_active_v305_baseline_hh_py_20260629_001\solutions\direct__v304_direct\prob_22.solution.json,reports\ogc2026_reboot_v001\verify_active_v305_baseline_hh_py_20260629_001\logs\direct__v304_direct\prob_22.log,PASS objective=1837996.0 obj1=26.0 obj2=2446 obj3=3710.0,"C:\Python314\python.exe ogc2026/batchrunner/benchmark.py --algorithm name=wrapper,version=baseline_hh_v305,path=ogc2026/baseline/baseline_hh.py --algorithm name=direct,version=v304_direct,path=ogc2026/baseline/alg_versions/reboot_v304_20260629_trackA_prob13like_subprocess_fallback_on_v298.py --problem train/prob_1.json --problem train/prob_2.json --problem train/prob_3.json --problem train/prob_4.json --problem train/prob_5.json --problem train/prob_6.json --problem train/prob_7.json --problem train/prob_8.json --problem train/prob_9.json --problem train/prob_10.json --problem train/prob_11.json --problem train/prob_12.json --problem train/prob_13.json --problem train/prob_14.json --problem train/prob_15.json --problem train/prob_16.json --problem train/prob_17.json --problem train/prob_18.json --problem train/prob_19.json --problem train/prob_20.json --problem train/prob_21.json --problem train/prob_22.json --problem train/prob_23.json --problem train/prob_24.json --problem train/prob_25.json --problem train/prob_26.json --problem train/prob_27.json --problem train/prob_28.json --problem train/prob_29.json --problem train/prob_30.json --problem train/prob_31.json --problem train/prob_32.json --problem train/prob_33.json --problem train/prob_34.json --problem train/prob_35.json --problem train/prob_36.json --problem train/prob_37.json --problem train/prob_38.json --problem train/prob_39.json --problem train/prob_40.json --timelimit 60 --run-id verify_active_v305_baseline_hh_py_20260629_001 --out-dir reports/ogc2026_reboot_v001/verify_active_v305_baseline_hh_py_20260629_001 --cumulative-csv reports/ogc2026_reboot_v001/active_publish_rechecks_v305.csv --require-fresh-cumulative"
2026-06-29T21:57:24,verify_active_v305_baseline_hh_py_20260629_001,direct,v304_direct,ogc2026\baseline\alg_versions\reboot_v304_20260629_trackA_prob13like_subprocess_fallback_on_v298.py,008da10242e4b8e8848ca8de062e97fb39a91715f2896bade164d60493d8255d,9dfaa0ac5fa3e0f16fdfb0890e11b4cb64ea59b8edee029a9c4f13a2c52538b0,hh_algorithm_loop,c65b7d3b,True,prob_23.json,60.000000,60.000000,20.000000,90.000000,true,false,true,true,true,5,20686068.0,20686068.0,20686068.0,1497.0,35,1940.0,25.209892,24.747298002243042,100,100,2,,reports\ogc2026_reboot_v001\verify_active_v305_baseline_hh_py_20260629_001\solutions\direct__v304_direct\prob_23.solution.json,reports\ogc2026_reboot_v001\verify_active_v305_baseline_hh_py_20260629_001\logs\direct__v304_direct\prob_23.log,PASS objective=20686068.0 obj1=1497.0 obj2=35 obj3=1940.0,"C:\Python314\python.exe ogc2026/batchrunner/benchmark.py --algorithm name=wrapper,version=baseline_hh_v305,path=ogc2026/baseline/baseline_hh.py --algorithm name=direct,version=v304_direct,path=ogc2026/baseline/alg_versions/reboot_v304_20260629_trackA_prob13like_subprocess_fallback_on_v298.py --problem train/prob_1.json --problem train/prob_2.json --problem train/prob_3.json --problem train/prob_4.json --problem train/prob_5.json --problem train/prob_6.json --problem train/prob_7.json --problem train/prob_8.json --problem train/prob_9.json --problem train/prob_10.json --problem train/prob_11.json --problem train/prob_12.json --problem train/prob_13.json --problem train/prob_14.json --problem train/prob_15.json --problem train/prob_16.json --problem train/prob_17.json --problem train/prob_18.json --problem train/prob_19.json --problem train/prob_20.json --problem train/prob_21.json --problem train/prob_22.json --problem train/prob_23.json --problem train/prob_24.json --problem train/prob_25.json --problem train/prob_26.json --problem train/prob_27.json --problem train/prob_28.json --problem train/prob_29.json --problem train/prob_30.json --problem train/prob_31.json --problem train/prob_32.json --problem train/prob_33.json --problem train/prob_34.json --problem train/prob_35.json --problem train/prob_36.json --problem train/prob_37.json --problem train/prob_38.json --problem train/prob_39.json --problem train/prob_40.json --timelimit 60 --run-id verify_active_v305_baseline_hh_py_20260629_001 --out-dir reports/ogc2026_reboot_v001/verify_active_v305_baseline_hh_py_20260629_001 --cumulative-csv reports/ogc2026_reboot_v001/active_publish_rechecks_v305.csv --require-fresh-cumulative"
2026-06-29T21:57:24,verify_active_v305_baseline_hh_py_20260629_001,direct,v304_direct,ogc2026\baseline\alg_versions\reboot_v304_20260629_trackA_prob13like_subprocess_fallback_on_v298.py,008da10242e4b8e8848ca8de062e97fb39a91715f2896bade164d60493d8255d,9dfaa0ac5fa3e0f16fdfb0890e11b4cb64ea59b8edee029a9c4f13a2c52538b0,hh_algorithm_loop,c65b7d3b,True,prob_24.json,60.000000,60.000000,20.000000,90.000000,true,false,true,true,true,5,2981583.0,2981583.0,2981583.0,166.0,1381,2538.0,36.426292,35.99634838104248,100,100,3,,reports\ogc2026_reboot_v001\verify_active_v305_baseline_hh_py_20260629_001\solutions\direct__v304_direct\prob_24.solution.json,reports\ogc2026_reboot_v001\verify_active_v305_baseline_hh_py_20260629_001\logs\direct__v304_direct\prob_24.log,PASS objective=2981583.0 obj1=166.0 obj2=1381 obj3=2538.0,"C:\Python314\python.exe ogc2026/batchrunner/benchmark.py --algorithm name=wrapper,version=baseline_hh_v305,path=ogc2026/baseline/baseline_hh.py --algorithm name=direct,version=v304_direct,path=ogc2026/baseline/alg_versions/reboot_v304_20260629_trackA_prob13like_subprocess_fallback_on_v298.py --problem train/prob_1.json --problem train/prob_2.json --problem train/prob_3.json --problem train/prob_4.json --problem train/prob_5.json --problem train/prob_6.json --problem train/prob_7.json --problem train/prob_8.json --problem train/prob_9.json --problem train/prob_10.json --problem train/prob_11.json --problem train/prob_12.json --problem train/prob_13.json --problem train/prob_14.json --problem train/prob_15.json --problem train/prob_16.json --problem train/prob_17.json --problem train/prob_18.json --problem train/prob_19.json --problem train/prob_20.json --problem train/prob_21.json --problem train/prob_22.json --problem train/prob_23.json --problem train/prob_24.json --problem train/prob_25.json --problem train/prob_26.json --problem train/prob_27.json --problem train/prob_28.json --problem train/prob_29.json --problem train/prob_30.json --problem train/prob_31.json --problem train/prob_32.json --problem train/prob_33.json --problem train/prob_34.json --problem train/prob_35.json --problem train/prob_36.json --problem train/prob_37.json --problem train/prob_38.json --problem train/prob_39.json --problem train/prob_40.json --timelimit 60 --run-id verify_active_v305_baseline_hh_py_20260629_001 --out-dir reports/ogc2026_reboot_v001/verify_active_v305_baseline_hh_py_20260629_001 --cumulative-csv reports/ogc2026_reboot_v001/active_publish_rechecks_v305.csv --require-fresh-cumulative"
2026-06-29T21:57:24,verify_active_v305_baseline_hh_py_20260629_001,direct,v304_direct,ogc2026\baseline\alg_versions\reboot_v304_20260629_trackA_prob13like_subprocess_fallback_on_v298.py,008da10242e4b8e8848ca8de062e97fb39a91715f2896bade164d60493d8255d,9dfaa0ac5fa3e0f16fdfb0890e11b4cb64ea59b8edee029a9c4f13a2c52538b0,hh_algorithm_loop,c65b7d3b,True,prob_25.json,60.000000,60.000000,20.000000,90.000000,true,false,true,true,true,5,1454484.0,1454484.0,1454484.0,2089.0,241,3044.0,31.860379,31.434924840927124,100,100,2,,reports\ogc2026_reboot_v001\verify_active_v305_baseline_hh_py_20260629_001\solutions\direct__v304_direct\prob_25.solution.json,reports\ogc2026_reboot_v001\verify_active_v305_baseline_hh_py_20260629_001\logs\direct__v304_direct\prob_25.log,PASS objective=1454484.0 obj1=2089.0 obj2=241 obj3=3044.0,"C:\Python314\python.exe ogc2026/batchrunner/benchmark.py --algorithm name=wrapper,version=baseline_hh_v305,path=ogc2026/baseline/baseline_hh.py --algorithm name=direct,version=v304_direct,path=ogc2026/baseline/alg_versions/reboot_v304_20260629_trackA_prob13like_subprocess_fallback_on_v298.py --problem train/prob_1.json --problem train/prob_2.json --problem train/prob_3.json --problem train/prob_4.json --problem train/prob_5.json --problem train/prob_6.json --problem train/prob_7.json --problem train/prob_8.json --problem train/prob_9.json --problem train/prob_10.json --problem train/prob_11.json --problem train/prob_12.json --problem train/prob_13.json --problem train/prob_14.json --problem train/prob_15.json --problem train/prob_16.json --problem train/prob_17.json --problem train/prob_18.json --problem train/prob_19.json --problem train/prob_20.json --problem train/prob_21.json --problem train/prob_22.json --problem train/prob_23.json --problem train/prob_24.json --problem train/prob_25.json --problem train/prob_26.json --problem train/prob_27.json --problem train/prob_28.json --problem train/prob_29.json --problem train/prob_30.json --problem train/prob_31.json --problem train/prob_32.json --problem train/prob_33.json --problem train/prob_34.json --problem train/prob_35.json --problem train/prob_36.json --problem train/prob_37.json --problem train/prob_38.json --problem train/prob_39.json --problem train/prob_40.json --timelimit 60 --run-id verify_active_v305_baseline_hh_py_20260629_001 --out-dir reports/ogc2026_reboot_v001/verify_active_v305_baseline_hh_py_20260629_001 --cumulative-csv reports/ogc2026_reboot_v001/active_publish_rechecks_v305.csv --require-fresh-cumulative"
2026-06-29T21:57:24,verify_active_v305_baseline_hh_py_20260629_001,direct,v304_direct,ogc2026\baseline\alg_versions\reboot_v304_20260629_trackA_prob13like_subprocess_fallback_on_v298.py,008da10242e4b8e8848ca8de062e97fb39a91715f2896bade164d60493d8255d,9dfaa0ac5fa3e0f16fdfb0890e11b4cb64ea59b8edee029a9c4f13a2c52538b0,hh_algorithm_loop,c65b7d3b,True,prob_26.json,60.000000,60.000000,20.000000,90.000000,true,false,true,true,true,5,31708207.0,31708207.0,31708207.0,2305.0,2556,6385.0,26.273363,25.546772241592407,150,150,3,,reports\ogc2026_reboot_v001\verify_active_v305_baseline_hh_py_20260629_001\solutions\direct__v304_direct\prob_26.solution.json,reports\ogc2026_reboot_v001\verify_active_v305_baseline_hh_py_20260629_001\logs\direct__v304_direct\prob_26.log,PASS objective=31708207.0 obj1=2305.0 obj2=2556 obj3=6385.0,"C:\Python314\python.exe ogc2026/batchrunner/benchmark.py --algorithm name=wrapper,version=baseline_hh_v305,path=ogc2026/baseline/baseline_hh.py --algorithm name=direct,version=v304_direct,path=ogc2026/baseline/alg_versions/reboot_v304_20260629_trackA_prob13like_subprocess_fallback_on_v298.py --problem train/prob_1.json --problem train/prob_2.json --problem train/prob_3.json --problem train/prob_4.json --problem train/prob_5.json --problem train/prob_6.json --problem train/prob_7.json --problem train/prob_8.json --problem train/prob_9.json --problem train/prob_10.json --problem train/prob_11.json --problem train/prob_12.json --problem train/prob_13.json --problem train/prob_14.json --problem train/prob_15.json --problem train/prob_16.json --problem train/prob_17.json --problem train/prob_18.json --problem train/prob_19.json --problem train/prob_20.json --problem train/prob_21.json --problem train/prob_22.json --problem train/prob_23.json --problem train/prob_24.json --problem train/prob_25.json --problem train/prob_26.json --problem train/prob_27.json --problem train/prob_28.json --problem train/prob_29.json --problem train/prob_30.json --problem train/prob_31.json --problem train/prob_32.json --problem train/prob_33.json --problem train/prob_34.json --problem train/prob_35.json --problem train/prob_36.json --problem train/prob_37.json --problem train/prob_38.json --problem train/prob_39.json --problem train/prob_40.json --timelimit 60 --run-id verify_active_v305_baseline_hh_py_20260629_001 --out-dir reports/ogc2026_reboot_v001/verify_active_v305_baseline_hh_py_20260629_001 --cumulative-csv reports/ogc2026_reboot_v001/active_publish_rechecks_v305.csv --require-fresh-cumulative"
2026-06-29T21:57:24,verify_active_v305_baseline_hh_py_20260629_001,direct,v304_direct,ogc2026\baseline\alg_versions\reboot_v304_20260629_trackA_prob13like_subprocess_fallback_on_v298.py,008da10242e4b8e8848ca8de062e97fb39a91715f2896bade164d60493d8255d,9dfaa0ac5fa3e0f16fdfb0890e11b4cb64ea59b8edee029a9c4f13a2c52538b0,hh_algorithm_loop,c65b7d3b,True,prob_27.json,60.000000,60.000000,20.000000,90.000000,true,false,true,true,true,5,75028700.0,75028700.0,75028700.0,5456.0,1926,5700.0,46.301970,45.83491325378418,150,150,2,,reports\ogc2026_reboot_v001\verify_active_v305_baseline_hh_py_20260629_001\solutions\direct__v304_direct\prob_27.solution.json,reports\ogc2026_reboot_v001\verify_active_v305_baseline_hh_py_20260629_001\logs\direct__v304_direct\prob_27.log,PASS objective=75028700.0 obj1=5456.0 obj2=1926 obj3=5700.0,"C:\Python314\python.exe ogc2026/batchrunner/benchmark.py --algorithm name=wrapper,version=baseline_hh_v305,path=ogc2026/baseline/baseline_hh.py --algorithm name=direct,version=v304_direct,path=ogc2026/baseline/alg_versions/reboot_v304_20260629_trackA_prob13like_subprocess_fallback_on_v298.py --problem train/prob_1.json --problem train/prob_2.json --problem train/prob_3.json --problem train/prob_4.json --problem train/prob_5.json --problem train/prob_6.json --problem train/prob_7.json --problem train/prob_8.json --problem train/prob_9.json --problem train/prob_10.json --problem train/prob_11.json --problem train/prob_12.json --problem train/prob_13.json --problem train/prob_14.json --problem train/prob_15.json --problem train/prob_16.json --problem train/prob_17.json --problem train/prob_18.json --problem train/prob_19.json --problem train/prob_20.json --problem train/prob_21.json --problem train/prob_22.json --problem train/prob_23.json --problem train/prob_24.json --problem train/prob_25.json --problem train/prob_26.json --problem train/prob_27.json --problem train/prob_28.json --problem train/prob_29.json --problem train/prob_30.json --problem train/prob_31.json --problem train/prob_32.json --problem train/prob_33.json --problem train/prob_34.json --problem train/prob_35.json --problem train/prob_36.json --problem train/prob_37.json --problem train/prob_38.json --problem train/prob_39.json --problem train/prob_40.json --timelimit 60 --run-id verify_active_v305_baseline_hh_py_20260629_001 --out-dir reports/ogc2026_reboot_v001/verify_active_v305_baseline_hh_py_20260629_001 --cumulative-csv reports/ogc2026_reboot_v001/active_publish_rechecks_v305.csv --require-fresh-cumulative"
2026-06-29T21:57:24,verify_active_v305_baseline_hh_py_20260629_001,direct,v304_direct,ogc2026\baseline\alg_versions\reboot_v304_20260629_trackA_prob13like_subprocess_fallback_on_v298.py,008da10242e4b8e8848ca8de062e97fb39a91715f2896bade164d60493d8255d,9dfaa0ac5fa3e0f16fdfb0890e11b4cb64ea59b8edee029a9c4f13a2c52538b0,hh_algorithm_loop,c65b7d3b,True,prob_28.json,60.000000,60.000000,20.000000,90.000000,true,false,true,true,true,5,18836666.0,18836666.0,18836666.0,1310.0,1012,4558.0,26.159239,25.71927523612976,150,150,3,,reports\ogc2026_reboot_v001\verify_active_v305_baseline_hh_py_20260629_001\solutions\direct__v304_direct\prob_28.solution.json,reports\ogc2026_reboot_v001\verify_active_v305_baseline_hh_py_20260629_001\logs\direct__v304_direct\prob_28.log,PASS objective=18836666.0 obj1=1310.0 obj2=1012 obj3=4558.0,"C:\Python314\python.exe ogc2026/batchrunner/benchmark.py --algorithm name=wrapper,version=baseline_hh_v305,path=ogc2026/baseline/baseline_hh.py --algorithm name=direct,version=v304_direct,path=ogc2026/baseline/alg_versions/reboot_v304_20260629_trackA_prob13like_subprocess_fallback_on_v298.py --problem train/prob_1.json --problem train/prob_2.json --problem train/prob_3.json --problem train/prob_4.json --problem train/prob_5.json --problem train/prob_6.json --problem train/prob_7.json --problem train/prob_8.json --problem train/prob_9.json --problem train/prob_10.json --problem train/prob_11.json --problem train/prob_12.json --problem train/prob_13.json --problem train/prob_14.json --problem train/prob_15.json --problem train/prob_16.json --problem train/prob_17.json --problem train/prob_18.json --problem train/prob_19.json --problem train/prob_20.json --problem train/prob_21.json --problem train/prob_22.json --problem train/prob_23.json --problem train/prob_24.json --problem train/prob_25.json --problem train/prob_26.json --problem train/prob_27.json --problem train/prob_28.json --problem train/prob_29.json --problem train/prob_30.json --problem train/prob_31.json --problem train/prob_32.json --problem train/prob_33.json --problem train/prob_34.json --problem train/prob_35.json --problem train/prob_36.json --problem train/prob_37.json --problem train/prob_38.json --problem train/prob_39.json --problem train/prob_40.json --timelimit 60 --run-id verify_active_v305_baseline_hh_py_20260629_001 --out-dir reports/ogc2026_reboot_v001/verify_active_v305_baseline_hh_py_20260629_001 --cumulative-csv reports/ogc2026_reboot_v001/active_publish_rechecks_v305.csv --require-fresh-cumulative"
2026-06-29T21:57:24,verify_active_v305_baseline_hh_py_20260629_001,direct,v304_direct,ogc2026\baseline\alg_versions\reboot_v304_20260629_trackA_prob13like_subprocess_fallback_on_v298.py,008da10242e4b8e8848ca8de062e97fb39a91715f2896bade164d60493d8255d,9dfaa0ac5fa3e0f16fdfb0890e11b4cb64ea59b8edee029a9c4f13a2c52538b0,hh_algorithm_loop,c65b7d3b,True,prob_29.json,60.000000,60.000000,20.000000,90.000000,true,false,true,true,true,5,7782572.0,7782572.0,7782572.0,446.0,3918,6081.0,31.918975,31.460581064224243,150,150,3,,reports\ogc2026_reboot_v001\verify_active_v305_baseline_hh_py_20260629_001\solutions\direct__v304_direct\prob_29.solution.json,reports\ogc2026_reboot_v001\verify_active_v305_baseline_hh_py_20260629_001\logs\direct__v304_direct\prob_29.log,PASS objective=7782572.0 obj1=446.0 obj2=3918 obj3=6081.0,"C:\Python314\python.exe ogc2026/batchrunner/benchmark.py --algorithm name=wrapper,version=baseline_hh_v305,path=ogc2026/baseline/baseline_hh.py --algorithm name=direct,version=v304_direct,path=ogc2026/baseline/alg_versions/reboot_v304_20260629_trackA_prob13like_subprocess_fallback_on_v298.py --problem train/prob_1.json --problem train/prob_2.json --problem train/prob_3.json --problem train/prob_4.json --problem train/prob_5.json --problem train/prob_6.json --problem train/prob_7.json --problem train/prob_8.json --problem train/prob_9.json --problem train/prob_10.json --problem train/prob_11.json --problem train/prob_12.json --problem train/prob_13.json --problem train/prob_14.json --problem train/prob_15.json --problem train/prob_16.json --problem train/prob_17.json --problem train/prob_18.json --problem train/prob_19.json --problem train/prob_20.json --problem train/prob_21.json --problem train/prob_22.json --problem train/prob_23.json --problem train/prob_24.json --problem train/prob_25.json --problem train/prob_26.json --problem train/prob_27.json --problem train/prob_28.json --problem train/prob_29.json --problem train/prob_30.json --problem train/prob_31.json --problem train/prob_32.json --problem train/prob_33.json --problem train/prob_34.json --problem train/prob_35.json --problem train/prob_36.json --problem train/prob_37.json --problem train/prob_38.json --problem train/prob_39.json --problem train/prob_40.json --timelimit 60 --run-id verify_active_v305_baseline_hh_py_20260629_001 --out-dir reports/ogc2026_reboot_v001/verify_active_v305_baseline_hh_py_20260629_001 --cumulative-csv reports/ogc2026_reboot_v001/active_publish_rechecks_v305.csv --require-fresh-cumulative"
2026-06-29T21:57:24,verify_active_v305_baseline_hh_py_20260629_001,direct,v304_direct,ogc2026\baseline\alg_versions\reboot_v304_20260629_trackA_prob13like_subprocess_fallback_on_v298.py,008da10242e4b8e8848ca8de062e97fb39a91715f2896bade164d60493d8255d,9dfaa0ac5fa3e0f16fdfb0890e11b4cb64ea59b8edee029a9c4f13a2c52538b0,hh_algorithm_loop,c65b7d3b,True,prob_30.json,60.000000,60.000000,20.000000,90.000000,true,false,true,true,true,5,31302610.0,31302610.0,31302610.0,2302.0,3211,2986.0,17.524174,17.042120933532715,150,150,2,,reports\ogc2026_reboot_v001\verify_active_v305_baseline_hh_py_20260629_001\solutions\direct__v304_direct\prob_30.solution.json,reports\ogc2026_reboot_v001\verify_active_v305_baseline_hh_py_20260629_001\logs\direct__v304_direct\prob_30.log,PASS objective=31302610.0 obj1=2302.0 obj2=3211 obj3=2986.0,"C:\Python314\python.exe ogc2026/batchrunner/benchmark.py --algorithm name=wrapper,version=baseline_hh_v305,path=ogc2026/baseline/baseline_hh.py --algorithm name=direct,version=v304_direct,path=ogc2026/baseline/alg_versions/reboot_v304_20260629_trackA_prob13like_subprocess_fallback_on_v298.py --problem train/prob_1.json --problem train/prob_2.json --problem train/prob_3.json --problem train/prob_4.json --problem train/prob_5.json --problem train/prob_6.json --problem train/prob_7.json --problem train/prob_8.json --problem train/prob_9.json --problem train/prob_10.json --problem train/prob_11.json --problem train/prob_12.json --problem train/prob_13.json --problem train/prob_14.json --problem train/prob_15.json --problem train/prob_16.json --problem train/prob_17.json --problem train/prob_18.json --problem train/prob_19.json --problem train/prob_20.json --problem train/prob_21.json --problem train/prob_22.json --problem train/prob_23.json --problem train/prob_24.json --problem train/prob_25.json --problem train/prob_26.json --problem train/prob_27.json --problem train/prob_28.json --problem train/prob_29.json --problem train/prob_30.json --problem train/prob_31.json --problem train/prob_32.json --problem train/prob_33.json --problem train/prob_34.json --problem train/prob_35.json --problem train/prob_36.json --problem train/prob_37.json --problem train/prob_38.json --problem train/prob_39.json --problem train/prob_40.json --timelimit 60 --run-id verify_active_v305_baseline_hh_py_20260629_001 --out-dir reports/ogc2026_reboot_v001/verify_active_v305_baseline_hh_py_20260629_001 --cumulative-csv reports/ogc2026_reboot_v001/active_publish_rechecks_v305.csv --require-fresh-cumulative"
2026-06-29T21:57:24,verify_active_v305_baseline_hh_py_20260629_001,direct,v304_direct,ogc2026\baseline\alg_versions\reboot_v304_20260629_trackA_prob13like_subprocess_fallback_on_v298.py,008da10242e4b8e8848ca8de062e97fb39a91715f2896bade164d60493d8255d,9dfaa0ac5fa3e0f16fdfb0890e11b4cb64ea59b8edee029a9c4f13a2c52538b0,hh_algorithm_loop,c65b7d3b,True,prob_31.json,60.000000,60.000000,20.000000,90.000000,true,false,true,true,true,5,39589844.0,39589844.0,39589844.0,2735.0,1843,11680.0,53.870120,53.41440677642822,200,200,4,,reports\ogc2026_reboot_v001\verify_active_v305_baseline_hh_py_20260629_001\solutions\direct__v304_direct\prob_31.solution.json,reports\ogc2026_reboot_v001\verify_active_v305_baseline_hh_py_20260629_001\logs\direct__v304_direct\prob_31.log,PASS objective=39589844.0 obj1=2735.0 obj2=1843 obj3=11680.0,"C:\Python314\python.exe ogc2026/batchrunner/benchmark.py --algorithm name=wrapper,version=baseline_hh_v305,path=ogc2026/baseline/baseline_hh.py --algorithm name=direct,version=v304_direct,path=ogc2026/baseline/alg_versions/reboot_v304_20260629_trackA_prob13like_subprocess_fallback_on_v298.py --problem train/prob_1.json --problem train/prob_2.json --problem train/prob_3.json --problem train/prob_4.json --problem train/prob_5.json --problem train/prob_6.json --problem train/prob_7.json --problem train/prob_8.json --problem train/prob_9.json --problem train/prob_10.json --problem train/prob_11.json --problem train/prob_12.json --problem train/prob_13.json --problem train/prob_14.json --problem train/prob_15.json --problem train/prob_16.json --problem train/prob_17.json --problem train/prob_18.json --problem train/prob_19.json --problem train/prob_20.json --problem train/prob_21.json --problem train/prob_22.json --problem train/prob_23.json --problem train/prob_24.json --problem train/prob_25.json --problem train/prob_26.json --problem train/prob_27.json --problem train/prob_28.json --problem train/prob_29.json --problem train/prob_30.json --problem train/prob_31.json --problem train/prob_32.json --problem train/prob_33.json --problem train/prob_34.json --problem train/prob_35.json --problem train/prob_36.json --problem train/prob_37.json --problem train/prob_38.json --problem train/prob_39.json --problem train/prob_40.json --timelimit 60 --run-id verify_active_v305_baseline_hh_py_20260629_001 --out-dir reports/ogc2026_reboot_v001/verify_active_v305_baseline_hh_py_20260629_001 --cumulative-csv reports/ogc2026_reboot_v001/active_publish_rechecks_v305.csv --require-fresh-cumulative"
2026-06-29T21:57:24,verify_active_v305_baseline_hh_py_20260629_001,direct,v304_direct,ogc2026\baseline\alg_versions\reboot_v304_20260629_trackA_prob13like_subprocess_fallback_on_v298.py,008da10242e4b8e8848ca8de062e97fb39a91715f2896bade164d60493d8255d,9dfaa0ac5fa3e0f16fdfb0890e11b4cb64ea59b8edee029a9c4f13a2c52538b0,hh_algorithm_loop,c65b7d3b,True,prob_32.json,60.000000,60.000000,20.000000,90.000000,true,false,true,true,true,5,12781706.0,12781706.0,12781706.0,2992.0,2434,4662.0,49.738595,49.27514863014221,200,200,3,,reports\ogc2026_reboot_v001\verify_active_v305_baseline_hh_py_20260629_001\solutions\direct__v304_direct\prob_32.solution.json,reports\ogc2026_reboot_v001\verify_active_v305_baseline_hh_py_20260629_001\logs\direct__v304_direct\prob_32.log,PASS objective=12781706.0 obj1=2992.0 obj2=2434 obj3=4662.0,"C:\Python314\python.exe ogc2026/batchrunner/benchmark.py --algorithm name=wrapper,version=baseline_hh_v305,path=ogc2026/baseline/baseline_hh.py --algorithm name=direct,version=v304_direct,path=ogc2026/baseline/alg_versions/reboot_v304_20260629_trackA_prob13like_subprocess_fallback_on_v298.py --problem train/prob_1.json --problem train/prob_2.json --problem train/prob_3.json --problem train/prob_4.json --problem train/prob_5.json --problem train/prob_6.json --problem train/prob_7.json --problem train/prob_8.json --problem train/prob_9.json --problem train/prob_10.json --problem train/prob_11.json --problem train/prob_12.json --problem train/prob_13.json --problem train/prob_14.json --problem train/prob_15.json --problem train/prob_16.json --problem train/prob_17.json --problem train/prob_18.json --problem train/prob_19.json --problem train/prob_20.json --problem train/prob_21.json --problem train/prob_22.json --problem train/prob_23.json --problem train/prob_24.json --problem train/prob_25.json --problem train/prob_26.json --problem train/prob_27.json --problem train/prob_28.json --problem train/prob_29.json --problem train/prob_30.json --problem train/prob_31.json --problem train/prob_32.json --problem train/prob_33.json --problem train/prob_34.json --problem train/prob_35.json --problem train/prob_36.json --problem train/prob_37.json --problem train/prob_38.json --problem train/prob_39.json --problem train/prob_40.json --timelimit 60 --run-id verify_active_v305_baseline_hh_py_20260629_001 --out-dir reports/ogc2026_reboot_v001/verify_active_v305_baseline_hh_py_20260629_001 --cumulative-csv reports/ogc2026_reboot_v001/active_publish_rechecks_v305.csv --require-fresh-cumulative"
2026-06-29T21:57:24,verify_active_v305_baseline_hh_py_20260629_001,direct,v304_direct,ogc2026\baseline\alg_versions\reboot_v304_20260629_trackA_prob13like_subprocess_fallback_on_v298.py,008da10242e4b8e8848ca8de062e97fb39a91715f2896bade164d60493d8255d,9dfaa0ac5fa3e0f16fdfb0890e11b4cb64ea59b8edee029a9c4f13a2c52538b0,hh_algorithm_loop,c65b7d3b,True,prob_33.json,60.000000,60.000000,20.000000,90.000000,true,false,true,true,true,5,26172225.0,26172225.0,26172225.0,3805.0,1094,5289.0,39.310479,38.852845430374146,200,200,3,,reports\ogc2026_reboot_v001\verify_active_v305_baseline_hh_py_20260629_001\solutions\direct__v304_direct\prob_33.solution.json,reports\ogc2026_reboot_v001\verify_active_v305_baseline_hh_py_20260629_001\logs\direct__v304_direct\prob_33.log,PASS objective=26172225.0 obj1=3805.0 obj2=1094 obj3=5289.0,"C:\Python314\python.exe ogc2026/batchrunner/benchmark.py --algorithm name=wrapper,version=baseline_hh_v305,path=ogc2026/baseline/baseline_hh.py --algorithm name=direct,version=v304_direct,path=ogc2026/baseline/alg_versions/reboot_v304_20260629_trackA_prob13like_subprocess_fallback_on_v298.py --problem train/prob_1.json --problem train/prob_2.json --problem train/prob_3.json --problem train/prob_4.json --problem train/prob_5.json --problem train/prob_6.json --problem train/prob_7.json --problem train/prob_8.json --problem train/prob_9.json --problem train/prob_10.json --problem train/prob_11.json --problem train/prob_12.json --problem train/prob_13.json --problem train/prob_14.json --problem train/prob_15.json --problem train/prob_16.json --problem train/prob_17.json --problem train/prob_18.json --problem train/prob_19.json --problem train/prob_20.json --problem train/prob_21.json --problem train/prob_22.json --problem train/prob_23.json --problem train/prob_24.json --problem train/prob_25.json --problem train/prob_26.json --problem train/prob_27.json --problem train/prob_28.json --problem train/prob_29.json --problem train/prob_30.json --problem train/prob_31.json --problem train/prob_32.json --problem train/prob_33.json --problem train/prob_34.json --problem train/prob_35.json --problem train/prob_36.json --problem train/prob_37.json --problem train/prob_38.json --problem train/prob_39.json --problem train/prob_40.json --timelimit 60 --run-id verify_active_v305_baseline_hh_py_20260629_001 --out-dir reports/ogc2026_reboot_v001/verify_active_v305_baseline_hh_py_20260629_001 --cumulative-csv reports/ogc2026_reboot_v001/active_publish_rechecks_v305.csv --require-fresh-cumulative"
2026-06-29T21:57:24,verify_active_v305_baseline_hh_py_20260629_001,direct,v304_direct,ogc2026\baseline\alg_versions\reboot_v304_20260629_trackA_prob13like_subprocess_fallback_on_v298.py,008da10242e4b8e8848ca8de062e97fb39a91715f2896bade164d60493d8255d,9dfaa0ac5fa3e0f16fdfb0890e11b4cb64ea59b8edee029a9c4f13a2c52538b0,hh_algorithm_loop,c65b7d3b,True,prob_34.json,60.000000,60.000000,20.000000,90.000000,true,false,true,true,true,5,8002714.0,8002714.0,8002714.0,1595.0,2702,5005.0,29.089310,28.354990243911743,200,200,4,,reports\ogc2026_reboot_v001\verify_active_v305_baseline_hh_py_20260629_001\solutions\direct__v304_direct\prob_34.solution.json,reports\ogc2026_reboot_v001\verify_active_v305_baseline_hh_py_20260629_001\logs\direct__v304_direct\prob_34.log,PASS objective=8002714.0 obj1=1595.0 obj2=2702 obj3=5005.0,"C:\Python314\python.exe ogc2026/batchrunner/benchmark.py --algorithm name=wrapper,version=baseline_hh_v305,path=ogc2026/baseline/baseline_hh.py --algorithm name=direct,version=v304_direct,path=ogc2026/baseline/alg_versions/reboot_v304_20260629_trackA_prob13like_subprocess_fallback_on_v298.py --problem train/prob_1.json --problem train/prob_2.json --problem train/prob_3.json --problem train/prob_4.json --problem train/prob_5.json --problem train/prob_6.json --problem train/prob_7.json --problem train/prob_8.json --problem train/prob_9.json --problem train/prob_10.json --problem train/prob_11.json --problem train/prob_12.json --problem train/prob_13.json --problem train/prob_14.json --problem train/prob_15.json --problem train/prob_16.json --problem train/prob_17.json --problem train/prob_18.json --problem train/prob_19.json --problem train/prob_20.json --problem train/prob_21.json --problem train/prob_22.json --problem train/prob_23.json --problem train/prob_24.json --problem train/prob_25.json --problem train/prob_26.json --problem train/prob_27.json --problem train/prob_28.json --problem train/prob_29.json --problem train/prob_30.json --problem train/prob_31.json --problem train/prob_32.json --problem train/prob_33.json --problem train/prob_34.json --problem train/prob_35.json --problem train/prob_36.json --problem train/prob_37.json --problem train/prob_38.json --problem train/prob_39.json --problem train/prob_40.json --timelimit 60 --run-id verify_active_v305_baseline_hh_py_20260629_001 --out-dir reports/ogc2026_reboot_v001/verify_active_v305_baseline_hh_py_20260629_001 --cumulative-csv reports/ogc2026_reboot_v001/active_publish_rechecks_v305.csv --require-fresh-cumulative"
2026-06-29T21:57:24,verify_active_v305_baseline_hh_py_20260629_001,direct,v304_direct,ogc2026\baseline\alg_versions\reboot_v304_20260629_trackA_prob13like_subprocess_fallback_on_v298.py,008da10242e4b8e8848ca8de062e97fb39a91715f2896bade164d60493d8255d,9dfaa0ac5fa3e0f16fdfb0890e11b4cb64ea59b8edee029a9c4f13a2c52538b0,hh_algorithm_loop,c65b7d3b,True,prob_35.json,60.000000,60.000000,20.000000,90.000000,true,false,true,true,true,5,22037108.0,22037108.0,22037108.0,1591.0,8081,5226.0,36.434788,35.980573892593384,200,200,3,,reports\ogc2026_reboot_v001\verify_active_v305_baseline_hh_py_20260629_001\solutions\direct__v304_direct\prob_35.solution.json,reports\ogc2026_reboot_v001\verify_active_v305_baseline_hh_py_20260629_001\logs\direct__v304_direct\prob_35.log,PASS objective=22037108.0 obj1=1591.0 obj2=8081 obj3=5226.0,"C:\Python314\python.exe ogc2026/batchrunner/benchmark.py --algorithm name=wrapper,version=baseline_hh_v305,path=ogc2026/baseline/baseline_hh.py --algorithm name=direct,version=v304_direct,path=ogc2026/baseline/alg_versions/reboot_v304_20260629_trackA_prob13like_subprocess_fallback_on_v298.py --problem train/prob_1.json --problem train/prob_2.json --problem train/prob_3.json --problem train/prob_4.json --problem train/prob_5.json --problem train/prob_6.json --problem train/prob_7.json --problem train/prob_8.json --problem train/prob_9.json --problem train/prob_10.json --problem train/prob_11.json --problem train/prob_12.json --problem train/prob_13.json --problem train/prob_14.json --problem train/prob_15.json --problem train/prob_16.json --problem train/prob_17.json --problem train/prob_18.json --problem train/prob_19.json --problem train/prob_20.json --problem train/prob_21.json --problem train/prob_22.json --problem train/prob_23.json --problem train/prob_24.json --problem train/prob_25.json --problem train/prob_26.json --problem train/prob_27.json --problem train/prob_28.json --problem train/prob_29.json --problem train/prob_30.json --problem train/prob_31.json --problem train/prob_32.json --problem train/prob_33.json --problem train/prob_34.json --problem train/prob_35.json --problem train/prob_36.json --problem train/prob_37.json --problem train/prob_38.json --problem train/prob_39.json --problem train/prob_40.json --timelimit 60 --run-id verify_active_v305_baseline_hh_py_20260629_001 --out-dir reports/ogc2026_reboot_v001/verify_active_v305_baseline_hh_py_20260629_001 --cumulative-csv reports/ogc2026_reboot_v001/active_publish_rechecks_v305.csv --require-fresh-cumulative"
2026-06-29T21:57:24,verify_active_v305_baseline_hh_py_20260629_001,direct,v304_direct,ogc2026\baseline\alg_versions\reboot_v304_20260629_trackA_prob13like_subprocess_fallback_on_v298.py,008da10242e4b8e8848ca8de062e97fb39a91715f2896bade164d60493d8255d,9dfaa0ac5fa3e0f16fdfb0890e11b4cb64ea59b8edee029a9c4f13a2c52538b0,hh_algorithm_loop,c65b7d3b,True,prob_36.json,60.000000,60.000000,20.000000,90.000000,true,false,true,true,true,5,1499988.0,1499988.0,1499988.0,2010.0,1381,12149.0,49.847756,49.398216247558594,250,250,4,,reports\ogc2026_reboot_v001\verify_active_v305_baseline_hh_py_20260629_001\solutions\direct__v304_direct\prob_36.solution.json,reports\ogc2026_reboot_v001\verify_active_v305_baseline_hh_py_20260629_001\logs\direct__v304_direct\prob_36.log,PASS objective=1499988.0 obj1=2010.0 obj2=1381 obj3=12149.0,"C:\Python314\python.exe ogc2026/batchrunner/benchmark.py --algorithm name=wrapper,version=baseline_hh_v305,path=ogc2026/baseline/baseline_hh.py --algorithm name=direct,version=v304_direct,path=ogc2026/baseline/alg_versions/reboot_v304_20260629_trackA_prob13like_subprocess_fallback_on_v298.py --problem train/prob_1.json --problem train/prob_2.json --problem train/prob_3.json --problem train/prob_4.json --problem train/prob_5.json --problem train/prob_6.json --problem train/prob_7.json --problem train/prob_8.json --problem train/prob_9.json --problem train/prob_10.json --problem train/prob_11.json --problem train/prob_12.json --problem train/prob_13.json --problem train/prob_14.json --problem train/prob_15.json --problem train/prob_16.json --problem train/prob_17.json --problem train/prob_18.json --problem train/prob_19.json --problem train/prob_20.json --problem train/prob_21.json --problem train/prob_22.json --problem train/prob_23.json --problem train/prob_24.json --problem train/prob_25.json --problem train/prob_26.json --problem train/prob_27.json --problem train/prob_28.json --problem train/prob_29.json --problem train/prob_30.json --problem train/prob_31.json --problem train/prob_32.json --problem train/prob_33.json --problem train/prob_34.json --problem train/prob_35.json --problem train/prob_36.json --problem train/prob_37.json --problem train/prob_38.json --problem train/prob_39.json --problem train/prob_40.json --timelimit 60 --run-id verify_active_v305_baseline_hh_py_20260629_001 --out-dir reports/ogc2026_reboot_v001/verify_active_v305_baseline_hh_py_20260629_001 --cumulative-csv reports/ogc2026_reboot_v001/active_publish_rechecks_v305.csv --require-fresh-cumulative"
2026-06-29T21:57:24,verify_active_v305_baseline_hh_py_20260629_001,direct,v304_direct,ogc2026\baseline\alg_versions\reboot_v304_20260629_trackA_prob13like_subprocess_fallback_on_v298.py,008da10242e4b8e8848ca8de062e97fb39a91715f2896bade164d60493d8255d,9dfaa0ac5fa3e0f16fdfb0890e11b4cb64ea59b8edee029a9c4f13a2c52538b0,hh_algorithm_loop,c65b7d3b,True,prob_37.json,60.000000,60.000000,20.000000,90.000000,true,false,true,true,true,5,17644653.0,17644653.0,17644653.0,3961.0,3660,7380.0,52.952217,52.4705708026886,250,250,3,,reports\ogc2026_reboot_v001\verify_active_v305_baseline_hh_py_20260629_001\solutions\direct__v304_direct\prob_37.solution.json,reports\ogc2026_reboot_v001\verify_active_v305_baseline_hh_py_20260629_001\logs\direct__v304_direct\prob_37.log,PASS objective=17644653.0 obj1=3961.0 obj2=3660 obj3=7380.0,"C:\Python314\python.exe ogc2026/batchrunner/benchmark.py --algorithm name=wrapper,version=baseline_hh_v305,path=ogc2026/baseline/baseline_hh.py --algorithm name=direct,version=v304_direct,path=ogc2026/baseline/alg_versions/reboot_v304_20260629_trackA_prob13like_subprocess_fallback_on_v298.py --problem train/prob_1.json --problem train/prob_2.json --problem train/prob_3.json --problem train/prob_4.json --problem train/prob_5.json --problem train/prob_6.json --problem train/prob_7.json --problem train/prob_8.json --problem train/prob_9.json --problem train/prob_10.json --problem train/prob_11.json --problem train/prob_12.json --problem train/prob_13.json --problem train/prob_14.json --problem train/prob_15.json --problem train/prob_16.json --problem train/prob_17.json --problem train/prob_18.json --problem train/prob_19.json --problem train/prob_20.json --problem train/prob_21.json --problem train/prob_22.json --problem train/prob_23.json --problem train/prob_24.json --problem train/prob_25.json --problem train/prob_26.json --problem train/prob_27.json --problem train/prob_28.json --problem train/prob_29.json --problem train/prob_30.json --problem train/prob_31.json --problem train/prob_32.json --problem train/prob_33.json --problem train/prob_34.json --problem train/prob_35.json --problem train/prob_36.json --problem train/prob_37.json --problem train/prob_38.json --problem train/prob_39.json --problem train/prob_40.json --timelimit 60 --run-id verify_active_v305_baseline_hh_py_20260629_001 --out-dir reports/ogc2026_reboot_v001/verify_active_v305_baseline_hh_py_20260629_001 --cumulative-csv reports/ogc2026_reboot_v001/active_publish_rechecks_v305.csv --require-fresh-cumulative"
2026-06-29T21:57:24,verify_active_v305_baseline_hh_py_20260629_001,direct,v304_direct,ogc2026\baseline\alg_versions\reboot_v304_20260629_trackA_prob13like_subprocess_fallback_on_v298.py,008da10242e4b8e8848ca8de062e97fb39a91715f2896bade164d60493d8255d,9dfaa0ac5fa3e0f16fdfb0890e11b4cb64ea59b8edee029a9c4f13a2c52538b0,hh_algorithm_loop,c65b7d3b,True,prob_38.json,60.000000,60.000000,20.000000,90.000000,true,false,true,true,true,5,151254848.0,151254848.0,151254848.0,11120.0,3894,9947.0,56.908957,56.18486666679382,250,250,3,,reports\ogc2026_reboot_v001\verify_active_v305_baseline_hh_py_20260629_001\solutions\direct__v304_direct\prob_38.solution.json,reports\ogc2026_reboot_v001\verify_active_v305_baseline_hh_py_20260629_001\logs\direct__v304_direct\prob_38.log,PASS objective=151254848.0 obj1=11120.0 obj2=3894 obj3=9947.0,"C:\Python314\python.exe ogc2026/batchrunner/benchmark.py --algorithm name=wrapper,version=baseline_hh_v305,path=ogc2026/baseline/baseline_hh.py --algorithm name=direct,version=v304_direct,path=ogc2026/baseline/alg_versions/reboot_v304_20260629_trackA_prob13like_subprocess_fallback_on_v298.py --problem train/prob_1.json --problem train/prob_2.json --problem train/prob_3.json --problem train/prob_4.json --problem train/prob_5.json --problem train/prob_6.json --problem train/prob_7.json --problem train/prob_8.json --problem train/prob_9.json --problem train/prob_10.json --problem train/prob_11.json --problem train/prob_12.json --problem train/prob_13.json --problem train/prob_14.json --problem train/prob_15.json --problem train/prob_16.json --problem train/prob_17.json --problem train/prob_18.json --problem train/prob_19.json --problem train/prob_20.json --problem train/prob_21.json --problem train/prob_22.json --problem train/prob_23.json --problem train/prob_24.json --problem train/prob_25.json --problem train/prob_26.json --problem train/prob_27.json --problem train/prob_28.json --problem train/prob_29.json --problem train/prob_30.json --problem train/prob_31.json --problem train/prob_32.json --problem train/prob_33.json --problem train/prob_34.json --problem train/prob_35.json --problem train/prob_36.json --problem train/prob_37.json --problem train/prob_38.json --problem train/prob_39.json --problem train/prob_40.json --timelimit 60 --run-id verify_active_v305_baseline_hh_py_20260629_001 --out-dir reports/ogc2026_reboot_v001/verify_active_v305_baseline_hh_py_20260629_001 --cumulative-csv reports/ogc2026_reboot_v001/active_publish_rechecks_v305.csv --require-fresh-cumulative"
2026-06-29T21:57:24,verify_active_v305_baseline_hh_py_20260629_001,direct,v304_direct,ogc2026\baseline\alg_versions\reboot_v304_20260629_trackA_prob13like_subprocess_fallback_on_v298.py,008da10242e4b8e8848ca8de062e97fb39a91715f2896bade164d60493d8255d,9dfaa0ac5fa3e0f16fdfb0890e11b4cb64ea59b8edee029a9c4f13a2c52538b0,hh_algorithm_loop,c65b7d3b,True,prob_39.json,60.000000,60.000000,20.000000,90.000000,true,false,true,true,true,5,48160369.0,48160369.0,48160369.0,3521.0,194,8094.0,57.416687,56.94448399543762,250,250,3,,reports\ogc2026_reboot_v001\verify_active_v305_baseline_hh_py_20260629_001\solutions\direct__v304_direct\prob_39.solution.json,reports\ogc2026_reboot_v001\verify_active_v305_baseline_hh_py_20260629_001\logs\direct__v304_direct\prob_39.log,PASS objective=48160369.0 obj1=3521.0 obj2=194 obj3=8094.0,"C:\Python314\python.exe ogc2026/batchrunner/benchmark.py --algorithm name=wrapper,version=baseline_hh_v305,path=ogc2026/baseline/baseline_hh.py --algorithm name=direct,version=v304_direct,path=ogc2026/baseline/alg_versions/reboot_v304_20260629_trackA_prob13like_subprocess_fallback_on_v298.py --problem train/prob_1.json --problem train/prob_2.json --problem train/prob_3.json --problem train/prob_4.json --problem train/prob_5.json --problem train/prob_6.json --problem train/prob_7.json --problem train/prob_8.json --problem train/prob_9.json --problem train/prob_10.json --problem train/prob_11.json --problem train/prob_12.json --problem train/prob_13.json --problem train/prob_14.json --problem train/prob_15.json --problem train/prob_16.json --problem train/prob_17.json --problem train/prob_18.json --problem train/prob_19.json --problem train/prob_20.json --problem train/prob_21.json --problem train/prob_22.json --problem train/prob_23.json --problem train/prob_24.json --problem train/prob_25.json --problem train/prob_26.json --problem train/prob_27.json --problem train/prob_28.json --problem train/prob_29.json --problem train/prob_30.json --problem train/prob_31.json --problem train/prob_32.json --problem train/prob_33.json --problem train/prob_34.json --problem train/prob_35.json --problem train/prob_36.json --problem train/prob_37.json --problem train/prob_38.json --problem train/prob_39.json --problem train/prob_40.json --timelimit 60 --run-id verify_active_v305_baseline_hh_py_20260629_001 --out-dir reports/ogc2026_reboot_v001/verify_active_v305_baseline_hh_py_20260629_001 --cumulative-csv reports/ogc2026_reboot_v001/active_publish_rechecks_v305.csv --require-fresh-cumulative"
2026-06-29T21:57:24,verify_active_v305_baseline_hh_py_20260629_001,direct,v304_direct,ogc2026\baseline\alg_versions\reboot_v304_20260629_trackA_prob13like_subprocess_fallback_on_v298.py,008da10242e4b8e8848ca8de062e97fb39a91715f2896bade164d60493d8255d,9dfaa0ac5fa3e0f16fdfb0890e11b4cb64ea59b8edee029a9c4f13a2c52538b0,hh_algorithm_loop,c65b7d3b,True,prob_40.json,60.000000,60.000000,20.000000,90.000000,true,false,true,true,true,5,5780789.0,5780789.0,5780789.0,8429.0,4947,11823.0,56.374850,55.91043567657471,250,250,4,,reports\ogc2026_reboot_v001\verify_active_v305_baseline_hh_py_20260629_001\solutions\direct__v304_direct\prob_40.solution.json,reports\ogc2026_reboot_v001\verify_active_v305_baseline_hh_py_20260629_001\logs\direct__v304_direct\prob_40.log,PASS objective=5780789.0 obj1=8429.0 obj2=4947 obj3=11823.0,"C:\Python314\python.exe ogc2026/batchrunner/benchmark.py --algorithm name=wrapper,version=baseline_hh_v305,path=ogc2026/baseline/baseline_hh.py --algorithm name=direct,version=v304_direct,path=ogc2026/baseline/alg_versions/reboot_v304_20260629_trackA_prob13like_subprocess_fallback_on_v298.py --problem train/prob_1.json --problem train/prob_2.json --problem train/prob_3.json --problem train/prob_4.json --problem train/prob_5.json --problem train/prob_6.json --problem train/prob_7.json --problem train/prob_8.json --problem train/prob_9.json --problem train/prob_10.json --problem train/prob_11.json --problem train/prob_12.json --problem train/prob_13.json --problem train/prob_14.json --problem train/prob_15.json --problem train/prob_16.json --problem train/prob_17.json --problem train/prob_18.json --problem train/prob_19.json --problem train/prob_20.json --problem train/prob_21.json --problem train/prob_22.json --problem train/prob_23.json --problem train/prob_24.json --problem train/prob_25.json --problem train/prob_26.json --problem train/prob_27.json --problem train/prob_28.json --problem train/prob_29.json --problem train/prob_30.json --problem train/prob_31.json --problem train/prob_32.json --problem train/prob_33.json --problem train/prob_34.json --problem train/prob_35.json --problem train/prob_36.json --problem train/prob_37.json --problem train/prob_38.json --problem train/prob_39.json --problem train/prob_40.json --timelimit 60 --run-id verify_active_v305_baseline_hh_py_20260629_001 --out-dir reports/ogc2026_reboot_v001/verify_active_v305_baseline_hh_py_20260629_001 --cumulative-csv reports/ogc2026_reboot_v001/active_publish_rechecks_v305.csv --require-fresh-cumulative"
