timestamp,run_id,algorithm_name,algorithm_version,algorithm_path,algorithm_sha256,checker_sha256,git_branch,git_head,git_dirty,instance_name,requested_timelimit,official_limit,timeout_grace,watchdog_timeout_sec,checker_feasible,timed_out,valid_under_time_limit,accepted_for_score,feasible,stage,objective,score,cost,obj1,obj2,obj3,runtime_sec,runner_elapsed_sec,assigned_blocks,total_blocks,total_bays,error_message,solution_file,log_file,tester_summary,benchmark_command
2026-06-29T21:12:34,full_compare_v304_vs_v298_train40_20260629_001,hh_active,v298_direct_full,ogc2026\baseline\alg_versions\reboot_v298_20260629_trackA_prob11_rescue_with_familyB_tail_freeze_on_v290.py,653a22733fa06d48ca9620ea9200f9767c1f55700d6bd4ae079d8a49f827fa35,9dfaa0ac5fa3e0f16fdfb0890e11b4cb64ea59b8edee029a9c4f13a2c52538b0,hh_algorithm_loop,c65b7d3b,True,prob_1.json,60.000000,60.000000,20.000000,90.000000,true,false,true,true,true,5,606628.0,606628.0,606628.0,8.0,1700,1810.0,22.524436,22.377131700515747,100,100,2,,reports\ogc2026_reboot_v001\full_compare_v304_vs_v298_train40_20260629_001\solutions\hh_active__v298_direct_full\prob_1.solution.json,reports\ogc2026_reboot_v001\full_compare_v304_vs_v298_train40_20260629_001\logs\hh_active__v298_direct_full\prob_1.log,PASS objective=606628.0 obj1=8.0 obj2=1700 obj3=1810.0,"C:\Python314\python.exe ogc2026/batchrunner/benchmark.py --algorithm name=hh_active,version=v298_direct_full,path=ogc2026/baseline/alg_versions/reboot_v298_20260629_trackA_prob11_rescue_with_familyB_tail_freeze_on_v290.py --algorithm name=hh,version=v304_full,path=ogc2026/baseline/alg_versions/reboot_v304_20260629_trackA_prob13like_subprocess_fallback_on_v298.py --problem train/prob_1.json --problem train/prob_2.json --problem train/prob_3.json --problem train/prob_4.json --problem train/prob_5.json --problem train/prob_6.json --problem train/prob_7.json --problem train/prob_8.json --problem train/prob_9.json --problem train/prob_10.json --problem train/prob_11.json --problem train/prob_12.json --problem train/prob_13.json --problem train/prob_14.json --problem train/prob_15.json --problem train/prob_16.json --problem train/prob_17.json --problem train/prob_18.json --problem train/prob_19.json --problem train/prob_20.json --problem train/prob_21.json --problem train/prob_22.json --problem train/prob_23.json --problem train/prob_24.json --problem train/prob_25.json --problem train/prob_26.json --problem train/prob_27.json --problem train/prob_28.json --problem train/prob_29.json --problem train/prob_30.json --problem train/prob_31.json --problem train/prob_32.json --problem train/prob_33.json --problem train/prob_34.json --problem train/prob_35.json --problem train/prob_36.json --problem train/prob_37.json --problem train/prob_38.json --problem train/prob_39.json --problem train/prob_40.json --timelimit 60 --run-id full_compare_v304_vs_v298_train40_20260629_001 --out-dir reports/ogc2026_reboot_v001/full_compare_v304_vs_v298_train40_20260629_001 --cumulative-csv reports/ogc2026_reboot_v001/benchmark_results_reboot_v304_full_compare.csv --require-fresh-cumulative"
2026-06-29T21:12:34,full_compare_v304_vs_v298_train40_20260629_001,hh_active,v298_direct_full,ogc2026\baseline\alg_versions\reboot_v298_20260629_trackA_prob11_rescue_with_familyB_tail_freeze_on_v290.py,653a22733fa06d48ca9620ea9200f9767c1f55700d6bd4ae079d8a49f827fa35,9dfaa0ac5fa3e0f16fdfb0890e11b4cb64ea59b8edee029a9c4f13a2c52538b0,hh_algorithm_loop,c65b7d3b,True,prob_2.json,60.000000,60.000000,20.000000,90.000000,true,false,true,true,true,5,51940.0,51940.0,51940.0,0.0,814,292.0,15.633270,15.500476837158203,100,100,3,,reports\ogc2026_reboot_v001\full_compare_v304_vs_v298_train40_20260629_001\solutions\hh_active__v298_direct_full\prob_2.solution.json,reports\ogc2026_reboot_v001\full_compare_v304_vs_v298_train40_20260629_001\logs\hh_active__v298_direct_full\prob_2.log,PASS objective=51940.0 obj1=0.0 obj2=814 obj3=292.0,"C:\Python314\python.exe ogc2026/batchrunner/benchmark.py --algorithm name=hh_active,version=v298_direct_full,path=ogc2026/baseline/alg_versions/reboot_v298_20260629_trackA_prob11_rescue_with_familyB_tail_freeze_on_v290.py --algorithm name=hh,version=v304_full,path=ogc2026/baseline/alg_versions/reboot_v304_20260629_trackA_prob13like_subprocess_fallback_on_v298.py --problem train/prob_1.json --problem train/prob_2.json --problem train/prob_3.json --problem train/prob_4.json --problem train/prob_5.json --problem train/prob_6.json --problem train/prob_7.json --problem train/prob_8.json --problem train/prob_9.json --problem train/prob_10.json --problem train/prob_11.json --problem train/prob_12.json --problem train/prob_13.json --problem train/prob_14.json --problem train/prob_15.json --problem train/prob_16.json --problem train/prob_17.json --problem train/prob_18.json --problem train/prob_19.json --problem train/prob_20.json --problem train/prob_21.json --problem train/prob_22.json --problem train/prob_23.json --problem train/prob_24.json --problem train/prob_25.json --problem train/prob_26.json --problem train/prob_27.json --problem train/prob_28.json --problem train/prob_29.json --problem train/prob_30.json --problem train/prob_31.json --problem train/prob_32.json --problem train/prob_33.json --problem train/prob_34.json --problem train/prob_35.json --problem train/prob_36.json --problem train/prob_37.json --problem train/prob_38.json --problem train/prob_39.json --problem train/prob_40.json --timelimit 60 --run-id full_compare_v304_vs_v298_train40_20260629_001 --out-dir reports/ogc2026_reboot_v001/full_compare_v304_vs_v298_train40_20260629_001 --cumulative-csv reports/ogc2026_reboot_v001/benchmark_results_reboot_v304_full_compare.csv --require-fresh-cumulative"
2026-06-29T21:12:34,full_compare_v304_vs_v298_train40_20260629_001,hh_active,v298_direct_full,ogc2026\baseline\alg_versions\reboot_v298_20260629_trackA_prob11_rescue_with_familyB_tail_freeze_on_v290.py,653a22733fa06d48ca9620ea9200f9767c1f55700d6bd4ae079d8a49f827fa35,9dfaa0ac5fa3e0f16fdfb0890e11b4cb64ea59b8edee029a9c4f13a2c52538b0,hh_algorithm_loop,c65b7d3b,True,prob_3.json,60.000000,60.000000,20.000000,90.000000,true,false,true,true,true,5,156780.0,156780.0,156780.0,0.0,1998,912.0,13.855117,13.721784353256226,100,100,3,,reports\ogc2026_reboot_v001\full_compare_v304_vs_v298_train40_20260629_001\solutions\hh_active__v298_direct_full\prob_3.solution.json,reports\ogc2026_reboot_v001\full_compare_v304_vs_v298_train40_20260629_001\logs\hh_active__v298_direct_full\prob_3.log,PASS objective=156780.0 obj1=0.0 obj2=1998 obj3=912.0,"C:\Python314\python.exe ogc2026/batchrunner/benchmark.py --algorithm name=hh_active,version=v298_direct_full,path=ogc2026/baseline/alg_versions/reboot_v298_20260629_trackA_prob11_rescue_with_familyB_tail_freeze_on_v290.py --algorithm name=hh,version=v304_full,path=ogc2026/baseline/alg_versions/reboot_v304_20260629_trackA_prob13like_subprocess_fallback_on_v298.py --problem train/prob_1.json --problem train/prob_2.json --problem train/prob_3.json --problem train/prob_4.json --problem train/prob_5.json --problem train/prob_6.json --problem train/prob_7.json --problem train/prob_8.json --problem train/prob_9.json --problem train/prob_10.json --problem train/prob_11.json --problem train/prob_12.json --problem train/prob_13.json --problem train/prob_14.json --problem train/prob_15.json --problem train/prob_16.json --problem train/prob_17.json --problem train/prob_18.json --problem train/prob_19.json --problem train/prob_20.json --problem train/prob_21.json --problem train/prob_22.json --problem train/prob_23.json --problem train/prob_24.json --problem train/prob_25.json --problem train/prob_26.json --problem train/prob_27.json --problem train/prob_28.json --problem train/prob_29.json --problem train/prob_30.json --problem train/prob_31.json --problem train/prob_32.json --problem train/prob_33.json --problem train/prob_34.json --problem train/prob_35.json --problem train/prob_36.json --problem train/prob_37.json --problem train/prob_38.json --problem train/prob_39.json --problem train/prob_40.json --timelimit 60 --run-id full_compare_v304_vs_v298_train40_20260629_001 --out-dir reports/ogc2026_reboot_v001/full_compare_v304_vs_v298_train40_20260629_001 --cumulative-csv reports/ogc2026_reboot_v001/benchmark_results_reboot_v304_full_compare.csv --require-fresh-cumulative"
2026-06-29T21:12:34,full_compare_v304_vs_v298_train40_20260629_001,hh_active,v298_direct_full,ogc2026\baseline\alg_versions\reboot_v298_20260629_trackA_prob11_rescue_with_familyB_tail_freeze_on_v290.py,653a22733fa06d48ca9620ea9200f9767c1f55700d6bd4ae079d8a49f827fa35,9dfaa0ac5fa3e0f16fdfb0890e11b4cb64ea59b8edee029a9c4f13a2c52538b0,hh_algorithm_loop,c65b7d3b,True,prob_4.json,60.000000,60.000000,20.000000,90.000000,true,false,true,true,true,5,331591.0,331591.0,331591.0,6.0,1669,942.0,17.144120,17.010964155197144,100,100,2,,reports\ogc2026_reboot_v001\full_compare_v304_vs_v298_train40_20260629_001\solutions\hh_active__v298_direct_full\prob_4.solution.json,reports\ogc2026_reboot_v001\full_compare_v304_vs_v298_train40_20260629_001\logs\hh_active__v298_direct_full\prob_4.log,PASS objective=331591.0 obj1=6.0 obj2=1669 obj3=942.0,"C:\Python314\python.exe ogc2026/batchrunner/benchmark.py --algorithm name=hh_active,version=v298_direct_full,path=ogc2026/baseline/alg_versions/reboot_v298_20260629_trackA_prob11_rescue_with_familyB_tail_freeze_on_v290.py --algorithm name=hh,version=v304_full,path=ogc2026/baseline/alg_versions/reboot_v304_20260629_trackA_prob13like_subprocess_fallback_on_v298.py --problem train/prob_1.json --problem train/prob_2.json --problem train/prob_3.json --problem train/prob_4.json --problem train/prob_5.json --problem train/prob_6.json --problem train/prob_7.json --problem train/prob_8.json --problem train/prob_9.json --problem train/prob_10.json --problem train/prob_11.json --problem train/prob_12.json --problem train/prob_13.json --problem train/prob_14.json --problem train/prob_15.json --problem train/prob_16.json --problem train/prob_17.json --problem train/prob_18.json --problem train/prob_19.json --problem train/prob_20.json --problem train/prob_21.json --problem train/prob_22.json --problem train/prob_23.json --problem train/prob_24.json --problem train/prob_25.json --problem train/prob_26.json --problem train/prob_27.json --problem train/prob_28.json --problem train/prob_29.json --problem train/prob_30.json --problem train/prob_31.json --problem train/prob_32.json --problem train/prob_33.json --problem train/prob_34.json --problem train/prob_35.json --problem train/prob_36.json --problem train/prob_37.json --problem train/prob_38.json --problem train/prob_39.json --problem train/prob_40.json --timelimit 60 --run-id full_compare_v304_vs_v298_train40_20260629_001 --out-dir reports/ogc2026_reboot_v001/full_compare_v304_vs_v298_train40_20260629_001 --cumulative-csv reports/ogc2026_reboot_v001/benchmark_results_reboot_v304_full_compare.csv --require-fresh-cumulative"
2026-06-29T21:12:34,full_compare_v304_vs_v298_train40_20260629_001,hh_active,v298_direct_full,ogc2026\baseline\alg_versions\reboot_v298_20260629_trackA_prob11_rescue_with_familyB_tail_freeze_on_v290.py,653a22733fa06d48ca9620ea9200f9767c1f55700d6bd4ae079d8a49f827fa35,9dfaa0ac5fa3e0f16fdfb0890e11b4cb64ea59b8edee029a9c4f13a2c52538b0,hh_algorithm_loop,c65b7d3b,True,prob_5.json,60.000000,60.000000,20.000000,90.000000,true,false,true,true,true,5,139455.0,139455.0,139455.0,0.0,1065,880.0,17.414652,17.275079250335693,150,150,3,,reports\ogc2026_reboot_v001\full_compare_v304_vs_v298_train40_20260629_001\solutions\hh_active__v298_direct_full\prob_5.solution.json,reports\ogc2026_reboot_v001\full_compare_v304_vs_v298_train40_20260629_001\logs\hh_active__v298_direct_full\prob_5.log,PASS objective=139455.0 obj1=0.0 obj2=1065 obj3=880.0,"C:\Python314\python.exe ogc2026/batchrunner/benchmark.py --algorithm name=hh_active,version=v298_direct_full,path=ogc2026/baseline/alg_versions/reboot_v298_20260629_trackA_prob11_rescue_with_familyB_tail_freeze_on_v290.py --algorithm name=hh,version=v304_full,path=ogc2026/baseline/alg_versions/reboot_v304_20260629_trackA_prob13like_subprocess_fallback_on_v298.py --problem train/prob_1.json --problem train/prob_2.json --problem train/prob_3.json --problem train/prob_4.json --problem train/prob_5.json --problem train/prob_6.json --problem train/prob_7.json --problem train/prob_8.json --problem train/prob_9.json --problem train/prob_10.json --problem train/prob_11.json --problem train/prob_12.json --problem train/prob_13.json --problem train/prob_14.json --problem train/prob_15.json --problem train/prob_16.json --problem train/prob_17.json --problem train/prob_18.json --problem train/prob_19.json --problem train/prob_20.json --problem train/prob_21.json --problem train/prob_22.json --problem train/prob_23.json --problem train/prob_24.json --problem train/prob_25.json --problem train/prob_26.json --problem train/prob_27.json --problem train/prob_28.json --problem train/prob_29.json --problem train/prob_30.json --problem train/prob_31.json --problem train/prob_32.json --problem train/prob_33.json --problem train/prob_34.json --problem train/prob_35.json --problem train/prob_36.json --problem train/prob_37.json --problem train/prob_38.json --problem train/prob_39.json --problem train/prob_40.json --timelimit 60 --run-id full_compare_v304_vs_v298_train40_20260629_001 --out-dir reports/ogc2026_reboot_v001/full_compare_v304_vs_v298_train40_20260629_001 --cumulative-csv reports/ogc2026_reboot_v001/benchmark_results_reboot_v304_full_compare.csv --require-fresh-cumulative"
2026-06-29T21:12:34,full_compare_v304_vs_v298_train40_20260629_001,hh_active,v298_direct_full,ogc2026\baseline\alg_versions\reboot_v298_20260629_trackA_prob11_rescue_with_familyB_tail_freeze_on_v290.py,653a22733fa06d48ca9620ea9200f9767c1f55700d6bd4ae079d8a49f827fa35,9dfaa0ac5fa3e0f16fdfb0890e11b4cb64ea59b8edee029a9c4f13a2c52538b0,hh_algorithm_loop,c65b7d3b,True,prob_6.json,60.000000,60.000000,20.000000,90.000000,true,false,true,true,true,5,577115.0,577115.0,577115.0,7.0,1815,2380.0,29.524956,29.38322114944458,150,150,3,,reports\ogc2026_reboot_v001\full_compare_v304_vs_v298_train40_20260629_001\solutions\hh_active__v298_direct_full\prob_6.solution.json,reports\ogc2026_reboot_v001\full_compare_v304_vs_v298_train40_20260629_001\logs\hh_active__v298_direct_full\prob_6.log,PASS objective=577115.0 obj1=7.0 obj2=1815 obj3=2380.0,"C:\Python314\python.exe ogc2026/batchrunner/benchmark.py --algorithm name=hh_active,version=v298_direct_full,path=ogc2026/baseline/alg_versions/reboot_v298_20260629_trackA_prob11_rescue_with_familyB_tail_freeze_on_v290.py --algorithm name=hh,version=v304_full,path=ogc2026/baseline/alg_versions/reboot_v304_20260629_trackA_prob13like_subprocess_fallback_on_v298.py --problem train/prob_1.json --problem train/prob_2.json --problem train/prob_3.json --problem train/prob_4.json --problem train/prob_5.json --problem train/prob_6.json --problem train/prob_7.json --problem train/prob_8.json --problem train/prob_9.json --problem train/prob_10.json --problem train/prob_11.json --problem train/prob_12.json --problem train/prob_13.json --problem train/prob_14.json --problem train/prob_15.json --problem train/prob_16.json --problem train/prob_17.json --problem train/prob_18.json --problem train/prob_19.json --problem train/prob_20.json --problem train/prob_21.json --problem train/prob_22.json --problem train/prob_23.json --problem train/prob_24.json --problem train/prob_25.json --problem train/prob_26.json --problem train/prob_27.json --problem train/prob_28.json --problem train/prob_29.json --problem train/prob_30.json --problem train/prob_31.json --problem train/prob_32.json --problem train/prob_33.json --problem train/prob_34.json --problem train/prob_35.json --problem train/prob_36.json --problem train/prob_37.json --problem train/prob_38.json --problem train/prob_39.json --problem train/prob_40.json --timelimit 60 --run-id full_compare_v304_vs_v298_train40_20260629_001 --out-dir reports/ogc2026_reboot_v001/full_compare_v304_vs_v298_train40_20260629_001 --cumulative-csv reports/ogc2026_reboot_v001/benchmark_results_reboot_v304_full_compare.csv --require-fresh-cumulative"
2026-06-29T21:12:34,full_compare_v304_vs_v298_train40_20260629_001,hh_active,v298_direct_full,ogc2026\baseline\alg_versions\reboot_v298_20260629_trackA_prob11_rescue_with_familyB_tail_freeze_on_v290.py,653a22733fa06d48ca9620ea9200f9767c1f55700d6bd4ae079d8a49f827fa35,9dfaa0ac5fa3e0f16fdfb0890e11b4cb64ea59b8edee029a9c4f13a2c52538b0,hh_algorithm_loop,c65b7d3b,True,prob_7.json,60.000000,60.000000,20.000000,90.000000,true,false,true,true,true,5,131191.0,131191.0,131191.0,0.0,3013,734.0,20.700423,20.291608572006226,150,150,3,,reports\ogc2026_reboot_v001\full_compare_v304_vs_v298_train40_20260629_001\solutions\hh_active__v298_direct_full\prob_7.solution.json,reports\ogc2026_reboot_v001\full_compare_v304_vs_v298_train40_20260629_001\logs\hh_active__v298_direct_full\prob_7.log,PASS objective=131191.0 obj1=0.0 obj2=3013 obj3=734.0,"C:\Python314\python.exe ogc2026/batchrunner/benchmark.py --algorithm name=hh_active,version=v298_direct_full,path=ogc2026/baseline/alg_versions/reboot_v298_20260629_trackA_prob11_rescue_with_familyB_tail_freeze_on_v290.py --algorithm name=hh,version=v304_full,path=ogc2026/baseline/alg_versions/reboot_v304_20260629_trackA_prob13like_subprocess_fallback_on_v298.py --problem train/prob_1.json --problem train/prob_2.json --problem train/prob_3.json --problem train/prob_4.json --problem train/prob_5.json --problem train/prob_6.json --problem train/prob_7.json --problem train/prob_8.json --problem train/prob_9.json --problem train/prob_10.json --problem train/prob_11.json --problem train/prob_12.json --problem train/prob_13.json --problem train/prob_14.json --problem train/prob_15.json --problem train/prob_16.json --problem train/prob_17.json --problem train/prob_18.json --problem train/prob_19.json --problem train/prob_20.json --problem train/prob_21.json --problem train/prob_22.json --problem train/prob_23.json --problem train/prob_24.json --problem train/prob_25.json --problem train/prob_26.json --problem train/prob_27.json --problem train/prob_28.json --problem train/prob_29.json --problem train/prob_30.json --problem train/prob_31.json --problem train/prob_32.json --problem train/prob_33.json --problem train/prob_34.json --problem train/prob_35.json --problem train/prob_36.json --problem train/prob_37.json --problem train/prob_38.json --problem train/prob_39.json --problem train/prob_40.json --timelimit 60 --run-id full_compare_v304_vs_v298_train40_20260629_001 --out-dir reports/ogc2026_reboot_v001/full_compare_v304_vs_v298_train40_20260629_001 --cumulative-csv reports/ogc2026_reboot_v001/benchmark_results_reboot_v304_full_compare.csv --require-fresh-cumulative"
2026-06-29T21:12:34,full_compare_v304_vs_v298_train40_20260629_001,hh_active,v298_direct_full,ogc2026\baseline\alg_versions\reboot_v298_20260629_trackA_prob11_rescue_with_familyB_tail_freeze_on_v290.py,653a22733fa06d48ca9620ea9200f9767c1f55700d6bd4ae079d8a49f827fa35,9dfaa0ac5fa3e0f16fdfb0890e11b4cb64ea59b8edee029a9c4f13a2c52538b0,hh_algorithm_loop,c65b7d3b,True,prob_8.json,60.000000,60.000000,20.000000,90.000000,true,false,true,true,true,5,74968.0,74968.0,74968.0,0.0,1142,352.0,12.583724,12.437941074371338,150,150,2,,reports\ogc2026_reboot_v001\full_compare_v304_vs_v298_train40_20260629_001\solutions\hh_active__v298_direct_full\prob_8.solution.json,reports\ogc2026_reboot_v001\full_compare_v304_vs_v298_train40_20260629_001\logs\hh_active__v298_direct_full\prob_8.log,PASS objective=74968.0 obj1=0.0 obj2=1142 obj3=352.0,"C:\Python314\python.exe ogc2026/batchrunner/benchmark.py --algorithm name=hh_active,version=v298_direct_full,path=ogc2026/baseline/alg_versions/reboot_v298_20260629_trackA_prob11_rescue_with_familyB_tail_freeze_on_v290.py --algorithm name=hh,version=v304_full,path=ogc2026/baseline/alg_versions/reboot_v304_20260629_trackA_prob13like_subprocess_fallback_on_v298.py --problem train/prob_1.json --problem train/prob_2.json --problem train/prob_3.json --problem train/prob_4.json --problem train/prob_5.json --problem train/prob_6.json --problem train/prob_7.json --problem train/prob_8.json --problem train/prob_9.json --problem train/prob_10.json --problem train/prob_11.json --problem train/prob_12.json --problem train/prob_13.json --problem train/prob_14.json --problem train/prob_15.json --problem train/prob_16.json --problem train/prob_17.json --problem train/prob_18.json --problem train/prob_19.json --problem train/prob_20.json --problem train/prob_21.json --problem train/prob_22.json --problem train/prob_23.json --problem train/prob_24.json --problem train/prob_25.json --problem train/prob_26.json --problem train/prob_27.json --problem train/prob_28.json --problem train/prob_29.json --problem train/prob_30.json --problem train/prob_31.json --problem train/prob_32.json --problem train/prob_33.json --problem train/prob_34.json --problem train/prob_35.json --problem train/prob_36.json --problem train/prob_37.json --problem train/prob_38.json --problem train/prob_39.json --problem train/prob_40.json --timelimit 60 --run-id full_compare_v304_vs_v298_train40_20260629_001 --out-dir reports/ogc2026_reboot_v001/full_compare_v304_vs_v298_train40_20260629_001 --cumulative-csv reports/ogc2026_reboot_v001/benchmark_results_reboot_v304_full_compare.csv --require-fresh-cumulative"
2026-06-29T21:12:34,full_compare_v304_vs_v298_train40_20260629_001,hh_active,v298_direct_full,ogc2026\baseline\alg_versions\reboot_v298_20260629_trackA_prob11_rescue_with_familyB_tail_freeze_on_v290.py,653a22733fa06d48ca9620ea9200f9767c1f55700d6bd4ae079d8a49f827fa35,9dfaa0ac5fa3e0f16fdfb0890e11b4cb64ea59b8edee029a9c4f13a2c52538b0,hh_algorithm_loop,c65b7d3b,True,prob_9.json,60.000000,60.000000,20.000000,90.000000,true,false,true,true,true,5,237200.0,237200.0,237200.0,0.0,1090,1545.0,27.031732,26.87424659729004,200,200,3,,reports\ogc2026_reboot_v001\full_compare_v304_vs_v298_train40_20260629_001\solutions\hh_active__v298_direct_full\prob_9.solution.json,reports\ogc2026_reboot_v001\full_compare_v304_vs_v298_train40_20260629_001\logs\hh_active__v298_direct_full\prob_9.log,PASS objective=237200.0 obj1=0.0 obj2=1090 obj3=1545.0,"C:\Python314\python.exe ogc2026/batchrunner/benchmark.py --algorithm name=hh_active,version=v298_direct_full,path=ogc2026/baseline/alg_versions/reboot_v298_20260629_trackA_prob11_rescue_with_familyB_tail_freeze_on_v290.py --algorithm name=hh,version=v304_full,path=ogc2026/baseline/alg_versions/reboot_v304_20260629_trackA_prob13like_subprocess_fallback_on_v298.py --problem train/prob_1.json --problem train/prob_2.json --problem train/prob_3.json --problem train/prob_4.json --problem train/prob_5.json --problem train/prob_6.json --problem train/prob_7.json --problem train/prob_8.json --problem train/prob_9.json --problem train/prob_10.json --problem train/prob_11.json --problem train/prob_12.json --problem train/prob_13.json --problem train/prob_14.json --problem train/prob_15.json --problem train/prob_16.json --problem train/prob_17.json --problem train/prob_18.json --problem train/prob_19.json --problem train/prob_20.json --problem train/prob_21.json --problem train/prob_22.json --problem train/prob_23.json --problem train/prob_24.json --problem train/prob_25.json --problem train/prob_26.json --problem train/prob_27.json --problem train/prob_28.json --problem train/prob_29.json --problem train/prob_30.json --problem train/prob_31.json --problem train/prob_32.json --problem train/prob_33.json --problem train/prob_34.json --problem train/prob_35.json --problem train/prob_36.json --problem train/prob_37.json --problem train/prob_38.json --problem train/prob_39.json --problem train/prob_40.json --timelimit 60 --run-id full_compare_v304_vs_v298_train40_20260629_001 --out-dir reports/ogc2026_reboot_v001/full_compare_v304_vs_v298_train40_20260629_001 --cumulative-csv reports/ogc2026_reboot_v001/benchmark_results_reboot_v304_full_compare.csv --require-fresh-cumulative"
2026-06-29T21:12:34,full_compare_v304_vs_v298_train40_20260629_001,hh_active,v298_direct_full,ogc2026\baseline\alg_versions\reboot_v298_20260629_trackA_prob11_rescue_with_familyB_tail_freeze_on_v290.py,653a22733fa06d48ca9620ea9200f9767c1f55700d6bd4ae079d8a49f827fa35,9dfaa0ac5fa3e0f16fdfb0890e11b4cb64ea59b8edee029a9c4f13a2c52538b0,hh_algorithm_loop,c65b7d3b,True,prob_10.json,60.000000,60.000000,20.000000,90.000000,true,false,true,true,true,5,1274865.0,1274865.0,1274865.0,66.0,2577,2232.0,23.112601,22.944395780563354,200,200,4,,reports\ogc2026_reboot_v001\full_compare_v304_vs_v298_train40_20260629_001\solutions\hh_active__v298_direct_full\prob_10.solution.json,reports\ogc2026_reboot_v001\full_compare_v304_vs_v298_train40_20260629_001\logs\hh_active__v298_direct_full\prob_10.log,PASS objective=1274865.0 obj1=66.0 obj2=2577 obj3=2232.0,"C:\Python314\python.exe ogc2026/batchrunner/benchmark.py --algorithm name=hh_active,version=v298_direct_full,path=ogc2026/baseline/alg_versions/reboot_v298_20260629_trackA_prob11_rescue_with_familyB_tail_freeze_on_v290.py --algorithm name=hh,version=v304_full,path=ogc2026/baseline/alg_versions/reboot_v304_20260629_trackA_prob13like_subprocess_fallback_on_v298.py --problem train/prob_1.json --problem train/prob_2.json --problem train/prob_3.json --problem train/prob_4.json --problem train/prob_5.json --problem train/prob_6.json --problem train/prob_7.json --problem train/prob_8.json --problem train/prob_9.json --problem train/prob_10.json --problem train/prob_11.json --problem train/prob_12.json --problem train/prob_13.json --problem train/prob_14.json --problem train/prob_15.json --problem train/prob_16.json --problem train/prob_17.json --problem train/prob_18.json --problem train/prob_19.json --problem train/prob_20.json --problem train/prob_21.json --problem train/prob_22.json --problem train/prob_23.json --problem train/prob_24.json --problem train/prob_25.json --problem train/prob_26.json --problem train/prob_27.json --problem train/prob_28.json --problem train/prob_29.json --problem train/prob_30.json --problem train/prob_31.json --problem train/prob_32.json --problem train/prob_33.json --problem train/prob_34.json --problem train/prob_35.json --problem train/prob_36.json --problem train/prob_37.json --problem train/prob_38.json --problem train/prob_39.json --problem train/prob_40.json --timelimit 60 --run-id full_compare_v304_vs_v298_train40_20260629_001 --out-dir reports/ogc2026_reboot_v001/full_compare_v304_vs_v298_train40_20260629_001 --cumulative-csv reports/ogc2026_reboot_v001/benchmark_results_reboot_v304_full_compare.csv --require-fresh-cumulative"
2026-06-29T21:12:34,full_compare_v304_vs_v298_train40_20260629_001,hh_active,v298_direct_full,ogc2026\baseline\alg_versions\reboot_v298_20260629_trackA_prob11_rescue_with_familyB_tail_freeze_on_v290.py,653a22733fa06d48ca9620ea9200f9767c1f55700d6bd4ae079d8a49f827fa35,9dfaa0ac5fa3e0f16fdfb0890e11b4cb64ea59b8edee029a9c4f13a2c52538b0,hh_algorithm_loop,c65b7d3b,True,prob_11.json,60.000000,60.000000,20.000000,90.000000,true,false,true,true,true,5,8164735.0,8164735.0,8164735.0,342.0,415,2592.0,46.846136,46.41142559051514,200,200,4,,reports\ogc2026_reboot_v001\full_compare_v304_vs_v298_train40_20260629_001\solutions\hh_active__v298_direct_full\prob_11.solution.json,reports\ogc2026_reboot_v001\full_compare_v304_vs_v298_train40_20260629_001\logs\hh_active__v298_direct_full\prob_11.log,PASS objective=8164735.0 obj1=342.0 obj2=415 obj3=2592.0,"C:\Python314\python.exe ogc2026/batchrunner/benchmark.py --algorithm name=hh_active,version=v298_direct_full,path=ogc2026/baseline/alg_versions/reboot_v298_20260629_trackA_prob11_rescue_with_familyB_tail_freeze_on_v290.py --algorithm name=hh,version=v304_full,path=ogc2026/baseline/alg_versions/reboot_v304_20260629_trackA_prob13like_subprocess_fallback_on_v298.py --problem train/prob_1.json --problem train/prob_2.json --problem train/prob_3.json --problem train/prob_4.json --problem train/prob_5.json --problem train/prob_6.json --problem train/prob_7.json --problem train/prob_8.json --problem train/prob_9.json --problem train/prob_10.json --problem train/prob_11.json --problem train/prob_12.json --problem train/prob_13.json --problem train/prob_14.json --problem train/prob_15.json --problem train/prob_16.json --problem train/prob_17.json --problem train/prob_18.json --problem train/prob_19.json --problem train/prob_20.json --problem train/prob_21.json --problem train/prob_22.json --problem train/prob_23.json --problem train/prob_24.json --problem train/prob_25.json --problem train/prob_26.json --problem train/prob_27.json --problem train/prob_28.json --problem train/prob_29.json --problem train/prob_30.json --problem train/prob_31.json --problem train/prob_32.json --problem train/prob_33.json --problem train/prob_34.json --problem train/prob_35.json --problem train/prob_36.json --problem train/prob_37.json --problem train/prob_38.json --problem train/prob_39.json --problem train/prob_40.json --timelimit 60 --run-id full_compare_v304_vs_v298_train40_20260629_001 --out-dir reports/ogc2026_reboot_v001/full_compare_v304_vs_v298_train40_20260629_001 --cumulative-csv reports/ogc2026_reboot_v001/benchmark_results_reboot_v304_full_compare.csv --require-fresh-cumulative"
2026-06-29T21:12:34,full_compare_v304_vs_v298_train40_20260629_001,hh_active,v298_direct_full,ogc2026\baseline\alg_versions\reboot_v298_20260629_trackA_prob11_rescue_with_familyB_tail_freeze_on_v290.py,653a22733fa06d48ca9620ea9200f9767c1f55700d6bd4ae079d8a49f827fa35,9dfaa0ac5fa3e0f16fdfb0890e11b4cb64ea59b8edee029a9c4f13a2c52538b0,hh_algorithm_loop,c65b7d3b,True,prob_12.json,60.000000,60.000000,20.000000,90.000000,true,false,true,true,true,5,553078.0,553078.0,553078.0,8.0,6633,2491.0,24.901747,24.7426438331604,200,200,4,,reports\ogc2026_reboot_v001\full_compare_v304_vs_v298_train40_20260629_001\solutions\hh_active__v298_direct_full\prob_12.solution.json,reports\ogc2026_reboot_v001\full_compare_v304_vs_v298_train40_20260629_001\logs\hh_active__v298_direct_full\prob_12.log,PASS objective=553078.0 obj1=8.0 obj2=6633 obj3=2491.0,"C:\Python314\python.exe ogc2026/batchrunner/benchmark.py --algorithm name=hh_active,version=v298_direct_full,path=ogc2026/baseline/alg_versions/reboot_v298_20260629_trackA_prob11_rescue_with_familyB_tail_freeze_on_v290.py --algorithm name=hh,version=v304_full,path=ogc2026/baseline/alg_versions/reboot_v304_20260629_trackA_prob13like_subprocess_fallback_on_v298.py --problem train/prob_1.json --problem train/prob_2.json --problem train/prob_3.json --problem train/prob_4.json --problem train/prob_5.json --problem train/prob_6.json --problem train/prob_7.json --problem train/prob_8.json --problem train/prob_9.json --problem train/prob_10.json --problem train/prob_11.json --problem train/prob_12.json --problem train/prob_13.json --problem train/prob_14.json --problem train/prob_15.json --problem train/prob_16.json --problem train/prob_17.json --problem train/prob_18.json --problem train/prob_19.json --problem train/prob_20.json --problem train/prob_21.json --problem train/prob_22.json --problem train/prob_23.json --problem train/prob_24.json --problem train/prob_25.json --problem train/prob_26.json --problem train/prob_27.json --problem train/prob_28.json --problem train/prob_29.json --problem train/prob_30.json --problem train/prob_31.json --problem train/prob_32.json --problem train/prob_33.json --problem train/prob_34.json --problem train/prob_35.json --problem train/prob_36.json --problem train/prob_37.json --problem train/prob_38.json --problem train/prob_39.json --problem train/prob_40.json --timelimit 60 --run-id full_compare_v304_vs_v298_train40_20260629_001 --out-dir reports/ogc2026_reboot_v001/full_compare_v304_vs_v298_train40_20260629_001 --cumulative-csv reports/ogc2026_reboot_v001/benchmark_results_reboot_v304_full_compare.csv --require-fresh-cumulative"
2026-06-29T21:12:34,full_compare_v304_vs_v298_train40_20260629_001,hh_active,v298_direct_full,ogc2026\baseline\alg_versions\reboot_v298_20260629_trackA_prob11_rescue_with_familyB_tail_freeze_on_v290.py,653a22733fa06d48ca9620ea9200f9767c1f55700d6bd4ae079d8a49f827fa35,9dfaa0ac5fa3e0f16fdfb0890e11b4cb64ea59b8edee029a9c4f13a2c52538b0,hh_algorithm_loop,c65b7d3b,True,prob_13.json,60.000000,60.000000,20.000000,90.000000,true,false,true,true,true,5,9695535.0,9695535.0,9695535.0,488.0,4623,4460.0,36.247552,36.07969641685486,250,250,4,,reports\ogc2026_reboot_v001\full_compare_v304_vs_v298_train40_20260629_001\solutions\hh_active__v298_direct_full\prob_13.solution.json,reports\ogc2026_reboot_v001\full_compare_v304_vs_v298_train40_20260629_001\logs\hh_active__v298_direct_full\prob_13.log,PASS objective=9695535.0 obj1=488.0 obj2=4623 obj3=4460.0,"C:\Python314\python.exe ogc2026/batchrunner/benchmark.py --algorithm name=hh_active,version=v298_direct_full,path=ogc2026/baseline/alg_versions/reboot_v298_20260629_trackA_prob11_rescue_with_familyB_tail_freeze_on_v290.py --algorithm name=hh,version=v304_full,path=ogc2026/baseline/alg_versions/reboot_v304_20260629_trackA_prob13like_subprocess_fallback_on_v298.py --problem train/prob_1.json --problem train/prob_2.json --problem train/prob_3.json --problem train/prob_4.json --problem train/prob_5.json --problem train/prob_6.json --problem train/prob_7.json --problem train/prob_8.json --problem train/prob_9.json --problem train/prob_10.json --problem train/prob_11.json --problem train/prob_12.json --problem train/prob_13.json --problem train/prob_14.json --problem train/prob_15.json --problem train/prob_16.json --problem train/prob_17.json --problem train/prob_18.json --problem train/prob_19.json --problem train/prob_20.json --problem train/prob_21.json --problem train/prob_22.json --problem train/prob_23.json --problem train/prob_24.json --problem train/prob_25.json --problem train/prob_26.json --problem train/prob_27.json --problem train/prob_28.json --problem train/prob_29.json --problem train/prob_30.json --problem train/prob_31.json --problem train/prob_32.json --problem train/prob_33.json --problem train/prob_34.json --problem train/prob_35.json --problem train/prob_36.json --problem train/prob_37.json --problem train/prob_38.json --problem train/prob_39.json --problem train/prob_40.json --timelimit 60 --run-id full_compare_v304_vs_v298_train40_20260629_001 --out-dir reports/ogc2026_reboot_v001/full_compare_v304_vs_v298_train40_20260629_001 --cumulative-csv reports/ogc2026_reboot_v001/benchmark_results_reboot_v304_full_compare.csv --require-fresh-cumulative"
2026-06-29T21:12:34,full_compare_v304_vs_v298_train40_20260629_001,hh_active,v298_direct_full,ogc2026\baseline\alg_versions\reboot_v298_20260629_trackA_prob11_rescue_with_familyB_tail_freeze_on_v290.py,653a22733fa06d48ca9620ea9200f9767c1f55700d6bd4ae079d8a49f827fa35,9dfaa0ac5fa3e0f16fdfb0890e11b4cb64ea59b8edee029a9c4f13a2c52538b0,hh_algorithm_loop,c65b7d3b,True,prob_14.json,60.000000,60.000000,20.000000,90.000000,true,false,true,true,true,5,3795716.0,3795716.0,3795716.0,181.0,3301,4221.0,54.010316,53.825079679489136,250,250,4,,reports\ogc2026_reboot_v001\full_compare_v304_vs_v298_train40_20260629_001\solutions\hh_active__v298_direct_full\prob_14.solution.json,reports\ogc2026_reboot_v001\full_compare_v304_vs_v298_train40_20260629_001\logs\hh_active__v298_direct_full\prob_14.log,PASS objective=3795716.0 obj1=181.0 obj2=3301 obj3=4221.0,"C:\Python314\python.exe ogc2026/batchrunner/benchmark.py --algorithm name=hh_active,version=v298_direct_full,path=ogc2026/baseline/alg_versions/reboot_v298_20260629_trackA_prob11_rescue_with_familyB_tail_freeze_on_v290.py --algorithm name=hh,version=v304_full,path=ogc2026/baseline/alg_versions/reboot_v304_20260629_trackA_prob13like_subprocess_fallback_on_v298.py --problem train/prob_1.json --problem train/prob_2.json --problem train/prob_3.json --problem train/prob_4.json --problem train/prob_5.json --problem train/prob_6.json --problem train/prob_7.json --problem train/prob_8.json --problem train/prob_9.json --problem train/prob_10.json --problem train/prob_11.json --problem train/prob_12.json --problem train/prob_13.json --problem train/prob_14.json --problem train/prob_15.json --problem train/prob_16.json --problem train/prob_17.json --problem train/prob_18.json --problem train/prob_19.json --problem train/prob_20.json --problem train/prob_21.json --problem train/prob_22.json --problem train/prob_23.json --problem train/prob_24.json --problem train/prob_25.json --problem train/prob_26.json --problem train/prob_27.json --problem train/prob_28.json --problem train/prob_29.json --problem train/prob_30.json --problem train/prob_31.json --problem train/prob_32.json --problem train/prob_33.json --problem train/prob_34.json --problem train/prob_35.json --problem train/prob_36.json --problem train/prob_37.json --problem train/prob_38.json --problem train/prob_39.json --problem train/prob_40.json --timelimit 60 --run-id full_compare_v304_vs_v298_train40_20260629_001 --out-dir reports/ogc2026_reboot_v001/full_compare_v304_vs_v298_train40_20260629_001 --cumulative-csv reports/ogc2026_reboot_v001/benchmark_results_reboot_v304_full_compare.csv --require-fresh-cumulative"
2026-06-29T21:12:34,full_compare_v304_vs_v298_train40_20260629_001,hh_active,v298_direct_full,ogc2026\baseline\alg_versions\reboot_v298_20260629_trackA_prob11_rescue_with_familyB_tail_freeze_on_v290.py,653a22733fa06d48ca9620ea9200f9767c1f55700d6bd4ae079d8a49f827fa35,9dfaa0ac5fa3e0f16fdfb0890e11b4cb64ea59b8edee029a9c4f13a2c52538b0,hh_algorithm_loop,c65b7d3b,True,prob_15.json,60.000000,60.000000,20.000000,90.000000,true,false,true,true,true,5,844023.0,844023.0,844023.0,25.0,3465,3431.0,37.294819,36.85201144218445,250,250,4,,reports\ogc2026_reboot_v001\full_compare_v304_vs_v298_train40_20260629_001\solutions\hh_active__v298_direct_full\prob_15.solution.json,reports\ogc2026_reboot_v001\full_compare_v304_vs_v298_train40_20260629_001\logs\hh_active__v298_direct_full\prob_15.log,PASS objective=844023.0 obj1=25.0 obj2=3465 obj3=3431.0,"C:\Python314\python.exe ogc2026/batchrunner/benchmark.py --algorithm name=hh_active,version=v298_direct_full,path=ogc2026/baseline/alg_versions/reboot_v298_20260629_trackA_prob11_rescue_with_familyB_tail_freeze_on_v290.py --algorithm name=hh,version=v304_full,path=ogc2026/baseline/alg_versions/reboot_v304_20260629_trackA_prob13like_subprocess_fallback_on_v298.py --problem train/prob_1.json --problem train/prob_2.json --problem train/prob_3.json --problem train/prob_4.json --problem train/prob_5.json --problem train/prob_6.json --problem train/prob_7.json --problem train/prob_8.json --problem train/prob_9.json --problem train/prob_10.json --problem train/prob_11.json --problem train/prob_12.json --problem train/prob_13.json --problem train/prob_14.json --problem train/prob_15.json --problem train/prob_16.json --problem train/prob_17.json --problem train/prob_18.json --problem train/prob_19.json --problem train/prob_20.json --problem train/prob_21.json --problem train/prob_22.json --problem train/prob_23.json --problem train/prob_24.json --problem train/prob_25.json --problem train/prob_26.json --problem train/prob_27.json --problem train/prob_28.json --problem train/prob_29.json --problem train/prob_30.json --problem train/prob_31.json --problem train/prob_32.json --problem train/prob_33.json --problem train/prob_34.json --problem train/prob_35.json --problem train/prob_36.json --problem train/prob_37.json --problem train/prob_38.json --problem train/prob_39.json --problem train/prob_40.json --timelimit 60 --run-id full_compare_v304_vs_v298_train40_20260629_001 --out-dir reports/ogc2026_reboot_v001/full_compare_v304_vs_v298_train40_20260629_001 --cumulative-csv reports/ogc2026_reboot_v001/benchmark_results_reboot_v304_full_compare.csv --require-fresh-cumulative"
2026-06-29T21:12:34,full_compare_v304_vs_v298_train40_20260629_001,hh_active,v298_direct_full,ogc2026\baseline\alg_versions\reboot_v298_20260629_trackA_prob11_rescue_with_familyB_tail_freeze_on_v290.py,653a22733fa06d48ca9620ea9200f9767c1f55700d6bd4ae079d8a49f827fa35,9dfaa0ac5fa3e0f16fdfb0890e11b4cb64ea59b8edee029a9c4f13a2c52538b0,hh_algorithm_loop,c65b7d3b,True,prob_16.json,60.000000,60.000000,20.000000,90.000000,true,false,true,true,true,5,176817.0,176817.0,176817.0,0.0,2938,1219.0,12.261472,12.1061851978302,250,250,4,,reports\ogc2026_reboot_v001\full_compare_v304_vs_v298_train40_20260629_001\solutions\hh_active__v298_direct_full\prob_16.solution.json,reports\ogc2026_reboot_v001\full_compare_v304_vs_v298_train40_20260629_001\logs\hh_active__v298_direct_full\prob_16.log,PASS objective=176817.0 obj1=0.0 obj2=2938 obj3=1219.0,"C:\Python314\python.exe ogc2026/batchrunner/benchmark.py --algorithm name=hh_active,version=v298_direct_full,path=ogc2026/baseline/alg_versions/reboot_v298_20260629_trackA_prob11_rescue_with_familyB_tail_freeze_on_v290.py --algorithm name=hh,version=v304_full,path=ogc2026/baseline/alg_versions/reboot_v304_20260629_trackA_prob13like_subprocess_fallback_on_v298.py --problem train/prob_1.json --problem train/prob_2.json --problem train/prob_3.json --problem train/prob_4.json --problem train/prob_5.json --problem train/prob_6.json --problem train/prob_7.json --problem train/prob_8.json --problem train/prob_9.json --problem train/prob_10.json --problem train/prob_11.json --problem train/prob_12.json --problem train/prob_13.json --problem train/prob_14.json --problem train/prob_15.json --problem train/prob_16.json --problem train/prob_17.json --problem train/prob_18.json --problem train/prob_19.json --problem train/prob_20.json --problem train/prob_21.json --problem train/prob_22.json --problem train/prob_23.json --problem train/prob_24.json --problem train/prob_25.json --problem train/prob_26.json --problem train/prob_27.json --problem train/prob_28.json --problem train/prob_29.json --problem train/prob_30.json --problem train/prob_31.json --problem train/prob_32.json --problem train/prob_33.json --problem train/prob_34.json --problem train/prob_35.json --problem train/prob_36.json --problem train/prob_37.json --problem train/prob_38.json --problem train/prob_39.json --problem train/prob_40.json --timelimit 60 --run-id full_compare_v304_vs_v298_train40_20260629_001 --out-dir reports/ogc2026_reboot_v001/full_compare_v304_vs_v298_train40_20260629_001 --cumulative-csv reports/ogc2026_reboot_v001/benchmark_results_reboot_v304_full_compare.csv --require-fresh-cumulative"
2026-06-29T21:12:34,full_compare_v304_vs_v298_train40_20260629_001,hh_active,v298_direct_full,ogc2026\baseline\alg_versions\reboot_v298_20260629_trackA_prob11_rescue_with_familyB_tail_freeze_on_v290.py,653a22733fa06d48ca9620ea9200f9767c1f55700d6bd4ae079d8a49f827fa35,9dfaa0ac5fa3e0f16fdfb0890e11b4cb64ea59b8edee029a9c4f13a2c52538b0,hh_algorithm_loop,c65b7d3b,True,prob_17.json,60.000000,60.000000,20.000000,90.000000,true,false,true,true,true,5,338183.0,338183.0,338183.0,13.0,5749,1422.0,18.452188,18.277392148971558,300,300,4,,reports\ogc2026_reboot_v001\full_compare_v304_vs_v298_train40_20260629_001\solutions\hh_active__v298_direct_full\prob_17.solution.json,reports\ogc2026_reboot_v001\full_compare_v304_vs_v298_train40_20260629_001\logs\hh_active__v298_direct_full\prob_17.log,PASS objective=338183.0 obj1=13.0 obj2=5749 obj3=1422.0,"C:\Python314\python.exe ogc2026/batchrunner/benchmark.py --algorithm name=hh_active,version=v298_direct_full,path=ogc2026/baseline/alg_versions/reboot_v298_20260629_trackA_prob11_rescue_with_familyB_tail_freeze_on_v290.py --algorithm name=hh,version=v304_full,path=ogc2026/baseline/alg_versions/reboot_v304_20260629_trackA_prob13like_subprocess_fallback_on_v298.py --problem train/prob_1.json --problem train/prob_2.json --problem train/prob_3.json --problem train/prob_4.json --problem train/prob_5.json --problem train/prob_6.json --problem train/prob_7.json --problem train/prob_8.json --problem train/prob_9.json --problem train/prob_10.json --problem train/prob_11.json --problem train/prob_12.json --problem train/prob_13.json --problem train/prob_14.json --problem train/prob_15.json --problem train/prob_16.json --problem train/prob_17.json --problem train/prob_18.json --problem train/prob_19.json --problem train/prob_20.json --problem train/prob_21.json --problem train/prob_22.json --problem train/prob_23.json --problem train/prob_24.json --problem train/prob_25.json --problem train/prob_26.json --problem train/prob_27.json --problem train/prob_28.json --problem train/prob_29.json --problem train/prob_30.json --problem train/prob_31.json --problem train/prob_32.json --problem train/prob_33.json --problem train/prob_34.json --problem train/prob_35.json --problem train/prob_36.json --problem train/prob_37.json --problem train/prob_38.json --problem train/prob_39.json --problem train/prob_40.json --timelimit 60 --run-id full_compare_v304_vs_v298_train40_20260629_001 --out-dir reports/ogc2026_reboot_v001/full_compare_v304_vs_v298_train40_20260629_001 --cumulative-csv reports/ogc2026_reboot_v001/benchmark_results_reboot_v304_full_compare.csv --require-fresh-cumulative"
2026-06-29T21:12:34,full_compare_v304_vs_v298_train40_20260629_001,hh_active,v298_direct_full,ogc2026\baseline\alg_versions\reboot_v298_20260629_trackA_prob11_rescue_with_familyB_tail_freeze_on_v290.py,653a22733fa06d48ca9620ea9200f9767c1f55700d6bd4ae079d8a49f827fa35,9dfaa0ac5fa3e0f16fdfb0890e11b4cb64ea59b8edee029a9c4f13a2c52538b0,hh_algorithm_loop,c65b7d3b,True,prob_18.json,60.000000,60.000000,20.000000,90.000000,true,false,true,true,true,5,264994.0,264994.0,264994.0,0.0,3406,1890.0,23.199289,23.02925992012024,300,300,4,,reports\ogc2026_reboot_v001\full_compare_v304_vs_v298_train40_20260629_001\solutions\hh_active__v298_direct_full\prob_18.solution.json,reports\ogc2026_reboot_v001\full_compare_v304_vs_v298_train40_20260629_001\logs\hh_active__v298_direct_full\prob_18.log,PASS objective=264994.0 obj1=0.0 obj2=3406 obj3=1890.0,"C:\Python314\python.exe ogc2026/batchrunner/benchmark.py --algorithm name=hh_active,version=v298_direct_full,path=ogc2026/baseline/alg_versions/reboot_v298_20260629_trackA_prob11_rescue_with_familyB_tail_freeze_on_v290.py --algorithm name=hh,version=v304_full,path=ogc2026/baseline/alg_versions/reboot_v304_20260629_trackA_prob13like_subprocess_fallback_on_v298.py --problem train/prob_1.json --problem train/prob_2.json --problem train/prob_3.json --problem train/prob_4.json --problem train/prob_5.json --problem train/prob_6.json --problem train/prob_7.json --problem train/prob_8.json --problem train/prob_9.json --problem train/prob_10.json --problem train/prob_11.json --problem train/prob_12.json --problem train/prob_13.json --problem train/prob_14.json --problem train/prob_15.json --problem train/prob_16.json --problem train/prob_17.json --problem train/prob_18.json --problem train/prob_19.json --problem train/prob_20.json --problem train/prob_21.json --problem train/prob_22.json --problem train/prob_23.json --problem train/prob_24.json --problem train/prob_25.json --problem train/prob_26.json --problem train/prob_27.json --problem train/prob_28.json --problem train/prob_29.json --problem train/prob_30.json --problem train/prob_31.json --problem train/prob_32.json --problem train/prob_33.json --problem train/prob_34.json --problem train/prob_35.json --problem train/prob_36.json --problem train/prob_37.json --problem train/prob_38.json --problem train/prob_39.json --problem train/prob_40.json --timelimit 60 --run-id full_compare_v304_vs_v298_train40_20260629_001 --out-dir reports/ogc2026_reboot_v001/full_compare_v304_vs_v298_train40_20260629_001 --cumulative-csv reports/ogc2026_reboot_v001/benchmark_results_reboot_v304_full_compare.csv --require-fresh-cumulative"
2026-06-29T21:12:34,full_compare_v304_vs_v298_train40_20260629_001,hh_active,v298_direct_full,ogc2026\baseline\alg_versions\reboot_v298_20260629_trackA_prob11_rescue_with_familyB_tail_freeze_on_v290.py,653a22733fa06d48ca9620ea9200f9767c1f55700d6bd4ae079d8a49f827fa35,9dfaa0ac5fa3e0f16fdfb0890e11b4cb64ea59b8edee029a9c4f13a2c52538b0,hh_algorithm_loop,c65b7d3b,True,prob_19.json,60.000000,60.000000,20.000000,90.000000,true,false,true,true,true,5,1896684.0,1896684.0,1896684.0,123.0,6544,4199.0,39.676992,39.22474026679993,300,300,4,,reports\ogc2026_reboot_v001\full_compare_v304_vs_v298_train40_20260629_001\solutions\hh_active__v298_direct_full\prob_19.solution.json,reports\ogc2026_reboot_v001\full_compare_v304_vs_v298_train40_20260629_001\logs\hh_active__v298_direct_full\prob_19.log,PASS objective=1896684.0 obj1=123.0 obj2=6544 obj3=4199.0,"C:\Python314\python.exe ogc2026/batchrunner/benchmark.py --algorithm name=hh_active,version=v298_direct_full,path=ogc2026/baseline/alg_versions/reboot_v298_20260629_trackA_prob11_rescue_with_familyB_tail_freeze_on_v290.py --algorithm name=hh,version=v304_full,path=ogc2026/baseline/alg_versions/reboot_v304_20260629_trackA_prob13like_subprocess_fallback_on_v298.py --problem train/prob_1.json --problem train/prob_2.json --problem train/prob_3.json --problem train/prob_4.json --problem train/prob_5.json --problem train/prob_6.json --problem train/prob_7.json --problem train/prob_8.json --problem train/prob_9.json --problem train/prob_10.json --problem train/prob_11.json --problem train/prob_12.json --problem train/prob_13.json --problem train/prob_14.json --problem train/prob_15.json --problem train/prob_16.json --problem train/prob_17.json --problem train/prob_18.json --problem train/prob_19.json --problem train/prob_20.json --problem train/prob_21.json --problem train/prob_22.json --problem train/prob_23.json --problem train/prob_24.json --problem train/prob_25.json --problem train/prob_26.json --problem train/prob_27.json --problem train/prob_28.json --problem train/prob_29.json --problem train/prob_30.json --problem train/prob_31.json --problem train/prob_32.json --problem train/prob_33.json --problem train/prob_34.json --problem train/prob_35.json --problem train/prob_36.json --problem train/prob_37.json --problem train/prob_38.json --problem train/prob_39.json --problem train/prob_40.json --timelimit 60 --run-id full_compare_v304_vs_v298_train40_20260629_001 --out-dir reports/ogc2026_reboot_v001/full_compare_v304_vs_v298_train40_20260629_001 --cumulative-csv reports/ogc2026_reboot_v001/benchmark_results_reboot_v304_full_compare.csv --require-fresh-cumulative"
2026-06-29T21:12:34,full_compare_v304_vs_v298_train40_20260629_001,hh_active,v298_direct_full,ogc2026\baseline\alg_versions\reboot_v298_20260629_trackA_prob11_rescue_with_familyB_tail_freeze_on_v290.py,653a22733fa06d48ca9620ea9200f9767c1f55700d6bd4ae079d8a49f827fa35,9dfaa0ac5fa3e0f16fdfb0890e11b4cb64ea59b8edee029a9c4f13a2c52538b0,hh_algorithm_loop,c65b7d3b,True,prob_20.json,60.000000,60.000000,20.000000,90.000000,true,false,true,true,true,5,5199740.0,5199740.0,5199740.0,164.0,3642,6436.0,46.981397,46.824848890304565,300,300,5,,reports\ogc2026_reboot_v001\full_compare_v304_vs_v298_train40_20260629_001\solutions\hh_active__v298_direct_full\prob_20.solution.json,reports\ogc2026_reboot_v001\full_compare_v304_vs_v298_train40_20260629_001\logs\hh_active__v298_direct_full\prob_20.log,PASS objective=5199740.0 obj1=164.0 obj2=3642 obj3=6436.0,"C:\Python314\python.exe ogc2026/batchrunner/benchmark.py --algorithm name=hh_active,version=v298_direct_full,path=ogc2026/baseline/alg_versions/reboot_v298_20260629_trackA_prob11_rescue_with_familyB_tail_freeze_on_v290.py --algorithm name=hh,version=v304_full,path=ogc2026/baseline/alg_versions/reboot_v304_20260629_trackA_prob13like_subprocess_fallback_on_v298.py --problem train/prob_1.json --problem train/prob_2.json --problem train/prob_3.json --problem train/prob_4.json --problem train/prob_5.json --problem train/prob_6.json --problem train/prob_7.json --problem train/prob_8.json --problem train/prob_9.json --problem train/prob_10.json --problem train/prob_11.json --problem train/prob_12.json --problem train/prob_13.json --problem train/prob_14.json --problem train/prob_15.json --problem train/prob_16.json --problem train/prob_17.json --problem train/prob_18.json --problem train/prob_19.json --problem train/prob_20.json --problem train/prob_21.json --problem train/prob_22.json --problem train/prob_23.json --problem train/prob_24.json --problem train/prob_25.json --problem train/prob_26.json --problem train/prob_27.json --problem train/prob_28.json --problem train/prob_29.json --problem train/prob_30.json --problem train/prob_31.json --problem train/prob_32.json --problem train/prob_33.json --problem train/prob_34.json --problem train/prob_35.json --problem train/prob_36.json --problem train/prob_37.json --problem train/prob_38.json --problem train/prob_39.json --problem train/prob_40.json --timelimit 60 --run-id full_compare_v304_vs_v298_train40_20260629_001 --out-dir reports/ogc2026_reboot_v001/full_compare_v304_vs_v298_train40_20260629_001 --cumulative-csv reports/ogc2026_reboot_v001/benchmark_results_reboot_v304_full_compare.csv --require-fresh-cumulative"
2026-06-29T21:12:34,full_compare_v304_vs_v298_train40_20260629_001,hh_active,v298_direct_full,ogc2026\baseline\alg_versions\reboot_v298_20260629_trackA_prob11_rescue_with_familyB_tail_freeze_on_v290.py,653a22733fa06d48ca9620ea9200f9767c1f55700d6bd4ae079d8a49f827fa35,9dfaa0ac5fa3e0f16fdfb0890e11b4cb64ea59b8edee029a9c4f13a2c52538b0,hh_algorithm_loop,c65b7d3b,True,prob_21.json,60.000000,60.000000,20.000000,90.000000,true,false,true,true,true,5,9383482.0,9383482.0,9383482.0,664.0,522,3501.0,10.321561,10.186963081359863,100,100,3,,reports\ogc2026_reboot_v001\full_compare_v304_vs_v298_train40_20260629_001\solutions\hh_active__v298_direct_full\prob_21.solution.json,reports\ogc2026_reboot_v001\full_compare_v304_vs_v298_train40_20260629_001\logs\hh_active__v298_direct_full\prob_21.log,PASS objective=9383482.0 obj1=664.0 obj2=522 obj3=3501.0,"C:\Python314\python.exe ogc2026/batchrunner/benchmark.py --algorithm name=hh_active,version=v298_direct_full,path=ogc2026/baseline/alg_versions/reboot_v298_20260629_trackA_prob11_rescue_with_familyB_tail_freeze_on_v290.py --algorithm name=hh,version=v304_full,path=ogc2026/baseline/alg_versions/reboot_v304_20260629_trackA_prob13like_subprocess_fallback_on_v298.py --problem train/prob_1.json --problem train/prob_2.json --problem train/prob_3.json --problem train/prob_4.json --problem train/prob_5.json --problem train/prob_6.json --problem train/prob_7.json --problem train/prob_8.json --problem train/prob_9.json --problem train/prob_10.json --problem train/prob_11.json --problem train/prob_12.json --problem train/prob_13.json --problem train/prob_14.json --problem train/prob_15.json --problem train/prob_16.json --problem train/prob_17.json --problem train/prob_18.json --problem train/prob_19.json --problem train/prob_20.json --problem train/prob_21.json --problem train/prob_22.json --problem train/prob_23.json --problem train/prob_24.json --problem train/prob_25.json --problem train/prob_26.json --problem train/prob_27.json --problem train/prob_28.json --problem train/prob_29.json --problem train/prob_30.json --problem train/prob_31.json --problem train/prob_32.json --problem train/prob_33.json --problem train/prob_34.json --problem train/prob_35.json --problem train/prob_36.json --problem train/prob_37.json --problem train/prob_38.json --problem train/prob_39.json --problem train/prob_40.json --timelimit 60 --run-id full_compare_v304_vs_v298_train40_20260629_001 --out-dir reports/ogc2026_reboot_v001/full_compare_v304_vs_v298_train40_20260629_001 --cumulative-csv reports/ogc2026_reboot_v001/benchmark_results_reboot_v304_full_compare.csv --require-fresh-cumulative"
2026-06-29T21:12:34,full_compare_v304_vs_v298_train40_20260629_001,hh_active,v298_direct_full,ogc2026\baseline\alg_versions\reboot_v298_20260629_trackA_prob11_rescue_with_familyB_tail_freeze_on_v290.py,653a22733fa06d48ca9620ea9200f9767c1f55700d6bd4ae079d8a49f827fa35,9dfaa0ac5fa3e0f16fdfb0890e11b4cb64ea59b8edee029a9c4f13a2c52538b0,hh_algorithm_loop,c65b7d3b,True,prob_22.json,60.000000,60.000000,20.000000,90.000000,true,false,true,true,true,5,1837996.0,1837996.0,1837996.0,26.0,2446,3710.0,18.780122,18.645845413208008,100,100,2,,reports\ogc2026_reboot_v001\full_compare_v304_vs_v298_train40_20260629_001\solutions\hh_active__v298_direct_full\prob_22.solution.json,reports\ogc2026_reboot_v001\full_compare_v304_vs_v298_train40_20260629_001\logs\hh_active__v298_direct_full\prob_22.log,PASS objective=1837996.0 obj1=26.0 obj2=2446 obj3=3710.0,"C:\Python314\python.exe ogc2026/batchrunner/benchmark.py --algorithm name=hh_active,version=v298_direct_full,path=ogc2026/baseline/alg_versions/reboot_v298_20260629_trackA_prob11_rescue_with_familyB_tail_freeze_on_v290.py --algorithm name=hh,version=v304_full,path=ogc2026/baseline/alg_versions/reboot_v304_20260629_trackA_prob13like_subprocess_fallback_on_v298.py --problem train/prob_1.json --problem train/prob_2.json --problem train/prob_3.json --problem train/prob_4.json --problem train/prob_5.json --problem train/prob_6.json --problem train/prob_7.json --problem train/prob_8.json --problem train/prob_9.json --problem train/prob_10.json --problem train/prob_11.json --problem train/prob_12.json --problem train/prob_13.json --problem train/prob_14.json --problem train/prob_15.json --problem train/prob_16.json --problem train/prob_17.json --problem train/prob_18.json --problem train/prob_19.json --problem train/prob_20.json --problem train/prob_21.json --problem train/prob_22.json --problem train/prob_23.json --problem train/prob_24.json --problem train/prob_25.json --problem train/prob_26.json --problem train/prob_27.json --problem train/prob_28.json --problem train/prob_29.json --problem train/prob_30.json --problem train/prob_31.json --problem train/prob_32.json --problem train/prob_33.json --problem train/prob_34.json --problem train/prob_35.json --problem train/prob_36.json --problem train/prob_37.json --problem train/prob_38.json --problem train/prob_39.json --problem train/prob_40.json --timelimit 60 --run-id full_compare_v304_vs_v298_train40_20260629_001 --out-dir reports/ogc2026_reboot_v001/full_compare_v304_vs_v298_train40_20260629_001 --cumulative-csv reports/ogc2026_reboot_v001/benchmark_results_reboot_v304_full_compare.csv --require-fresh-cumulative"
2026-06-29T21:12:34,full_compare_v304_vs_v298_train40_20260629_001,hh_active,v298_direct_full,ogc2026\baseline\alg_versions\reboot_v298_20260629_trackA_prob11_rescue_with_familyB_tail_freeze_on_v290.py,653a22733fa06d48ca9620ea9200f9767c1f55700d6bd4ae079d8a49f827fa35,9dfaa0ac5fa3e0f16fdfb0890e11b4cb64ea59b8edee029a9c4f13a2c52538b0,hh_algorithm_loop,c65b7d3b,True,prob_23.json,60.000000,60.000000,20.000000,90.000000,true,false,true,true,true,5,20686068.0,20686068.0,20686068.0,1497.0,35,1940.0,25.299900,24.892822980880737,100,100,2,,reports\ogc2026_reboot_v001\full_compare_v304_vs_v298_train40_20260629_001\solutions\hh_active__v298_direct_full\prob_23.solution.json,reports\ogc2026_reboot_v001\full_compare_v304_vs_v298_train40_20260629_001\logs\hh_active__v298_direct_full\prob_23.log,PASS objective=20686068.0 obj1=1497.0 obj2=35 obj3=1940.0,"C:\Python314\python.exe ogc2026/batchrunner/benchmark.py --algorithm name=hh_active,version=v298_direct_full,path=ogc2026/baseline/alg_versions/reboot_v298_20260629_trackA_prob11_rescue_with_familyB_tail_freeze_on_v290.py --algorithm name=hh,version=v304_full,path=ogc2026/baseline/alg_versions/reboot_v304_20260629_trackA_prob13like_subprocess_fallback_on_v298.py --problem train/prob_1.json --problem train/prob_2.json --problem train/prob_3.json --problem train/prob_4.json --problem train/prob_5.json --problem train/prob_6.json --problem train/prob_7.json --problem train/prob_8.json --problem train/prob_9.json --problem train/prob_10.json --problem train/prob_11.json --problem train/prob_12.json --problem train/prob_13.json --problem train/prob_14.json --problem train/prob_15.json --problem train/prob_16.json --problem train/prob_17.json --problem train/prob_18.json --problem train/prob_19.json --problem train/prob_20.json --problem train/prob_21.json --problem train/prob_22.json --problem train/prob_23.json --problem train/prob_24.json --problem train/prob_25.json --problem train/prob_26.json --problem train/prob_27.json --problem train/prob_28.json --problem train/prob_29.json --problem train/prob_30.json --problem train/prob_31.json --problem train/prob_32.json --problem train/prob_33.json --problem train/prob_34.json --problem train/prob_35.json --problem train/prob_36.json --problem train/prob_37.json --problem train/prob_38.json --problem train/prob_39.json --problem train/prob_40.json --timelimit 60 --run-id full_compare_v304_vs_v298_train40_20260629_001 --out-dir reports/ogc2026_reboot_v001/full_compare_v304_vs_v298_train40_20260629_001 --cumulative-csv reports/ogc2026_reboot_v001/benchmark_results_reboot_v304_full_compare.csv --require-fresh-cumulative"
2026-06-29T21:12:34,full_compare_v304_vs_v298_train40_20260629_001,hh_active,v298_direct_full,ogc2026\baseline\alg_versions\reboot_v298_20260629_trackA_prob11_rescue_with_familyB_tail_freeze_on_v290.py,653a22733fa06d48ca9620ea9200f9767c1f55700d6bd4ae079d8a49f827fa35,9dfaa0ac5fa3e0f16fdfb0890e11b4cb64ea59b8edee029a9c4f13a2c52538b0,hh_algorithm_loop,c65b7d3b,True,prob_24.json,60.000000,60.000000,20.000000,90.000000,true,false,true,true,true,5,2981583.0,2981583.0,2981583.0,166.0,1381,2538.0,36.205338,36.06052899360657,100,100,3,,reports\ogc2026_reboot_v001\full_compare_v304_vs_v298_train40_20260629_001\solutions\hh_active__v298_direct_full\prob_24.solution.json,reports\ogc2026_reboot_v001\full_compare_v304_vs_v298_train40_20260629_001\logs\hh_active__v298_direct_full\prob_24.log,PASS objective=2981583.0 obj1=166.0 obj2=1381 obj3=2538.0,"C:\Python314\python.exe ogc2026/batchrunner/benchmark.py --algorithm name=hh_active,version=v298_direct_full,path=ogc2026/baseline/alg_versions/reboot_v298_20260629_trackA_prob11_rescue_with_familyB_tail_freeze_on_v290.py --algorithm name=hh,version=v304_full,path=ogc2026/baseline/alg_versions/reboot_v304_20260629_trackA_prob13like_subprocess_fallback_on_v298.py --problem train/prob_1.json --problem train/prob_2.json --problem train/prob_3.json --problem train/prob_4.json --problem train/prob_5.json --problem train/prob_6.json --problem train/prob_7.json --problem train/prob_8.json --problem train/prob_9.json --problem train/prob_10.json --problem train/prob_11.json --problem train/prob_12.json --problem train/prob_13.json --problem train/prob_14.json --problem train/prob_15.json --problem train/prob_16.json --problem train/prob_17.json --problem train/prob_18.json --problem train/prob_19.json --problem train/prob_20.json --problem train/prob_21.json --problem train/prob_22.json --problem train/prob_23.json --problem train/prob_24.json --problem train/prob_25.json --problem train/prob_26.json --problem train/prob_27.json --problem train/prob_28.json --problem train/prob_29.json --problem train/prob_30.json --problem train/prob_31.json --problem train/prob_32.json --problem train/prob_33.json --problem train/prob_34.json --problem train/prob_35.json --problem train/prob_36.json --problem train/prob_37.json --problem train/prob_38.json --problem train/prob_39.json --problem train/prob_40.json --timelimit 60 --run-id full_compare_v304_vs_v298_train40_20260629_001 --out-dir reports/ogc2026_reboot_v001/full_compare_v304_vs_v298_train40_20260629_001 --cumulative-csv reports/ogc2026_reboot_v001/benchmark_results_reboot_v304_full_compare.csv --require-fresh-cumulative"
2026-06-29T21:12:34,full_compare_v304_vs_v298_train40_20260629_001,hh_active,v298_direct_full,ogc2026\baseline\alg_versions\reboot_v298_20260629_trackA_prob11_rescue_with_familyB_tail_freeze_on_v290.py,653a22733fa06d48ca9620ea9200f9767c1f55700d6bd4ae079d8a49f827fa35,9dfaa0ac5fa3e0f16fdfb0890e11b4cb64ea59b8edee029a9c4f13a2c52538b0,hh_algorithm_loop,c65b7d3b,True,prob_25.json,60.000000,60.000000,20.000000,90.000000,true,false,true,true,true,5,1454484.0,1454484.0,1454484.0,2089.0,241,3044.0,31.406094,31.273648023605347,100,100,2,,reports\ogc2026_reboot_v001\full_compare_v304_vs_v298_train40_20260629_001\solutions\hh_active__v298_direct_full\prob_25.solution.json,reports\ogc2026_reboot_v001\full_compare_v304_vs_v298_train40_20260629_001\logs\hh_active__v298_direct_full\prob_25.log,PASS objective=1454484.0 obj1=2089.0 obj2=241 obj3=3044.0,"C:\Python314\python.exe ogc2026/batchrunner/benchmark.py --algorithm name=hh_active,version=v298_direct_full,path=ogc2026/baseline/alg_versions/reboot_v298_20260629_trackA_prob11_rescue_with_familyB_tail_freeze_on_v290.py --algorithm name=hh,version=v304_full,path=ogc2026/baseline/alg_versions/reboot_v304_20260629_trackA_prob13like_subprocess_fallback_on_v298.py --problem train/prob_1.json --problem train/prob_2.json --problem train/prob_3.json --problem train/prob_4.json --problem train/prob_5.json --problem train/prob_6.json --problem train/prob_7.json --problem train/prob_8.json --problem train/prob_9.json --problem train/prob_10.json --problem train/prob_11.json --problem train/prob_12.json --problem train/prob_13.json --problem train/prob_14.json --problem train/prob_15.json --problem train/prob_16.json --problem train/prob_17.json --problem train/prob_18.json --problem train/prob_19.json --problem train/prob_20.json --problem train/prob_21.json --problem train/prob_22.json --problem train/prob_23.json --problem train/prob_24.json --problem train/prob_25.json --problem train/prob_26.json --problem train/prob_27.json --problem train/prob_28.json --problem train/prob_29.json --problem train/prob_30.json --problem train/prob_31.json --problem train/prob_32.json --problem train/prob_33.json --problem train/prob_34.json --problem train/prob_35.json --problem train/prob_36.json --problem train/prob_37.json --problem train/prob_38.json --problem train/prob_39.json --problem train/prob_40.json --timelimit 60 --run-id full_compare_v304_vs_v298_train40_20260629_001 --out-dir reports/ogc2026_reboot_v001/full_compare_v304_vs_v298_train40_20260629_001 --cumulative-csv reports/ogc2026_reboot_v001/benchmark_results_reboot_v304_full_compare.csv --require-fresh-cumulative"
2026-06-29T21:12:34,full_compare_v304_vs_v298_train40_20260629_001,hh_active,v298_direct_full,ogc2026\baseline\alg_versions\reboot_v298_20260629_trackA_prob11_rescue_with_familyB_tail_freeze_on_v290.py,653a22733fa06d48ca9620ea9200f9767c1f55700d6bd4ae079d8a49f827fa35,9dfaa0ac5fa3e0f16fdfb0890e11b4cb64ea59b8edee029a9c4f13a2c52538b0,hh_algorithm_loop,c65b7d3b,True,prob_26.json,60.000000,60.000000,20.000000,90.000000,true,false,true,true,true,5,31708207.0,31708207.0,31708207.0,2305.0,2556,6385.0,25.857950,25.713603019714355,150,150,3,,reports\ogc2026_reboot_v001\full_compare_v304_vs_v298_train40_20260629_001\solutions\hh_active__v298_direct_full\prob_26.solution.json,reports\ogc2026_reboot_v001\full_compare_v304_vs_v298_train40_20260629_001\logs\hh_active__v298_direct_full\prob_26.log,PASS objective=31708207.0 obj1=2305.0 obj2=2556 obj3=6385.0,"C:\Python314\python.exe ogc2026/batchrunner/benchmark.py --algorithm name=hh_active,version=v298_direct_full,path=ogc2026/baseline/alg_versions/reboot_v298_20260629_trackA_prob11_rescue_with_familyB_tail_freeze_on_v290.py --algorithm name=hh,version=v304_full,path=ogc2026/baseline/alg_versions/reboot_v304_20260629_trackA_prob13like_subprocess_fallback_on_v298.py --problem train/prob_1.json --problem train/prob_2.json --problem train/prob_3.json --problem train/prob_4.json --problem train/prob_5.json --problem train/prob_6.json --problem train/prob_7.json --problem train/prob_8.json --problem train/prob_9.json --problem train/prob_10.json --problem train/prob_11.json --problem train/prob_12.json --problem train/prob_13.json --problem train/prob_14.json --problem train/prob_15.json --problem train/prob_16.json --problem train/prob_17.json --problem train/prob_18.json --problem train/prob_19.json --problem train/prob_20.json --problem train/prob_21.json --problem train/prob_22.json --problem train/prob_23.json --problem train/prob_24.json --problem train/prob_25.json --problem train/prob_26.json --problem train/prob_27.json --problem train/prob_28.json --problem train/prob_29.json --problem train/prob_30.json --problem train/prob_31.json --problem train/prob_32.json --problem train/prob_33.json --problem train/prob_34.json --problem train/prob_35.json --problem train/prob_36.json --problem train/prob_37.json --problem train/prob_38.json --problem train/prob_39.json --problem train/prob_40.json --timelimit 60 --run-id full_compare_v304_vs_v298_train40_20260629_001 --out-dir reports/ogc2026_reboot_v001/full_compare_v304_vs_v298_train40_20260629_001 --cumulative-csv reports/ogc2026_reboot_v001/benchmark_results_reboot_v304_full_compare.csv --require-fresh-cumulative"
2026-06-29T21:12:34,full_compare_v304_vs_v298_train40_20260629_001,hh_active,v298_direct_full,ogc2026\baseline\alg_versions\reboot_v298_20260629_trackA_prob11_rescue_with_familyB_tail_freeze_on_v290.py,653a22733fa06d48ca9620ea9200f9767c1f55700d6bd4ae079d8a49f827fa35,9dfaa0ac5fa3e0f16fdfb0890e11b4cb64ea59b8edee029a9c4f13a2c52538b0,hh_algorithm_loop,c65b7d3b,True,prob_27.json,60.000000,60.000000,20.000000,90.000000,true,false,true,true,true,5,75028700.0,75028700.0,75028700.0,5456.0,1926,5700.0,46.276973,45.864814043045044,150,150,2,,reports\ogc2026_reboot_v001\full_compare_v304_vs_v298_train40_20260629_001\solutions\hh_active__v298_direct_full\prob_27.solution.json,reports\ogc2026_reboot_v001\full_compare_v304_vs_v298_train40_20260629_001\logs\hh_active__v298_direct_full\prob_27.log,PASS objective=75028700.0 obj1=5456.0 obj2=1926 obj3=5700.0,"C:\Python314\python.exe ogc2026/batchrunner/benchmark.py --algorithm name=hh_active,version=v298_direct_full,path=ogc2026/baseline/alg_versions/reboot_v298_20260629_trackA_prob11_rescue_with_familyB_tail_freeze_on_v290.py --algorithm name=hh,version=v304_full,path=ogc2026/baseline/alg_versions/reboot_v304_20260629_trackA_prob13like_subprocess_fallback_on_v298.py --problem train/prob_1.json --problem train/prob_2.json --problem train/prob_3.json --problem train/prob_4.json --problem train/prob_5.json --problem train/prob_6.json --problem train/prob_7.json --problem train/prob_8.json --problem train/prob_9.json --problem train/prob_10.json --problem train/prob_11.json --problem train/prob_12.json --problem train/prob_13.json --problem train/prob_14.json --problem train/prob_15.json --problem train/prob_16.json --problem train/prob_17.json --problem train/prob_18.json --problem train/prob_19.json --problem train/prob_20.json --problem train/prob_21.json --problem train/prob_22.json --problem train/prob_23.json --problem train/prob_24.json --problem train/prob_25.json --problem train/prob_26.json --problem train/prob_27.json --problem train/prob_28.json --problem train/prob_29.json --problem train/prob_30.json --problem train/prob_31.json --problem train/prob_32.json --problem train/prob_33.json --problem train/prob_34.json --problem train/prob_35.json --problem train/prob_36.json --problem train/prob_37.json --problem train/prob_38.json --problem train/prob_39.json --problem train/prob_40.json --timelimit 60 --run-id full_compare_v304_vs_v298_train40_20260629_001 --out-dir reports/ogc2026_reboot_v001/full_compare_v304_vs_v298_train40_20260629_001 --cumulative-csv reports/ogc2026_reboot_v001/benchmark_results_reboot_v304_full_compare.csv --require-fresh-cumulative"
2026-06-29T21:12:34,full_compare_v304_vs_v298_train40_20260629_001,hh_active,v298_direct_full,ogc2026\baseline\alg_versions\reboot_v298_20260629_trackA_prob11_rescue_with_familyB_tail_freeze_on_v290.py,653a22733fa06d48ca9620ea9200f9767c1f55700d6bd4ae079d8a49f827fa35,9dfaa0ac5fa3e0f16fdfb0890e11b4cb64ea59b8edee029a9c4f13a2c52538b0,hh_algorithm_loop,c65b7d3b,True,prob_28.json,60.000000,60.000000,20.000000,90.000000,true,false,true,true,true,5,18836666.0,18836666.0,18836666.0,1310.0,1012,4558.0,26.930324,26.790767908096313,150,150,3,,reports\ogc2026_reboot_v001\full_compare_v304_vs_v298_train40_20260629_001\solutions\hh_active__v298_direct_full\prob_28.solution.json,reports\ogc2026_reboot_v001\full_compare_v304_vs_v298_train40_20260629_001\logs\hh_active__v298_direct_full\prob_28.log,PASS objective=18836666.0 obj1=1310.0 obj2=1012 obj3=4558.0,"C:\Python314\python.exe ogc2026/batchrunner/benchmark.py --algorithm name=hh_active,version=v298_direct_full,path=ogc2026/baseline/alg_versions/reboot_v298_20260629_trackA_prob11_rescue_with_familyB_tail_freeze_on_v290.py --algorithm name=hh,version=v304_full,path=ogc2026/baseline/alg_versions/reboot_v304_20260629_trackA_prob13like_subprocess_fallback_on_v298.py --problem train/prob_1.json --problem train/prob_2.json --problem train/prob_3.json --problem train/prob_4.json --problem train/prob_5.json --problem train/prob_6.json --problem train/prob_7.json --problem train/prob_8.json --problem train/prob_9.json --problem train/prob_10.json --problem train/prob_11.json --problem train/prob_12.json --problem train/prob_13.json --problem train/prob_14.json --problem train/prob_15.json --problem train/prob_16.json --problem train/prob_17.json --problem train/prob_18.json --problem train/prob_19.json --problem train/prob_20.json --problem train/prob_21.json --problem train/prob_22.json --problem train/prob_23.json --problem train/prob_24.json --problem train/prob_25.json --problem train/prob_26.json --problem train/prob_27.json --problem train/prob_28.json --problem train/prob_29.json --problem train/prob_30.json --problem train/prob_31.json --problem train/prob_32.json --problem train/prob_33.json --problem train/prob_34.json --problem train/prob_35.json --problem train/prob_36.json --problem train/prob_37.json --problem train/prob_38.json --problem train/prob_39.json --problem train/prob_40.json --timelimit 60 --run-id full_compare_v304_vs_v298_train40_20260629_001 --out-dir reports/ogc2026_reboot_v001/full_compare_v304_vs_v298_train40_20260629_001 --cumulative-csv reports/ogc2026_reboot_v001/benchmark_results_reboot_v304_full_compare.csv --require-fresh-cumulative"
2026-06-29T21:12:34,full_compare_v304_vs_v298_train40_20260629_001,hh_active,v298_direct_full,ogc2026\baseline\alg_versions\reboot_v298_20260629_trackA_prob11_rescue_with_familyB_tail_freeze_on_v290.py,653a22733fa06d48ca9620ea9200f9767c1f55700d6bd4ae079d8a49f827fa35,9dfaa0ac5fa3e0f16fdfb0890e11b4cb64ea59b8edee029a9c4f13a2c52538b0,hh_algorithm_loop,c65b7d3b,True,prob_29.json,60.000000,60.000000,20.000000,90.000000,true,false,true,true,true,5,7782572.0,7782572.0,7782572.0,446.0,3918,6081.0,31.668545,31.53082585334778,150,150,3,,reports\ogc2026_reboot_v001\full_compare_v304_vs_v298_train40_20260629_001\solutions\hh_active__v298_direct_full\prob_29.solution.json,reports\ogc2026_reboot_v001\full_compare_v304_vs_v298_train40_20260629_001\logs\hh_active__v298_direct_full\prob_29.log,PASS objective=7782572.0 obj1=446.0 obj2=3918 obj3=6081.0,"C:\Python314\python.exe ogc2026/batchrunner/benchmark.py --algorithm name=hh_active,version=v298_direct_full,path=ogc2026/baseline/alg_versions/reboot_v298_20260629_trackA_prob11_rescue_with_familyB_tail_freeze_on_v290.py --algorithm name=hh,version=v304_full,path=ogc2026/baseline/alg_versions/reboot_v304_20260629_trackA_prob13like_subprocess_fallback_on_v298.py --problem train/prob_1.json --problem train/prob_2.json --problem train/prob_3.json --problem train/prob_4.json --problem train/prob_5.json --problem train/prob_6.json --problem train/prob_7.json --problem train/prob_8.json --problem train/prob_9.json --problem train/prob_10.json --problem train/prob_11.json --problem train/prob_12.json --problem train/prob_13.json --problem train/prob_14.json --problem train/prob_15.json --problem train/prob_16.json --problem train/prob_17.json --problem train/prob_18.json --problem train/prob_19.json --problem train/prob_20.json --problem train/prob_21.json --problem train/prob_22.json --problem train/prob_23.json --problem train/prob_24.json --problem train/prob_25.json --problem train/prob_26.json --problem train/prob_27.json --problem train/prob_28.json --problem train/prob_29.json --problem train/prob_30.json --problem train/prob_31.json --problem train/prob_32.json --problem train/prob_33.json --problem train/prob_34.json --problem train/prob_35.json --problem train/prob_36.json --problem train/prob_37.json --problem train/prob_38.json --problem train/prob_39.json --problem train/prob_40.json --timelimit 60 --run-id full_compare_v304_vs_v298_train40_20260629_001 --out-dir reports/ogc2026_reboot_v001/full_compare_v304_vs_v298_train40_20260629_001 --cumulative-csv reports/ogc2026_reboot_v001/benchmark_results_reboot_v304_full_compare.csv --require-fresh-cumulative"
2026-06-29T21:12:34,full_compare_v304_vs_v298_train40_20260629_001,hh_active,v298_direct_full,ogc2026\baseline\alg_versions\reboot_v298_20260629_trackA_prob11_rescue_with_familyB_tail_freeze_on_v290.py,653a22733fa06d48ca9620ea9200f9767c1f55700d6bd4ae079d8a49f827fa35,9dfaa0ac5fa3e0f16fdfb0890e11b4cb64ea59b8edee029a9c4f13a2c52538b0,hh_algorithm_loop,c65b7d3b,True,prob_30.json,60.000000,60.000000,20.000000,90.000000,true,false,true,true,true,5,31302610.0,31302610.0,31302610.0,2302.0,3211,2986.0,17.037331,16.8966326713562,150,150,2,,reports\ogc2026_reboot_v001\full_compare_v304_vs_v298_train40_20260629_001\solutions\hh_active__v298_direct_full\prob_30.solution.json,reports\ogc2026_reboot_v001\full_compare_v304_vs_v298_train40_20260629_001\logs\hh_active__v298_direct_full\prob_30.log,PASS objective=31302610.0 obj1=2302.0 obj2=3211 obj3=2986.0,"C:\Python314\python.exe ogc2026/batchrunner/benchmark.py --algorithm name=hh_active,version=v298_direct_full,path=ogc2026/baseline/alg_versions/reboot_v298_20260629_trackA_prob11_rescue_with_familyB_tail_freeze_on_v290.py --algorithm name=hh,version=v304_full,path=ogc2026/baseline/alg_versions/reboot_v304_20260629_trackA_prob13like_subprocess_fallback_on_v298.py --problem train/prob_1.json --problem train/prob_2.json --problem train/prob_3.json --problem train/prob_4.json --problem train/prob_5.json --problem train/prob_6.json --problem train/prob_7.json --problem train/prob_8.json --problem train/prob_9.json --problem train/prob_10.json --problem train/prob_11.json --problem train/prob_12.json --problem train/prob_13.json --problem train/prob_14.json --problem train/prob_15.json --problem train/prob_16.json --problem train/prob_17.json --problem train/prob_18.json --problem train/prob_19.json --problem train/prob_20.json --problem train/prob_21.json --problem train/prob_22.json --problem train/prob_23.json --problem train/prob_24.json --problem train/prob_25.json --problem train/prob_26.json --problem train/prob_27.json --problem train/prob_28.json --problem train/prob_29.json --problem train/prob_30.json --problem train/prob_31.json --problem train/prob_32.json --problem train/prob_33.json --problem train/prob_34.json --problem train/prob_35.json --problem train/prob_36.json --problem train/prob_37.json --problem train/prob_38.json --problem train/prob_39.json --problem train/prob_40.json --timelimit 60 --run-id full_compare_v304_vs_v298_train40_20260629_001 --out-dir reports/ogc2026_reboot_v001/full_compare_v304_vs_v298_train40_20260629_001 --cumulative-csv reports/ogc2026_reboot_v001/benchmark_results_reboot_v304_full_compare.csv --require-fresh-cumulative"
2026-06-29T21:12:34,full_compare_v304_vs_v298_train40_20260629_001,hh_active,v298_direct_full,ogc2026\baseline\alg_versions\reboot_v298_20260629_trackA_prob11_rescue_with_familyB_tail_freeze_on_v290.py,653a22733fa06d48ca9620ea9200f9767c1f55700d6bd4ae079d8a49f827fa35,9dfaa0ac5fa3e0f16fdfb0890e11b4cb64ea59b8edee029a9c4f13a2c52538b0,hh_algorithm_loop,c65b7d3b,True,prob_31.json,60.000000,60.000000,20.000000,90.000000,true,false,true,true,true,5,39589844.0,39589844.0,39589844.0,2735.0,1843,11680.0,53.413615,52.984654664993286,200,200,4,,reports\ogc2026_reboot_v001\full_compare_v304_vs_v298_train40_20260629_001\solutions\hh_active__v298_direct_full\prob_31.solution.json,reports\ogc2026_reboot_v001\full_compare_v304_vs_v298_train40_20260629_001\logs\hh_active__v298_direct_full\prob_31.log,PASS objective=39589844.0 obj1=2735.0 obj2=1843 obj3=11680.0,"C:\Python314\python.exe ogc2026/batchrunner/benchmark.py --algorithm name=hh_active,version=v298_direct_full,path=ogc2026/baseline/alg_versions/reboot_v298_20260629_trackA_prob11_rescue_with_familyB_tail_freeze_on_v290.py --algorithm name=hh,version=v304_full,path=ogc2026/baseline/alg_versions/reboot_v304_20260629_trackA_prob13like_subprocess_fallback_on_v298.py --problem train/prob_1.json --problem train/prob_2.json --problem train/prob_3.json --problem train/prob_4.json --problem train/prob_5.json --problem train/prob_6.json --problem train/prob_7.json --problem train/prob_8.json --problem train/prob_9.json --problem train/prob_10.json --problem train/prob_11.json --problem train/prob_12.json --problem train/prob_13.json --problem train/prob_14.json --problem train/prob_15.json --problem train/prob_16.json --problem train/prob_17.json --problem train/prob_18.json --problem train/prob_19.json --problem train/prob_20.json --problem train/prob_21.json --problem train/prob_22.json --problem train/prob_23.json --problem train/prob_24.json --problem train/prob_25.json --problem train/prob_26.json --problem train/prob_27.json --problem train/prob_28.json --problem train/prob_29.json --problem train/prob_30.json --problem train/prob_31.json --problem train/prob_32.json --problem train/prob_33.json --problem train/prob_34.json --problem train/prob_35.json --problem train/prob_36.json --problem train/prob_37.json --problem train/prob_38.json --problem train/prob_39.json --problem train/prob_40.json --timelimit 60 --run-id full_compare_v304_vs_v298_train40_20260629_001 --out-dir reports/ogc2026_reboot_v001/full_compare_v304_vs_v298_train40_20260629_001 --cumulative-csv reports/ogc2026_reboot_v001/benchmark_results_reboot_v304_full_compare.csv --require-fresh-cumulative"
2026-06-29T21:12:34,full_compare_v304_vs_v298_train40_20260629_001,hh_active,v298_direct_full,ogc2026\baseline\alg_versions\reboot_v298_20260629_trackA_prob11_rescue_with_familyB_tail_freeze_on_v290.py,653a22733fa06d48ca9620ea9200f9767c1f55700d6bd4ae079d8a49f827fa35,9dfaa0ac5fa3e0f16fdfb0890e11b4cb64ea59b8edee029a9c4f13a2c52538b0,hh_algorithm_loop,c65b7d3b,True,prob_32.json,60.000000,60.000000,20.000000,90.000000,true,false,true,true,true,5,12781706.0,12781706.0,12781706.0,2992.0,2434,4662.0,48.817228,48.6623055934906,200,200,3,,reports\ogc2026_reboot_v001\full_compare_v304_vs_v298_train40_20260629_001\solutions\hh_active__v298_direct_full\prob_32.solution.json,reports\ogc2026_reboot_v001\full_compare_v304_vs_v298_train40_20260629_001\logs\hh_active__v298_direct_full\prob_32.log,PASS objective=12781706.0 obj1=2992.0 obj2=2434 obj3=4662.0,"C:\Python314\python.exe ogc2026/batchrunner/benchmark.py --algorithm name=hh_active,version=v298_direct_full,path=ogc2026/baseline/alg_versions/reboot_v298_20260629_trackA_prob11_rescue_with_familyB_tail_freeze_on_v290.py --algorithm name=hh,version=v304_full,path=ogc2026/baseline/alg_versions/reboot_v304_20260629_trackA_prob13like_subprocess_fallback_on_v298.py --problem train/prob_1.json --problem train/prob_2.json --problem train/prob_3.json --problem train/prob_4.json --problem train/prob_5.json --problem train/prob_6.json --problem train/prob_7.json --problem train/prob_8.json --problem train/prob_9.json --problem train/prob_10.json --problem train/prob_11.json --problem train/prob_12.json --problem train/prob_13.json --problem train/prob_14.json --problem train/prob_15.json --problem train/prob_16.json --problem train/prob_17.json --problem train/prob_18.json --problem train/prob_19.json --problem train/prob_20.json --problem train/prob_21.json --problem train/prob_22.json --problem train/prob_23.json --problem train/prob_24.json --problem train/prob_25.json --problem train/prob_26.json --problem train/prob_27.json --problem train/prob_28.json --problem train/prob_29.json --problem train/prob_30.json --problem train/prob_31.json --problem train/prob_32.json --problem train/prob_33.json --problem train/prob_34.json --problem train/prob_35.json --problem train/prob_36.json --problem train/prob_37.json --problem train/prob_38.json --problem train/prob_39.json --problem train/prob_40.json --timelimit 60 --run-id full_compare_v304_vs_v298_train40_20260629_001 --out-dir reports/ogc2026_reboot_v001/full_compare_v304_vs_v298_train40_20260629_001 --cumulative-csv reports/ogc2026_reboot_v001/benchmark_results_reboot_v304_full_compare.csv --require-fresh-cumulative"
2026-06-29T21:12:34,full_compare_v304_vs_v298_train40_20260629_001,hh_active,v298_direct_full,ogc2026\baseline\alg_versions\reboot_v298_20260629_trackA_prob11_rescue_with_familyB_tail_freeze_on_v290.py,653a22733fa06d48ca9620ea9200f9767c1f55700d6bd4ae079d8a49f827fa35,9dfaa0ac5fa3e0f16fdfb0890e11b4cb64ea59b8edee029a9c4f13a2c52538b0,hh_algorithm_loop,c65b7d3b,True,prob_33.json,60.000000,60.000000,20.000000,90.000000,true,false,true,true,true,5,26172225.0,26172225.0,26172225.0,3805.0,1094,5289.0,38.614199,38.467246770858765,200,200,3,,reports\ogc2026_reboot_v001\full_compare_v304_vs_v298_train40_20260629_001\solutions\hh_active__v298_direct_full\prob_33.solution.json,reports\ogc2026_reboot_v001\full_compare_v304_vs_v298_train40_20260629_001\logs\hh_active__v298_direct_full\prob_33.log,PASS objective=26172225.0 obj1=3805.0 obj2=1094 obj3=5289.0,"C:\Python314\python.exe ogc2026/batchrunner/benchmark.py --algorithm name=hh_active,version=v298_direct_full,path=ogc2026/baseline/alg_versions/reboot_v298_20260629_trackA_prob11_rescue_with_familyB_tail_freeze_on_v290.py --algorithm name=hh,version=v304_full,path=ogc2026/baseline/alg_versions/reboot_v304_20260629_trackA_prob13like_subprocess_fallback_on_v298.py --problem train/prob_1.json --problem train/prob_2.json --problem train/prob_3.json --problem train/prob_4.json --problem train/prob_5.json --problem train/prob_6.json --problem train/prob_7.json --problem train/prob_8.json --problem train/prob_9.json --problem train/prob_10.json --problem train/prob_11.json --problem train/prob_12.json --problem train/prob_13.json --problem train/prob_14.json --problem train/prob_15.json --problem train/prob_16.json --problem train/prob_17.json --problem train/prob_18.json --problem train/prob_19.json --problem train/prob_20.json --problem train/prob_21.json --problem train/prob_22.json --problem train/prob_23.json --problem train/prob_24.json --problem train/prob_25.json --problem train/prob_26.json --problem train/prob_27.json --problem train/prob_28.json --problem train/prob_29.json --problem train/prob_30.json --problem train/prob_31.json --problem train/prob_32.json --problem train/prob_33.json --problem train/prob_34.json --problem train/prob_35.json --problem train/prob_36.json --problem train/prob_37.json --problem train/prob_38.json --problem train/prob_39.json --problem train/prob_40.json --timelimit 60 --run-id full_compare_v304_vs_v298_train40_20260629_001 --out-dir reports/ogc2026_reboot_v001/full_compare_v304_vs_v298_train40_20260629_001 --cumulative-csv reports/ogc2026_reboot_v001/benchmark_results_reboot_v304_full_compare.csv --require-fresh-cumulative"
2026-06-29T21:12:34,full_compare_v304_vs_v298_train40_20260629_001,hh_active,v298_direct_full,ogc2026\baseline\alg_versions\reboot_v298_20260629_trackA_prob11_rescue_with_familyB_tail_freeze_on_v290.py,653a22733fa06d48ca9620ea9200f9767c1f55700d6bd4ae079d8a49f827fa35,9dfaa0ac5fa3e0f16fdfb0890e11b4cb64ea59b8edee029a9c4f13a2c52538b0,hh_algorithm_loop,c65b7d3b,True,prob_34.json,60.000000,60.000000,20.000000,90.000000,true,false,true,true,true,5,8002714.0,8002714.0,8002714.0,1595.0,2702,5005.0,29.149831,28.986907482147217,200,200,4,,reports\ogc2026_reboot_v001\full_compare_v304_vs_v298_train40_20260629_001\solutions\hh_active__v298_direct_full\prob_34.solution.json,reports\ogc2026_reboot_v001\full_compare_v304_vs_v298_train40_20260629_001\logs\hh_active__v298_direct_full\prob_34.log,PASS objective=8002714.0 obj1=1595.0 obj2=2702 obj3=5005.0,"C:\Python314\python.exe ogc2026/batchrunner/benchmark.py --algorithm name=hh_active,version=v298_direct_full,path=ogc2026/baseline/alg_versions/reboot_v298_20260629_trackA_prob11_rescue_with_familyB_tail_freeze_on_v290.py --algorithm name=hh,version=v304_full,path=ogc2026/baseline/alg_versions/reboot_v304_20260629_trackA_prob13like_subprocess_fallback_on_v298.py --problem train/prob_1.json --problem train/prob_2.json --problem train/prob_3.json --problem train/prob_4.json --problem train/prob_5.json --problem train/prob_6.json --problem train/prob_7.json --problem train/prob_8.json --problem train/prob_9.json --problem train/prob_10.json --problem train/prob_11.json --problem train/prob_12.json --problem train/prob_13.json --problem train/prob_14.json --problem train/prob_15.json --problem train/prob_16.json --problem train/prob_17.json --problem train/prob_18.json --problem train/prob_19.json --problem train/prob_20.json --problem train/prob_21.json --problem train/prob_22.json --problem train/prob_23.json --problem train/prob_24.json --problem train/prob_25.json --problem train/prob_26.json --problem train/prob_27.json --problem train/prob_28.json --problem train/prob_29.json --problem train/prob_30.json --problem train/prob_31.json --problem train/prob_32.json --problem train/prob_33.json --problem train/prob_34.json --problem train/prob_35.json --problem train/prob_36.json --problem train/prob_37.json --problem train/prob_38.json --problem train/prob_39.json --problem train/prob_40.json --timelimit 60 --run-id full_compare_v304_vs_v298_train40_20260629_001 --out-dir reports/ogc2026_reboot_v001/full_compare_v304_vs_v298_train40_20260629_001 --cumulative-csv reports/ogc2026_reboot_v001/benchmark_results_reboot_v304_full_compare.csv --require-fresh-cumulative"
2026-06-29T21:12:34,full_compare_v304_vs_v298_train40_20260629_001,hh_active,v298_direct_full,ogc2026\baseline\alg_versions\reboot_v298_20260629_trackA_prob11_rescue_with_familyB_tail_freeze_on_v290.py,653a22733fa06d48ca9620ea9200f9767c1f55700d6bd4ae079d8a49f827fa35,9dfaa0ac5fa3e0f16fdfb0890e11b4cb64ea59b8edee029a9c4f13a2c52538b0,hh_algorithm_loop,c65b7d3b,True,prob_35.json,60.000000,60.000000,20.000000,90.000000,true,false,true,true,true,5,22037108.0,22037108.0,22037108.0,1591.0,8081,5226.0,35.988389,35.57398796081543,200,200,3,,reports\ogc2026_reboot_v001\full_compare_v304_vs_v298_train40_20260629_001\solutions\hh_active__v298_direct_full\prob_35.solution.json,reports\ogc2026_reboot_v001\full_compare_v304_vs_v298_train40_20260629_001\logs\hh_active__v298_direct_full\prob_35.log,PASS objective=22037108.0 obj1=1591.0 obj2=8081 obj3=5226.0,"C:\Python314\python.exe ogc2026/batchrunner/benchmark.py --algorithm name=hh_active,version=v298_direct_full,path=ogc2026/baseline/alg_versions/reboot_v298_20260629_trackA_prob11_rescue_with_familyB_tail_freeze_on_v290.py --algorithm name=hh,version=v304_full,path=ogc2026/baseline/alg_versions/reboot_v304_20260629_trackA_prob13like_subprocess_fallback_on_v298.py --problem train/prob_1.json --problem train/prob_2.json --problem train/prob_3.json --problem train/prob_4.json --problem train/prob_5.json --problem train/prob_6.json --problem train/prob_7.json --problem train/prob_8.json --problem train/prob_9.json --problem train/prob_10.json --problem train/prob_11.json --problem train/prob_12.json --problem train/prob_13.json --problem train/prob_14.json --problem train/prob_15.json --problem train/prob_16.json --problem train/prob_17.json --problem train/prob_18.json --problem train/prob_19.json --problem train/prob_20.json --problem train/prob_21.json --problem train/prob_22.json --problem train/prob_23.json --problem train/prob_24.json --problem train/prob_25.json --problem train/prob_26.json --problem train/prob_27.json --problem train/prob_28.json --problem train/prob_29.json --problem train/prob_30.json --problem train/prob_31.json --problem train/prob_32.json --problem train/prob_33.json --problem train/prob_34.json --problem train/prob_35.json --problem train/prob_36.json --problem train/prob_37.json --problem train/prob_38.json --problem train/prob_39.json --problem train/prob_40.json --timelimit 60 --run-id full_compare_v304_vs_v298_train40_20260629_001 --out-dir reports/ogc2026_reboot_v001/full_compare_v304_vs_v298_train40_20260629_001 --cumulative-csv reports/ogc2026_reboot_v001/benchmark_results_reboot_v304_full_compare.csv --require-fresh-cumulative"
2026-06-29T21:12:34,full_compare_v304_vs_v298_train40_20260629_001,hh_active,v298_direct_full,ogc2026\baseline\alg_versions\reboot_v298_20260629_trackA_prob11_rescue_with_familyB_tail_freeze_on_v290.py,653a22733fa06d48ca9620ea9200f9767c1f55700d6bd4ae079d8a49f827fa35,9dfaa0ac5fa3e0f16fdfb0890e11b4cb64ea59b8edee029a9c4f13a2c52538b0,hh_algorithm_loop,c65b7d3b,True,prob_36.json,60.000000,60.000000,20.000000,90.000000,true,false,true,true,true,5,1499988.0,1499988.0,1499988.0,2010.0,1381,12149.0,49.651260,49.49403262138367,250,250,4,,reports\ogc2026_reboot_v001\full_compare_v304_vs_v298_train40_20260629_001\solutions\hh_active__v298_direct_full\prob_36.solution.json,reports\ogc2026_reboot_v001\full_compare_v304_vs_v298_train40_20260629_001\logs\hh_active__v298_direct_full\prob_36.log,PASS objective=1499988.0 obj1=2010.0 obj2=1381 obj3=12149.0,"C:\Python314\python.exe ogc2026/batchrunner/benchmark.py --algorithm name=hh_active,version=v298_direct_full,path=ogc2026/baseline/alg_versions/reboot_v298_20260629_trackA_prob11_rescue_with_familyB_tail_freeze_on_v290.py --algorithm name=hh,version=v304_full,path=ogc2026/baseline/alg_versions/reboot_v304_20260629_trackA_prob13like_subprocess_fallback_on_v298.py --problem train/prob_1.json --problem train/prob_2.json --problem train/prob_3.json --problem train/prob_4.json --problem train/prob_5.json --problem train/prob_6.json --problem train/prob_7.json --problem train/prob_8.json --problem train/prob_9.json --problem train/prob_10.json --problem train/prob_11.json --problem train/prob_12.json --problem train/prob_13.json --problem train/prob_14.json --problem train/prob_15.json --problem train/prob_16.json --problem train/prob_17.json --problem train/prob_18.json --problem train/prob_19.json --problem train/prob_20.json --problem train/prob_21.json --problem train/prob_22.json --problem train/prob_23.json --problem train/prob_24.json --problem train/prob_25.json --problem train/prob_26.json --problem train/prob_27.json --problem train/prob_28.json --problem train/prob_29.json --problem train/prob_30.json --problem train/prob_31.json --problem train/prob_32.json --problem train/prob_33.json --problem train/prob_34.json --problem train/prob_35.json --problem train/prob_36.json --problem train/prob_37.json --problem train/prob_38.json --problem train/prob_39.json --problem train/prob_40.json --timelimit 60 --run-id full_compare_v304_vs_v298_train40_20260629_001 --out-dir reports/ogc2026_reboot_v001/full_compare_v304_vs_v298_train40_20260629_001 --cumulative-csv reports/ogc2026_reboot_v001/benchmark_results_reboot_v304_full_compare.csv --require-fresh-cumulative"
2026-06-29T21:12:34,full_compare_v304_vs_v298_train40_20260629_001,hh_active,v298_direct_full,ogc2026\baseline\alg_versions\reboot_v298_20260629_trackA_prob11_rescue_with_familyB_tail_freeze_on_v290.py,653a22733fa06d48ca9620ea9200f9767c1f55700d6bd4ae079d8a49f827fa35,9dfaa0ac5fa3e0f16fdfb0890e11b4cb64ea59b8edee029a9c4f13a2c52538b0,hh_algorithm_loop,c65b7d3b,True,prob_37.json,60.000000,60.000000,20.000000,90.000000,true,false,true,true,true,5,17644653.0,17644653.0,17644653.0,3961.0,3660,7380.0,51.402940,51.25275754928589,250,250,3,,reports\ogc2026_reboot_v001\full_compare_v304_vs_v298_train40_20260629_001\solutions\hh_active__v298_direct_full\prob_37.solution.json,reports\ogc2026_reboot_v001\full_compare_v304_vs_v298_train40_20260629_001\logs\hh_active__v298_direct_full\prob_37.log,PASS objective=17644653.0 obj1=3961.0 obj2=3660 obj3=7380.0,"C:\Python314\python.exe ogc2026/batchrunner/benchmark.py --algorithm name=hh_active,version=v298_direct_full,path=ogc2026/baseline/alg_versions/reboot_v298_20260629_trackA_prob11_rescue_with_familyB_tail_freeze_on_v290.py --algorithm name=hh,version=v304_full,path=ogc2026/baseline/alg_versions/reboot_v304_20260629_trackA_prob13like_subprocess_fallback_on_v298.py --problem train/prob_1.json --problem train/prob_2.json --problem train/prob_3.json --problem train/prob_4.json --problem train/prob_5.json --problem train/prob_6.json --problem train/prob_7.json --problem train/prob_8.json --problem train/prob_9.json --problem train/prob_10.json --problem train/prob_11.json --problem train/prob_12.json --problem train/prob_13.json --problem train/prob_14.json --problem train/prob_15.json --problem train/prob_16.json --problem train/prob_17.json --problem train/prob_18.json --problem train/prob_19.json --problem train/prob_20.json --problem train/prob_21.json --problem train/prob_22.json --problem train/prob_23.json --problem train/prob_24.json --problem train/prob_25.json --problem train/prob_26.json --problem train/prob_27.json --problem train/prob_28.json --problem train/prob_29.json --problem train/prob_30.json --problem train/prob_31.json --problem train/prob_32.json --problem train/prob_33.json --problem train/prob_34.json --problem train/prob_35.json --problem train/prob_36.json --problem train/prob_37.json --problem train/prob_38.json --problem train/prob_39.json --problem train/prob_40.json --timelimit 60 --run-id full_compare_v304_vs_v298_train40_20260629_001 --out-dir reports/ogc2026_reboot_v001/full_compare_v304_vs_v298_train40_20260629_001 --cumulative-csv reports/ogc2026_reboot_v001/benchmark_results_reboot_v304_full_compare.csv --require-fresh-cumulative"
2026-06-29T21:12:34,full_compare_v304_vs_v298_train40_20260629_001,hh_active,v298_direct_full,ogc2026\baseline\alg_versions\reboot_v298_20260629_trackA_prob11_rescue_with_familyB_tail_freeze_on_v290.py,653a22733fa06d48ca9620ea9200f9767c1f55700d6bd4ae079d8a49f827fa35,9dfaa0ac5fa3e0f16fdfb0890e11b4cb64ea59b8edee029a9c4f13a2c52538b0,hh_algorithm_loop,c65b7d3b,True,prob_38.json,60.000000,60.000000,20.000000,90.000000,true,false,true,true,true,5,151254848.0,151254848.0,151254848.0,11120.0,3894,9947.0,56.992792,56.843809843063354,250,250,3,,reports\ogc2026_reboot_v001\full_compare_v304_vs_v298_train40_20260629_001\solutions\hh_active__v298_direct_full\prob_38.solution.json,reports\ogc2026_reboot_v001\full_compare_v304_vs_v298_train40_20260629_001\logs\hh_active__v298_direct_full\prob_38.log,PASS objective=151254848.0 obj1=11120.0 obj2=3894 obj3=9947.0,"C:\Python314\python.exe ogc2026/batchrunner/benchmark.py --algorithm name=hh_active,version=v298_direct_full,path=ogc2026/baseline/alg_versions/reboot_v298_20260629_trackA_prob11_rescue_with_familyB_tail_freeze_on_v290.py --algorithm name=hh,version=v304_full,path=ogc2026/baseline/alg_versions/reboot_v304_20260629_trackA_prob13like_subprocess_fallback_on_v298.py --problem train/prob_1.json --problem train/prob_2.json --problem train/prob_3.json --problem train/prob_4.json --problem train/prob_5.json --problem train/prob_6.json --problem train/prob_7.json --problem train/prob_8.json --problem train/prob_9.json --problem train/prob_10.json --problem train/prob_11.json --problem train/prob_12.json --problem train/prob_13.json --problem train/prob_14.json --problem train/prob_15.json --problem train/prob_16.json --problem train/prob_17.json --problem train/prob_18.json --problem train/prob_19.json --problem train/prob_20.json --problem train/prob_21.json --problem train/prob_22.json --problem train/prob_23.json --problem train/prob_24.json --problem train/prob_25.json --problem train/prob_26.json --problem train/prob_27.json --problem train/prob_28.json --problem train/prob_29.json --problem train/prob_30.json --problem train/prob_31.json --problem train/prob_32.json --problem train/prob_33.json --problem train/prob_34.json --problem train/prob_35.json --problem train/prob_36.json --problem train/prob_37.json --problem train/prob_38.json --problem train/prob_39.json --problem train/prob_40.json --timelimit 60 --run-id full_compare_v304_vs_v298_train40_20260629_001 --out-dir reports/ogc2026_reboot_v001/full_compare_v304_vs_v298_train40_20260629_001 --cumulative-csv reports/ogc2026_reboot_v001/benchmark_results_reboot_v304_full_compare.csv --require-fresh-cumulative"
2026-06-29T21:12:34,full_compare_v304_vs_v298_train40_20260629_001,hh_active,v298_direct_full,ogc2026\baseline\alg_versions\reboot_v298_20260629_trackA_prob11_rescue_with_familyB_tail_freeze_on_v290.py,653a22733fa06d48ca9620ea9200f9767c1f55700d6bd4ae079d8a49f827fa35,9dfaa0ac5fa3e0f16fdfb0890e11b4cb64ea59b8edee029a9c4f13a2c52538b0,hh_algorithm_loop,c65b7d3b,True,prob_39.json,60.000000,60.000000,20.000000,90.000000,true,false,true,true,true,5,48160369.0,48160369.0,48160369.0,3521.0,194,8094.0,57.538192,57.11874961853027,250,250,3,,reports\ogc2026_reboot_v001\full_compare_v304_vs_v298_train40_20260629_001\solutions\hh_active__v298_direct_full\prob_39.solution.json,reports\ogc2026_reboot_v001\full_compare_v304_vs_v298_train40_20260629_001\logs\hh_active__v298_direct_full\prob_39.log,PASS objective=48160369.0 obj1=3521.0 obj2=194 obj3=8094.0,"C:\Python314\python.exe ogc2026/batchrunner/benchmark.py --algorithm name=hh_active,version=v298_direct_full,path=ogc2026/baseline/alg_versions/reboot_v298_20260629_trackA_prob11_rescue_with_familyB_tail_freeze_on_v290.py --algorithm name=hh,version=v304_full,path=ogc2026/baseline/alg_versions/reboot_v304_20260629_trackA_prob13like_subprocess_fallback_on_v298.py --problem train/prob_1.json --problem train/prob_2.json --problem train/prob_3.json --problem train/prob_4.json --problem train/prob_5.json --problem train/prob_6.json --problem train/prob_7.json --problem train/prob_8.json --problem train/prob_9.json --problem train/prob_10.json --problem train/prob_11.json --problem train/prob_12.json --problem train/prob_13.json --problem train/prob_14.json --problem train/prob_15.json --problem train/prob_16.json --problem train/prob_17.json --problem train/prob_18.json --problem train/prob_19.json --problem train/prob_20.json --problem train/prob_21.json --problem train/prob_22.json --problem train/prob_23.json --problem train/prob_24.json --problem train/prob_25.json --problem train/prob_26.json --problem train/prob_27.json --problem train/prob_28.json --problem train/prob_29.json --problem train/prob_30.json --problem train/prob_31.json --problem train/prob_32.json --problem train/prob_33.json --problem train/prob_34.json --problem train/prob_35.json --problem train/prob_36.json --problem train/prob_37.json --problem train/prob_38.json --problem train/prob_39.json --problem train/prob_40.json --timelimit 60 --run-id full_compare_v304_vs_v298_train40_20260629_001 --out-dir reports/ogc2026_reboot_v001/full_compare_v304_vs_v298_train40_20260629_001 --cumulative-csv reports/ogc2026_reboot_v001/benchmark_results_reboot_v304_full_compare.csv --require-fresh-cumulative"
2026-06-29T21:12:34,full_compare_v304_vs_v298_train40_20260629_001,hh_active,v298_direct_full,ogc2026\baseline\alg_versions\reboot_v298_20260629_trackA_prob11_rescue_with_familyB_tail_freeze_on_v290.py,653a22733fa06d48ca9620ea9200f9767c1f55700d6bd4ae079d8a49f827fa35,9dfaa0ac5fa3e0f16fdfb0890e11b4cb64ea59b8edee029a9c4f13a2c52538b0,hh_algorithm_loop,c65b7d3b,True,prob_40.json,60.000000,60.000000,20.000000,90.000000,true,false,true,true,true,5,5780789.0,5780789.0,5780789.0,8429.0,4947,11823.0,55.477051,55.313358783721924,250,250,4,,reports\ogc2026_reboot_v001\full_compare_v304_vs_v298_train40_20260629_001\solutions\hh_active__v298_direct_full\prob_40.solution.json,reports\ogc2026_reboot_v001\full_compare_v304_vs_v298_train40_20260629_001\logs\hh_active__v298_direct_full\prob_40.log,PASS objective=5780789.0 obj1=8429.0 obj2=4947 obj3=11823.0,"C:\Python314\python.exe ogc2026/batchrunner/benchmark.py --algorithm name=hh_active,version=v298_direct_full,path=ogc2026/baseline/alg_versions/reboot_v298_20260629_trackA_prob11_rescue_with_familyB_tail_freeze_on_v290.py --algorithm name=hh,version=v304_full,path=ogc2026/baseline/alg_versions/reboot_v304_20260629_trackA_prob13like_subprocess_fallback_on_v298.py --problem train/prob_1.json --problem train/prob_2.json --problem train/prob_3.json --problem train/prob_4.json --problem train/prob_5.json --problem train/prob_6.json --problem train/prob_7.json --problem train/prob_8.json --problem train/prob_9.json --problem train/prob_10.json --problem train/prob_11.json --problem train/prob_12.json --problem train/prob_13.json --problem train/prob_14.json --problem train/prob_15.json --problem train/prob_16.json --problem train/prob_17.json --problem train/prob_18.json --problem train/prob_19.json --problem train/prob_20.json --problem train/prob_21.json --problem train/prob_22.json --problem train/prob_23.json --problem train/prob_24.json --problem train/prob_25.json --problem train/prob_26.json --problem train/prob_27.json --problem train/prob_28.json --problem train/prob_29.json --problem train/prob_30.json --problem train/prob_31.json --problem train/prob_32.json --problem train/prob_33.json --problem train/prob_34.json --problem train/prob_35.json --problem train/prob_36.json --problem train/prob_37.json --problem train/prob_38.json --problem train/prob_39.json --problem train/prob_40.json --timelimit 60 --run-id full_compare_v304_vs_v298_train40_20260629_001 --out-dir reports/ogc2026_reboot_v001/full_compare_v304_vs_v298_train40_20260629_001 --cumulative-csv reports/ogc2026_reboot_v001/benchmark_results_reboot_v304_full_compare.csv --require-fresh-cumulative"
2026-06-29T21:12:34,full_compare_v304_vs_v298_train40_20260629_001,hh,v304_full,ogc2026\baseline\alg_versions\reboot_v304_20260629_trackA_prob13like_subprocess_fallback_on_v298.py,008da10242e4b8e8848ca8de062e97fb39a91715f2896bade164d60493d8255d,9dfaa0ac5fa3e0f16fdfb0890e11b4cb64ea59b8edee029a9c4f13a2c52538b0,hh_algorithm_loop,c65b7d3b,True,prob_1.json,60.000000,60.000000,20.000000,90.000000,true,false,true,true,true,5,606628.0,606628.0,606628.0,8.0,1700,1810.0,22.729765,22.291014671325684,100,100,2,,reports\ogc2026_reboot_v001\full_compare_v304_vs_v298_train40_20260629_001\solutions\hh__v304_full\prob_1.solution.json,reports\ogc2026_reboot_v001\full_compare_v304_vs_v298_train40_20260629_001\logs\hh__v304_full\prob_1.log,PASS objective=606628.0 obj1=8.0 obj2=1700 obj3=1810.0,"C:\Python314\python.exe ogc2026/batchrunner/benchmark.py --algorithm name=hh_active,version=v298_direct_full,path=ogc2026/baseline/alg_versions/reboot_v298_20260629_trackA_prob11_rescue_with_familyB_tail_freeze_on_v290.py --algorithm name=hh,version=v304_full,path=ogc2026/baseline/alg_versions/reboot_v304_20260629_trackA_prob13like_subprocess_fallback_on_v298.py --problem train/prob_1.json --problem train/prob_2.json --problem train/prob_3.json --problem train/prob_4.json --problem train/prob_5.json --problem train/prob_6.json --problem train/prob_7.json --problem train/prob_8.json --problem train/prob_9.json --problem train/prob_10.json --problem train/prob_11.json --problem train/prob_12.json --problem train/prob_13.json --problem train/prob_14.json --problem train/prob_15.json --problem train/prob_16.json --problem train/prob_17.json --problem train/prob_18.json --problem train/prob_19.json --problem train/prob_20.json --problem train/prob_21.json --problem train/prob_22.json --problem train/prob_23.json --problem train/prob_24.json --problem train/prob_25.json --problem train/prob_26.json --problem train/prob_27.json --problem train/prob_28.json --problem train/prob_29.json --problem train/prob_30.json --problem train/prob_31.json --problem train/prob_32.json --problem train/prob_33.json --problem train/prob_34.json --problem train/prob_35.json --problem train/prob_36.json --problem train/prob_37.json --problem train/prob_38.json --problem train/prob_39.json --problem train/prob_40.json --timelimit 60 --run-id full_compare_v304_vs_v298_train40_20260629_001 --out-dir reports/ogc2026_reboot_v001/full_compare_v304_vs_v298_train40_20260629_001 --cumulative-csv reports/ogc2026_reboot_v001/benchmark_results_reboot_v304_full_compare.csv --require-fresh-cumulative"
2026-06-29T21:12:34,full_compare_v304_vs_v298_train40_20260629_001,hh,v304_full,ogc2026\baseline\alg_versions\reboot_v304_20260629_trackA_prob13like_subprocess_fallback_on_v298.py,008da10242e4b8e8848ca8de062e97fb39a91715f2896bade164d60493d8255d,9dfaa0ac5fa3e0f16fdfb0890e11b4cb64ea59b8edee029a9c4f13a2c52538b0,hh_algorithm_loop,c65b7d3b,True,prob_2.json,60.000000,60.000000,20.000000,90.000000,true,false,true,true,true,5,51940.0,51940.0,51940.0,0.0,814,292.0,15.861993,15.38663363456726,100,100,3,,reports\ogc2026_reboot_v001\full_compare_v304_vs_v298_train40_20260629_001\solutions\hh__v304_full\prob_2.solution.json,reports\ogc2026_reboot_v001\full_compare_v304_vs_v298_train40_20260629_001\logs\hh__v304_full\prob_2.log,PASS objective=51940.0 obj1=0.0 obj2=814 obj3=292.0,"C:\Python314\python.exe ogc2026/batchrunner/benchmark.py --algorithm name=hh_active,version=v298_direct_full,path=ogc2026/baseline/alg_versions/reboot_v298_20260629_trackA_prob11_rescue_with_familyB_tail_freeze_on_v290.py --algorithm name=hh,version=v304_full,path=ogc2026/baseline/alg_versions/reboot_v304_20260629_trackA_prob13like_subprocess_fallback_on_v298.py --problem train/prob_1.json --problem train/prob_2.json --problem train/prob_3.json --problem train/prob_4.json --problem train/prob_5.json --problem train/prob_6.json --problem train/prob_7.json --problem train/prob_8.json --problem train/prob_9.json --problem train/prob_10.json --problem train/prob_11.json --problem train/prob_12.json --problem train/prob_13.json --problem train/prob_14.json --problem train/prob_15.json --problem train/prob_16.json --problem train/prob_17.json --problem train/prob_18.json --problem train/prob_19.json --problem train/prob_20.json --problem train/prob_21.json --problem train/prob_22.json --problem train/prob_23.json --problem train/prob_24.json --problem train/prob_25.json --problem train/prob_26.json --problem train/prob_27.json --problem train/prob_28.json --problem train/prob_29.json --problem train/prob_30.json --problem train/prob_31.json --problem train/prob_32.json --problem train/prob_33.json --problem train/prob_34.json --problem train/prob_35.json --problem train/prob_36.json --problem train/prob_37.json --problem train/prob_38.json --problem train/prob_39.json --problem train/prob_40.json --timelimit 60 --run-id full_compare_v304_vs_v298_train40_20260629_001 --out-dir reports/ogc2026_reboot_v001/full_compare_v304_vs_v298_train40_20260629_001 --cumulative-csv reports/ogc2026_reboot_v001/benchmark_results_reboot_v304_full_compare.csv --require-fresh-cumulative"
2026-06-29T21:12:34,full_compare_v304_vs_v298_train40_20260629_001,hh,v304_full,ogc2026\baseline\alg_versions\reboot_v304_20260629_trackA_prob13like_subprocess_fallback_on_v298.py,008da10242e4b8e8848ca8de062e97fb39a91715f2896bade164d60493d8255d,9dfaa0ac5fa3e0f16fdfb0890e11b4cb64ea59b8edee029a9c4f13a2c52538b0,hh_algorithm_loop,c65b7d3b,True,prob_3.json,60.000000,60.000000,20.000000,90.000000,true,false,true,true,true,5,156780.0,156780.0,156780.0,0.0,1998,912.0,14.342542,13.898766994476318,100,100,3,,reports\ogc2026_reboot_v001\full_compare_v304_vs_v298_train40_20260629_001\solutions\hh__v304_full\prob_3.solution.json,reports\ogc2026_reboot_v001\full_compare_v304_vs_v298_train40_20260629_001\logs\hh__v304_full\prob_3.log,PASS objective=156780.0 obj1=0.0 obj2=1998 obj3=912.0,"C:\Python314\python.exe ogc2026/batchrunner/benchmark.py --algorithm name=hh_active,version=v298_direct_full,path=ogc2026/baseline/alg_versions/reboot_v298_20260629_trackA_prob11_rescue_with_familyB_tail_freeze_on_v290.py --algorithm name=hh,version=v304_full,path=ogc2026/baseline/alg_versions/reboot_v304_20260629_trackA_prob13like_subprocess_fallback_on_v298.py --problem train/prob_1.json --problem train/prob_2.json --problem train/prob_3.json --problem train/prob_4.json --problem train/prob_5.json --problem train/prob_6.json --problem train/prob_7.json --problem train/prob_8.json --problem train/prob_9.json --problem train/prob_10.json --problem train/prob_11.json --problem train/prob_12.json --problem train/prob_13.json --problem train/prob_14.json --problem train/prob_15.json --problem train/prob_16.json --problem train/prob_17.json --problem train/prob_18.json --problem train/prob_19.json --problem train/prob_20.json --problem train/prob_21.json --problem train/prob_22.json --problem train/prob_23.json --problem train/prob_24.json --problem train/prob_25.json --problem train/prob_26.json --problem train/prob_27.json --problem train/prob_28.json --problem train/prob_29.json --problem train/prob_30.json --problem train/prob_31.json --problem train/prob_32.json --problem train/prob_33.json --problem train/prob_34.json --problem train/prob_35.json --problem train/prob_36.json --problem train/prob_37.json --problem train/prob_38.json --problem train/prob_39.json --problem train/prob_40.json --timelimit 60 --run-id full_compare_v304_vs_v298_train40_20260629_001 --out-dir reports/ogc2026_reboot_v001/full_compare_v304_vs_v298_train40_20260629_001 --cumulative-csv reports/ogc2026_reboot_v001/benchmark_results_reboot_v304_full_compare.csv --require-fresh-cumulative"
2026-06-29T21:12:34,full_compare_v304_vs_v298_train40_20260629_001,hh,v304_full,ogc2026\baseline\alg_versions\reboot_v304_20260629_trackA_prob13like_subprocess_fallback_on_v298.py,008da10242e4b8e8848ca8de062e97fb39a91715f2896bade164d60493d8255d,9dfaa0ac5fa3e0f16fdfb0890e11b4cb64ea59b8edee029a9c4f13a2c52538b0,hh_algorithm_loop,c65b7d3b,True,prob_4.json,60.000000,60.000000,20.000000,90.000000,true,false,true,true,true,5,331591.0,331591.0,331591.0,6.0,1669,942.0,17.632576,17.1793110370636,100,100,2,,reports\ogc2026_reboot_v001\full_compare_v304_vs_v298_train40_20260629_001\solutions\hh__v304_full\prob_4.solution.json,reports\ogc2026_reboot_v001\full_compare_v304_vs_v298_train40_20260629_001\logs\hh__v304_full\prob_4.log,PASS objective=331591.0 obj1=6.0 obj2=1669 obj3=942.0,"C:\Python314\python.exe ogc2026/batchrunner/benchmark.py --algorithm name=hh_active,version=v298_direct_full,path=ogc2026/baseline/alg_versions/reboot_v298_20260629_trackA_prob11_rescue_with_familyB_tail_freeze_on_v290.py --algorithm name=hh,version=v304_full,path=ogc2026/baseline/alg_versions/reboot_v304_20260629_trackA_prob13like_subprocess_fallback_on_v298.py --problem train/prob_1.json --problem train/prob_2.json --problem train/prob_3.json --problem train/prob_4.json --problem train/prob_5.json --problem train/prob_6.json --problem train/prob_7.json --problem train/prob_8.json --problem train/prob_9.json --problem train/prob_10.json --problem train/prob_11.json --problem train/prob_12.json --problem train/prob_13.json --problem train/prob_14.json --problem train/prob_15.json --problem train/prob_16.json --problem train/prob_17.json --problem train/prob_18.json --problem train/prob_19.json --problem train/prob_20.json --problem train/prob_21.json --problem train/prob_22.json --problem train/prob_23.json --problem train/prob_24.json --problem train/prob_25.json --problem train/prob_26.json --problem train/prob_27.json --problem train/prob_28.json --problem train/prob_29.json --problem train/prob_30.json --problem train/prob_31.json --problem train/prob_32.json --problem train/prob_33.json --problem train/prob_34.json --problem train/prob_35.json --problem train/prob_36.json --problem train/prob_37.json --problem train/prob_38.json --problem train/prob_39.json --problem train/prob_40.json --timelimit 60 --run-id full_compare_v304_vs_v298_train40_20260629_001 --out-dir reports/ogc2026_reboot_v001/full_compare_v304_vs_v298_train40_20260629_001 --cumulative-csv reports/ogc2026_reboot_v001/benchmark_results_reboot_v304_full_compare.csv --require-fresh-cumulative"
2026-06-29T21:12:34,full_compare_v304_vs_v298_train40_20260629_001,hh,v304_full,ogc2026\baseline\alg_versions\reboot_v304_20260629_trackA_prob13like_subprocess_fallback_on_v298.py,008da10242e4b8e8848ca8de062e97fb39a91715f2896bade164d60493d8255d,9dfaa0ac5fa3e0f16fdfb0890e11b4cb64ea59b8edee029a9c4f13a2c52538b0,hh_algorithm_loop,c65b7d3b,True,prob_5.json,60.000000,60.000000,20.000000,90.000000,true,false,true,true,true,5,139455.0,139455.0,139455.0,0.0,1065,880.0,17.563095,17.12695050239563,150,150,3,,reports\ogc2026_reboot_v001\full_compare_v304_vs_v298_train40_20260629_001\solutions\hh__v304_full\prob_5.solution.json,reports\ogc2026_reboot_v001\full_compare_v304_vs_v298_train40_20260629_001\logs\hh__v304_full\prob_5.log,PASS objective=139455.0 obj1=0.0 obj2=1065 obj3=880.0,"C:\Python314\python.exe ogc2026/batchrunner/benchmark.py --algorithm name=hh_active,version=v298_direct_full,path=ogc2026/baseline/alg_versions/reboot_v298_20260629_trackA_prob11_rescue_with_familyB_tail_freeze_on_v290.py --algorithm name=hh,version=v304_full,path=ogc2026/baseline/alg_versions/reboot_v304_20260629_trackA_prob13like_subprocess_fallback_on_v298.py --problem train/prob_1.json --problem train/prob_2.json --problem train/prob_3.json --problem train/prob_4.json --problem train/prob_5.json --problem train/prob_6.json --problem train/prob_7.json --problem train/prob_8.json --problem train/prob_9.json --problem train/prob_10.json --problem train/prob_11.json --problem train/prob_12.json --problem train/prob_13.json --problem train/prob_14.json --problem train/prob_15.json --problem train/prob_16.json --problem train/prob_17.json --problem train/prob_18.json --problem train/prob_19.json --problem train/prob_20.json --problem train/prob_21.json --problem train/prob_22.json --problem train/prob_23.json --problem train/prob_24.json --problem train/prob_25.json --problem train/prob_26.json --problem train/prob_27.json --problem train/prob_28.json --problem train/prob_29.json --problem train/prob_30.json --problem train/prob_31.json --problem train/prob_32.json --problem train/prob_33.json --problem train/prob_34.json --problem train/prob_35.json --problem train/prob_36.json --problem train/prob_37.json --problem train/prob_38.json --problem train/prob_39.json --problem train/prob_40.json --timelimit 60 --run-id full_compare_v304_vs_v298_train40_20260629_001 --out-dir reports/ogc2026_reboot_v001/full_compare_v304_vs_v298_train40_20260629_001 --cumulative-csv reports/ogc2026_reboot_v001/benchmark_results_reboot_v304_full_compare.csv --require-fresh-cumulative"
2026-06-29T21:12:34,full_compare_v304_vs_v298_train40_20260629_001,hh,v304_full,ogc2026\baseline\alg_versions\reboot_v304_20260629_trackA_prob13like_subprocess_fallback_on_v298.py,008da10242e4b8e8848ca8de062e97fb39a91715f2896bade164d60493d8255d,9dfaa0ac5fa3e0f16fdfb0890e11b4cb64ea59b8edee029a9c4f13a2c52538b0,hh_algorithm_loop,c65b7d3b,True,prob_6.json,60.000000,60.000000,20.000000,90.000000,true,false,true,true,true,5,577115.0,577115.0,577115.0,7.0,1815,2380.0,29.903964,29.196455478668213,150,150,3,,reports\ogc2026_reboot_v001\full_compare_v304_vs_v298_train40_20260629_001\solutions\hh__v304_full\prob_6.solution.json,reports\ogc2026_reboot_v001\full_compare_v304_vs_v298_train40_20260629_001\logs\hh__v304_full\prob_6.log,PASS objective=577115.0 obj1=7.0 obj2=1815 obj3=2380.0,"C:\Python314\python.exe ogc2026/batchrunner/benchmark.py --algorithm name=hh_active,version=v298_direct_full,path=ogc2026/baseline/alg_versions/reboot_v298_20260629_trackA_prob11_rescue_with_familyB_tail_freeze_on_v290.py --algorithm name=hh,version=v304_full,path=ogc2026/baseline/alg_versions/reboot_v304_20260629_trackA_prob13like_subprocess_fallback_on_v298.py --problem train/prob_1.json --problem train/prob_2.json --problem train/prob_3.json --problem train/prob_4.json --problem train/prob_5.json --problem train/prob_6.json --problem train/prob_7.json --problem train/prob_8.json --problem train/prob_9.json --problem train/prob_10.json --problem train/prob_11.json --problem train/prob_12.json --problem train/prob_13.json --problem train/prob_14.json --problem train/prob_15.json --problem train/prob_16.json --problem train/prob_17.json --problem train/prob_18.json --problem train/prob_19.json --problem train/prob_20.json --problem train/prob_21.json --problem train/prob_22.json --problem train/prob_23.json --problem train/prob_24.json --problem train/prob_25.json --problem train/prob_26.json --problem train/prob_27.json --problem train/prob_28.json --problem train/prob_29.json --problem train/prob_30.json --problem train/prob_31.json --problem train/prob_32.json --problem train/prob_33.json --problem train/prob_34.json --problem train/prob_35.json --problem train/prob_36.json --problem train/prob_37.json --problem train/prob_38.json --problem train/prob_39.json --problem train/prob_40.json --timelimit 60 --run-id full_compare_v304_vs_v298_train40_20260629_001 --out-dir reports/ogc2026_reboot_v001/full_compare_v304_vs_v298_train40_20260629_001 --cumulative-csv reports/ogc2026_reboot_v001/benchmark_results_reboot_v304_full_compare.csv --require-fresh-cumulative"
2026-06-29T21:12:34,full_compare_v304_vs_v298_train40_20260629_001,hh,v304_full,ogc2026\baseline\alg_versions\reboot_v304_20260629_trackA_prob13like_subprocess_fallback_on_v298.py,008da10242e4b8e8848ca8de062e97fb39a91715f2896bade164d60493d8255d,9dfaa0ac5fa3e0f16fdfb0890e11b4cb64ea59b8edee029a9c4f13a2c52538b0,hh_algorithm_loop,c65b7d3b,True,prob_7.json,60.000000,60.000000,20.000000,90.000000,true,false,true,true,true,5,131191.0,131191.0,131191.0,0.0,3013,734.0,20.634743,20.187134265899658,150,150,3,,reports\ogc2026_reboot_v001\full_compare_v304_vs_v298_train40_20260629_001\solutions\hh__v304_full\prob_7.solution.json,reports\ogc2026_reboot_v001\full_compare_v304_vs_v298_train40_20260629_001\logs\hh__v304_full\prob_7.log,PASS objective=131191.0 obj1=0.0 obj2=3013 obj3=734.0,"C:\Python314\python.exe ogc2026/batchrunner/benchmark.py --algorithm name=hh_active,version=v298_direct_full,path=ogc2026/baseline/alg_versions/reboot_v298_20260629_trackA_prob11_rescue_with_familyB_tail_freeze_on_v290.py --algorithm name=hh,version=v304_full,path=ogc2026/baseline/alg_versions/reboot_v304_20260629_trackA_prob13like_subprocess_fallback_on_v298.py --problem train/prob_1.json --problem train/prob_2.json --problem train/prob_3.json --problem train/prob_4.json --problem train/prob_5.json --problem train/prob_6.json --problem train/prob_7.json --problem train/prob_8.json --problem train/prob_9.json --problem train/prob_10.json --problem train/prob_11.json --problem train/prob_12.json --problem train/prob_13.json --problem train/prob_14.json --problem train/prob_15.json --problem train/prob_16.json --problem train/prob_17.json --problem train/prob_18.json --problem train/prob_19.json --problem train/prob_20.json --problem train/prob_21.json --problem train/prob_22.json --problem train/prob_23.json --problem train/prob_24.json --problem train/prob_25.json --problem train/prob_26.json --problem train/prob_27.json --problem train/prob_28.json --problem train/prob_29.json --problem train/prob_30.json --problem train/prob_31.json --problem train/prob_32.json --problem train/prob_33.json --problem train/prob_34.json --problem train/prob_35.json --problem train/prob_36.json --problem train/prob_37.json --problem train/prob_38.json --problem train/prob_39.json --problem train/prob_40.json --timelimit 60 --run-id full_compare_v304_vs_v298_train40_20260629_001 --out-dir reports/ogc2026_reboot_v001/full_compare_v304_vs_v298_train40_20260629_001 --cumulative-csv reports/ogc2026_reboot_v001/benchmark_results_reboot_v304_full_compare.csv --require-fresh-cumulative"
2026-06-29T21:12:34,full_compare_v304_vs_v298_train40_20260629_001,hh,v304_full,ogc2026\baseline\alg_versions\reboot_v304_20260629_trackA_prob13like_subprocess_fallback_on_v298.py,008da10242e4b8e8848ca8de062e97fb39a91715f2896bade164d60493d8255d,9dfaa0ac5fa3e0f16fdfb0890e11b4cb64ea59b8edee029a9c4f13a2c52538b0,hh_algorithm_loop,c65b7d3b,True,prob_8.json,60.000000,60.000000,20.000000,90.000000,true,false,true,true,true,5,74968.0,74968.0,74968.0,0.0,1142,352.0,12.721377,12.279193878173828,150,150,2,,reports\ogc2026_reboot_v001\full_compare_v304_vs_v298_train40_20260629_001\solutions\hh__v304_full\prob_8.solution.json,reports\ogc2026_reboot_v001\full_compare_v304_vs_v298_train40_20260629_001\logs\hh__v304_full\prob_8.log,PASS objective=74968.0 obj1=0.0 obj2=1142 obj3=352.0,"C:\Python314\python.exe ogc2026/batchrunner/benchmark.py --algorithm name=hh_active,version=v298_direct_full,path=ogc2026/baseline/alg_versions/reboot_v298_20260629_trackA_prob11_rescue_with_familyB_tail_freeze_on_v290.py --algorithm name=hh,version=v304_full,path=ogc2026/baseline/alg_versions/reboot_v304_20260629_trackA_prob13like_subprocess_fallback_on_v298.py --problem train/prob_1.json --problem train/prob_2.json --problem train/prob_3.json --problem train/prob_4.json --problem train/prob_5.json --problem train/prob_6.json --problem train/prob_7.json --problem train/prob_8.json --problem train/prob_9.json --problem train/prob_10.json --problem train/prob_11.json --problem train/prob_12.json --problem train/prob_13.json --problem train/prob_14.json --problem train/prob_15.json --problem train/prob_16.json --problem train/prob_17.json --problem train/prob_18.json --problem train/prob_19.json --problem train/prob_20.json --problem train/prob_21.json --problem train/prob_22.json --problem train/prob_23.json --problem train/prob_24.json --problem train/prob_25.json --problem train/prob_26.json --problem train/prob_27.json --problem train/prob_28.json --problem train/prob_29.json --problem train/prob_30.json --problem train/prob_31.json --problem train/prob_32.json --problem train/prob_33.json --problem train/prob_34.json --problem train/prob_35.json --problem train/prob_36.json --problem train/prob_37.json --problem train/prob_38.json --problem train/prob_39.json --problem train/prob_40.json --timelimit 60 --run-id full_compare_v304_vs_v298_train40_20260629_001 --out-dir reports/ogc2026_reboot_v001/full_compare_v304_vs_v298_train40_20260629_001 --cumulative-csv reports/ogc2026_reboot_v001/benchmark_results_reboot_v304_full_compare.csv --require-fresh-cumulative"
2026-06-29T21:12:34,full_compare_v304_vs_v298_train40_20260629_001,hh,v304_full,ogc2026\baseline\alg_versions\reboot_v304_20260629_trackA_prob13like_subprocess_fallback_on_v298.py,008da10242e4b8e8848ca8de062e97fb39a91715f2896bade164d60493d8255d,9dfaa0ac5fa3e0f16fdfb0890e11b4cb64ea59b8edee029a9c4f13a2c52538b0,hh_algorithm_loop,c65b7d3b,True,prob_9.json,60.000000,60.000000,20.000000,90.000000,true,false,true,true,true,5,237200.0,237200.0,237200.0,0.0,1090,1545.0,27.240744,26.78347682952881,200,200,3,,reports\ogc2026_reboot_v001\full_compare_v304_vs_v298_train40_20260629_001\solutions\hh__v304_full\prob_9.solution.json,reports\ogc2026_reboot_v001\full_compare_v304_vs_v298_train40_20260629_001\logs\hh__v304_full\prob_9.log,PASS objective=237200.0 obj1=0.0 obj2=1090 obj3=1545.0,"C:\Python314\python.exe ogc2026/batchrunner/benchmark.py --algorithm name=hh_active,version=v298_direct_full,path=ogc2026/baseline/alg_versions/reboot_v298_20260629_trackA_prob11_rescue_with_familyB_tail_freeze_on_v290.py --algorithm name=hh,version=v304_full,path=ogc2026/baseline/alg_versions/reboot_v304_20260629_trackA_prob13like_subprocess_fallback_on_v298.py --problem train/prob_1.json --problem train/prob_2.json --problem train/prob_3.json --problem train/prob_4.json --problem train/prob_5.json --problem train/prob_6.json --problem train/prob_7.json --problem train/prob_8.json --problem train/prob_9.json --problem train/prob_10.json --problem train/prob_11.json --problem train/prob_12.json --problem train/prob_13.json --problem train/prob_14.json --problem train/prob_15.json --problem train/prob_16.json --problem train/prob_17.json --problem train/prob_18.json --problem train/prob_19.json --problem train/prob_20.json --problem train/prob_21.json --problem train/prob_22.json --problem train/prob_23.json --problem train/prob_24.json --problem train/prob_25.json --problem train/prob_26.json --problem train/prob_27.json --problem train/prob_28.json --problem train/prob_29.json --problem train/prob_30.json --problem train/prob_31.json --problem train/prob_32.json --problem train/prob_33.json --problem train/prob_34.json --problem train/prob_35.json --problem train/prob_36.json --problem train/prob_37.json --problem train/prob_38.json --problem train/prob_39.json --problem train/prob_40.json --timelimit 60 --run-id full_compare_v304_vs_v298_train40_20260629_001 --out-dir reports/ogc2026_reboot_v001/full_compare_v304_vs_v298_train40_20260629_001 --cumulative-csv reports/ogc2026_reboot_v001/benchmark_results_reboot_v304_full_compare.csv --require-fresh-cumulative"
2026-06-29T21:12:34,full_compare_v304_vs_v298_train40_20260629_001,hh,v304_full,ogc2026\baseline\alg_versions\reboot_v304_20260629_trackA_prob13like_subprocess_fallback_on_v298.py,008da10242e4b8e8848ca8de062e97fb39a91715f2896bade164d60493d8255d,9dfaa0ac5fa3e0f16fdfb0890e11b4cb64ea59b8edee029a9c4f13a2c52538b0,hh_algorithm_loop,c65b7d3b,True,prob_10.json,60.000000,60.000000,20.000000,90.000000,true,false,true,true,true,5,1274865.0,1274865.0,1274865.0,66.0,2577,2232.0,23.419779,22.93266201019287,200,200,4,,reports\ogc2026_reboot_v001\full_compare_v304_vs_v298_train40_20260629_001\solutions\hh__v304_full\prob_10.solution.json,reports\ogc2026_reboot_v001\full_compare_v304_vs_v298_train40_20260629_001\logs\hh__v304_full\prob_10.log,PASS objective=1274865.0 obj1=66.0 obj2=2577 obj3=2232.0,"C:\Python314\python.exe ogc2026/batchrunner/benchmark.py --algorithm name=hh_active,version=v298_direct_full,path=ogc2026/baseline/alg_versions/reboot_v298_20260629_trackA_prob11_rescue_with_familyB_tail_freeze_on_v290.py --algorithm name=hh,version=v304_full,path=ogc2026/baseline/alg_versions/reboot_v304_20260629_trackA_prob13like_subprocess_fallback_on_v298.py --problem train/prob_1.json --problem train/prob_2.json --problem train/prob_3.json --problem train/prob_4.json --problem train/prob_5.json --problem train/prob_6.json --problem train/prob_7.json --problem train/prob_8.json --problem train/prob_9.json --problem train/prob_10.json --problem train/prob_11.json --problem train/prob_12.json --problem train/prob_13.json --problem train/prob_14.json --problem train/prob_15.json --problem train/prob_16.json --problem train/prob_17.json --problem train/prob_18.json --problem train/prob_19.json --problem train/prob_20.json --problem train/prob_21.json --problem train/prob_22.json --problem train/prob_23.json --problem train/prob_24.json --problem train/prob_25.json --problem train/prob_26.json --problem train/prob_27.json --problem train/prob_28.json --problem train/prob_29.json --problem train/prob_30.json --problem train/prob_31.json --problem train/prob_32.json --problem train/prob_33.json --problem train/prob_34.json --problem train/prob_35.json --problem train/prob_36.json --problem train/prob_37.json --problem train/prob_38.json --problem train/prob_39.json --problem train/prob_40.json --timelimit 60 --run-id full_compare_v304_vs_v298_train40_20260629_001 --out-dir reports/ogc2026_reboot_v001/full_compare_v304_vs_v298_train40_20260629_001 --cumulative-csv reports/ogc2026_reboot_v001/benchmark_results_reboot_v304_full_compare.csv --require-fresh-cumulative"
2026-06-29T21:12:34,full_compare_v304_vs_v298_train40_20260629_001,hh,v304_full,ogc2026\baseline\alg_versions\reboot_v304_20260629_trackA_prob13like_subprocess_fallback_on_v298.py,008da10242e4b8e8848ca8de062e97fb39a91715f2896bade164d60493d8255d,9dfaa0ac5fa3e0f16fdfb0890e11b4cb64ea59b8edee029a9c4f13a2c52538b0,hh_algorithm_loop,c65b7d3b,True,prob_11.json,60.000000,60.000000,20.000000,90.000000,true,false,true,true,true,5,8164735.0,8164735.0,8164735.0,342.0,415,2592.0,46.705566,46.25273895263672,200,200,4,,reports\ogc2026_reboot_v001\full_compare_v304_vs_v298_train40_20260629_001\solutions\hh__v304_full\prob_11.solution.json,reports\ogc2026_reboot_v001\full_compare_v304_vs_v298_train40_20260629_001\logs\hh__v304_full\prob_11.log,PASS objective=8164735.0 obj1=342.0 obj2=415 obj3=2592.0,"C:\Python314\python.exe ogc2026/batchrunner/benchmark.py --algorithm name=hh_active,version=v298_direct_full,path=ogc2026/baseline/alg_versions/reboot_v298_20260629_trackA_prob11_rescue_with_familyB_tail_freeze_on_v290.py --algorithm name=hh,version=v304_full,path=ogc2026/baseline/alg_versions/reboot_v304_20260629_trackA_prob13like_subprocess_fallback_on_v298.py --problem train/prob_1.json --problem train/prob_2.json --problem train/prob_3.json --problem train/prob_4.json --problem train/prob_5.json --problem train/prob_6.json --problem train/prob_7.json --problem train/prob_8.json --problem train/prob_9.json --problem train/prob_10.json --problem train/prob_11.json --problem train/prob_12.json --problem train/prob_13.json --problem train/prob_14.json --problem train/prob_15.json --problem train/prob_16.json --problem train/prob_17.json --problem train/prob_18.json --problem train/prob_19.json --problem train/prob_20.json --problem train/prob_21.json --problem train/prob_22.json --problem train/prob_23.json --problem train/prob_24.json --problem train/prob_25.json --problem train/prob_26.json --problem train/prob_27.json --problem train/prob_28.json --problem train/prob_29.json --problem train/prob_30.json --problem train/prob_31.json --problem train/prob_32.json --problem train/prob_33.json --problem train/prob_34.json --problem train/prob_35.json --problem train/prob_36.json --problem train/prob_37.json --problem train/prob_38.json --problem train/prob_39.json --problem train/prob_40.json --timelimit 60 --run-id full_compare_v304_vs_v298_train40_20260629_001 --out-dir reports/ogc2026_reboot_v001/full_compare_v304_vs_v298_train40_20260629_001 --cumulative-csv reports/ogc2026_reboot_v001/benchmark_results_reboot_v304_full_compare.csv --require-fresh-cumulative"
2026-06-29T21:12:34,full_compare_v304_vs_v298_train40_20260629_001,hh,v304_full,ogc2026\baseline\alg_versions\reboot_v304_20260629_trackA_prob13like_subprocess_fallback_on_v298.py,008da10242e4b8e8848ca8de062e97fb39a91715f2896bade164d60493d8255d,9dfaa0ac5fa3e0f16fdfb0890e11b4cb64ea59b8edee029a9c4f13a2c52538b0,hh_algorithm_loop,c65b7d3b,True,prob_12.json,60.000000,60.000000,20.000000,90.000000,true,false,true,true,true,5,553078.0,553078.0,553078.0,8.0,6633,2491.0,25.113208,24.667617797851562,200,200,4,,reports\ogc2026_reboot_v001\full_compare_v304_vs_v298_train40_20260629_001\solutions\hh__v304_full\prob_12.solution.json,reports\ogc2026_reboot_v001\full_compare_v304_vs_v298_train40_20260629_001\logs\hh__v304_full\prob_12.log,PASS objective=553078.0 obj1=8.0 obj2=6633 obj3=2491.0,"C:\Python314\python.exe ogc2026/batchrunner/benchmark.py --algorithm name=hh_active,version=v298_direct_full,path=ogc2026/baseline/alg_versions/reboot_v298_20260629_trackA_prob11_rescue_with_familyB_tail_freeze_on_v290.py --algorithm name=hh,version=v304_full,path=ogc2026/baseline/alg_versions/reboot_v304_20260629_trackA_prob13like_subprocess_fallback_on_v298.py --problem train/prob_1.json --problem train/prob_2.json --problem train/prob_3.json --problem train/prob_4.json --problem train/prob_5.json --problem train/prob_6.json --problem train/prob_7.json --problem train/prob_8.json --problem train/prob_9.json --problem train/prob_10.json --problem train/prob_11.json --problem train/prob_12.json --problem train/prob_13.json --problem train/prob_14.json --problem train/prob_15.json --problem train/prob_16.json --problem train/prob_17.json --problem train/prob_18.json --problem train/prob_19.json --problem train/prob_20.json --problem train/prob_21.json --problem train/prob_22.json --problem train/prob_23.json --problem train/prob_24.json --problem train/prob_25.json --problem train/prob_26.json --problem train/prob_27.json --problem train/prob_28.json --problem train/prob_29.json --problem train/prob_30.json --problem train/prob_31.json --problem train/prob_32.json --problem train/prob_33.json --problem train/prob_34.json --problem train/prob_35.json --problem train/prob_36.json --problem train/prob_37.json --problem train/prob_38.json --problem train/prob_39.json --problem train/prob_40.json --timelimit 60 --run-id full_compare_v304_vs_v298_train40_20260629_001 --out-dir reports/ogc2026_reboot_v001/full_compare_v304_vs_v298_train40_20260629_001 --cumulative-csv reports/ogc2026_reboot_v001/benchmark_results_reboot_v304_full_compare.csv --require-fresh-cumulative"
2026-06-29T21:12:34,full_compare_v304_vs_v298_train40_20260629_001,hh,v304_full,ogc2026\baseline\alg_versions\reboot_v304_20260629_trackA_prob13like_subprocess_fallback_on_v298.py,008da10242e4b8e8848ca8de062e97fb39a91715f2896bade164d60493d8255d,9dfaa0ac5fa3e0f16fdfb0890e11b4cb64ea59b8edee029a9c4f13a2c52538b0,hh_algorithm_loop,c65b7d3b,True,prob_13.json,60.000000,60.000000,20.000000,90.000000,true,false,true,true,true,5,9583645.0,9583645.0,9583645.0,482.0,4438,4465.0,38.351269,37.89167904853821,250,250,4,,reports\ogc2026_reboot_v001\full_compare_v304_vs_v298_train40_20260629_001\solutions\hh__v304_full\prob_13.solution.json,reports\ogc2026_reboot_v001\full_compare_v304_vs_v298_train40_20260629_001\logs\hh__v304_full\prob_13.log,PASS objective=9583645.0 obj1=482.0 obj2=4438 obj3=4465.0,"C:\Python314\python.exe ogc2026/batchrunner/benchmark.py --algorithm name=hh_active,version=v298_direct_full,path=ogc2026/baseline/alg_versions/reboot_v298_20260629_trackA_prob11_rescue_with_familyB_tail_freeze_on_v290.py --algorithm name=hh,version=v304_full,path=ogc2026/baseline/alg_versions/reboot_v304_20260629_trackA_prob13like_subprocess_fallback_on_v298.py --problem train/prob_1.json --problem train/prob_2.json --problem train/prob_3.json --problem train/prob_4.json --problem train/prob_5.json --problem train/prob_6.json --problem train/prob_7.json --problem train/prob_8.json --problem train/prob_9.json --problem train/prob_10.json --problem train/prob_11.json --problem train/prob_12.json --problem train/prob_13.json --problem train/prob_14.json --problem train/prob_15.json --problem train/prob_16.json --problem train/prob_17.json --problem train/prob_18.json --problem train/prob_19.json --problem train/prob_20.json --problem train/prob_21.json --problem train/prob_22.json --problem train/prob_23.json --problem train/prob_24.json --problem train/prob_25.json --problem train/prob_26.json --problem train/prob_27.json --problem train/prob_28.json --problem train/prob_29.json --problem train/prob_30.json --problem train/prob_31.json --problem train/prob_32.json --problem train/prob_33.json --problem train/prob_34.json --problem train/prob_35.json --problem train/prob_36.json --problem train/prob_37.json --problem train/prob_38.json --problem train/prob_39.json --problem train/prob_40.json --timelimit 60 --run-id full_compare_v304_vs_v298_train40_20260629_001 --out-dir reports/ogc2026_reboot_v001/full_compare_v304_vs_v298_train40_20260629_001 --cumulative-csv reports/ogc2026_reboot_v001/benchmark_results_reboot_v304_full_compare.csv --require-fresh-cumulative"
2026-06-29T21:12:34,full_compare_v304_vs_v298_train40_20260629_001,hh,v304_full,ogc2026\baseline\alg_versions\reboot_v304_20260629_trackA_prob13like_subprocess_fallback_on_v298.py,008da10242e4b8e8848ca8de062e97fb39a91715f2896bade164d60493d8255d,9dfaa0ac5fa3e0f16fdfb0890e11b4cb64ea59b8edee029a9c4f13a2c52538b0,hh_algorithm_loop,c65b7d3b,True,prob_14.json,60.000000,60.000000,20.000000,90.000000,true,false,true,true,true,5,3795716.0,3795716.0,3795716.0,181.0,3301,4221.0,54.530252,54.06096172332764,250,250,4,,reports\ogc2026_reboot_v001\full_compare_v304_vs_v298_train40_20260629_001\solutions\hh__v304_full\prob_14.solution.json,reports\ogc2026_reboot_v001\full_compare_v304_vs_v298_train40_20260629_001\logs\hh__v304_full\prob_14.log,PASS objective=3795716.0 obj1=181.0 obj2=3301 obj3=4221.0,"C:\Python314\python.exe ogc2026/batchrunner/benchmark.py --algorithm name=hh_active,version=v298_direct_full,path=ogc2026/baseline/alg_versions/reboot_v298_20260629_trackA_prob11_rescue_with_familyB_tail_freeze_on_v290.py --algorithm name=hh,version=v304_full,path=ogc2026/baseline/alg_versions/reboot_v304_20260629_trackA_prob13like_subprocess_fallback_on_v298.py --problem train/prob_1.json --problem train/prob_2.json --problem train/prob_3.json --problem train/prob_4.json --problem train/prob_5.json --problem train/prob_6.json --problem train/prob_7.json --problem train/prob_8.json --problem train/prob_9.json --problem train/prob_10.json --problem train/prob_11.json --problem train/prob_12.json --problem train/prob_13.json --problem train/prob_14.json --problem train/prob_15.json --problem train/prob_16.json --problem train/prob_17.json --problem train/prob_18.json --problem train/prob_19.json --problem train/prob_20.json --problem train/prob_21.json --problem train/prob_22.json --problem train/prob_23.json --problem train/prob_24.json --problem train/prob_25.json --problem train/prob_26.json --problem train/prob_27.json --problem train/prob_28.json --problem train/prob_29.json --problem train/prob_30.json --problem train/prob_31.json --problem train/prob_32.json --problem train/prob_33.json --problem train/prob_34.json --problem train/prob_35.json --problem train/prob_36.json --problem train/prob_37.json --problem train/prob_38.json --problem train/prob_39.json --problem train/prob_40.json --timelimit 60 --run-id full_compare_v304_vs_v298_train40_20260629_001 --out-dir reports/ogc2026_reboot_v001/full_compare_v304_vs_v298_train40_20260629_001 --cumulative-csv reports/ogc2026_reboot_v001/benchmark_results_reboot_v304_full_compare.csv --require-fresh-cumulative"
2026-06-29T21:12:34,full_compare_v304_vs_v298_train40_20260629_001,hh,v304_full,ogc2026\baseline\alg_versions\reboot_v304_20260629_trackA_prob13like_subprocess_fallback_on_v298.py,008da10242e4b8e8848ca8de062e97fb39a91715f2896bade164d60493d8255d,9dfaa0ac5fa3e0f16fdfb0890e11b4cb64ea59b8edee029a9c4f13a2c52538b0,hh_algorithm_loop,c65b7d3b,True,prob_15.json,60.000000,60.000000,20.000000,90.000000,true,false,true,true,true,5,844023.0,844023.0,844023.0,25.0,3465,3431.0,38.619459,38.16123628616333,250,250,4,,reports\ogc2026_reboot_v001\full_compare_v304_vs_v298_train40_20260629_001\solutions\hh__v304_full\prob_15.solution.json,reports\ogc2026_reboot_v001\full_compare_v304_vs_v298_train40_20260629_001\logs\hh__v304_full\prob_15.log,PASS objective=844023.0 obj1=25.0 obj2=3465 obj3=3431.0,"C:\Python314\python.exe ogc2026/batchrunner/benchmark.py --algorithm name=hh_active,version=v298_direct_full,path=ogc2026/baseline/alg_versions/reboot_v298_20260629_trackA_prob11_rescue_with_familyB_tail_freeze_on_v290.py --algorithm name=hh,version=v304_full,path=ogc2026/baseline/alg_versions/reboot_v304_20260629_trackA_prob13like_subprocess_fallback_on_v298.py --problem train/prob_1.json --problem train/prob_2.json --problem train/prob_3.json --problem train/prob_4.json --problem train/prob_5.json --problem train/prob_6.json --problem train/prob_7.json --problem train/prob_8.json --problem train/prob_9.json --problem train/prob_10.json --problem train/prob_11.json --problem train/prob_12.json --problem train/prob_13.json --problem train/prob_14.json --problem train/prob_15.json --problem train/prob_16.json --problem train/prob_17.json --problem train/prob_18.json --problem train/prob_19.json --problem train/prob_20.json --problem train/prob_21.json --problem train/prob_22.json --problem train/prob_23.json --problem train/prob_24.json --problem train/prob_25.json --problem train/prob_26.json --problem train/prob_27.json --problem train/prob_28.json --problem train/prob_29.json --problem train/prob_30.json --problem train/prob_31.json --problem train/prob_32.json --problem train/prob_33.json --problem train/prob_34.json --problem train/prob_35.json --problem train/prob_36.json --problem train/prob_37.json --problem train/prob_38.json --problem train/prob_39.json --problem train/prob_40.json --timelimit 60 --run-id full_compare_v304_vs_v298_train40_20260629_001 --out-dir reports/ogc2026_reboot_v001/full_compare_v304_vs_v298_train40_20260629_001 --cumulative-csv reports/ogc2026_reboot_v001/benchmark_results_reboot_v304_full_compare.csv --require-fresh-cumulative"
2026-06-29T21:12:34,full_compare_v304_vs_v298_train40_20260629_001,hh,v304_full,ogc2026\baseline\alg_versions\reboot_v304_20260629_trackA_prob13like_subprocess_fallback_on_v298.py,008da10242e4b8e8848ca8de062e97fb39a91715f2896bade164d60493d8255d,9dfaa0ac5fa3e0f16fdfb0890e11b4cb64ea59b8edee029a9c4f13a2c52538b0,hh_algorithm_loop,c65b7d3b,True,prob_16.json,60.000000,60.000000,20.000000,90.000000,true,false,true,true,true,5,176817.0,176817.0,176817.0,0.0,2938,1219.0,12.889359,12.423691272735596,250,250,4,,reports\ogc2026_reboot_v001\full_compare_v304_vs_v298_train40_20260629_001\solutions\hh__v304_full\prob_16.solution.json,reports\ogc2026_reboot_v001\full_compare_v304_vs_v298_train40_20260629_001\logs\hh__v304_full\prob_16.log,PASS objective=176817.0 obj1=0.0 obj2=2938 obj3=1219.0,"C:\Python314\python.exe ogc2026/batchrunner/benchmark.py --algorithm name=hh_active,version=v298_direct_full,path=ogc2026/baseline/alg_versions/reboot_v298_20260629_trackA_prob11_rescue_with_familyB_tail_freeze_on_v290.py --algorithm name=hh,version=v304_full,path=ogc2026/baseline/alg_versions/reboot_v304_20260629_trackA_prob13like_subprocess_fallback_on_v298.py --problem train/prob_1.json --problem train/prob_2.json --problem train/prob_3.json --problem train/prob_4.json --problem train/prob_5.json --problem train/prob_6.json --problem train/prob_7.json --problem train/prob_8.json --problem train/prob_9.json --problem train/prob_10.json --problem train/prob_11.json --problem train/prob_12.json --problem train/prob_13.json --problem train/prob_14.json --problem train/prob_15.json --problem train/prob_16.json --problem train/prob_17.json --problem train/prob_18.json --problem train/prob_19.json --problem train/prob_20.json --problem train/prob_21.json --problem train/prob_22.json --problem train/prob_23.json --problem train/prob_24.json --problem train/prob_25.json --problem train/prob_26.json --problem train/prob_27.json --problem train/prob_28.json --problem train/prob_29.json --problem train/prob_30.json --problem train/prob_31.json --problem train/prob_32.json --problem train/prob_33.json --problem train/prob_34.json --problem train/prob_35.json --problem train/prob_36.json --problem train/prob_37.json --problem train/prob_38.json --problem train/prob_39.json --problem train/prob_40.json --timelimit 60 --run-id full_compare_v304_vs_v298_train40_20260629_001 --out-dir reports/ogc2026_reboot_v001/full_compare_v304_vs_v298_train40_20260629_001 --cumulative-csv reports/ogc2026_reboot_v001/benchmark_results_reboot_v304_full_compare.csv --require-fresh-cumulative"
2026-06-29T21:12:34,full_compare_v304_vs_v298_train40_20260629_001,hh,v304_full,ogc2026\baseline\alg_versions\reboot_v304_20260629_trackA_prob13like_subprocess_fallback_on_v298.py,008da10242e4b8e8848ca8de062e97fb39a91715f2896bade164d60493d8255d,9dfaa0ac5fa3e0f16fdfb0890e11b4cb64ea59b8edee029a9c4f13a2c52538b0,hh_algorithm_loop,c65b7d3b,True,prob_17.json,60.000000,60.000000,20.000000,90.000000,true,false,true,true,true,5,338183.0,338183.0,338183.0,13.0,5749,1422.0,19.063356,18.594438314437866,300,300,4,,reports\ogc2026_reboot_v001\full_compare_v304_vs_v298_train40_20260629_001\solutions\hh__v304_full\prob_17.solution.json,reports\ogc2026_reboot_v001\full_compare_v304_vs_v298_train40_20260629_001\logs\hh__v304_full\prob_17.log,PASS objective=338183.0 obj1=13.0 obj2=5749 obj3=1422.0,"C:\Python314\python.exe ogc2026/batchrunner/benchmark.py --algorithm name=hh_active,version=v298_direct_full,path=ogc2026/baseline/alg_versions/reboot_v298_20260629_trackA_prob11_rescue_with_familyB_tail_freeze_on_v290.py --algorithm name=hh,version=v304_full,path=ogc2026/baseline/alg_versions/reboot_v304_20260629_trackA_prob13like_subprocess_fallback_on_v298.py --problem train/prob_1.json --problem train/prob_2.json --problem train/prob_3.json --problem train/prob_4.json --problem train/prob_5.json --problem train/prob_6.json --problem train/prob_7.json --problem train/prob_8.json --problem train/prob_9.json --problem train/prob_10.json --problem train/prob_11.json --problem train/prob_12.json --problem train/prob_13.json --problem train/prob_14.json --problem train/prob_15.json --problem train/prob_16.json --problem train/prob_17.json --problem train/prob_18.json --problem train/prob_19.json --problem train/prob_20.json --problem train/prob_21.json --problem train/prob_22.json --problem train/prob_23.json --problem train/prob_24.json --problem train/prob_25.json --problem train/prob_26.json --problem train/prob_27.json --problem train/prob_28.json --problem train/prob_29.json --problem train/prob_30.json --problem train/prob_31.json --problem train/prob_32.json --problem train/prob_33.json --problem train/prob_34.json --problem train/prob_35.json --problem train/prob_36.json --problem train/prob_37.json --problem train/prob_38.json --problem train/prob_39.json --problem train/prob_40.json --timelimit 60 --run-id full_compare_v304_vs_v298_train40_20260629_001 --out-dir reports/ogc2026_reboot_v001/full_compare_v304_vs_v298_train40_20260629_001 --cumulative-csv reports/ogc2026_reboot_v001/benchmark_results_reboot_v304_full_compare.csv --require-fresh-cumulative"
2026-06-29T21:12:34,full_compare_v304_vs_v298_train40_20260629_001,hh,v304_full,ogc2026\baseline\alg_versions\reboot_v304_20260629_trackA_prob13like_subprocess_fallback_on_v298.py,008da10242e4b8e8848ca8de062e97fb39a91715f2896bade164d60493d8255d,9dfaa0ac5fa3e0f16fdfb0890e11b4cb64ea59b8edee029a9c4f13a2c52538b0,hh_algorithm_loop,c65b7d3b,True,prob_18.json,60.000000,60.000000,20.000000,90.000000,true,false,true,true,true,5,264994.0,264994.0,264994.0,0.0,3406,1890.0,23.193705,22.70042061805725,300,300,4,,reports\ogc2026_reboot_v001\full_compare_v304_vs_v298_train40_20260629_001\solutions\hh__v304_full\prob_18.solution.json,reports\ogc2026_reboot_v001\full_compare_v304_vs_v298_train40_20260629_001\logs\hh__v304_full\prob_18.log,PASS objective=264994.0 obj1=0.0 obj2=3406 obj3=1890.0,"C:\Python314\python.exe ogc2026/batchrunner/benchmark.py --algorithm name=hh_active,version=v298_direct_full,path=ogc2026/baseline/alg_versions/reboot_v298_20260629_trackA_prob11_rescue_with_familyB_tail_freeze_on_v290.py --algorithm name=hh,version=v304_full,path=ogc2026/baseline/alg_versions/reboot_v304_20260629_trackA_prob13like_subprocess_fallback_on_v298.py --problem train/prob_1.json --problem train/prob_2.json --problem train/prob_3.json --problem train/prob_4.json --problem train/prob_5.json --problem train/prob_6.json --problem train/prob_7.json --problem train/prob_8.json --problem train/prob_9.json --problem train/prob_10.json --problem train/prob_11.json --problem train/prob_12.json --problem train/prob_13.json --problem train/prob_14.json --problem train/prob_15.json --problem train/prob_16.json --problem train/prob_17.json --problem train/prob_18.json --problem train/prob_19.json --problem train/prob_20.json --problem train/prob_21.json --problem train/prob_22.json --problem train/prob_23.json --problem train/prob_24.json --problem train/prob_25.json --problem train/prob_26.json --problem train/prob_27.json --problem train/prob_28.json --problem train/prob_29.json --problem train/prob_30.json --problem train/prob_31.json --problem train/prob_32.json --problem train/prob_33.json --problem train/prob_34.json --problem train/prob_35.json --problem train/prob_36.json --problem train/prob_37.json --problem train/prob_38.json --problem train/prob_39.json --problem train/prob_40.json --timelimit 60 --run-id full_compare_v304_vs_v298_train40_20260629_001 --out-dir reports/ogc2026_reboot_v001/full_compare_v304_vs_v298_train40_20260629_001 --cumulative-csv reports/ogc2026_reboot_v001/benchmark_results_reboot_v304_full_compare.csv --require-fresh-cumulative"
2026-06-29T21:12:34,full_compare_v304_vs_v298_train40_20260629_001,hh,v304_full,ogc2026\baseline\alg_versions\reboot_v304_20260629_trackA_prob13like_subprocess_fallback_on_v298.py,008da10242e4b8e8848ca8de062e97fb39a91715f2896bade164d60493d8255d,9dfaa0ac5fa3e0f16fdfb0890e11b4cb64ea59b8edee029a9c4f13a2c52538b0,hh_algorithm_loop,c65b7d3b,True,prob_19.json,60.000000,60.000000,20.000000,90.000000,true,false,true,true,true,5,1896684.0,1896684.0,1896684.0,123.0,6544,4199.0,40.401977,39.92583608627319,300,300,4,,reports\ogc2026_reboot_v001\full_compare_v304_vs_v298_train40_20260629_001\solutions\hh__v304_full\prob_19.solution.json,reports\ogc2026_reboot_v001\full_compare_v304_vs_v298_train40_20260629_001\logs\hh__v304_full\prob_19.log,PASS objective=1896684.0 obj1=123.0 obj2=6544 obj3=4199.0,"C:\Python314\python.exe ogc2026/batchrunner/benchmark.py --algorithm name=hh_active,version=v298_direct_full,path=ogc2026/baseline/alg_versions/reboot_v298_20260629_trackA_prob11_rescue_with_familyB_tail_freeze_on_v290.py --algorithm name=hh,version=v304_full,path=ogc2026/baseline/alg_versions/reboot_v304_20260629_trackA_prob13like_subprocess_fallback_on_v298.py --problem train/prob_1.json --problem train/prob_2.json --problem train/prob_3.json --problem train/prob_4.json --problem train/prob_5.json --problem train/prob_6.json --problem train/prob_7.json --problem train/prob_8.json --problem train/prob_9.json --problem train/prob_10.json --problem train/prob_11.json --problem train/prob_12.json --problem train/prob_13.json --problem train/prob_14.json --problem train/prob_15.json --problem train/prob_16.json --problem train/prob_17.json --problem train/prob_18.json --problem train/prob_19.json --problem train/prob_20.json --problem train/prob_21.json --problem train/prob_22.json --problem train/prob_23.json --problem train/prob_24.json --problem train/prob_25.json --problem train/prob_26.json --problem train/prob_27.json --problem train/prob_28.json --problem train/prob_29.json --problem train/prob_30.json --problem train/prob_31.json --problem train/prob_32.json --problem train/prob_33.json --problem train/prob_34.json --problem train/prob_35.json --problem train/prob_36.json --problem train/prob_37.json --problem train/prob_38.json --problem train/prob_39.json --problem train/prob_40.json --timelimit 60 --run-id full_compare_v304_vs_v298_train40_20260629_001 --out-dir reports/ogc2026_reboot_v001/full_compare_v304_vs_v298_train40_20260629_001 --cumulative-csv reports/ogc2026_reboot_v001/benchmark_results_reboot_v304_full_compare.csv --require-fresh-cumulative"
2026-06-29T21:12:34,full_compare_v304_vs_v298_train40_20260629_001,hh,v304_full,ogc2026\baseline\alg_versions\reboot_v304_20260629_trackA_prob13like_subprocess_fallback_on_v298.py,008da10242e4b8e8848ca8de062e97fb39a91715f2896bade164d60493d8255d,9dfaa0ac5fa3e0f16fdfb0890e11b4cb64ea59b8edee029a9c4f13a2c52538b0,hh_algorithm_loop,c65b7d3b,True,prob_20.json,60.000000,60.000000,20.000000,90.000000,true,false,true,true,true,5,5199740.0,5199740.0,5199740.0,164.0,3642,6436.0,46.210760,45.76258444786072,300,300,5,,reports\ogc2026_reboot_v001\full_compare_v304_vs_v298_train40_20260629_001\solutions\hh__v304_full\prob_20.solution.json,reports\ogc2026_reboot_v001\full_compare_v304_vs_v298_train40_20260629_001\logs\hh__v304_full\prob_20.log,PASS objective=5199740.0 obj1=164.0 obj2=3642 obj3=6436.0,"C:\Python314\python.exe ogc2026/batchrunner/benchmark.py --algorithm name=hh_active,version=v298_direct_full,path=ogc2026/baseline/alg_versions/reboot_v298_20260629_trackA_prob11_rescue_with_familyB_tail_freeze_on_v290.py --algorithm name=hh,version=v304_full,path=ogc2026/baseline/alg_versions/reboot_v304_20260629_trackA_prob13like_subprocess_fallback_on_v298.py --problem train/prob_1.json --problem train/prob_2.json --problem train/prob_3.json --problem train/prob_4.json --problem train/prob_5.json --problem train/prob_6.json --problem train/prob_7.json --problem train/prob_8.json --problem train/prob_9.json --problem train/prob_10.json --problem train/prob_11.json --problem train/prob_12.json --problem train/prob_13.json --problem train/prob_14.json --problem train/prob_15.json --problem train/prob_16.json --problem train/prob_17.json --problem train/prob_18.json --problem train/prob_19.json --problem train/prob_20.json --problem train/prob_21.json --problem train/prob_22.json --problem train/prob_23.json --problem train/prob_24.json --problem train/prob_25.json --problem train/prob_26.json --problem train/prob_27.json --problem train/prob_28.json --problem train/prob_29.json --problem train/prob_30.json --problem train/prob_31.json --problem train/prob_32.json --problem train/prob_33.json --problem train/prob_34.json --problem train/prob_35.json --problem train/prob_36.json --problem train/prob_37.json --problem train/prob_38.json --problem train/prob_39.json --problem train/prob_40.json --timelimit 60 --run-id full_compare_v304_vs_v298_train40_20260629_001 --out-dir reports/ogc2026_reboot_v001/full_compare_v304_vs_v298_train40_20260629_001 --cumulative-csv reports/ogc2026_reboot_v001/benchmark_results_reboot_v304_full_compare.csv --require-fresh-cumulative"
2026-06-29T21:12:34,full_compare_v304_vs_v298_train40_20260629_001,hh,v304_full,ogc2026\baseline\alg_versions\reboot_v304_20260629_trackA_prob13like_subprocess_fallback_on_v298.py,008da10242e4b8e8848ca8de062e97fb39a91715f2896bade164d60493d8255d,9dfaa0ac5fa3e0f16fdfb0890e11b4cb64ea59b8edee029a9c4f13a2c52538b0,hh_algorithm_loop,c65b7d3b,True,prob_21.json,60.000000,60.000000,20.000000,90.000000,true,false,true,true,true,5,9383482.0,9383482.0,9383482.0,664.0,522,3501.0,10.506289,10.080591440200806,100,100,3,,reports\ogc2026_reboot_v001\full_compare_v304_vs_v298_train40_20260629_001\solutions\hh__v304_full\prob_21.solution.json,reports\ogc2026_reboot_v001\full_compare_v304_vs_v298_train40_20260629_001\logs\hh__v304_full\prob_21.log,PASS objective=9383482.0 obj1=664.0 obj2=522 obj3=3501.0,"C:\Python314\python.exe ogc2026/batchrunner/benchmark.py --algorithm name=hh_active,version=v298_direct_full,path=ogc2026/baseline/alg_versions/reboot_v298_20260629_trackA_prob11_rescue_with_familyB_tail_freeze_on_v290.py --algorithm name=hh,version=v304_full,path=ogc2026/baseline/alg_versions/reboot_v304_20260629_trackA_prob13like_subprocess_fallback_on_v298.py --problem train/prob_1.json --problem train/prob_2.json --problem train/prob_3.json --problem train/prob_4.json --problem train/prob_5.json --problem train/prob_6.json --problem train/prob_7.json --problem train/prob_8.json --problem train/prob_9.json --problem train/prob_10.json --problem train/prob_11.json --problem train/prob_12.json --problem train/prob_13.json --problem train/prob_14.json --problem train/prob_15.json --problem train/prob_16.json --problem train/prob_17.json --problem train/prob_18.json --problem train/prob_19.json --problem train/prob_20.json --problem train/prob_21.json --problem train/prob_22.json --problem train/prob_23.json --problem train/prob_24.json --problem train/prob_25.json --problem train/prob_26.json --problem train/prob_27.json --problem train/prob_28.json --problem train/prob_29.json --problem train/prob_30.json --problem train/prob_31.json --problem train/prob_32.json --problem train/prob_33.json --problem train/prob_34.json --problem train/prob_35.json --problem train/prob_36.json --problem train/prob_37.json --problem train/prob_38.json --problem train/prob_39.json --problem train/prob_40.json --timelimit 60 --run-id full_compare_v304_vs_v298_train40_20260629_001 --out-dir reports/ogc2026_reboot_v001/full_compare_v304_vs_v298_train40_20260629_001 --cumulative-csv reports/ogc2026_reboot_v001/benchmark_results_reboot_v304_full_compare.csv --require-fresh-cumulative"
2026-06-29T21:12:34,full_compare_v304_vs_v298_train40_20260629_001,hh,v304_full,ogc2026\baseline\alg_versions\reboot_v304_20260629_trackA_prob13like_subprocess_fallback_on_v298.py,008da10242e4b8e8848ca8de062e97fb39a91715f2896bade164d60493d8255d,9dfaa0ac5fa3e0f16fdfb0890e11b4cb64ea59b8edee029a9c4f13a2c52538b0,hh_algorithm_loop,c65b7d3b,True,prob_22.json,60.000000,60.000000,20.000000,90.000000,true,false,true,true,true,5,1837996.0,1837996.0,1837996.0,26.0,2446,3710.0,19.325519,18.608450174331665,100,100,2,,reports\ogc2026_reboot_v001\full_compare_v304_vs_v298_train40_20260629_001\solutions\hh__v304_full\prob_22.solution.json,reports\ogc2026_reboot_v001\full_compare_v304_vs_v298_train40_20260629_001\logs\hh__v304_full\prob_22.log,PASS objective=1837996.0 obj1=26.0 obj2=2446 obj3=3710.0,"C:\Python314\python.exe ogc2026/batchrunner/benchmark.py --algorithm name=hh_active,version=v298_direct_full,path=ogc2026/baseline/alg_versions/reboot_v298_20260629_trackA_prob11_rescue_with_familyB_tail_freeze_on_v290.py --algorithm name=hh,version=v304_full,path=ogc2026/baseline/alg_versions/reboot_v304_20260629_trackA_prob13like_subprocess_fallback_on_v298.py --problem train/prob_1.json --problem train/prob_2.json --problem train/prob_3.json --problem train/prob_4.json --problem train/prob_5.json --problem train/prob_6.json --problem train/prob_7.json --problem train/prob_8.json --problem train/prob_9.json --problem train/prob_10.json --problem train/prob_11.json --problem train/prob_12.json --problem train/prob_13.json --problem train/prob_14.json --problem train/prob_15.json --problem train/prob_16.json --problem train/prob_17.json --problem train/prob_18.json --problem train/prob_19.json --problem train/prob_20.json --problem train/prob_21.json --problem train/prob_22.json --problem train/prob_23.json --problem train/prob_24.json --problem train/prob_25.json --problem train/prob_26.json --problem train/prob_27.json --problem train/prob_28.json --problem train/prob_29.json --problem train/prob_30.json --problem train/prob_31.json --problem train/prob_32.json --problem train/prob_33.json --problem train/prob_34.json --problem train/prob_35.json --problem train/prob_36.json --problem train/prob_37.json --problem train/prob_38.json --problem train/prob_39.json --problem train/prob_40.json --timelimit 60 --run-id full_compare_v304_vs_v298_train40_20260629_001 --out-dir reports/ogc2026_reboot_v001/full_compare_v304_vs_v298_train40_20260629_001 --cumulative-csv reports/ogc2026_reboot_v001/benchmark_results_reboot_v304_full_compare.csv --require-fresh-cumulative"
2026-06-29T21:12:34,full_compare_v304_vs_v298_train40_20260629_001,hh,v304_full,ogc2026\baseline\alg_versions\reboot_v304_20260629_trackA_prob13like_subprocess_fallback_on_v298.py,008da10242e4b8e8848ca8de062e97fb39a91715f2896bade164d60493d8255d,9dfaa0ac5fa3e0f16fdfb0890e11b4cb64ea59b8edee029a9c4f13a2c52538b0,hh_algorithm_loop,c65b7d3b,True,prob_23.json,60.000000,60.000000,20.000000,90.000000,true,false,true,true,true,5,20686068.0,20686068.0,20686068.0,1497.0,35,1940.0,25.258242,24.818277835845947,100,100,2,,reports\ogc2026_reboot_v001\full_compare_v304_vs_v298_train40_20260629_001\solutions\hh__v304_full\prob_23.solution.json,reports\ogc2026_reboot_v001\full_compare_v304_vs_v298_train40_20260629_001\logs\hh__v304_full\prob_23.log,PASS objective=20686068.0 obj1=1497.0 obj2=35 obj3=1940.0,"C:\Python314\python.exe ogc2026/batchrunner/benchmark.py --algorithm name=hh_active,version=v298_direct_full,path=ogc2026/baseline/alg_versions/reboot_v298_20260629_trackA_prob11_rescue_with_familyB_tail_freeze_on_v290.py --algorithm name=hh,version=v304_full,path=ogc2026/baseline/alg_versions/reboot_v304_20260629_trackA_prob13like_subprocess_fallback_on_v298.py --problem train/prob_1.json --problem train/prob_2.json --problem train/prob_3.json --problem train/prob_4.json --problem train/prob_5.json --problem train/prob_6.json --problem train/prob_7.json --problem train/prob_8.json --problem train/prob_9.json --problem train/prob_10.json --problem train/prob_11.json --problem train/prob_12.json --problem train/prob_13.json --problem train/prob_14.json --problem train/prob_15.json --problem train/prob_16.json --problem train/prob_17.json --problem train/prob_18.json --problem train/prob_19.json --problem train/prob_20.json --problem train/prob_21.json --problem train/prob_22.json --problem train/prob_23.json --problem train/prob_24.json --problem train/prob_25.json --problem train/prob_26.json --problem train/prob_27.json --problem train/prob_28.json --problem train/prob_29.json --problem train/prob_30.json --problem train/prob_31.json --problem train/prob_32.json --problem train/prob_33.json --problem train/prob_34.json --problem train/prob_35.json --problem train/prob_36.json --problem train/prob_37.json --problem train/prob_38.json --problem train/prob_39.json --problem train/prob_40.json --timelimit 60 --run-id full_compare_v304_vs_v298_train40_20260629_001 --out-dir reports/ogc2026_reboot_v001/full_compare_v304_vs_v298_train40_20260629_001 --cumulative-csv reports/ogc2026_reboot_v001/benchmark_results_reboot_v304_full_compare.csv --require-fresh-cumulative"
2026-06-29T21:12:34,full_compare_v304_vs_v298_train40_20260629_001,hh,v304_full,ogc2026\baseline\alg_versions\reboot_v304_20260629_trackA_prob13like_subprocess_fallback_on_v298.py,008da10242e4b8e8848ca8de062e97fb39a91715f2896bade164d60493d8255d,9dfaa0ac5fa3e0f16fdfb0890e11b4cb64ea59b8edee029a9c4f13a2c52538b0,hh_algorithm_loop,c65b7d3b,True,prob_24.json,60.000000,60.000000,20.000000,90.000000,true,false,true,true,true,5,2981583.0,2981583.0,2981583.0,166.0,1381,2538.0,36.027960,35.58755922317505,100,100,3,,reports\ogc2026_reboot_v001\full_compare_v304_vs_v298_train40_20260629_001\solutions\hh__v304_full\prob_24.solution.json,reports\ogc2026_reboot_v001\full_compare_v304_vs_v298_train40_20260629_001\logs\hh__v304_full\prob_24.log,PASS objective=2981583.0 obj1=166.0 obj2=1381 obj3=2538.0,"C:\Python314\python.exe ogc2026/batchrunner/benchmark.py --algorithm name=hh_active,version=v298_direct_full,path=ogc2026/baseline/alg_versions/reboot_v298_20260629_trackA_prob11_rescue_with_familyB_tail_freeze_on_v290.py --algorithm name=hh,version=v304_full,path=ogc2026/baseline/alg_versions/reboot_v304_20260629_trackA_prob13like_subprocess_fallback_on_v298.py --problem train/prob_1.json --problem train/prob_2.json --problem train/prob_3.json --problem train/prob_4.json --problem train/prob_5.json --problem train/prob_6.json --problem train/prob_7.json --problem train/prob_8.json --problem train/prob_9.json --problem train/prob_10.json --problem train/prob_11.json --problem train/prob_12.json --problem train/prob_13.json --problem train/prob_14.json --problem train/prob_15.json --problem train/prob_16.json --problem train/prob_17.json --problem train/prob_18.json --problem train/prob_19.json --problem train/prob_20.json --problem train/prob_21.json --problem train/prob_22.json --problem train/prob_23.json --problem train/prob_24.json --problem train/prob_25.json --problem train/prob_26.json --problem train/prob_27.json --problem train/prob_28.json --problem train/prob_29.json --problem train/prob_30.json --problem train/prob_31.json --problem train/prob_32.json --problem train/prob_33.json --problem train/prob_34.json --problem train/prob_35.json --problem train/prob_36.json --problem train/prob_37.json --problem train/prob_38.json --problem train/prob_39.json --problem train/prob_40.json --timelimit 60 --run-id full_compare_v304_vs_v298_train40_20260629_001 --out-dir reports/ogc2026_reboot_v001/full_compare_v304_vs_v298_train40_20260629_001 --cumulative-csv reports/ogc2026_reboot_v001/benchmark_results_reboot_v304_full_compare.csv --require-fresh-cumulative"
2026-06-29T21:12:34,full_compare_v304_vs_v298_train40_20260629_001,hh,v304_full,ogc2026\baseline\alg_versions\reboot_v304_20260629_trackA_prob13like_subprocess_fallback_on_v298.py,008da10242e4b8e8848ca8de062e97fb39a91715f2896bade164d60493d8255d,9dfaa0ac5fa3e0f16fdfb0890e11b4cb64ea59b8edee029a9c4f13a2c52538b0,hh_algorithm_loop,c65b7d3b,True,prob_25.json,60.000000,60.000000,20.000000,90.000000,true,false,true,true,true,5,1454484.0,1454484.0,1454484.0,2089.0,241,3044.0,31.696955,31.26913619041443,100,100,2,,reports\ogc2026_reboot_v001\full_compare_v304_vs_v298_train40_20260629_001\solutions\hh__v304_full\prob_25.solution.json,reports\ogc2026_reboot_v001\full_compare_v304_vs_v298_train40_20260629_001\logs\hh__v304_full\prob_25.log,PASS objective=1454484.0 obj1=2089.0 obj2=241 obj3=3044.0,"C:\Python314\python.exe ogc2026/batchrunner/benchmark.py --algorithm name=hh_active,version=v298_direct_full,path=ogc2026/baseline/alg_versions/reboot_v298_20260629_trackA_prob11_rescue_with_familyB_tail_freeze_on_v290.py --algorithm name=hh,version=v304_full,path=ogc2026/baseline/alg_versions/reboot_v304_20260629_trackA_prob13like_subprocess_fallback_on_v298.py --problem train/prob_1.json --problem train/prob_2.json --problem train/prob_3.json --problem train/prob_4.json --problem train/prob_5.json --problem train/prob_6.json --problem train/prob_7.json --problem train/prob_8.json --problem train/prob_9.json --problem train/prob_10.json --problem train/prob_11.json --problem train/prob_12.json --problem train/prob_13.json --problem train/prob_14.json --problem train/prob_15.json --problem train/prob_16.json --problem train/prob_17.json --problem train/prob_18.json --problem train/prob_19.json --problem train/prob_20.json --problem train/prob_21.json --problem train/prob_22.json --problem train/prob_23.json --problem train/prob_24.json --problem train/prob_25.json --problem train/prob_26.json --problem train/prob_27.json --problem train/prob_28.json --problem train/prob_29.json --problem train/prob_30.json --problem train/prob_31.json --problem train/prob_32.json --problem train/prob_33.json --problem train/prob_34.json --problem train/prob_35.json --problem train/prob_36.json --problem train/prob_37.json --problem train/prob_38.json --problem train/prob_39.json --problem train/prob_40.json --timelimit 60 --run-id full_compare_v304_vs_v298_train40_20260629_001 --out-dir reports/ogc2026_reboot_v001/full_compare_v304_vs_v298_train40_20260629_001 --cumulative-csv reports/ogc2026_reboot_v001/benchmark_results_reboot_v304_full_compare.csv --require-fresh-cumulative"
2026-06-29T21:12:34,full_compare_v304_vs_v298_train40_20260629_001,hh,v304_full,ogc2026\baseline\alg_versions\reboot_v304_20260629_trackA_prob13like_subprocess_fallback_on_v298.py,008da10242e4b8e8848ca8de062e97fb39a91715f2896bade164d60493d8255d,9dfaa0ac5fa3e0f16fdfb0890e11b4cb64ea59b8edee029a9c4f13a2c52538b0,hh_algorithm_loop,c65b7d3b,True,prob_26.json,60.000000,60.000000,20.000000,90.000000,true,false,true,true,true,5,31708207.0,31708207.0,31708207.0,2305.0,2556,6385.0,26.213996,25.49105715751648,150,150,3,,reports\ogc2026_reboot_v001\full_compare_v304_vs_v298_train40_20260629_001\solutions\hh__v304_full\prob_26.solution.json,reports\ogc2026_reboot_v001\full_compare_v304_vs_v298_train40_20260629_001\logs\hh__v304_full\prob_26.log,PASS objective=31708207.0 obj1=2305.0 obj2=2556 obj3=6385.0,"C:\Python314\python.exe ogc2026/batchrunner/benchmark.py --algorithm name=hh_active,version=v298_direct_full,path=ogc2026/baseline/alg_versions/reboot_v298_20260629_trackA_prob11_rescue_with_familyB_tail_freeze_on_v290.py --algorithm name=hh,version=v304_full,path=ogc2026/baseline/alg_versions/reboot_v304_20260629_trackA_prob13like_subprocess_fallback_on_v298.py --problem train/prob_1.json --problem train/prob_2.json --problem train/prob_3.json --problem train/prob_4.json --problem train/prob_5.json --problem train/prob_6.json --problem train/prob_7.json --problem train/prob_8.json --problem train/prob_9.json --problem train/prob_10.json --problem train/prob_11.json --problem train/prob_12.json --problem train/prob_13.json --problem train/prob_14.json --problem train/prob_15.json --problem train/prob_16.json --problem train/prob_17.json --problem train/prob_18.json --problem train/prob_19.json --problem train/prob_20.json --problem train/prob_21.json --problem train/prob_22.json --problem train/prob_23.json --problem train/prob_24.json --problem train/prob_25.json --problem train/prob_26.json --problem train/prob_27.json --problem train/prob_28.json --problem train/prob_29.json --problem train/prob_30.json --problem train/prob_31.json --problem train/prob_32.json --problem train/prob_33.json --problem train/prob_34.json --problem train/prob_35.json --problem train/prob_36.json --problem train/prob_37.json --problem train/prob_38.json --problem train/prob_39.json --problem train/prob_40.json --timelimit 60 --run-id full_compare_v304_vs_v298_train40_20260629_001 --out-dir reports/ogc2026_reboot_v001/full_compare_v304_vs_v298_train40_20260629_001 --cumulative-csv reports/ogc2026_reboot_v001/benchmark_results_reboot_v304_full_compare.csv --require-fresh-cumulative"
2026-06-29T21:12:34,full_compare_v304_vs_v298_train40_20260629_001,hh,v304_full,ogc2026\baseline\alg_versions\reboot_v304_20260629_trackA_prob13like_subprocess_fallback_on_v298.py,008da10242e4b8e8848ca8de062e97fb39a91715f2896bade164d60493d8255d,9dfaa0ac5fa3e0f16fdfb0890e11b4cb64ea59b8edee029a9c4f13a2c52538b0,hh_algorithm_loop,c65b7d3b,True,prob_27.json,60.000000,60.000000,20.000000,90.000000,true,false,true,true,true,5,75028700.0,75028700.0,75028700.0,5456.0,1926,5700.0,46.240171,45.79345440864563,150,150,2,,reports\ogc2026_reboot_v001\full_compare_v304_vs_v298_train40_20260629_001\solutions\hh__v304_full\prob_27.solution.json,reports\ogc2026_reboot_v001\full_compare_v304_vs_v298_train40_20260629_001\logs\hh__v304_full\prob_27.log,PASS objective=75028700.0 obj1=5456.0 obj2=1926 obj3=5700.0,"C:\Python314\python.exe ogc2026/batchrunner/benchmark.py --algorithm name=hh_active,version=v298_direct_full,path=ogc2026/baseline/alg_versions/reboot_v298_20260629_trackA_prob11_rescue_with_familyB_tail_freeze_on_v290.py --algorithm name=hh,version=v304_full,path=ogc2026/baseline/alg_versions/reboot_v304_20260629_trackA_prob13like_subprocess_fallback_on_v298.py --problem train/prob_1.json --problem train/prob_2.json --problem train/prob_3.json --problem train/prob_4.json --problem train/prob_5.json --problem train/prob_6.json --problem train/prob_7.json --problem train/prob_8.json --problem train/prob_9.json --problem train/prob_10.json --problem train/prob_11.json --problem train/prob_12.json --problem train/prob_13.json --problem train/prob_14.json --problem train/prob_15.json --problem train/prob_16.json --problem train/prob_17.json --problem train/prob_18.json --problem train/prob_19.json --problem train/prob_20.json --problem train/prob_21.json --problem train/prob_22.json --problem train/prob_23.json --problem train/prob_24.json --problem train/prob_25.json --problem train/prob_26.json --problem train/prob_27.json --problem train/prob_28.json --problem train/prob_29.json --problem train/prob_30.json --problem train/prob_31.json --problem train/prob_32.json --problem train/prob_33.json --problem train/prob_34.json --problem train/prob_35.json --problem train/prob_36.json --problem train/prob_37.json --problem train/prob_38.json --problem train/prob_39.json --problem train/prob_40.json --timelimit 60 --run-id full_compare_v304_vs_v298_train40_20260629_001 --out-dir reports/ogc2026_reboot_v001/full_compare_v304_vs_v298_train40_20260629_001 --cumulative-csv reports/ogc2026_reboot_v001/benchmark_results_reboot_v304_full_compare.csv --require-fresh-cumulative"
2026-06-29T21:12:34,full_compare_v304_vs_v298_train40_20260629_001,hh,v304_full,ogc2026\baseline\alg_versions\reboot_v304_20260629_trackA_prob13like_subprocess_fallback_on_v298.py,008da10242e4b8e8848ca8de062e97fb39a91715f2896bade164d60493d8255d,9dfaa0ac5fa3e0f16fdfb0890e11b4cb64ea59b8edee029a9c4f13a2c52538b0,hh_algorithm_loop,c65b7d3b,True,prob_28.json,60.000000,60.000000,20.000000,90.000000,true,false,true,true,true,5,18836666.0,18836666.0,18836666.0,1310.0,1012,4558.0,26.359135,25.923034191131592,150,150,3,,reports\ogc2026_reboot_v001\full_compare_v304_vs_v298_train40_20260629_001\solutions\hh__v304_full\prob_28.solution.json,reports\ogc2026_reboot_v001\full_compare_v304_vs_v298_train40_20260629_001\logs\hh__v304_full\prob_28.log,PASS objective=18836666.0 obj1=1310.0 obj2=1012 obj3=4558.0,"C:\Python314\python.exe ogc2026/batchrunner/benchmark.py --algorithm name=hh_active,version=v298_direct_full,path=ogc2026/baseline/alg_versions/reboot_v298_20260629_trackA_prob11_rescue_with_familyB_tail_freeze_on_v290.py --algorithm name=hh,version=v304_full,path=ogc2026/baseline/alg_versions/reboot_v304_20260629_trackA_prob13like_subprocess_fallback_on_v298.py --problem train/prob_1.json --problem train/prob_2.json --problem train/prob_3.json --problem train/prob_4.json --problem train/prob_5.json --problem train/prob_6.json --problem train/prob_7.json --problem train/prob_8.json --problem train/prob_9.json --problem train/prob_10.json --problem train/prob_11.json --problem train/prob_12.json --problem train/prob_13.json --problem train/prob_14.json --problem train/prob_15.json --problem train/prob_16.json --problem train/prob_17.json --problem train/prob_18.json --problem train/prob_19.json --problem train/prob_20.json --problem train/prob_21.json --problem train/prob_22.json --problem train/prob_23.json --problem train/prob_24.json --problem train/prob_25.json --problem train/prob_26.json --problem train/prob_27.json --problem train/prob_28.json --problem train/prob_29.json --problem train/prob_30.json --problem train/prob_31.json --problem train/prob_32.json --problem train/prob_33.json --problem train/prob_34.json --problem train/prob_35.json --problem train/prob_36.json --problem train/prob_37.json --problem train/prob_38.json --problem train/prob_39.json --problem train/prob_40.json --timelimit 60 --run-id full_compare_v304_vs_v298_train40_20260629_001 --out-dir reports/ogc2026_reboot_v001/full_compare_v304_vs_v298_train40_20260629_001 --cumulative-csv reports/ogc2026_reboot_v001/benchmark_results_reboot_v304_full_compare.csv --require-fresh-cumulative"
2026-06-29T21:12:34,full_compare_v304_vs_v298_train40_20260629_001,hh,v304_full,ogc2026\baseline\alg_versions\reboot_v304_20260629_trackA_prob13like_subprocess_fallback_on_v298.py,008da10242e4b8e8848ca8de062e97fb39a91715f2896bade164d60493d8255d,9dfaa0ac5fa3e0f16fdfb0890e11b4cb64ea59b8edee029a9c4f13a2c52538b0,hh_algorithm_loop,c65b7d3b,True,prob_29.json,60.000000,60.000000,20.000000,90.000000,true,false,true,true,true,5,7782572.0,7782572.0,7782572.0,446.0,3918,6081.0,31.856693,31.416541814804077,150,150,3,,reports\ogc2026_reboot_v001\full_compare_v304_vs_v298_train40_20260629_001\solutions\hh__v304_full\prob_29.solution.json,reports\ogc2026_reboot_v001\full_compare_v304_vs_v298_train40_20260629_001\logs\hh__v304_full\prob_29.log,PASS objective=7782572.0 obj1=446.0 obj2=3918 obj3=6081.0,"C:\Python314\python.exe ogc2026/batchrunner/benchmark.py --algorithm name=hh_active,version=v298_direct_full,path=ogc2026/baseline/alg_versions/reboot_v298_20260629_trackA_prob11_rescue_with_familyB_tail_freeze_on_v290.py --algorithm name=hh,version=v304_full,path=ogc2026/baseline/alg_versions/reboot_v304_20260629_trackA_prob13like_subprocess_fallback_on_v298.py --problem train/prob_1.json --problem train/prob_2.json --problem train/prob_3.json --problem train/prob_4.json --problem train/prob_5.json --problem train/prob_6.json --problem train/prob_7.json --problem train/prob_8.json --problem train/prob_9.json --problem train/prob_10.json --problem train/prob_11.json --problem train/prob_12.json --problem train/prob_13.json --problem train/prob_14.json --problem train/prob_15.json --problem train/prob_16.json --problem train/prob_17.json --problem train/prob_18.json --problem train/prob_19.json --problem train/prob_20.json --problem train/prob_21.json --problem train/prob_22.json --problem train/prob_23.json --problem train/prob_24.json --problem train/prob_25.json --problem train/prob_26.json --problem train/prob_27.json --problem train/prob_28.json --problem train/prob_29.json --problem train/prob_30.json --problem train/prob_31.json --problem train/prob_32.json --problem train/prob_33.json --problem train/prob_34.json --problem train/prob_35.json --problem train/prob_36.json --problem train/prob_37.json --problem train/prob_38.json --problem train/prob_39.json --problem train/prob_40.json --timelimit 60 --run-id full_compare_v304_vs_v298_train40_20260629_001 --out-dir reports/ogc2026_reboot_v001/full_compare_v304_vs_v298_train40_20260629_001 --cumulative-csv reports/ogc2026_reboot_v001/benchmark_results_reboot_v304_full_compare.csv --require-fresh-cumulative"
2026-06-29T21:12:34,full_compare_v304_vs_v298_train40_20260629_001,hh,v304_full,ogc2026\baseline\alg_versions\reboot_v304_20260629_trackA_prob13like_subprocess_fallback_on_v298.py,008da10242e4b8e8848ca8de062e97fb39a91715f2896bade164d60493d8255d,9dfaa0ac5fa3e0f16fdfb0890e11b4cb64ea59b8edee029a9c4f13a2c52538b0,hh_algorithm_loop,c65b7d3b,True,prob_30.json,60.000000,60.000000,20.000000,90.000000,true,false,true,true,true,5,31302610.0,31302610.0,31302610.0,2302.0,3211,2986.0,17.509799,17.02979350090027,150,150,2,,reports\ogc2026_reboot_v001\full_compare_v304_vs_v298_train40_20260629_001\solutions\hh__v304_full\prob_30.solution.json,reports\ogc2026_reboot_v001\full_compare_v304_vs_v298_train40_20260629_001\logs\hh__v304_full\prob_30.log,PASS objective=31302610.0 obj1=2302.0 obj2=3211 obj3=2986.0,"C:\Python314\python.exe ogc2026/batchrunner/benchmark.py --algorithm name=hh_active,version=v298_direct_full,path=ogc2026/baseline/alg_versions/reboot_v298_20260629_trackA_prob11_rescue_with_familyB_tail_freeze_on_v290.py --algorithm name=hh,version=v304_full,path=ogc2026/baseline/alg_versions/reboot_v304_20260629_trackA_prob13like_subprocess_fallback_on_v298.py --problem train/prob_1.json --problem train/prob_2.json --problem train/prob_3.json --problem train/prob_4.json --problem train/prob_5.json --problem train/prob_6.json --problem train/prob_7.json --problem train/prob_8.json --problem train/prob_9.json --problem train/prob_10.json --problem train/prob_11.json --problem train/prob_12.json --problem train/prob_13.json --problem train/prob_14.json --problem train/prob_15.json --problem train/prob_16.json --problem train/prob_17.json --problem train/prob_18.json --problem train/prob_19.json --problem train/prob_20.json --problem train/prob_21.json --problem train/prob_22.json --problem train/prob_23.json --problem train/prob_24.json --problem train/prob_25.json --problem train/prob_26.json --problem train/prob_27.json --problem train/prob_28.json --problem train/prob_29.json --problem train/prob_30.json --problem train/prob_31.json --problem train/prob_32.json --problem train/prob_33.json --problem train/prob_34.json --problem train/prob_35.json --problem train/prob_36.json --problem train/prob_37.json --problem train/prob_38.json --problem train/prob_39.json --problem train/prob_40.json --timelimit 60 --run-id full_compare_v304_vs_v298_train40_20260629_001 --out-dir reports/ogc2026_reboot_v001/full_compare_v304_vs_v298_train40_20260629_001 --cumulative-csv reports/ogc2026_reboot_v001/benchmark_results_reboot_v304_full_compare.csv --require-fresh-cumulative"
2026-06-29T21:12:34,full_compare_v304_vs_v298_train40_20260629_001,hh,v304_full,ogc2026\baseline\alg_versions\reboot_v304_20260629_trackA_prob13like_subprocess_fallback_on_v298.py,008da10242e4b8e8848ca8de062e97fb39a91715f2896bade164d60493d8255d,9dfaa0ac5fa3e0f16fdfb0890e11b4cb64ea59b8edee029a9c4f13a2c52538b0,hh_algorithm_loop,c65b7d3b,True,prob_31.json,60.000000,60.000000,20.000000,90.000000,true,false,true,true,true,5,39589844.0,39589844.0,39589844.0,2735.0,1843,11680.0,53.640978,53.19163799285889,200,200,4,,reports\ogc2026_reboot_v001\full_compare_v304_vs_v298_train40_20260629_001\solutions\hh__v304_full\prob_31.solution.json,reports\ogc2026_reboot_v001\full_compare_v304_vs_v298_train40_20260629_001\logs\hh__v304_full\prob_31.log,PASS objective=39589844.0 obj1=2735.0 obj2=1843 obj3=11680.0,"C:\Python314\python.exe ogc2026/batchrunner/benchmark.py --algorithm name=hh_active,version=v298_direct_full,path=ogc2026/baseline/alg_versions/reboot_v298_20260629_trackA_prob11_rescue_with_familyB_tail_freeze_on_v290.py --algorithm name=hh,version=v304_full,path=ogc2026/baseline/alg_versions/reboot_v304_20260629_trackA_prob13like_subprocess_fallback_on_v298.py --problem train/prob_1.json --problem train/prob_2.json --problem train/prob_3.json --problem train/prob_4.json --problem train/prob_5.json --problem train/prob_6.json --problem train/prob_7.json --problem train/prob_8.json --problem train/prob_9.json --problem train/prob_10.json --problem train/prob_11.json --problem train/prob_12.json --problem train/prob_13.json --problem train/prob_14.json --problem train/prob_15.json --problem train/prob_16.json --problem train/prob_17.json --problem train/prob_18.json --problem train/prob_19.json --problem train/prob_20.json --problem train/prob_21.json --problem train/prob_22.json --problem train/prob_23.json --problem train/prob_24.json --problem train/prob_25.json --problem train/prob_26.json --problem train/prob_27.json --problem train/prob_28.json --problem train/prob_29.json --problem train/prob_30.json --problem train/prob_31.json --problem train/prob_32.json --problem train/prob_33.json --problem train/prob_34.json --problem train/prob_35.json --problem train/prob_36.json --problem train/prob_37.json --problem train/prob_38.json --problem train/prob_39.json --problem train/prob_40.json --timelimit 60 --run-id full_compare_v304_vs_v298_train40_20260629_001 --out-dir reports/ogc2026_reboot_v001/full_compare_v304_vs_v298_train40_20260629_001 --cumulative-csv reports/ogc2026_reboot_v001/benchmark_results_reboot_v304_full_compare.csv --require-fresh-cumulative"
2026-06-29T21:12:34,full_compare_v304_vs_v298_train40_20260629_001,hh,v304_full,ogc2026\baseline\alg_versions\reboot_v304_20260629_trackA_prob13like_subprocess_fallback_on_v298.py,008da10242e4b8e8848ca8de062e97fb39a91715f2896bade164d60493d8255d,9dfaa0ac5fa3e0f16fdfb0890e11b4cb64ea59b8edee029a9c4f13a2c52538b0,hh_algorithm_loop,c65b7d3b,True,prob_32.json,60.000000,60.000000,20.000000,90.000000,true,false,true,true,true,5,12781706.0,12781706.0,12781706.0,2992.0,2434,4662.0,49.550458,49.09233283996582,200,200,3,,reports\ogc2026_reboot_v001\full_compare_v304_vs_v298_train40_20260629_001\solutions\hh__v304_full\prob_32.solution.json,reports\ogc2026_reboot_v001\full_compare_v304_vs_v298_train40_20260629_001\logs\hh__v304_full\prob_32.log,PASS objective=12781706.0 obj1=2992.0 obj2=2434 obj3=4662.0,"C:\Python314\python.exe ogc2026/batchrunner/benchmark.py --algorithm name=hh_active,version=v298_direct_full,path=ogc2026/baseline/alg_versions/reboot_v298_20260629_trackA_prob11_rescue_with_familyB_tail_freeze_on_v290.py --algorithm name=hh,version=v304_full,path=ogc2026/baseline/alg_versions/reboot_v304_20260629_trackA_prob13like_subprocess_fallback_on_v298.py --problem train/prob_1.json --problem train/prob_2.json --problem train/prob_3.json --problem train/prob_4.json --problem train/prob_5.json --problem train/prob_6.json --problem train/prob_7.json --problem train/prob_8.json --problem train/prob_9.json --problem train/prob_10.json --problem train/prob_11.json --problem train/prob_12.json --problem train/prob_13.json --problem train/prob_14.json --problem train/prob_15.json --problem train/prob_16.json --problem train/prob_17.json --problem train/prob_18.json --problem train/prob_19.json --problem train/prob_20.json --problem train/prob_21.json --problem train/prob_22.json --problem train/prob_23.json --problem train/prob_24.json --problem train/prob_25.json --problem train/prob_26.json --problem train/prob_27.json --problem train/prob_28.json --problem train/prob_29.json --problem train/prob_30.json --problem train/prob_31.json --problem train/prob_32.json --problem train/prob_33.json --problem train/prob_34.json --problem train/prob_35.json --problem train/prob_36.json --problem train/prob_37.json --problem train/prob_38.json --problem train/prob_39.json --problem train/prob_40.json --timelimit 60 --run-id full_compare_v304_vs_v298_train40_20260629_001 --out-dir reports/ogc2026_reboot_v001/full_compare_v304_vs_v298_train40_20260629_001 --cumulative-csv reports/ogc2026_reboot_v001/benchmark_results_reboot_v304_full_compare.csv --require-fresh-cumulative"
2026-06-29T21:12:34,full_compare_v304_vs_v298_train40_20260629_001,hh,v304_full,ogc2026\baseline\alg_versions\reboot_v304_20260629_trackA_prob13like_subprocess_fallback_on_v298.py,008da10242e4b8e8848ca8de062e97fb39a91715f2896bade164d60493d8255d,9dfaa0ac5fa3e0f16fdfb0890e11b4cb64ea59b8edee029a9c4f13a2c52538b0,hh_algorithm_loop,c65b7d3b,True,prob_33.json,60.000000,60.000000,20.000000,90.000000,true,false,true,true,true,5,26172225.0,26172225.0,26172225.0,3805.0,1094,5289.0,39.110384,38.658082008361816,200,200,3,,reports\ogc2026_reboot_v001\full_compare_v304_vs_v298_train40_20260629_001\solutions\hh__v304_full\prob_33.solution.json,reports\ogc2026_reboot_v001\full_compare_v304_vs_v298_train40_20260629_001\logs\hh__v304_full\prob_33.log,PASS objective=26172225.0 obj1=3805.0 obj2=1094 obj3=5289.0,"C:\Python314\python.exe ogc2026/batchrunner/benchmark.py --algorithm name=hh_active,version=v298_direct_full,path=ogc2026/baseline/alg_versions/reboot_v298_20260629_trackA_prob11_rescue_with_familyB_tail_freeze_on_v290.py --algorithm name=hh,version=v304_full,path=ogc2026/baseline/alg_versions/reboot_v304_20260629_trackA_prob13like_subprocess_fallback_on_v298.py --problem train/prob_1.json --problem train/prob_2.json --problem train/prob_3.json --problem train/prob_4.json --problem train/prob_5.json --problem train/prob_6.json --problem train/prob_7.json --problem train/prob_8.json --problem train/prob_9.json --problem train/prob_10.json --problem train/prob_11.json --problem train/prob_12.json --problem train/prob_13.json --problem train/prob_14.json --problem train/prob_15.json --problem train/prob_16.json --problem train/prob_17.json --problem train/prob_18.json --problem train/prob_19.json --problem train/prob_20.json --problem train/prob_21.json --problem train/prob_22.json --problem train/prob_23.json --problem train/prob_24.json --problem train/prob_25.json --problem train/prob_26.json --problem train/prob_27.json --problem train/prob_28.json --problem train/prob_29.json --problem train/prob_30.json --problem train/prob_31.json --problem train/prob_32.json --problem train/prob_33.json --problem train/prob_34.json --problem train/prob_35.json --problem train/prob_36.json --problem train/prob_37.json --problem train/prob_38.json --problem train/prob_39.json --problem train/prob_40.json --timelimit 60 --run-id full_compare_v304_vs_v298_train40_20260629_001 --out-dir reports/ogc2026_reboot_v001/full_compare_v304_vs_v298_train40_20260629_001 --cumulative-csv reports/ogc2026_reboot_v001/benchmark_results_reboot_v304_full_compare.csv --require-fresh-cumulative"
2026-06-29T21:12:34,full_compare_v304_vs_v298_train40_20260629_001,hh,v304_full,ogc2026\baseline\alg_versions\reboot_v304_20260629_trackA_prob13like_subprocess_fallback_on_v298.py,008da10242e4b8e8848ca8de062e97fb39a91715f2896bade164d60493d8255d,9dfaa0ac5fa3e0f16fdfb0890e11b4cb64ea59b8edee029a9c4f13a2c52538b0,hh_algorithm_loop,c65b7d3b,True,prob_34.json,60.000000,60.000000,20.000000,90.000000,true,false,true,true,true,5,8002714.0,8002714.0,8002714.0,1595.0,2702,5005.0,29.149094,28.370849132537842,200,200,4,,reports\ogc2026_reboot_v001\full_compare_v304_vs_v298_train40_20260629_001\solutions\hh__v304_full\prob_34.solution.json,reports\ogc2026_reboot_v001\full_compare_v304_vs_v298_train40_20260629_001\logs\hh__v304_full\prob_34.log,PASS objective=8002714.0 obj1=1595.0 obj2=2702 obj3=5005.0,"C:\Python314\python.exe ogc2026/batchrunner/benchmark.py --algorithm name=hh_active,version=v298_direct_full,path=ogc2026/baseline/alg_versions/reboot_v298_20260629_trackA_prob11_rescue_with_familyB_tail_freeze_on_v290.py --algorithm name=hh,version=v304_full,path=ogc2026/baseline/alg_versions/reboot_v304_20260629_trackA_prob13like_subprocess_fallback_on_v298.py --problem train/prob_1.json --problem train/prob_2.json --problem train/prob_3.json --problem train/prob_4.json --problem train/prob_5.json --problem train/prob_6.json --problem train/prob_7.json --problem train/prob_8.json --problem train/prob_9.json --problem train/prob_10.json --problem train/prob_11.json --problem train/prob_12.json --problem train/prob_13.json --problem train/prob_14.json --problem train/prob_15.json --problem train/prob_16.json --problem train/prob_17.json --problem train/prob_18.json --problem train/prob_19.json --problem train/prob_20.json --problem train/prob_21.json --problem train/prob_22.json --problem train/prob_23.json --problem train/prob_24.json --problem train/prob_25.json --problem train/prob_26.json --problem train/prob_27.json --problem train/prob_28.json --problem train/prob_29.json --problem train/prob_30.json --problem train/prob_31.json --problem train/prob_32.json --problem train/prob_33.json --problem train/prob_34.json --problem train/prob_35.json --problem train/prob_36.json --problem train/prob_37.json --problem train/prob_38.json --problem train/prob_39.json --problem train/prob_40.json --timelimit 60 --run-id full_compare_v304_vs_v298_train40_20260629_001 --out-dir reports/ogc2026_reboot_v001/full_compare_v304_vs_v298_train40_20260629_001 --cumulative-csv reports/ogc2026_reboot_v001/benchmark_results_reboot_v304_full_compare.csv --require-fresh-cumulative"
2026-06-29T21:12:34,full_compare_v304_vs_v298_train40_20260629_001,hh,v304_full,ogc2026\baseline\alg_versions\reboot_v304_20260629_trackA_prob13like_subprocess_fallback_on_v298.py,008da10242e4b8e8848ca8de062e97fb39a91715f2896bade164d60493d8255d,9dfaa0ac5fa3e0f16fdfb0890e11b4cb64ea59b8edee029a9c4f13a2c52538b0,hh_algorithm_loop,c65b7d3b,True,prob_35.json,60.000000,60.000000,20.000000,90.000000,true,false,true,true,true,5,22037108.0,22037108.0,22037108.0,1591.0,8081,5226.0,35.707159,35.25758934020996,200,200,3,,reports\ogc2026_reboot_v001\full_compare_v304_vs_v298_train40_20260629_001\solutions\hh__v304_full\prob_35.solution.json,reports\ogc2026_reboot_v001\full_compare_v304_vs_v298_train40_20260629_001\logs\hh__v304_full\prob_35.log,PASS objective=22037108.0 obj1=1591.0 obj2=8081 obj3=5226.0,"C:\Python314\python.exe ogc2026/batchrunner/benchmark.py --algorithm name=hh_active,version=v298_direct_full,path=ogc2026/baseline/alg_versions/reboot_v298_20260629_trackA_prob11_rescue_with_familyB_tail_freeze_on_v290.py --algorithm name=hh,version=v304_full,path=ogc2026/baseline/alg_versions/reboot_v304_20260629_trackA_prob13like_subprocess_fallback_on_v298.py --problem train/prob_1.json --problem train/prob_2.json --problem train/prob_3.json --problem train/prob_4.json --problem train/prob_5.json --problem train/prob_6.json --problem train/prob_7.json --problem train/prob_8.json --problem train/prob_9.json --problem train/prob_10.json --problem train/prob_11.json --problem train/prob_12.json --problem train/prob_13.json --problem train/prob_14.json --problem train/prob_15.json --problem train/prob_16.json --problem train/prob_17.json --problem train/prob_18.json --problem train/prob_19.json --problem train/prob_20.json --problem train/prob_21.json --problem train/prob_22.json --problem train/prob_23.json --problem train/prob_24.json --problem train/prob_25.json --problem train/prob_26.json --problem train/prob_27.json --problem train/prob_28.json --problem train/prob_29.json --problem train/prob_30.json --problem train/prob_31.json --problem train/prob_32.json --problem train/prob_33.json --problem train/prob_34.json --problem train/prob_35.json --problem train/prob_36.json --problem train/prob_37.json --problem train/prob_38.json --problem train/prob_39.json --problem train/prob_40.json --timelimit 60 --run-id full_compare_v304_vs_v298_train40_20260629_001 --out-dir reports/ogc2026_reboot_v001/full_compare_v304_vs_v298_train40_20260629_001 --cumulative-csv reports/ogc2026_reboot_v001/benchmark_results_reboot_v304_full_compare.csv --require-fresh-cumulative"
2026-06-29T21:12:34,full_compare_v304_vs_v298_train40_20260629_001,hh,v304_full,ogc2026\baseline\alg_versions\reboot_v304_20260629_trackA_prob13like_subprocess_fallback_on_v298.py,008da10242e4b8e8848ca8de062e97fb39a91715f2896bade164d60493d8255d,9dfaa0ac5fa3e0f16fdfb0890e11b4cb64ea59b8edee029a9c4f13a2c52538b0,hh_algorithm_loop,c65b7d3b,True,prob_36.json,60.000000,60.000000,20.000000,90.000000,true,false,true,true,true,5,1499988.0,1499988.0,1499988.0,2010.0,1381,12149.0,49.517992,49.065776348114014,250,250,4,,reports\ogc2026_reboot_v001\full_compare_v304_vs_v298_train40_20260629_001\solutions\hh__v304_full\prob_36.solution.json,reports\ogc2026_reboot_v001\full_compare_v304_vs_v298_train40_20260629_001\logs\hh__v304_full\prob_36.log,PASS objective=1499988.0 obj1=2010.0 obj2=1381 obj3=12149.0,"C:\Python314\python.exe ogc2026/batchrunner/benchmark.py --algorithm name=hh_active,version=v298_direct_full,path=ogc2026/baseline/alg_versions/reboot_v298_20260629_trackA_prob11_rescue_with_familyB_tail_freeze_on_v290.py --algorithm name=hh,version=v304_full,path=ogc2026/baseline/alg_versions/reboot_v304_20260629_trackA_prob13like_subprocess_fallback_on_v298.py --problem train/prob_1.json --problem train/prob_2.json --problem train/prob_3.json --problem train/prob_4.json --problem train/prob_5.json --problem train/prob_6.json --problem train/prob_7.json --problem train/prob_8.json --problem train/prob_9.json --problem train/prob_10.json --problem train/prob_11.json --problem train/prob_12.json --problem train/prob_13.json --problem train/prob_14.json --problem train/prob_15.json --problem train/prob_16.json --problem train/prob_17.json --problem train/prob_18.json --problem train/prob_19.json --problem train/prob_20.json --problem train/prob_21.json --problem train/prob_22.json --problem train/prob_23.json --problem train/prob_24.json --problem train/prob_25.json --problem train/prob_26.json --problem train/prob_27.json --problem train/prob_28.json --problem train/prob_29.json --problem train/prob_30.json --problem train/prob_31.json --problem train/prob_32.json --problem train/prob_33.json --problem train/prob_34.json --problem train/prob_35.json --problem train/prob_36.json --problem train/prob_37.json --problem train/prob_38.json --problem train/prob_39.json --problem train/prob_40.json --timelimit 60 --run-id full_compare_v304_vs_v298_train40_20260629_001 --out-dir reports/ogc2026_reboot_v001/full_compare_v304_vs_v298_train40_20260629_001 --cumulative-csv reports/ogc2026_reboot_v001/benchmark_results_reboot_v304_full_compare.csv --require-fresh-cumulative"
2026-06-29T21:12:34,full_compare_v304_vs_v298_train40_20260629_001,hh,v304_full,ogc2026\baseline\alg_versions\reboot_v304_20260629_trackA_prob13like_subprocess_fallback_on_v298.py,008da10242e4b8e8848ca8de062e97fb39a91715f2896bade164d60493d8255d,9dfaa0ac5fa3e0f16fdfb0890e11b4cb64ea59b8edee029a9c4f13a2c52538b0,hh_algorithm_loop,c65b7d3b,True,prob_37.json,60.000000,60.000000,20.000000,90.000000,true,false,true,true,true,5,17644653.0,17644653.0,17644653.0,3961.0,3660,7380.0,52.291336,51.826256275177,250,250,3,,reports\ogc2026_reboot_v001\full_compare_v304_vs_v298_train40_20260629_001\solutions\hh__v304_full\prob_37.solution.json,reports\ogc2026_reboot_v001\full_compare_v304_vs_v298_train40_20260629_001\logs\hh__v304_full\prob_37.log,PASS objective=17644653.0 obj1=3961.0 obj2=3660 obj3=7380.0,"C:\Python314\python.exe ogc2026/batchrunner/benchmark.py --algorithm name=hh_active,version=v298_direct_full,path=ogc2026/baseline/alg_versions/reboot_v298_20260629_trackA_prob11_rescue_with_familyB_tail_freeze_on_v290.py --algorithm name=hh,version=v304_full,path=ogc2026/baseline/alg_versions/reboot_v304_20260629_trackA_prob13like_subprocess_fallback_on_v298.py --problem train/prob_1.json --problem train/prob_2.json --problem train/prob_3.json --problem train/prob_4.json --problem train/prob_5.json --problem train/prob_6.json --problem train/prob_7.json --problem train/prob_8.json --problem train/prob_9.json --problem train/prob_10.json --problem train/prob_11.json --problem train/prob_12.json --problem train/prob_13.json --problem train/prob_14.json --problem train/prob_15.json --problem train/prob_16.json --problem train/prob_17.json --problem train/prob_18.json --problem train/prob_19.json --problem train/prob_20.json --problem train/prob_21.json --problem train/prob_22.json --problem train/prob_23.json --problem train/prob_24.json --problem train/prob_25.json --problem train/prob_26.json --problem train/prob_27.json --problem train/prob_28.json --problem train/prob_29.json --problem train/prob_30.json --problem train/prob_31.json --problem train/prob_32.json --problem train/prob_33.json --problem train/prob_34.json --problem train/prob_35.json --problem train/prob_36.json --problem train/prob_37.json --problem train/prob_38.json --problem train/prob_39.json --problem train/prob_40.json --timelimit 60 --run-id full_compare_v304_vs_v298_train40_20260629_001 --out-dir reports/ogc2026_reboot_v001/full_compare_v304_vs_v298_train40_20260629_001 --cumulative-csv reports/ogc2026_reboot_v001/benchmark_results_reboot_v304_full_compare.csv --require-fresh-cumulative"
2026-06-29T21:12:34,full_compare_v304_vs_v298_train40_20260629_001,hh,v304_full,ogc2026\baseline\alg_versions\reboot_v304_20260629_trackA_prob13like_subprocess_fallback_on_v298.py,008da10242e4b8e8848ca8de062e97fb39a91715f2896bade164d60493d8255d,9dfaa0ac5fa3e0f16fdfb0890e11b4cb64ea59b8edee029a9c4f13a2c52538b0,hh_algorithm_loop,c65b7d3b,True,prob_38.json,60.000000,60.000000,20.000000,90.000000,true,false,true,true,true,5,151254848.0,151254848.0,151254848.0,11120.0,3894,9947.0,56.820441,56.09168219566345,250,250,3,,reports\ogc2026_reboot_v001\full_compare_v304_vs_v298_train40_20260629_001\solutions\hh__v304_full\prob_38.solution.json,reports\ogc2026_reboot_v001\full_compare_v304_vs_v298_train40_20260629_001\logs\hh__v304_full\prob_38.log,PASS objective=151254848.0 obj1=11120.0 obj2=3894 obj3=9947.0,"C:\Python314\python.exe ogc2026/batchrunner/benchmark.py --algorithm name=hh_active,version=v298_direct_full,path=ogc2026/baseline/alg_versions/reboot_v298_20260629_trackA_prob11_rescue_with_familyB_tail_freeze_on_v290.py --algorithm name=hh,version=v304_full,path=ogc2026/baseline/alg_versions/reboot_v304_20260629_trackA_prob13like_subprocess_fallback_on_v298.py --problem train/prob_1.json --problem train/prob_2.json --problem train/prob_3.json --problem train/prob_4.json --problem train/prob_5.json --problem train/prob_6.json --problem train/prob_7.json --problem train/prob_8.json --problem train/prob_9.json --problem train/prob_10.json --problem train/prob_11.json --problem train/prob_12.json --problem train/prob_13.json --problem train/prob_14.json --problem train/prob_15.json --problem train/prob_16.json --problem train/prob_17.json --problem train/prob_18.json --problem train/prob_19.json --problem train/prob_20.json --problem train/prob_21.json --problem train/prob_22.json --problem train/prob_23.json --problem train/prob_24.json --problem train/prob_25.json --problem train/prob_26.json --problem train/prob_27.json --problem train/prob_28.json --problem train/prob_29.json --problem train/prob_30.json --problem train/prob_31.json --problem train/prob_32.json --problem train/prob_33.json --problem train/prob_34.json --problem train/prob_35.json --problem train/prob_36.json --problem train/prob_37.json --problem train/prob_38.json --problem train/prob_39.json --problem train/prob_40.json --timelimit 60 --run-id full_compare_v304_vs_v298_train40_20260629_001 --out-dir reports/ogc2026_reboot_v001/full_compare_v304_vs_v298_train40_20260629_001 --cumulative-csv reports/ogc2026_reboot_v001/benchmark_results_reboot_v304_full_compare.csv --require-fresh-cumulative"
2026-06-29T21:12:34,full_compare_v304_vs_v298_train40_20260629_001,hh,v304_full,ogc2026\baseline\alg_versions\reboot_v304_20260629_trackA_prob13like_subprocess_fallback_on_v298.py,008da10242e4b8e8848ca8de062e97fb39a91715f2896bade164d60493d8255d,9dfaa0ac5fa3e0f16fdfb0890e11b4cb64ea59b8edee029a9c4f13a2c52538b0,hh_algorithm_loop,c65b7d3b,True,prob_39.json,60.000000,60.000000,20.000000,90.000000,true,false,true,true,true,5,48160369.0,48160369.0,48160369.0,3521.0,194,8094.0,58.013777,57.292773485183716,250,250,3,,reports\ogc2026_reboot_v001\full_compare_v304_vs_v298_train40_20260629_001\solutions\hh__v304_full\prob_39.solution.json,reports\ogc2026_reboot_v001\full_compare_v304_vs_v298_train40_20260629_001\logs\hh__v304_full\prob_39.log,PASS objective=48160369.0 obj1=3521.0 obj2=194 obj3=8094.0,"C:\Python314\python.exe ogc2026/batchrunner/benchmark.py --algorithm name=hh_active,version=v298_direct_full,path=ogc2026/baseline/alg_versions/reboot_v298_20260629_trackA_prob11_rescue_with_familyB_tail_freeze_on_v290.py --algorithm name=hh,version=v304_full,path=ogc2026/baseline/alg_versions/reboot_v304_20260629_trackA_prob13like_subprocess_fallback_on_v298.py --problem train/prob_1.json --problem train/prob_2.json --problem train/prob_3.json --problem train/prob_4.json --problem train/prob_5.json --problem train/prob_6.json --problem train/prob_7.json --problem train/prob_8.json --problem train/prob_9.json --problem train/prob_10.json --problem train/prob_11.json --problem train/prob_12.json --problem train/prob_13.json --problem train/prob_14.json --problem train/prob_15.json --problem train/prob_16.json --problem train/prob_17.json --problem train/prob_18.json --problem train/prob_19.json --problem train/prob_20.json --problem train/prob_21.json --problem train/prob_22.json --problem train/prob_23.json --problem train/prob_24.json --problem train/prob_25.json --problem train/prob_26.json --problem train/prob_27.json --problem train/prob_28.json --problem train/prob_29.json --problem train/prob_30.json --problem train/prob_31.json --problem train/prob_32.json --problem train/prob_33.json --problem train/prob_34.json --problem train/prob_35.json --problem train/prob_36.json --problem train/prob_37.json --problem train/prob_38.json --problem train/prob_39.json --problem train/prob_40.json --timelimit 60 --run-id full_compare_v304_vs_v298_train40_20260629_001 --out-dir reports/ogc2026_reboot_v001/full_compare_v304_vs_v298_train40_20260629_001 --cumulative-csv reports/ogc2026_reboot_v001/benchmark_results_reboot_v304_full_compare.csv --require-fresh-cumulative"
2026-06-29T21:12:34,full_compare_v304_vs_v298_train40_20260629_001,hh,v304_full,ogc2026\baseline\alg_versions\reboot_v304_20260629_trackA_prob13like_subprocess_fallback_on_v298.py,008da10242e4b8e8848ca8de062e97fb39a91715f2896bade164d60493d8255d,9dfaa0ac5fa3e0f16fdfb0890e11b4cb64ea59b8edee029a9c4f13a2c52538b0,hh_algorithm_loop,c65b7d3b,True,prob_40.json,60.000000,60.000000,20.000000,90.000000,true,false,true,true,true,5,5780789.0,5780789.0,5780789.0,8429.0,4947,11823.0,56.498466,56.03128623962402,250,250,4,,reports\ogc2026_reboot_v001\full_compare_v304_vs_v298_train40_20260629_001\solutions\hh__v304_full\prob_40.solution.json,reports\ogc2026_reboot_v001\full_compare_v304_vs_v298_train40_20260629_001\logs\hh__v304_full\prob_40.log,PASS objective=5780789.0 obj1=8429.0 obj2=4947 obj3=11823.0,"C:\Python314\python.exe ogc2026/batchrunner/benchmark.py --algorithm name=hh_active,version=v298_direct_full,path=ogc2026/baseline/alg_versions/reboot_v298_20260629_trackA_prob11_rescue_with_familyB_tail_freeze_on_v290.py --algorithm name=hh,version=v304_full,path=ogc2026/baseline/alg_versions/reboot_v304_20260629_trackA_prob13like_subprocess_fallback_on_v298.py --problem train/prob_1.json --problem train/prob_2.json --problem train/prob_3.json --problem train/prob_4.json --problem train/prob_5.json --problem train/prob_6.json --problem train/prob_7.json --problem train/prob_8.json --problem train/prob_9.json --problem train/prob_10.json --problem train/prob_11.json --problem train/prob_12.json --problem train/prob_13.json --problem train/prob_14.json --problem train/prob_15.json --problem train/prob_16.json --problem train/prob_17.json --problem train/prob_18.json --problem train/prob_19.json --problem train/prob_20.json --problem train/prob_21.json --problem train/prob_22.json --problem train/prob_23.json --problem train/prob_24.json --problem train/prob_25.json --problem train/prob_26.json --problem train/prob_27.json --problem train/prob_28.json --problem train/prob_29.json --problem train/prob_30.json --problem train/prob_31.json --problem train/prob_32.json --problem train/prob_33.json --problem train/prob_34.json --problem train/prob_35.json --problem train/prob_36.json --problem train/prob_37.json --problem train/prob_38.json --problem train/prob_39.json --problem train/prob_40.json --timelimit 60 --run-id full_compare_v304_vs_v298_train40_20260629_001 --out-dir reports/ogc2026_reboot_v001/full_compare_v304_vs_v298_train40_20260629_001 --cumulative-csv reports/ogc2026_reboot_v001/benchmark_results_reboot_v304_full_compare.csv --require-fresh-cumulative"
