timestamp,run_id,algorithm_name,algorithm_version,algorithm_path,instance_name,feasible,stage,objective,score,cost,obj1,obj2,obj3,runtime_sec,runner_elapsed_sec,assigned_blocks,total_blocks,error_message,solution_file,log_file,tester_summary
2026-06-16T00:19:09,smoke_hh_loop_now_limit2,baseline_hh,v003_active,challenge_problem_OGC2026\ogc2026\baseline\myalgorithm.py,prob_1.json,True,5,440672533.0,440672533.0,440672533.0,15148.0,295,0.0,2.581770,1.8058831691741943,100,100,,challenge_problem_OGC2026\reports\ogc2026_benchmark\smoke_hh_loop_now_limit2\solutions\baseline_hh__v003_active\prob_1.solution.json,challenge_problem_OGC2026\reports\ogc2026_benchmark\smoke_hh_loop_now_limit2\logs\baseline_hh__v003_active\prob_1.log,PASS objective=440672533.0 obj1=15148.0 obj2=295 obj3=0.0
2026-06-16T00:19:09,smoke_hh_loop_now_limit2,baseline_hh,v003_active,challenge_problem_OGC2026\ogc2026\baseline\myalgorithm.py,prob_2.json,True,5,272405183.0,272405183.0,272405183.0,9343.0,1787,3934.0,1.598896,1.1488919258117676,100,100,,challenge_problem_OGC2026\reports\ogc2026_benchmark\smoke_hh_loop_now_limit2\solutions\baseline_hh__v003_active\prob_2.solution.json,challenge_problem_OGC2026\reports\ogc2026_benchmark\smoke_hh_loop_now_limit2\logs\baseline_hh__v003_active\prob_2.log,PASS objective=272405183.0 obj1=9343.0 obj2=1787 obj3=3934.0
2026-06-16T00:19:49,full_hh_loop_now_train40_20260616_001,baseline_hh,v003_active,challenge_problem_OGC2026\ogc2026\baseline\myalgorithm.py,prob_1.json,True,5,440672533.0,440672533.0,440672533.0,15148.0,295,0.0,1.775941,1.3976757526397705,100,100,,challenge_problem_OGC2026\reports\ogc2026_benchmark\full_hh_loop_now_train40_20260616_001\solutions\baseline_hh__v003_active\prob_1.solution.json,challenge_problem_OGC2026\reports\ogc2026_benchmark\full_hh_loop_now_train40_20260616_001\logs\baseline_hh__v003_active\prob_1.log,PASS objective=440672533.0 obj1=15148.0 obj2=295 obj3=0.0
2026-06-16T00:19:49,full_hh_loop_now_train40_20260616_001,baseline_hh,v003_active,challenge_problem_OGC2026\ogc2026\baseline\myalgorithm.py,prob_2.json,True,5,272405183.0,272405183.0,272405183.0,9343.0,1787,3934.0,1.549864,1.2115087509155273,100,100,,challenge_problem_OGC2026\reports\ogc2026_benchmark\full_hh_loop_now_train40_20260616_001\solutions\baseline_hh__v003_active\prob_2.solution.json,challenge_problem_OGC2026\reports\ogc2026_benchmark\full_hh_loop_now_train40_20260616_001\logs\baseline_hh__v003_active\prob_2.log,PASS objective=272405183.0 obj1=9343.0 obj2=1787 obj3=3934.0
2026-06-16T00:19:49,full_hh_loop_now_train40_20260616_001,baseline_hh,v003_active,challenge_problem_OGC2026\ogc2026\baseline\myalgorithm.py,prob_3.json,True,5,262823548.0,262823548.0,262823548.0,9834.0,4462,3571.0,1.415970,1.056689977645874,100,100,,challenge_problem_OGC2026\reports\ogc2026_benchmark\full_hh_loop_now_train40_20260616_001\solutions\baseline_hh__v003_active\prob_3.solution.json,challenge_problem_OGC2026\reports\ogc2026_benchmark\full_hh_loop_now_train40_20260616_001\logs\baseline_hh__v003_active\prob_3.log,PASS objective=262823548.0 obj1=9834.0 obj2=4462 obj3=3571.0
2026-06-16T00:19:49,full_hh_loop_now_train40_20260616_001,baseline_hh,v003_active,challenge_problem_OGC2026\ogc2026\baseline\myalgorithm.py,prob_4.json,True,5,334879150.0,334879150.0,334879150.0,15278.0,2278,0.0,1.413905,1.0752758979797363,100,100,,challenge_problem_OGC2026\reports\ogc2026_benchmark\full_hh_loop_now_train40_20260616_001\solutions\baseline_hh__v003_active\prob_4.solution.json,challenge_problem_OGC2026\reports\ogc2026_benchmark\full_hh_loop_now_train40_20260616_001\logs\baseline_hh__v003_active\prob_4.log,PASS objective=334879150.0 obj1=15278.0 obj2=2278 obj3=0.0
2026-06-16T00:19:49,full_hh_loop_now_train40_20260616_001,baseline_hh,v003_active,challenge_problem_OGC2026\ogc2026\baseline\myalgorithm.py,prob_5.json,True,5,339687556.0,339687556.0,339687556.0,21182.0,5558,4911.0,1.948190,1.6044178009033203,150,150,,challenge_problem_OGC2026\reports\ogc2026_benchmark\full_hh_loop_now_train40_20260616_001\solutions\baseline_hh__v003_active\prob_5.solution.json,challenge_problem_OGC2026\reports\ogc2026_benchmark\full_hh_loop_now_train40_20260616_001\logs\baseline_hh__v003_active\prob_5.log,PASS objective=339687556.0 obj1=21182.0 obj2=5558 obj3=4911.0
2026-06-16T00:19:49,full_hh_loop_now_train40_20260616_001,baseline_hh,v003_active,challenge_problem_OGC2026\ogc2026\baseline\myalgorithm.py,prob_6.json,True,5,709088838.0,709088838.0,709088838.0,23930.0,6134,0.0,2.190823,1.842972993850708,150,150,,challenge_problem_OGC2026\reports\ogc2026_benchmark\full_hh_loop_now_train40_20260616_001\solutions\baseline_hh__v003_active\prob_6.solution.json,challenge_problem_OGC2026\reports\ogc2026_benchmark\full_hh_loop_now_train40_20260616_001\logs\baseline_hh__v003_active\prob_6.log,PASS objective=709088838.0 obj1=23930.0 obj2=6134 obj3=0.0
2026-06-16T00:19:49,full_hh_loop_now_train40_20260616_001,baseline_hh,v003_active,challenge_problem_OGC2026\ogc2026\baseline\myalgorithm.py,prob_7.json,True,5,390481456.0,390481456.0,390481456.0,21962.0,5860,0.0,3.479202,3.058924913406372,150,150,,challenge_problem_OGC2026\reports\ogc2026_benchmark\full_hh_loop_now_train40_20260616_001\solutions\baseline_hh__v003_active\prob_7.solution.json,challenge_problem_OGC2026\reports\ogc2026_benchmark\full_hh_loop_now_train40_20260616_001\logs\baseline_hh__v003_active\prob_7.log,PASS objective=390481456.0 obj1=21962.0 obj2=5860 obj3=0.0
2026-06-16T00:19:49,full_hh_loop_now_train40_20260616_001,baseline_hh,v003_active,challenge_problem_OGC2026\ogc2026\baseline\myalgorithm.py,prob_8.json,True,5,298042412.0,298042412.0,298042412.0,29803.0,3103,0.0,1.652702,1.2519700527191162,150,150,,challenge_problem_OGC2026\reports\ogc2026_benchmark\full_hh_loop_now_train40_20260616_001\solutions\baseline_hh__v003_active\prob_8.solution.json,challenge_problem_OGC2026\reports\ogc2026_benchmark\full_hh_loop_now_train40_20260616_001\logs\baseline_hh__v003_active\prob_8.log,PASS objective=298042412.0 obj1=29803.0 obj2=3103 obj3=0.0
2026-06-16T00:19:49,full_hh_loop_now_train40_20260616_001,baseline_hh,v003_active,challenge_problem_OGC2026\ogc2026\baseline\myalgorithm.py,prob_9.json,True,5,517889852.0,517889852.0,517889852.0,38754.0,5224,7711.0,2.624233,2.3198511600494385,200,200,,challenge_problem_OGC2026\reports\ogc2026_benchmark\full_hh_loop_now_train40_20260616_001\solutions\baseline_hh__v003_active\prob_9.solution.json,challenge_problem_OGC2026\reports\ogc2026_benchmark\full_hh_loop_now_train40_20260616_001\logs\baseline_hh__v003_active\prob_9.log,PASS objective=517889852.0 obj1=38754.0 obj2=5224 obj3=7711.0
2026-06-16T00:19:49,full_hh_loop_now_train40_20260616_001,baseline_hh,v003_active,challenge_problem_OGC2026\ogc2026\baseline\myalgorithm.py,prob_10.json,True,5,409030878.0,409030878.0,409030878.0,28052.0,8856,7162.0,4.768047,3.6603009700775146,200,200,,challenge_problem_OGC2026\reports\ogc2026_benchmark\full_hh_loop_now_train40_20260616_001\solutions\baseline_hh__v003_active\prob_10.solution.json,challenge_problem_OGC2026\reports\ogc2026_benchmark\full_hh_loop_now_train40_20260616_001\logs\baseline_hh__v003_active\prob_10.log,PASS objective=409030878.0 obj1=28052.0 obj2=8856 obj3=7162.0
2026-06-16T00:19:49,full_hh_loop_now_train40_20260616_001,baseline_hh,v003_active,challenge_problem_OGC2026\ogc2026\baseline\myalgorithm.py,prob_11.json,True,5,710446368.0,710446368.0,710446368.0,31046.0,1694,6136.0,7.180981,4.900347948074341,200,200,,challenge_problem_OGC2026\reports\ogc2026_benchmark\full_hh_loop_now_train40_20260616_001\solutions\baseline_hh__v003_active\prob_11.solution.json,challenge_problem_OGC2026\reports\ogc2026_benchmark\full_hh_loop_now_train40_20260616_001\logs\baseline_hh__v003_active\prob_11.log,PASS objective=710446368.0 obj1=31046.0 obj2=1694 obj3=6136.0
2026-06-16T00:19:49,full_hh_loop_now_train40_20260616_001,baseline_hh,v003_active,challenge_problem_OGC2026\ogc2026\baseline\myalgorithm.py,prob_12.json,True,5,646880948.0,646880948.0,646880948.0,29470.0,9598,6694.0,7.034364,4.3395774364471436,200,200,,challenge_problem_OGC2026\reports\ogc2026_benchmark\full_hh_loop_now_train40_20260616_001\solutions\baseline_hh__v003_active\prob_12.solution.json,challenge_problem_OGC2026\reports\ogc2026_benchmark\full_hh_loop_now_train40_20260616_001\logs\baseline_hh__v003_active\prob_12.log,PASS objective=646880948.0 obj1=29470.0 obj2=9598 obj3=6694.0
2026-06-16T00:19:49,full_hh_loop_now_train40_20260616_001,baseline_hh,v003_active,challenge_problem_OGC2026\ogc2026\baseline\myalgorithm.py,prob_13.json,True,5,924087481.0,924087481.0,924087481.0,49606.0,3826,8637.0,5.350406,4.567406177520752,250,250,,challenge_problem_OGC2026\reports\ogc2026_benchmark\full_hh_loop_now_train40_20260616_001\solutions\baseline_hh__v003_active\prob_13.solution.json,challenge_problem_OGC2026\reports\ogc2026_benchmark\full_hh_loop_now_train40_20260616_001\logs\baseline_hh__v003_active\prob_13.log,PASS objective=924087481.0 obj1=49606.0 obj2=3826 obj3=8637.0
2026-06-16T00:19:49,full_hh_loop_now_train40_20260616_001,baseline_hh,v003_active,challenge_problem_OGC2026\ogc2026\baseline\myalgorithm.py,prob_14.json,True,5,852994047.0,852994047.0,852994047.0,47922.0,4468,7627.0,4.948685,4.277936697006226,250,250,,challenge_problem_OGC2026\reports\ogc2026_benchmark\full_hh_loop_now_train40_20260616_001\solutions\baseline_hh__v003_active\prob_14.solution.json,challenge_problem_OGC2026\reports\ogc2026_benchmark\full_hh_loop_now_train40_20260616_001\logs\baseline_hh__v003_active\prob_14.log,PASS objective=852994047.0 obj1=47922.0 obj2=4468 obj3=7627.0
2026-06-16T00:19:49,full_hh_loop_now_train40_20260616_001,baseline_hh,v003_active,challenge_problem_OGC2026\ogc2026\baseline\myalgorithm.py,prob_15.json,True,5,655252569.0,655252569.0,655252569.0,44150.0,7352,8523.0,3.315897,2.9959821701049805,250,250,,challenge_problem_OGC2026\reports\ogc2026_benchmark\full_hh_loop_now_train40_20260616_001\solutions\baseline_hh__v003_active\prob_15.solution.json,challenge_problem_OGC2026\reports\ogc2026_benchmark\full_hh_loop_now_train40_20260616_001\logs\baseline_hh__v003_active\prob_15.log,PASS objective=655252569.0 obj1=44150.0 obj2=7352 obj3=8523.0
2026-06-16T00:19:49,full_hh_loop_now_train40_20260616_001,baseline_hh,v003_active,challenge_problem_OGC2026\ogc2026\baseline\myalgorithm.py,prob_16.json,True,5,376767660.0,376767660.0,376767660.0,42250.0,8998,8740.0,2.965515,2.6965086460113525,250,250,,challenge_problem_OGC2026\reports\ogc2026_benchmark\full_hh_loop_now_train40_20260616_001\solutions\baseline_hh__v003_active\prob_16.solution.json,challenge_problem_OGC2026\reports\ogc2026_benchmark\full_hh_loop_now_train40_20260616_001\logs\baseline_hh__v003_active\prob_16.log,PASS objective=376767660.0 obj1=42250.0 obj2=8998 obj3=8740.0
2026-06-16T00:19:49,full_hh_loop_now_train40_20260616_001,baseline_hh,v003_active,challenge_problem_OGC2026\ogc2026\baseline\myalgorithm.py,prob_17.json,True,5,613497128.0,613497128.0,613497128.0,63123.0,10230,10169.0,4.161975,3.834656000137329,300,300,,challenge_problem_OGC2026\reports\ogc2026_benchmark\full_hh_loop_now_train40_20260616_001\solutions\baseline_hh__v003_active\prob_17.solution.json,challenge_problem_OGC2026\reports\ogc2026_benchmark\full_hh_loop_now_train40_20260616_001\logs\baseline_hh__v003_active\prob_17.log,PASS objective=613497128.0 obj1=63123.0 obj2=10230 obj3=10169.0
2026-06-16T00:19:49,full_hh_loop_now_train40_20260616_001,baseline_hh,v003_active,challenge_problem_OGC2026\ogc2026\baseline\myalgorithm.py,prob_18.json,True,5,922111905.0,922111905.0,922111905.0,69049.0,8105,10896.0,6.397503,6.002723932266235,300,300,,challenge_problem_OGC2026\reports\ogc2026_benchmark\full_hh_loop_now_train40_20260616_001\solutions\baseline_hh__v003_active\prob_18.solution.json,challenge_problem_OGC2026\reports\ogc2026_benchmark\full_hh_loop_now_train40_20260616_001\logs\baseline_hh__v003_active\prob_18.log,PASS objective=922111905.0 obj1=69049.0 obj2=8105 obj3=10896.0
2026-06-16T00:19:49,full_hh_loop_now_train40_20260616_001,baseline_hh,v003_active,challenge_problem_OGC2026\ogc2026\baseline\myalgorithm.py,prob_19.json,True,5,684977285.0,684977285.0,684977285.0,64074.0,11393,10935.0,7.588144,6.7410759925842285,300,300,,challenge_problem_OGC2026\reports\ogc2026_benchmark\full_hh_loop_now_train40_20260616_001\solutions\baseline_hh__v003_active\prob_19.solution.json,challenge_problem_OGC2026\reports\ogc2026_benchmark\full_hh_loop_now_train40_20260616_001\logs\baseline_hh__v003_active\prob_19.log,PASS objective=684977285.0 obj1=64074.0 obj2=11393 obj3=10935.0
2026-06-16T00:19:49,full_hh_loop_now_train40_20260616_001,baseline_hh,v003_active,challenge_problem_OGC2026\ogc2026\baseline\myalgorithm.py,prob_20.json,True,5,1527577503.0,1527577503.0,1527577503.0,57280.0,13353,93.0,6.848937,6.310986042022705,300,300,,challenge_problem_OGC2026\reports\ogc2026_benchmark\full_hh_loop_now_train40_20260616_001\solutions\baseline_hh__v003_active\prob_20.solution.json,challenge_problem_OGC2026\reports\ogc2026_benchmark\full_hh_loop_now_train40_20260616_001\logs\baseline_hh__v003_active\prob_20.log,PASS objective=1527577503.0 obj1=57280.0 obj2=13353 obj3=93.0
2026-06-16T00:19:49,full_hh_loop_now_train40_20260616_001,baseline_hh,v003_active,challenge_problem_OGC2026\ogc2026\baseline\myalgorithm.py,prob_21.json,True,5,411614457.0,411614457.0,411614457.0,30819.0,1443,4602.0,1.395489,0.9573845863342285,100,100,,challenge_problem_OGC2026\reports\ogc2026_benchmark\full_hh_loop_now_train40_20260616_001\solutions\baseline_hh__v003_active\prob_21.solution.json,challenge_problem_OGC2026\reports\ogc2026_benchmark\full_hh_loop_now_train40_20260616_001\logs\baseline_hh__v003_active\prob_21.log,PASS objective=411614457.0 obj1=30819.0 obj2=1443 obj3=4602.0
2026-06-16T00:19:49,full_hh_loop_now_train40_20260616_001,baseline_hh,v003_active,challenge_problem_OGC2026\ogc2026\baseline\myalgorithm.py,prob_22.json,True,5,323488039.0,323488039.0,323488039.0,24151.0,5452,3666.0,1.365782,1.017822265625,100,100,,challenge_problem_OGC2026\reports\ogc2026_benchmark\full_hh_loop_now_train40_20260616_001\solutions\baseline_hh__v003_active\prob_22.solution.json,challenge_problem_OGC2026\reports\ogc2026_benchmark\full_hh_loop_now_train40_20260616_001\logs\baseline_hh__v003_active\prob_22.log,PASS objective=323488039.0 obj1=24151.0 obj2=5452 obj3=3666.0
2026-06-16T00:19:49,full_hh_loop_now_train40_20260616_001,baseline_hh,v003_active,challenge_problem_OGC2026\ogc2026\baseline\myalgorithm.py,prob_23.json,True,5,500570861.0,500570861.0,500570861.0,36863.0,6492,3500.0,1.283515,0.9676198959350586,100,100,,challenge_problem_OGC2026\reports\ogc2026_benchmark\full_hh_loop_now_train40_20260616_001\solutions\baseline_hh__v003_active\prob_23.solution.json,challenge_problem_OGC2026\reports\ogc2026_benchmark\full_hh_loop_now_train40_20260616_001\logs\baseline_hh__v003_active\prob_23.log,PASS objective=500570861.0 obj1=36863.0 obj2=6492 obj3=3500.0
2026-06-16T00:19:49,full_hh_loop_now_train40_20260616_001,baseline_hh,v003_active,challenge_problem_OGC2026\ogc2026\baseline\myalgorithm.py,prob_24.json,True,5,302073220.0,302073220.0,302073220.0,22585.0,2343,3119.0,1.206658,0.8923285007476807,100,100,,challenge_problem_OGC2026\reports\ogc2026_benchmark\full_hh_loop_now_train40_20260616_001\solutions\baseline_hh__v003_active\prob_24.solution.json,challenge_problem_OGC2026\reports\ogc2026_benchmark\full_hh_loop_now_train40_20260616_001\logs\baseline_hh__v003_active\prob_24.log,PASS objective=302073220.0 obj1=22585.0 obj2=2343 obj3=3119.0
2026-06-16T00:19:49,full_hh_loop_now_train40_20260616_001,baseline_hh,v003_active,challenge_problem_OGC2026\ogc2026\baseline\myalgorithm.py,prob_25.json,True,5,31974841.0,31974841.0,31974841.0,47875.0,2496,1986.0,1.135196,0.8303525447845459,100,100,,challenge_problem_OGC2026\reports\ogc2026_benchmark\full_hh_loop_now_train40_20260616_001\solutions\baseline_hh__v003_active\prob_25.solution.json,challenge_problem_OGC2026\reports\ogc2026_benchmark\full_hh_loop_now_train40_20260616_001\logs\baseline_hh__v003_active\prob_25.log,PASS objective=31974841.0 obj1=47875.0 obj2=2496 obj3=1986.0
2026-06-16T00:19:49,full_hh_loop_now_train40_20260616_001,baseline_hh,v003_active,challenge_problem_OGC2026\ogc2026\baseline\myalgorithm.py,prob_26.json,True,5,750439747.0,750439747.0,750439747.0,56205.0,2326,6948.0,1.705938,1.4161558151245117,150,150,,challenge_problem_OGC2026\reports\ogc2026_benchmark\full_hh_loop_now_train40_20260616_001\solutions\baseline_hh__v003_active\prob_26.solution.json,challenge_problem_OGC2026\reports\ogc2026_benchmark\full_hh_loop_now_train40_20260616_001\logs\baseline_hh__v003_active\prob_26.log,PASS objective=750439747.0 obj1=56205.0 obj2=2326 obj3=6948.0
2026-06-16T00:19:49,full_hh_loop_now_train40_20260616_001,baseline_hh,v003_active,challenge_problem_OGC2026\ogc2026\baseline\myalgorithm.py,prob_27.json,True,5,1441783394.0,1441783394.0,1441783394.0,107996.0,6763,4648.0,1.736014,1.462099552154541,150,150,,challenge_problem_OGC2026\reports\ogc2026_benchmark\full_hh_loop_now_train40_20260616_001\solutions\baseline_hh__v003_active\prob_27.solution.json,challenge_problem_OGC2026\reports\ogc2026_benchmark\full_hh_loop_now_train40_20260616_001\logs\baseline_hh__v003_active\prob_27.log,PASS objective=1441783394.0 obj1=107996.0 obj2=6763 obj3=4648.0
2026-06-16T00:19:49,full_hh_loop_now_train40_20260616_001,baseline_hh,v003_active,challenge_problem_OGC2026\ogc2026\baseline\myalgorithm.py,prob_28.json,True,5,737287527.0,737287527.0,737287527.0,55161.0,3338,6053.0,1.551858,1.2969934940338135,150,150,,challenge_problem_OGC2026\reports\ogc2026_benchmark\full_hh_loop_now_train40_20260616_001\solutions\baseline_hh__v003_active\prob_28.solution.json,challenge_problem_OGC2026\reports\ogc2026_benchmark\full_hh_loop_now_train40_20260616_001\logs\baseline_hh__v003_active\prob_28.log,PASS objective=737287527.0 obj1=55161.0 obj2=3338 obj3=6053.0
2026-06-16T00:19:49,full_hh_loop_now_train40_20260616_001,baseline_hh,v003_active,challenge_problem_OGC2026\ogc2026\baseline\myalgorithm.py,prob_29.json,True,5,470995051.0,470995051.0,470995051.0,35182.0,3215,6346.0,1.631968,1.3447742462158203,150,150,,challenge_problem_OGC2026\reports\ogc2026_benchmark\full_hh_loop_now_train40_20260616_001\solutions\baseline_hh__v003_active\prob_29.solution.json,challenge_problem_OGC2026\reports\ogc2026_benchmark\full_hh_loop_now_train40_20260616_001\logs\baseline_hh__v003_active\prob_29.log,PASS objective=470995051.0 obj1=35182.0 obj2=3215 obj3=6346.0
2026-06-16T00:19:49,full_hh_loop_now_train40_20260616_001,baseline_hh,v003_active,challenge_problem_OGC2026\ogc2026\baseline\myalgorithm.py,prob_30.json,True,5,750544376.0,750544376.0,750544376.0,56220.0,6279,4690.0,2.311749,1.9660978317260742,150,150,,challenge_problem_OGC2026\reports\ogc2026_benchmark\full_hh_loop_now_train40_20260616_001\solutions\baseline_hh__v003_active\prob_30.solution.json,challenge_problem_OGC2026\reports\ogc2026_benchmark\full_hh_loop_now_train40_20260616_001\logs\baseline_hh__v003_active\prob_30.log,PASS objective=750544376.0 obj1=56220.0 obj2=6279 obj3=4690.0
2026-06-16T00:19:49,full_hh_loop_now_train40_20260616_001,baseline_hh,v003_active,challenge_problem_OGC2026\ogc2026\baseline\myalgorithm.py,prob_31.json,True,5,1277427777.0,1277427777.0,1277427777.0,95586.0,13679,11006.0,1.462859,1.1198577880859375,200,200,,challenge_problem_OGC2026\reports\ogc2026_benchmark\full_hh_loop_now_train40_20260616_001\solutions\baseline_hh__v003_active\prob_31.solution.json,challenge_problem_OGC2026\reports\ogc2026_benchmark\full_hh_loop_now_train40_20260616_001\logs\baseline_hh__v003_active\prob_31.log,PASS objective=1277427777.0 obj1=95586.0 obj2=13679 obj3=11006.0
2026-06-16T00:19:49,full_hh_loop_now_train40_20260616_001,baseline_hh,v003_active,challenge_problem_OGC2026\ogc2026\baseline\myalgorithm.py,prob_32.json,True,5,228878218.0,228878218.0,228878218.0,68626.0,4952,205.0,1.335679,1.1271541118621826,200,200,,challenge_problem_OGC2026\reports\ogc2026_benchmark\full_hh_loop_now_train40_20260616_001\solutions\baseline_hh__v003_active\prob_32.solution.json,challenge_problem_OGC2026\reports\ogc2026_benchmark\full_hh_loop_now_train40_20260616_001\logs\baseline_hh__v003_active\prob_32.log,PASS objective=228878218.0 obj1=68626.0 obj2=4952 obj3=205.0
2026-06-16T00:19:49,full_hh_loop_now_train40_20260616_001,baseline_hh,v003_active,challenge_problem_OGC2026\ogc2026\baseline\myalgorithm.py,prob_33.json,True,5,661538818.0,661538818.0,661538818.0,99074.0,1841,6627.0,1.224869,1.0395855903625488,200,200,,challenge_problem_OGC2026\reports\ogc2026_benchmark\full_hh_loop_now_train40_20260616_001\solutions\baseline_hh__v003_active\prob_33.solution.json,challenge_problem_OGC2026\reports\ogc2026_benchmark\full_hh_loop_now_train40_20260616_001\logs\baseline_hh__v003_active\prob_33.log,PASS objective=661538818.0 obj1=99074.0 obj2=1841 obj3=6627.0
2026-06-16T00:19:49,full_hh_loop_now_train40_20260616_001,baseline_hh,v003_active,challenge_problem_OGC2026\ogc2026\baseline\myalgorithm.py,prob_34.json,True,5,244688411.0,244688411.0,244688411.0,72787.0,5784,3844.0,2.562439,2.0725009441375732,200,200,,challenge_problem_OGC2026\reports\ogc2026_benchmark\full_hh_loop_now_train40_20260616_001\solutions\baseline_hh__v003_active\prob_34.solution.json,challenge_problem_OGC2026\reports\ogc2026_benchmark\full_hh_loop_now_train40_20260616_001\logs\baseline_hh__v003_active\prob_34.log,PASS objective=244688411.0 obj1=72787.0 obj2=5784 obj3=3844.0
2026-06-16T00:19:49,full_hh_loop_now_train40_20260616_001,baseline_hh,v003_active,challenge_problem_OGC2026\ogc2026\baseline\myalgorithm.py,prob_35.json,True,5,897489995.0,897489995.0,897489995.0,67220.0,19107,7668.0,4.693559,3.2881650924682617,200,200,,challenge_problem_OGC2026\reports\ogc2026_benchmark\full_hh_loop_now_train40_20260616_001\solutions\baseline_hh__v003_active\prob_35.solution.json,challenge_problem_OGC2026\reports\ogc2026_benchmark\full_hh_loop_now_train40_20260616_001\logs\baseline_hh__v003_active\prob_35.log,PASS objective=897489995.0 obj1=67220.0 obj2=19107 obj3=7668.0
2026-06-16T00:19:49,full_hh_loop_now_train40_20260616_001,baseline_hh,v003_active,challenge_problem_OGC2026\ogc2026\baseline\myalgorithm.py,prob_36.json,True,5,53014713.0,53014713.0,53014713.0,79230.0,6141,12474.0,6.172737,5.166967868804932,250,250,,challenge_problem_OGC2026\reports\ogc2026_benchmark\full_hh_loop_now_train40_20260616_001\solutions\baseline_hh__v003_active\prob_36.solution.json,challenge_problem_OGC2026\reports\ogc2026_benchmark\full_hh_loop_now_train40_20260616_001\logs\baseline_hh__v003_active\prob_36.log,PASS objective=53014713.0 obj1=79230.0 obj2=6141 obj3=12474.0
2026-06-16T00:19:49,full_hh_loop_now_train40_20260616_001,baseline_hh,v003_active,challenge_problem_OGC2026\ogc2026\baseline\myalgorithm.py,prob_37.json,True,5,363568500.0,363568500.0,363568500.0,108436.0,17778,3467.0,4.826786,4.289646148681641,250,250,,challenge_problem_OGC2026\reports\ogc2026_benchmark\full_hh_loop_now_train40_20260616_001\solutions\baseline_hh__v003_active\prob_37.solution.json,challenge_problem_OGC2026\reports\ogc2026_benchmark\full_hh_loop_now_train40_20260616_001\logs\baseline_hh__v003_active\prob_37.log,PASS objective=363568500.0 obj1=108436.0 obj2=17778 obj3=3467.0
2026-06-16T00:19:49,full_hh_loop_now_train40_20260616_001,baseline_hh,v003_active,challenge_problem_OGC2026\ogc2026\baseline\myalgorithm.py,prob_38.json,True,5,2738651329.0,2738651329.0,2738651329.0,205191.0,13463,9376.0,4.805947,4.378366231918335,250,250,,challenge_problem_OGC2026\reports\ogc2026_benchmark\full_hh_loop_now_train40_20260616_001\solutions\baseline_hh__v003_active\prob_38.solution.json,challenge_problem_OGC2026\reports\ogc2026_benchmark\full_hh_loop_now_train40_20260616_001\logs\baseline_hh__v003_active\prob_38.log,PASS objective=2738651329.0 obj1=205191.0 obj2=13463 obj3=9376.0
2026-06-16T00:19:49,full_hh_loop_now_train40_20260616_001,baseline_hh,v003_active,challenge_problem_OGC2026\ogc2026\baseline\myalgorithm.py,prob_39.json,True,5,1383350846.0,1383350846.0,1383350846.0,103644.0,3686,9671.0,4.505509,4.16537880897522,250,250,,challenge_problem_OGC2026\reports\ogc2026_benchmark\full_hh_loop_now_train40_20260616_001\solutions\baseline_hh__v003_active\prob_39.solution.json,challenge_problem_OGC2026\reports\ogc2026_benchmark\full_hh_loop_now_train40_20260616_001\logs\baseline_hh__v003_active\prob_39.log,PASS objective=1383350846.0 obj1=103644.0 obj2=3686 obj3=9671.0
2026-06-16T00:19:49,full_hh_loop_now_train40_20260616_001,baseline_hh,v003_active,challenge_problem_OGC2026\ogc2026\baseline\myalgorithm.py,prob_40.json,True,5,104101355.0,104101355.0,104101355.0,155814.0,3390,13079.0,4.063988,3.73332142829895,250,250,,challenge_problem_OGC2026\reports\ogc2026_benchmark\full_hh_loop_now_train40_20260616_001\solutions\baseline_hh__v003_active\prob_40.solution.json,challenge_problem_OGC2026\reports\ogc2026_benchmark\full_hh_loop_now_train40_20260616_001\logs\baseline_hh__v003_active\prob_40.log,PASS objective=104101355.0 obj1=155814.0 obj2=3390 obj3=13079.0
2026-06-16T00:24:33,smoke_hh_v004_regressions_20260616_001,baseline_hh,v004_active,challenge_problem_OGC2026\ogc2026\baseline\myalgorithm.py,prob_2.json,True,5,272405183.0,272405183.0,272405183.0,9343.0,1787,3934.0,74.579221,74.24584650993347,100,100,,challenge_problem_OGC2026\reports\ogc2026_benchmark\smoke_hh_v004_regressions_20260616_001\solutions\baseline_hh__v004_active\prob_2.solution.json,challenge_problem_OGC2026\reports\ogc2026_benchmark\smoke_hh_v004_regressions_20260616_001\logs\baseline_hh__v004_active\prob_2.log,PASS objective=272405183.0 obj1=9343.0 obj2=1787 obj3=3934.0
2026-06-16T00:24:33,smoke_hh_v004_regressions_20260616_001,baseline_hh,v004_active,challenge_problem_OGC2026\ogc2026\baseline\myalgorithm.py,prob_3.json,True,5,262823548.0,262823548.0,262823548.0,9834.0,4462,3571.0,43.260252,42.71252202987671,100,100,,challenge_problem_OGC2026\reports\ogc2026_benchmark\smoke_hh_v004_regressions_20260616_001\solutions\baseline_hh__v004_active\prob_3.solution.json,challenge_problem_OGC2026\reports\ogc2026_benchmark\smoke_hh_v004_regressions_20260616_001\logs\baseline_hh__v004_active\prob_3.log,PASS objective=262823548.0 obj1=9834.0 obj2=4462 obj3=3571.0
2026-06-16T00:24:33,smoke_hh_v004_regressions_20260616_001,baseline_hh,v004_active,challenge_problem_OGC2026\ogc2026\baseline\myalgorithm.py,prob_7.json,False,TIMEOUT,,,,,,,90.070503,,,,subprocess timeout after 90.0s,,challenge_problem_OGC2026\reports\ogc2026_benchmark\smoke_hh_v004_regressions_20260616_001\logs\baseline_hh__v004_active\prob_7.log,timeout
2026-06-16T00:24:33,smoke_hh_v004_regressions_20260616_001,baseline_hh,v004_active,challenge_problem_OGC2026\ogc2026\baseline\myalgorithm.py,prob_8.json,True,5,298042412.0,298042412.0,298042412.0,29803.0,3103,0.0,41.173846,40.87940788269043,150,150,,challenge_problem_OGC2026\reports\ogc2026_benchmark\smoke_hh_v004_regressions_20260616_001\solutions\baseline_hh__v004_active\prob_8.solution.json,challenge_problem_OGC2026\reports\ogc2026_benchmark\smoke_hh_v004_regressions_20260616_001\logs\baseline_hh__v004_active\prob_8.log,PASS objective=298042412.0 obj1=29803.0 obj2=3103 obj3=0.0
2026-06-16T00:30:23,smoke_active_after_v004_revert_20260616_001,baseline_hh,v003_active,challenge_problem_OGC2026\ogc2026\baseline\myalgorithm.py,prob_1.json,True,5,440672533.0,440672533.0,440672533.0,15148.0,295,0.0,1.106892,0.840425968170166,100,100,,challenge_problem_OGC2026\reports\ogc2026_benchmark\smoke_active_after_v004_revert_20260616_001\solutions\baseline_hh__v003_active\prob_1.solution.json,challenge_problem_OGC2026\reports\ogc2026_benchmark\smoke_active_after_v004_revert_20260616_001\logs\baseline_hh__v003_active\prob_1.log,PASS objective=440672533.0 obj1=15148.0 obj2=295 obj3=0.0
2026-06-16T00:44:46,smoke_hh_v005_mixed_20260616_001,baseline_hh,v005_active,challenge_problem_OGC2026\ogc2026\baseline\myalgorithm.py,prob_2.json,True,5,255321162.0,255321162.0,255321162.0,8762.0,957,2775.0,3.868712,3.535083293914795,100,100,,challenge_problem_OGC2026\reports\ogc2026_benchmark\smoke_hh_v005_mixed_20260616_001\solutions\baseline_hh__v005_active\prob_2.solution.json,challenge_problem_OGC2026\reports\ogc2026_benchmark\smoke_hh_v005_mixed_20260616_001\logs\baseline_hh__v005_active\prob_2.log,PASS objective=255321162.0 obj1=8762.0 obj2=957 obj3=2775.0
2026-06-16T00:44:46,smoke_hh_v005_mixed_20260616_001,baseline_hh,v005_active,challenge_problem_OGC2026\ogc2026\baseline\myalgorithm.py,prob_7.json,True,5,375403392.0,375403392.0,375403392.0,21072.0,7068,4906.0,8.609740,7.961042642593384,150,150,,challenge_problem_OGC2026\reports\ogc2026_benchmark\smoke_hh_v005_mixed_20260616_001\solutions\baseline_hh__v005_active\prob_7.solution.json,challenge_problem_OGC2026\reports\ogc2026_benchmark\smoke_hh_v005_mixed_20260616_001\logs\baseline_hh__v005_active\prob_7.log,PASS objective=375403392.0 obj1=21072.0 obj2=7068 obj3=4906.0
2026-06-16T00:44:46,smoke_hh_v005_mixed_20260616_001,baseline_hh,v005_active,challenge_problem_OGC2026\ogc2026\baseline\myalgorithm.py,prob_20.json,True,5,1453212543.0,1453212543.0,1453212543.0,54446.0,16906,9597.0,24.574375,24.109705686569214,300,300,,challenge_problem_OGC2026\reports\ogc2026_benchmark\smoke_hh_v005_mixed_20260616_001\solutions\baseline_hh__v005_active\prob_20.solution.json,challenge_problem_OGC2026\reports\ogc2026_benchmark\smoke_hh_v005_mixed_20260616_001\logs\baseline_hh__v005_active\prob_20.log,PASS objective=1453212543.0 obj1=54446.0 obj2=16906 obj3=9597.0
2026-06-16T00:44:46,smoke_hh_v005_mixed_20260616_001,baseline_hh,v005_active,challenge_problem_OGC2026\ogc2026\baseline\myalgorithm.py,prob_38.json,True,5,2736318453.0,2736318453.0,2736318453.0,205019.0,9863,9268.0,28.552017,28.329800128936768,250,250,,challenge_problem_OGC2026\reports\ogc2026_benchmark\smoke_hh_v005_mixed_20260616_001\solutions\baseline_hh__v005_active\prob_38.solution.json,challenge_problem_OGC2026\reports\ogc2026_benchmark\smoke_hh_v005_mixed_20260616_001\logs\baseline_hh__v005_active\prob_38.log,PASS objective=2736318453.0 obj1=205019.0 obj2=9863 obj3=9268.0
2026-06-16T00:46:06,full_hh_v005_train40_20260616_001,baseline_hh,v005_active,challenge_problem_OGC2026\ogc2026\baseline\myalgorithm.py,prob_1.json,True,5,426422855.0,426422855.0,426422855.0,14642.0,519,2344.0,2.812621,2.580127716064453,100,100,,challenge_problem_OGC2026\reports\ogc2026_benchmark\full_hh_v005_train40_20260616_001\solutions\baseline_hh__v005_active\prob_1.solution.json,challenge_problem_OGC2026\reports\ogc2026_benchmark\full_hh_v005_train40_20260616_001\logs\baseline_hh__v005_active\prob_1.log,PASS objective=426422855.0 obj1=14642.0 obj2=519 obj3=2344.0
2026-06-16T00:46:06,full_hh_v005_train40_20260616_001,baseline_hh,v005_active,challenge_problem_OGC2026\ogc2026\baseline\myalgorithm.py,prob_2.json,True,5,255321162.0,255321162.0,255321162.0,8762.0,957,2775.0,2.494787,2.27437686920166,100,100,,challenge_problem_OGC2026\reports\ogc2026_benchmark\full_hh_v005_train40_20260616_001\solutions\baseline_hh__v005_active\prob_2.solution.json,challenge_problem_OGC2026\reports\ogc2026_benchmark\full_hh_v005_train40_20260616_001\logs\baseline_hh__v005_active\prob_2.log,PASS objective=255321162.0 obj1=8762.0 obj2=957 obj3=2775.0
2026-06-16T00:46:06,full_hh_v005_train40_20260616_001,baseline_hh,v005_active,challenge_problem_OGC2026\ogc2026\baseline\myalgorithm.py,prob_3.json,True,5,256060547.0,256060547.0,256060547.0,9581.0,2867,3569.0,2.323103,2.1139421463012695,100,100,,challenge_problem_OGC2026\reports\ogc2026_benchmark\full_hh_v005_train40_20260616_001\solutions\baseline_hh__v005_active\prob_3.solution.json,challenge_problem_OGC2026\reports\ogc2026_benchmark\full_hh_v005_train40_20260616_001\logs\baseline_hh__v005_active\prob_3.log,PASS objective=256060547.0 obj1=9581.0 obj2=2867 obj3=3569.0
2026-06-16T00:46:06,full_hh_v005_train40_20260616_001,baseline_hh,v005_active,challenge_problem_OGC2026\ogc2026\baseline\myalgorithm.py,prob_4.json,True,5,331964937.0,331964937.0,331964937.0,15123.0,2489,2408.0,2.519969,2.303917646408081,100,100,,challenge_problem_OGC2026\reports\ogc2026_benchmark\full_hh_v005_train40_20260616_001\solutions\baseline_hh__v005_active\prob_4.solution.json,challenge_problem_OGC2026\reports\ogc2026_benchmark\full_hh_v005_train40_20260616_001\logs\baseline_hh__v005_active\prob_4.log,PASS objective=331964937.0 obj1=15123.0 obj2=2489 obj3=2408.0
2026-06-16T00:46:06,full_hh_v005_train40_20260616_001,baseline_hh,v005_active,challenge_problem_OGC2026\ogc2026\baseline\myalgorithm.py,prob_5.json,True,5,320238429.0,320238429.0,320238429.0,19968.0,5247,4758.0,6.250470,5.9161694049835205,150,150,,challenge_problem_OGC2026\reports\ogc2026_benchmark\full_hh_v005_train40_20260616_001\solutions\baseline_hh__v005_active\prob_5.solution.json,challenge_problem_OGC2026\reports\ogc2026_benchmark\full_hh_v005_train40_20260616_001\logs\baseline_hh__v005_active\prob_5.log,PASS objective=320238429.0 obj1=19968.0 obj2=5247 obj3=4758.0
2026-06-16T00:46:06,full_hh_v005_train40_20260616_001,baseline_hh,v005_active,challenge_problem_OGC2026\ogc2026\baseline\myalgorithm.py,prob_6.json,True,5,682720367.0,682720367.0,682720367.0,23015.0,6181,4951.0,9.566443,8.450681209564209,150,150,,challenge_problem_OGC2026\reports\ogc2026_benchmark\full_hh_v005_train40_20260616_001\solutions\baseline_hh__v005_active\prob_6.solution.json,challenge_problem_OGC2026\reports\ogc2026_benchmark\full_hh_v005_train40_20260616_001\logs\baseline_hh__v005_active\prob_6.log,PASS objective=682720367.0 obj1=23015.0 obj2=6181 obj3=4951.0
2026-06-16T00:46:06,full_hh_v005_train40_20260616_001,baseline_hh,v005_active,challenge_problem_OGC2026\ogc2026\baseline\myalgorithm.py,prob_7.json,True,5,375403392.0,375403392.0,375403392.0,21072.0,7068,4906.0,7.761447,7.264081239700317,150,150,,challenge_problem_OGC2026\reports\ogc2026_benchmark\full_hh_v005_train40_20260616_001\solutions\baseline_hh__v005_active\prob_7.solution.json,challenge_problem_OGC2026\reports\ogc2026_benchmark\full_hh_v005_train40_20260616_001\logs\baseline_hh__v005_active\prob_7.log,PASS objective=375403392.0 obj1=21072.0 obj2=7068 obj3=4906.0
2026-06-16T00:46:06,full_hh_v005_train40_20260616_001,baseline_hh,v005_active,challenge_problem_OGC2026\ogc2026\baseline\myalgorithm.py,prob_8.json,True,5,283724248.0,283724248.0,283724248.0,28302.0,3262,3456.0,7.605492,7.308251857757568,150,150,,challenge_problem_OGC2026\reports\ogc2026_benchmark\full_hh_v005_train40_20260616_001\solutions\baseline_hh__v005_active\prob_8.solution.json,challenge_problem_OGC2026\reports\ogc2026_benchmark\full_hh_v005_train40_20260616_001\logs\baseline_hh__v005_active\prob_8.log,PASS objective=283724248.0 obj1=28302.0 obj2=3262 obj3=3456.0
2026-06-16T00:46:06,full_hh_v005_train40_20260616_001,baseline_hh,v005_active,challenge_problem_OGC2026\ogc2026\baseline\myalgorithm.py,prob_9.json,True,5,501384698.0,501384698.0,501384698.0,37536.0,4642,5960.0,10.364968,10.105594635009766,200,200,,challenge_problem_OGC2026\reports\ogc2026_benchmark\full_hh_v005_train40_20260616_001\solutions\baseline_hh__v005_active\prob_9.solution.json,challenge_problem_OGC2026\reports\ogc2026_benchmark\full_hh_v005_train40_20260616_001\logs\baseline_hh__v005_active\prob_9.log,PASS objective=501384698.0 obj1=37536.0 obj2=4642 obj3=5960.0
2026-06-16T00:46:06,full_hh_v005_train40_20260616_001,baseline_hh,v005_active,challenge_problem_OGC2026\ogc2026\baseline\myalgorithm.py,prob_10.json,True,5,408382227.0,408382227.0,408382227.0,28013.0,9540,6514.0,9.158922,8.859508514404297,200,200,,challenge_problem_OGC2026\reports\ogc2026_benchmark\full_hh_v005_train40_20260616_001\solutions\baseline_hh__v005_active\prob_10.solution.json,challenge_problem_OGC2026\reports\ogc2026_benchmark\full_hh_v005_train40_20260616_001\logs\baseline_hh__v005_active\prob_10.log,PASS objective=408382227.0 obj1=28013.0 obj2=9540 obj3=6514.0
2026-06-16T00:46:06,full_hh_v005_train40_20260616_001,baseline_hh,v005_active,challenge_problem_OGC2026\ogc2026\baseline\myalgorithm.py,prob_11.json,True,5,692018053.0,692018053.0,692018053.0,30236.0,3300,6697.0,5.008137,4.749053239822388,200,200,,challenge_problem_OGC2026\reports\ogc2026_benchmark\full_hh_v005_train40_20260616_001\solutions\baseline_hh__v005_active\prob_11.solution.json,challenge_problem_OGC2026\reports\ogc2026_benchmark\full_hh_v005_train40_20260616_001\logs\baseline_hh__v005_active\prob_11.log,PASS objective=692018053.0 obj1=30236.0 obj2=3300 obj3=6697.0
2026-06-16T00:46:06,full_hh_v005_train40_20260616_001,baseline_hh,v005_active,challenge_problem_OGC2026\ogc2026\baseline\myalgorithm.py,prob_12.json,True,5,616452947.0,616452947.0,616452947.0,28082.0,9109,6676.0,12.929280,12.659732103347778,200,200,,challenge_problem_OGC2026\reports\ogc2026_benchmark\full_hh_v005_train40_20260616_001\solutions\baseline_hh__v005_active\prob_12.solution.json,challenge_problem_OGC2026\reports\ogc2026_benchmark\full_hh_v005_train40_20260616_001\logs\baseline_hh__v005_active\prob_12.log,PASS objective=616452947.0 obj1=28082.0 obj2=9109 obj3=6676.0
2026-06-16T00:46:06,full_hh_v005_train40_20260616_001,baseline_hh,v005_active,challenge_problem_OGC2026\ogc2026\baseline\myalgorithm.py,prob_13.json,True,5,880421744.0,880421744.0,880421744.0,47258.0,5166,8728.0,18.526591,17.897584199905396,250,250,,challenge_problem_OGC2026\reports\ogc2026_benchmark\full_hh_v005_train40_20260616_001\solutions\baseline_hh__v005_active\prob_13.solution.json,challenge_problem_OGC2026\reports\ogc2026_benchmark\full_hh_v005_train40_20260616_001\logs\baseline_hh__v005_active\prob_13.log,PASS objective=880421744.0 obj1=47258.0 obj2=5166 obj3=8728.0
2026-06-16T00:46:06,full_hh_v005_train40_20260616_001,baseline_hh,v005_active,challenge_problem_OGC2026\ogc2026\baseline\myalgorithm.py,prob_14.json,True,5,801772026.0,801772026.0,801772026.0,45039.0,3783,7893.0,15.207571,14.937670946121216,250,250,,challenge_problem_OGC2026\reports\ogc2026_benchmark\full_hh_v005_train40_20260616_001\solutions\baseline_hh__v005_active\prob_14.solution.json,challenge_problem_OGC2026\reports\ogc2026_benchmark\full_hh_v005_train40_20260616_001\logs\baseline_hh__v005_active\prob_14.log,PASS objective=801772026.0 obj1=45039.0 obj2=3783 obj3=7893.0
2026-06-16T00:46:06,full_hh_v005_train40_20260616_001,baseline_hh,v005_active,challenge_problem_OGC2026\ogc2026\baseline\myalgorithm.py,prob_15.json,True,5,623767999.0,623767999.0,623767999.0,42020.0,9126,8993.0,17.850777,17.528262853622437,250,250,,challenge_problem_OGC2026\reports\ogc2026_benchmark\full_hh_v005_train40_20260616_001\solutions\baseline_hh__v005_active\prob_15.solution.json,challenge_problem_OGC2026\reports\ogc2026_benchmark\full_hh_v005_train40_20260616_001\logs\baseline_hh__v005_active\prob_15.log,PASS objective=623767999.0 obj1=42020.0 obj2=9126 obj3=8993.0
2026-06-16T00:46:06,full_hh_v005_train40_20260616_001,baseline_hh,v005_active,challenge_problem_OGC2026\ogc2026\baseline\myalgorithm.py,prob_16.json,True,5,364402046.0,364402046.0,364402046.0,40865.0,12971,8182.0,16.813684,16.3897066116333,250,250,,challenge_problem_OGC2026\reports\ogc2026_benchmark\full_hh_v005_train40_20260616_001\solutions\baseline_hh__v005_active\prob_16.solution.json,challenge_problem_OGC2026\reports\ogc2026_benchmark\full_hh_v005_train40_20260616_001\logs\baseline_hh__v005_active\prob_16.log,PASS objective=364402046.0 obj1=40865.0 obj2=12971 obj3=8182.0
2026-06-16T00:46:06,full_hh_v005_train40_20260616_001,baseline_hh,v005_active,challenge_problem_OGC2026\ogc2026\baseline\myalgorithm.py,prob_17.json,True,5,570289700.0,570289700.0,570289700.0,58669.0,10571,10031.0,18.802198,18.517285346984863,300,300,,challenge_problem_OGC2026\reports\ogc2026_benchmark\full_hh_v005_train40_20260616_001\solutions\baseline_hh__v005_active\prob_17.solution.json,challenge_problem_OGC2026\reports\ogc2026_benchmark\full_hh_v005_train40_20260616_001\logs\baseline_hh__v005_active\prob_17.log,PASS objective=570289700.0 obj1=58669.0 obj2=10571 obj3=10031.0
2026-06-16T00:46:06,full_hh_v005_train40_20260616_001,baseline_hh,v005_active,challenge_problem_OGC2026\ogc2026\baseline\myalgorithm.py,prob_18.json,True,5,872454749.0,872454749.0,872454749.0,65328.0,5850,10625.0,21.631968,21.309000492095947,300,300,,challenge_problem_OGC2026\reports\ogc2026_benchmark\full_hh_v005_train40_20260616_001\solutions\baseline_hh__v005_active\prob_18.solution.json,challenge_problem_OGC2026\reports\ogc2026_benchmark\full_hh_v005_train40_20260616_001\logs\baseline_hh__v005_active\prob_18.log,PASS objective=872454749.0 obj1=65328.0 obj2=5850 obj3=10625.0
2026-06-16T00:46:06,full_hh_v005_train40_20260616_001,baseline_hh,v005_active,challenge_problem_OGC2026\ogc2026\baseline\myalgorithm.py,prob_19.json,True,5,631818101.0,631818101.0,631818101.0,59104.0,9193,9917.0,26.761200,26.190523624420166,300,300,,challenge_problem_OGC2026\reports\ogc2026_benchmark\full_hh_v005_train40_20260616_001\solutions\baseline_hh__v005_active\prob_19.solution.json,challenge_problem_OGC2026\reports\ogc2026_benchmark\full_hh_v005_train40_20260616_001\logs\baseline_hh__v005_active\prob_19.log,PASS objective=631818101.0 obj1=59104.0 obj2=9193 obj3=9917.0
2026-06-16T00:46:06,full_hh_v005_train40_20260616_001,baseline_hh,v005_active,challenge_problem_OGC2026\ogc2026\baseline\myalgorithm.py,prob_20.json,True,5,1453212543.0,1453212543.0,1453212543.0,54446.0,16906,9597.0,19.719857,19.409173488616943,300,300,,challenge_problem_OGC2026\reports\ogc2026_benchmark\full_hh_v005_train40_20260616_001\solutions\baseline_hh__v005_active\prob_20.solution.json,challenge_problem_OGC2026\reports\ogc2026_benchmark\full_hh_v005_train40_20260616_001\logs\baseline_hh__v005_active\prob_20.log,PASS objective=1453212543.0 obj1=54446.0 obj2=16906 obj3=9597.0
2026-06-16T00:46:06,full_hh_v005_train40_20260616_001,baseline_hh,v005_active,challenge_problem_OGC2026\ogc2026\baseline\myalgorithm.py,prob_21.json,True,5,411614457.0,411614457.0,411614457.0,30819.0,1443,4602.0,4.414710,3.527541399002075,100,100,,challenge_problem_OGC2026\reports\ogc2026_benchmark\full_hh_v005_train40_20260616_001\solutions\baseline_hh__v005_active\prob_21.solution.json,challenge_problem_OGC2026\reports\ogc2026_benchmark\full_hh_v005_train40_20260616_001\logs\baseline_hh__v005_active\prob_21.log,PASS objective=411614457.0 obj1=30819.0 obj2=1443 obj3=4602.0
2026-06-16T00:46:06,full_hh_v005_train40_20260616_001,baseline_hh,v005_active,challenge_problem_OGC2026\ogc2026\baseline\myalgorithm.py,prob_22.json,True,5,319421214.0,319421214.0,319421214.0,23852.0,6166,3460.0,3.888330,3.5113744735717773,100,100,,challenge_problem_OGC2026\reports\ogc2026_benchmark\full_hh_v005_train40_20260616_001\solutions\baseline_hh__v005_active\prob_22.solution.json,challenge_problem_OGC2026\reports\ogc2026_benchmark\full_hh_v005_train40_20260616_001\logs\baseline_hh__v005_active\prob_22.log,PASS objective=319421214.0 obj1=23852.0 obj2=6166 obj3=3460.0
2026-06-16T00:46:06,full_hh_v005_train40_20260616_001,baseline_hh,v005_active,challenge_problem_OGC2026\ogc2026\baseline\myalgorithm.py,prob_23.json,True,5,499792768.0,499792768.0,499792768.0,36816.0,1632,2966.0,3.676688,3.4140071868896484,100,100,,challenge_problem_OGC2026\reports\ogc2026_benchmark\full_hh_v005_train40_20260616_001\solutions\baseline_hh__v005_active\prob_23.solution.json,challenge_problem_OGC2026\reports\ogc2026_benchmark\full_hh_v005_train40_20260616_001\logs\baseline_hh__v005_active\prob_23.log,PASS objective=499792768.0 obj1=36816.0 obj2=1632 obj3=2966.0
2026-06-16T00:46:06,full_hh_v005_train40_20260616_001,baseline_hh,v005_active,challenge_problem_OGC2026\ogc2026\baseline\myalgorithm.py,prob_24.json,True,5,302073220.0,302073220.0,302073220.0,22585.0,2343,3119.0,4.007950,3.7576727867126465,100,100,,challenge_problem_OGC2026\reports\ogc2026_benchmark\full_hh_v005_train40_20260616_001\solutions\baseline_hh__v005_active\prob_24.solution.json,challenge_problem_OGC2026\reports\ogc2026_benchmark\full_hh_v005_train40_20260616_001\logs\baseline_hh__v005_active\prob_24.log,PASS objective=302073220.0 obj1=22585.0 obj2=2343 obj3=3119.0
2026-06-16T00:46:06,full_hh_v005_train40_20260616_001,baseline_hh,v005_active,challenge_problem_OGC2026\ogc2026\baseline\myalgorithm.py,prob_25.json,True,5,31974485.0,31974485.0,31974485.0,47854.0,2747,2656.0,3.094298,2.8520138263702393,100,100,,challenge_problem_OGC2026\reports\ogc2026_benchmark\full_hh_v005_train40_20260616_001\solutions\baseline_hh__v005_active\prob_25.solution.json,challenge_problem_OGC2026\reports\ogc2026_benchmark\full_hh_v005_train40_20260616_001\logs\baseline_hh__v005_active\prob_25.log,PASS objective=31974485.0 obj1=47854.0 obj2=2747 obj3=2656.0
2026-06-16T00:46:06,full_hh_v005_train40_20260616_001,baseline_hh,v005_active,challenge_problem_OGC2026\ogc2026\baseline\myalgorithm.py,prob_26.json,True,5,749916982.0,749916982.0,749916982.0,56165.0,6791,6810.0,6.187807,5.862161874771118,150,150,,challenge_problem_OGC2026\reports\ogc2026_benchmark\full_hh_v005_train40_20260616_001\solutions\baseline_hh__v005_active\prob_26.solution.json,challenge_problem_OGC2026\reports\ogc2026_benchmark\full_hh_v005_train40_20260616_001\logs\baseline_hh__v005_active\prob_26.log,PASS objective=749916982.0 obj1=56165.0 obj2=6791 obj3=6810.0
2026-06-16T00:46:06,full_hh_v005_train40_20260616_001,baseline_hh,v005_active,challenge_problem_OGC2026\ogc2026\baseline\myalgorithm.py,prob_27.json,True,5,1440332973.0,1440332973.0,1440332973.0,107899.0,9803,4240.0,5.951934,5.722450256347656,150,150,,challenge_problem_OGC2026\reports\ogc2026_benchmark\full_hh_v005_train40_20260616_001\solutions\baseline_hh__v005_active\prob_27.solution.json,challenge_problem_OGC2026\reports\ogc2026_benchmark\full_hh_v005_train40_20260616_001\logs\baseline_hh__v005_active\prob_27.log,PASS objective=1440332973.0 obj1=107899.0 obj2=9803 obj3=4240.0
2026-06-16T00:46:06,full_hh_v005_train40_20260616_001,baseline_hh,v005_active,challenge_problem_OGC2026\ogc2026\baseline\myalgorithm.py,prob_28.json,True,5,733197395.0,733197395.0,733197395.0,54875.0,2740,5136.0,4.762636,4.549630880355835,150,150,,challenge_problem_OGC2026\reports\ogc2026_benchmark\full_hh_v005_train40_20260616_001\solutions\baseline_hh__v005_active\prob_28.solution.json,challenge_problem_OGC2026\reports\ogc2026_benchmark\full_hh_v005_train40_20260616_001\logs\baseline_hh__v005_active\prob_28.log,PASS objective=733197395.0 obj1=54875.0 obj2=2740 obj3=5136.0
2026-06-16T00:46:06,full_hh_v005_train40_20260616_001,baseline_hh,v005_active,challenge_problem_OGC2026\ogc2026\baseline\myalgorithm.py,prob_29.json,True,5,460256892.0,460256892.0,460256892.0,34368.0,4516,6716.0,5.050779,4.852503299713135,150,150,,challenge_problem_OGC2026\reports\ogc2026_benchmark\full_hh_v005_train40_20260616_001\solutions\baseline_hh__v005_active\prob_29.solution.json,challenge_problem_OGC2026\reports\ogc2026_benchmark\full_hh_v005_train40_20260616_001\logs\baseline_hh__v005_active\prob_29.log,PASS objective=460256892.0 obj1=34368.0 obj2=4516 obj3=6716.0
2026-06-16T00:46:06,full_hh_v005_train40_20260616_001,baseline_hh,v005_active,challenge_problem_OGC2026\ogc2026\baseline\myalgorithm.py,prob_30.json,True,5,750544376.0,750544376.0,750544376.0,56220.0,6279,4690.0,5.361846,5.122308254241943,150,150,,challenge_problem_OGC2026\reports\ogc2026_benchmark\full_hh_v005_train40_20260616_001\solutions\baseline_hh__v005_active\prob_30.solution.json,challenge_problem_OGC2026\reports\ogc2026_benchmark\full_hh_v005_train40_20260616_001\logs\baseline_hh__v005_active\prob_30.log,PASS objective=750544376.0 obj1=56220.0 obj2=6279 obj3=4690.0
2026-06-16T00:46:06,full_hh_v005_train40_20260616_001,baseline_hh,v005_active,challenge_problem_OGC2026\ogc2026\baseline\myalgorithm.py,prob_31.json,True,5,1276347356.0,1276347356.0,1276347356.0,95510.0,12846,10764.0,7.702033,7.393886566162109,200,200,,challenge_problem_OGC2026\reports\ogc2026_benchmark\full_hh_v005_train40_20260616_001\solutions\baseline_hh__v005_active\prob_31.solution.json,challenge_problem_OGC2026\reports\ogc2026_benchmark\full_hh_v005_train40_20260616_001\logs\baseline_hh__v005_active\prob_31.log,PASS objective=1276347356.0 obj1=95510.0 obj2=12846 obj3=10764.0
2026-06-16T00:46:06,full_hh_v005_train40_20260616_001,baseline_hh,v005_active,challenge_problem_OGC2026\ogc2026\baseline\myalgorithm.py,prob_32.json,True,5,225918150.0,225918150.0,225918150.0,66570.0,2988,6709.0,16.447447,15.610934495925903,200,200,,challenge_problem_OGC2026\reports\ogc2026_benchmark\full_hh_v005_train40_20260616_001\solutions\baseline_hh__v005_active\prob_32.solution.json,challenge_problem_OGC2026\reports\ogc2026_benchmark\full_hh_v005_train40_20260616_001\logs\baseline_hh__v005_active\prob_32.log,PASS objective=225918150.0 obj1=66570.0 obj2=2988 obj3=6709.0
2026-06-16T00:46:06,full_hh_v005_train40_20260616_001,baseline_hh,v005_active,challenge_problem_OGC2026\ogc2026\baseline\myalgorithm.py,prob_33.json,True,5,660628516.0,660628516.0,660628516.0,98928.0,4534,6868.0,10.752695,10.502943992614746,200,200,,challenge_problem_OGC2026\reports\ogc2026_benchmark\full_hh_v005_train40_20260616_001\solutions\baseline_hh__v005_active\prob_33.solution.json,challenge_problem_OGC2026\reports\ogc2026_benchmark\full_hh_v005_train40_20260616_001\logs\baseline_hh__v005_active\prob_33.log,PASS objective=660628516.0 obj1=98928.0 obj2=4534 obj3=6868.0
2026-06-16T00:46:06,full_hh_v005_train40_20260616_001,baseline_hh,v005_active,challenge_problem_OGC2026\ogc2026\baseline\myalgorithm.py,prob_34.json,True,5,241558361.0,241558361.0,241558361.0,71172.0,4759,8084.0,9.137646,8.881666421890259,200,200,,challenge_problem_OGC2026\reports\ogc2026_benchmark\full_hh_v005_train40_20260616_001\solutions\baseline_hh__v005_active\prob_34.solution.json,challenge_problem_OGC2026\reports\ogc2026_benchmark\full_hh_v005_train40_20260616_001\logs\baseline_hh__v005_active\prob_34.log,PASS objective=241558361.0 obj1=71172.0 obj2=4759 obj3=8084.0
2026-06-16T00:46:06,full_hh_v005_train40_20260616_001,baseline_hh,v005_active,challenge_problem_OGC2026\ogc2026\baseline\myalgorithm.py,prob_35.json,True,5,885380201.0,885380201.0,885380201.0,66322.0,17645,6805.0,9.632265,9.40595269203186,200,200,,challenge_problem_OGC2026\reports\ogc2026_benchmark\full_hh_v005_train40_20260616_001\solutions\baseline_hh__v005_active\prob_35.solution.json,challenge_problem_OGC2026\reports\ogc2026_benchmark\full_hh_v005_train40_20260616_001\logs\baseline_hh__v005_active\prob_35.log,PASS objective=885380201.0 obj1=66322.0 obj2=17645 obj3=6805.0
2026-06-16T00:46:06,full_hh_v005_train40_20260616_001,baseline_hh,v005_active,challenge_problem_OGC2026\ogc2026\baseline\myalgorithm.py,prob_36.json,True,5,51946440.0,51946440.0,51946440.0,77617.0,9202,12823.0,23.482440,23.210939645767212,250,250,,challenge_problem_OGC2026\reports\ogc2026_benchmark\full_hh_v005_train40_20260616_001\solutions\baseline_hh__v005_active\prob_36.solution.json,challenge_problem_OGC2026\reports\ogc2026_benchmark\full_hh_v005_train40_20260616_001\logs\baseline_hh__v005_active\prob_36.log,PASS objective=51946440.0 obj1=77617.0 obj2=9202 obj3=12823.0
2026-06-16T00:46:06,full_hh_v005_train40_20260616_001,baseline_hh,v005_active,challenge_problem_OGC2026\ogc2026\baseline\myalgorithm.py,prob_37.json,True,5,363029681.0,363029681.0,363029681.0,108293.0,18878,3356.0,17.754853,17.49216890335083,250,250,,challenge_problem_OGC2026\reports\ogc2026_benchmark\full_hh_v005_train40_20260616_001\solutions\baseline_hh__v005_active\prob_37.solution.json,challenge_problem_OGC2026\reports\ogc2026_benchmark\full_hh_v005_train40_20260616_001\logs\baseline_hh__v005_active\prob_37.log,PASS objective=363029681.0 obj1=108293.0 obj2=18878 obj3=3356.0
2026-06-16T00:46:06,full_hh_v005_train40_20260616_001,baseline_hh,v005_active,challenge_problem_OGC2026\ogc2026\baseline\myalgorithm.py,prob_38.json,True,5,2736318453.0,2736318453.0,2736318453.0,205019.0,9863,9268.0,17.259535,16.99581480026245,250,250,,challenge_problem_OGC2026\reports\ogc2026_benchmark\full_hh_v005_train40_20260616_001\solutions\baseline_hh__v005_active\prob_38.solution.json,challenge_problem_OGC2026\reports\ogc2026_benchmark\full_hh_v005_train40_20260616_001\logs\baseline_hh__v005_active\prob_38.log,PASS objective=2736318453.0 obj1=205019.0 obj2=9863 obj3=9268.0
2026-06-16T00:46:06,full_hh_v005_train40_20260616_001,baseline_hh,v005_active,challenge_problem_OGC2026\ogc2026\baseline\myalgorithm.py,prob_39.json,True,5,1365635119.0,1365635119.0,1365635119.0,102305.0,3026,10603.0,13.857968,13.528310537338257,250,250,,challenge_problem_OGC2026\reports\ogc2026_benchmark\full_hh_v005_train40_20260616_001\solutions\baseline_hh__v005_active\prob_39.solution.json,challenge_problem_OGC2026\reports\ogc2026_benchmark\full_hh_v005_train40_20260616_001\logs\baseline_hh__v005_active\prob_39.log,PASS objective=1365635119.0 obj1=102305.0 obj2=3026 obj3=10603.0
2026-06-16T00:46:06,full_hh_v005_train40_20260616_001,baseline_hh,v005_active,challenge_problem_OGC2026\ogc2026\baseline\myalgorithm.py,prob_40.json,True,5,102168836.0,102168836.0,102168836.0,152921.0,4571,12766.0,24.303203,23.53299832344055,250,250,,challenge_problem_OGC2026\reports\ogc2026_benchmark\full_hh_v005_train40_20260616_001\solutions\baseline_hh__v005_active\prob_40.solution.json,challenge_problem_OGC2026\reports\ogc2026_benchmark\full_hh_v005_train40_20260616_001\logs\baseline_hh__v005_active\prob_40.log,PASS objective=102168836.0 obj1=152921.0 obj2=4571 obj3=12766.0
2026-06-16T01:15:14,smoke_report_t_first_20260616_001,baseline_hh,v005_active,challenge_problem_OGC2026\ogc2026\baseline\myalgorithm.py,prob_1.json,True,5,426422855.0,426422855.0,426422855.0,14642.0,519,2344.0,3.177269,2.845289468765259,100,100,,challenge_problem_OGC2026\reports\ogc2026_benchmark\smoke_report_t_first_20260616_001\solutions\baseline_hh__v005_active\prob_1.solution.json,challenge_problem_OGC2026\reports\ogc2026_benchmark\smoke_report_t_first_20260616_001\logs\baseline_hh__v005_active\prob_1.log,PASS objective=426422855.0 obj1=14642.0 obj2=519 obj3=2344.0
2026-06-16T01:16:25,smoke_hh_v005_tfirst_mixed_20260616_001,baseline_hh,v005_active,challenge_problem_OGC2026\ogc2026\baseline\myalgorithm.py,prob_2.json,True,5,255321162.0,255321162.0,255321162.0,8762.0,957,2775.0,2.510217,2.2459425926208496,100,100,,challenge_problem_OGC2026\reports\ogc2026_benchmark\smoke_hh_v005_tfirst_mixed_20260616_001\solutions\baseline_hh__v005_active\prob_2.solution.json,challenge_problem_OGC2026\reports\ogc2026_benchmark\smoke_hh_v005_tfirst_mixed_20260616_001\logs\baseline_hh__v005_active\prob_2.log,PASS objective=255321162.0 obj1=8762.0 obj2=957 obj3=2775.0
2026-06-16T01:16:25,smoke_hh_v005_tfirst_mixed_20260616_001,baseline_hh,v005_active,challenge_problem_OGC2026\ogc2026\baseline\myalgorithm.py,prob_7.json,True,5,375403392.0,375403392.0,375403392.0,21072.0,7068,4906.0,5.329947,5.084679365158081,150,150,,challenge_problem_OGC2026\reports\ogc2026_benchmark\smoke_hh_v005_tfirst_mixed_20260616_001\solutions\baseline_hh__v005_active\prob_7.solution.json,challenge_problem_OGC2026\reports\ogc2026_benchmark\smoke_hh_v005_tfirst_mixed_20260616_001\logs\baseline_hh__v005_active\prob_7.log,PASS objective=375403392.0 obj1=21072.0 obj2=7068 obj3=4906.0
2026-06-16T01:16:25,smoke_hh_v005_tfirst_mixed_20260616_001,baseline_hh,v005_active,challenge_problem_OGC2026\ogc2026\baseline\myalgorithm.py,prob_20.json,True,5,1453212543.0,1453212543.0,1453212543.0,54446.0,16906,9597.0,29.296094,29.014309883117676,300,300,,challenge_problem_OGC2026\reports\ogc2026_benchmark\smoke_hh_v005_tfirst_mixed_20260616_001\solutions\baseline_hh__v005_active\prob_20.solution.json,challenge_problem_OGC2026\reports\ogc2026_benchmark\smoke_hh_v005_tfirst_mixed_20260616_001\logs\baseline_hh__v005_active\prob_20.log,PASS objective=1453212543.0 obj1=54446.0 obj2=16906 obj3=9597.0
2026-06-16T01:16:25,smoke_hh_v005_tfirst_mixed_20260616_001,baseline_hh,v005_active,challenge_problem_OGC2026\ogc2026\baseline\myalgorithm.py,prob_38.json,True,5,2736318453.0,2736318453.0,2736318453.0,205019.0,9863,9268.0,22.266362,21.965672254562378,250,250,,challenge_problem_OGC2026\reports\ogc2026_benchmark\smoke_hh_v005_tfirst_mixed_20260616_001\solutions\baseline_hh__v005_active\prob_38.solution.json,challenge_problem_OGC2026\reports\ogc2026_benchmark\smoke_hh_v005_tfirst_mixed_20260616_001\logs\baseline_hh__v005_active\prob_38.log,PASS objective=2736318453.0 obj1=205019.0 obj2=9863 obj3=9268.0
2026-06-16T01:17:40,full_hh_v005_tfirst_train40_20260616_001,baseline_hh,v005_active,challenge_problem_OGC2026\ogc2026\baseline\myalgorithm.py,prob_1.json,True,5,426422855.0,426422855.0,426422855.0,14642.0,519,2344.0,2.645619,2.4244375228881836,100,100,,challenge_problem_OGC2026\reports\ogc2026_benchmark\full_hh_v005_tfirst_train40_20260616_001\solutions\baseline_hh__v005_active\prob_1.solution.json,challenge_problem_OGC2026\reports\ogc2026_benchmark\full_hh_v005_tfirst_train40_20260616_001\logs\baseline_hh__v005_active\prob_1.log,PASS objective=426422855.0 obj1=14642.0 obj2=519 obj3=2344.0
2026-06-16T01:17:40,full_hh_v005_tfirst_train40_20260616_001,baseline_hh,v005_active,challenge_problem_OGC2026\ogc2026\baseline\myalgorithm.py,prob_2.json,True,5,255321162.0,255321162.0,255321162.0,8762.0,957,2775.0,2.093060,1.8839356899261475,100,100,,challenge_problem_OGC2026\reports\ogc2026_benchmark\full_hh_v005_tfirst_train40_20260616_001\solutions\baseline_hh__v005_active\prob_2.solution.json,challenge_problem_OGC2026\reports\ogc2026_benchmark\full_hh_v005_tfirst_train40_20260616_001\logs\baseline_hh__v005_active\prob_2.log,PASS objective=255321162.0 obj1=8762.0 obj2=957 obj3=2775.0
2026-06-16T01:17:40,full_hh_v005_tfirst_train40_20260616_001,baseline_hh,v005_active,challenge_problem_OGC2026\ogc2026\baseline\myalgorithm.py,prob_3.json,True,5,256060547.0,256060547.0,256060547.0,9581.0,2867,3569.0,1.931239,1.7411143779754639,100,100,,challenge_problem_OGC2026\reports\ogc2026_benchmark\full_hh_v005_tfirst_train40_20260616_001\solutions\baseline_hh__v005_active\prob_3.solution.json,challenge_problem_OGC2026\reports\ogc2026_benchmark\full_hh_v005_tfirst_train40_20260616_001\logs\baseline_hh__v005_active\prob_3.log,PASS objective=256060547.0 obj1=9581.0 obj2=2867 obj3=3569.0
2026-06-16T01:17:40,full_hh_v005_tfirst_train40_20260616_001,baseline_hh,v005_active,challenge_problem_OGC2026\ogc2026\baseline\myalgorithm.py,prob_4.json,True,5,331964937.0,331964937.0,331964937.0,15123.0,2489,2408.0,2.113659,1.9172279834747314,100,100,,challenge_problem_OGC2026\reports\ogc2026_benchmark\full_hh_v005_tfirst_train40_20260616_001\solutions\baseline_hh__v005_active\prob_4.solution.json,challenge_problem_OGC2026\reports\ogc2026_benchmark\full_hh_v005_tfirst_train40_20260616_001\logs\baseline_hh__v005_active\prob_4.log,PASS objective=331964937.0 obj1=15123.0 obj2=2489 obj3=2408.0
2026-06-16T01:17:40,full_hh_v005_tfirst_train40_20260616_001,baseline_hh,v005_active,challenge_problem_OGC2026\ogc2026\baseline\myalgorithm.py,prob_5.json,True,5,320238429.0,320238429.0,320238429.0,19968.0,5247,4758.0,6.795007,6.51354455947876,150,150,,challenge_problem_OGC2026\reports\ogc2026_benchmark\full_hh_v005_tfirst_train40_20260616_001\solutions\baseline_hh__v005_active\prob_5.solution.json,challenge_problem_OGC2026\reports\ogc2026_benchmark\full_hh_v005_tfirst_train40_20260616_001\logs\baseline_hh__v005_active\prob_5.log,PASS objective=320238429.0 obj1=19968.0 obj2=5247 obj3=4758.0
2026-06-16T01:17:40,full_hh_v005_tfirst_train40_20260616_001,baseline_hh,v005_active,challenge_problem_OGC2026\ogc2026\baseline\myalgorithm.py,prob_6.json,True,5,682720367.0,682720367.0,682720367.0,23015.0,6181,4951.0,7.889424,7.058161735534668,150,150,,challenge_problem_OGC2026\reports\ogc2026_benchmark\full_hh_v005_tfirst_train40_20260616_001\solutions\baseline_hh__v005_active\prob_6.solution.json,challenge_problem_OGC2026\reports\ogc2026_benchmark\full_hh_v005_tfirst_train40_20260616_001\logs\baseline_hh__v005_active\prob_6.log,PASS objective=682720367.0 obj1=23015.0 obj2=6181 obj3=4951.0
2026-06-16T01:17:40,full_hh_v005_tfirst_train40_20260616_001,baseline_hh,v005_active,challenge_problem_OGC2026\ogc2026\baseline\myalgorithm.py,prob_7.json,True,5,375403392.0,375403392.0,375403392.0,21072.0,7068,4906.0,7.064439,6.762653112411499,150,150,,challenge_problem_OGC2026\reports\ogc2026_benchmark\full_hh_v005_tfirst_train40_20260616_001\solutions\baseline_hh__v005_active\prob_7.solution.json,challenge_problem_OGC2026\reports\ogc2026_benchmark\full_hh_v005_tfirst_train40_20260616_001\logs\baseline_hh__v005_active\prob_7.log,PASS objective=375403392.0 obj1=21072.0 obj2=7068 obj3=4906.0
2026-06-16T01:17:40,full_hh_v005_tfirst_train40_20260616_001,baseline_hh,v005_active,challenge_problem_OGC2026\ogc2026\baseline\myalgorithm.py,prob_8.json,True,5,283724248.0,283724248.0,283724248.0,28302.0,3262,3456.0,7.404365,7.151384353637695,150,150,,challenge_problem_OGC2026\reports\ogc2026_benchmark\full_hh_v005_tfirst_train40_20260616_001\solutions\baseline_hh__v005_active\prob_8.solution.json,challenge_problem_OGC2026\reports\ogc2026_benchmark\full_hh_v005_tfirst_train40_20260616_001\logs\baseline_hh__v005_active\prob_8.log,PASS objective=283724248.0 obj1=28302.0 obj2=3262 obj3=3456.0
2026-06-16T01:17:40,full_hh_v005_tfirst_train40_20260616_001,baseline_hh,v005_active,challenge_problem_OGC2026\ogc2026\baseline\myalgorithm.py,prob_9.json,True,5,501384698.0,501384698.0,501384698.0,37536.0,4642,5960.0,9.823085,9.550834655761719,200,200,,challenge_problem_OGC2026\reports\ogc2026_benchmark\full_hh_v005_tfirst_train40_20260616_001\solutions\baseline_hh__v005_active\prob_9.solution.json,challenge_problem_OGC2026\reports\ogc2026_benchmark\full_hh_v005_tfirst_train40_20260616_001\logs\baseline_hh__v005_active\prob_9.log,PASS objective=501384698.0 obj1=37536.0 obj2=4642 obj3=5960.0
2026-06-16T01:17:40,full_hh_v005_tfirst_train40_20260616_001,baseline_hh,v005_active,challenge_problem_OGC2026\ogc2026\baseline\myalgorithm.py,prob_10.json,True,5,408382227.0,408382227.0,408382227.0,28013.0,9540,6514.0,7.519830,7.253899812698364,200,200,,challenge_problem_OGC2026\reports\ogc2026_benchmark\full_hh_v005_tfirst_train40_20260616_001\solutions\baseline_hh__v005_active\prob_10.solution.json,challenge_problem_OGC2026\reports\ogc2026_benchmark\full_hh_v005_tfirst_train40_20260616_001\logs\baseline_hh__v005_active\prob_10.log,PASS objective=408382227.0 obj1=28013.0 obj2=9540 obj3=6514.0
2026-06-16T01:17:40,full_hh_v005_tfirst_train40_20260616_001,baseline_hh,v005_active,challenge_problem_OGC2026\ogc2026\baseline\myalgorithm.py,prob_11.json,True,5,692018053.0,692018053.0,692018053.0,30236.0,3300,6697.0,6.722345,6.507751703262329,200,200,,challenge_problem_OGC2026\reports\ogc2026_benchmark\full_hh_v005_tfirst_train40_20260616_001\solutions\baseline_hh__v005_active\prob_11.solution.json,challenge_problem_OGC2026\reports\ogc2026_benchmark\full_hh_v005_tfirst_train40_20260616_001\logs\baseline_hh__v005_active\prob_11.log,PASS objective=692018053.0 obj1=30236.0 obj2=3300 obj3=6697.0
2026-06-16T01:17:40,full_hh_v005_tfirst_train40_20260616_001,baseline_hh,v005_active,challenge_problem_OGC2026\ogc2026\baseline\myalgorithm.py,prob_12.json,True,5,616452947.0,616452947.0,616452947.0,28082.0,9109,6676.0,6.845129,6.626999378204346,200,200,,challenge_problem_OGC2026\reports\ogc2026_benchmark\full_hh_v005_tfirst_train40_20260616_001\solutions\baseline_hh__v005_active\prob_12.solution.json,challenge_problem_OGC2026\reports\ogc2026_benchmark\full_hh_v005_tfirst_train40_20260616_001\logs\baseline_hh__v005_active\prob_12.log,PASS objective=616452947.0 obj1=28082.0 obj2=9109 obj3=6676.0
2026-06-16T01:17:40,full_hh_v005_tfirst_train40_20260616_001,baseline_hh,v005_active,challenge_problem_OGC2026\ogc2026\baseline\myalgorithm.py,prob_13.json,True,5,880421744.0,880421744.0,880421744.0,47258.0,5166,8728.0,7.282580,6.799476385116577,250,250,,challenge_problem_OGC2026\reports\ogc2026_benchmark\full_hh_v005_tfirst_train40_20260616_001\solutions\baseline_hh__v005_active\prob_13.solution.json,challenge_problem_OGC2026\reports\ogc2026_benchmark\full_hh_v005_tfirst_train40_20260616_001\logs\baseline_hh__v005_active\prob_13.log,PASS objective=880421744.0 obj1=47258.0 obj2=5166 obj3=8728.0
2026-06-16T01:17:40,full_hh_v005_tfirst_train40_20260616_001,baseline_hh,v005_active,challenge_problem_OGC2026\ogc2026\baseline\myalgorithm.py,prob_14.json,True,5,801772026.0,801772026.0,801772026.0,45039.0,3783,7893.0,22.424200,21.905980825424194,250,250,,challenge_problem_OGC2026\reports\ogc2026_benchmark\full_hh_v005_tfirst_train40_20260616_001\solutions\baseline_hh__v005_active\prob_14.solution.json,challenge_problem_OGC2026\reports\ogc2026_benchmark\full_hh_v005_tfirst_train40_20260616_001\logs\baseline_hh__v005_active\prob_14.log,PASS objective=801772026.0 obj1=45039.0 obj2=3783 obj3=7893.0
2026-06-16T01:17:40,full_hh_v005_tfirst_train40_20260616_001,baseline_hh,v005_active,challenge_problem_OGC2026\ogc2026\baseline\myalgorithm.py,prob_15.json,True,5,623767999.0,623767999.0,623767999.0,42020.0,9126,8993.0,15.233161,14.94357967376709,250,250,,challenge_problem_OGC2026\reports\ogc2026_benchmark\full_hh_v005_tfirst_train40_20260616_001\solutions\baseline_hh__v005_active\prob_15.solution.json,challenge_problem_OGC2026\reports\ogc2026_benchmark\full_hh_v005_tfirst_train40_20260616_001\logs\baseline_hh__v005_active\prob_15.log,PASS objective=623767999.0 obj1=42020.0 obj2=9126 obj3=8993.0
2026-06-16T01:17:40,full_hh_v005_tfirst_train40_20260616_001,baseline_hh,v005_active,challenge_problem_OGC2026\ogc2026\baseline\myalgorithm.py,prob_16.json,True,5,364402046.0,364402046.0,364402046.0,40865.0,12971,8182.0,11.871886,11.605576515197754,250,250,,challenge_problem_OGC2026\reports\ogc2026_benchmark\full_hh_v005_tfirst_train40_20260616_001\solutions\baseline_hh__v005_active\prob_16.solution.json,challenge_problem_OGC2026\reports\ogc2026_benchmark\full_hh_v005_tfirst_train40_20260616_001\logs\baseline_hh__v005_active\prob_16.log,PASS objective=364402046.0 obj1=40865.0 obj2=12971 obj3=8182.0
2026-06-16T01:17:40,full_hh_v005_tfirst_train40_20260616_001,baseline_hh,v005_active,challenge_problem_OGC2026\ogc2026\baseline\myalgorithm.py,prob_17.json,True,5,570289700.0,570289700.0,570289700.0,58669.0,10571,10031.0,17.182835,16.95551872253418,300,300,,challenge_problem_OGC2026\reports\ogc2026_benchmark\full_hh_v005_tfirst_train40_20260616_001\solutions\baseline_hh__v005_active\prob_17.solution.json,challenge_problem_OGC2026\reports\ogc2026_benchmark\full_hh_v005_tfirst_train40_20260616_001\logs\baseline_hh__v005_active\prob_17.log,PASS objective=570289700.0 obj1=58669.0 obj2=10571 obj3=10031.0
2026-06-16T01:17:40,full_hh_v005_tfirst_train40_20260616_001,baseline_hh,v005_active,challenge_problem_OGC2026\ogc2026\baseline\myalgorithm.py,prob_18.json,True,5,872454749.0,872454749.0,872454749.0,65328.0,5850,10625.0,29.517606,29.22409677505493,300,300,,challenge_problem_OGC2026\reports\ogc2026_benchmark\full_hh_v005_tfirst_train40_20260616_001\solutions\baseline_hh__v005_active\prob_18.solution.json,challenge_problem_OGC2026\reports\ogc2026_benchmark\full_hh_v005_tfirst_train40_20260616_001\logs\baseline_hh__v005_active\prob_18.log,PASS objective=872454749.0 obj1=65328.0 obj2=5850 obj3=10625.0
2026-06-16T01:17:40,full_hh_v005_tfirst_train40_20260616_001,baseline_hh,v005_active,challenge_problem_OGC2026\ogc2026\baseline\myalgorithm.py,prob_19.json,True,5,631818101.0,631818101.0,631818101.0,59104.0,9193,9917.0,22.036522,21.673478364944458,300,300,,challenge_problem_OGC2026\reports\ogc2026_benchmark\full_hh_v005_tfirst_train40_20260616_001\solutions\baseline_hh__v005_active\prob_19.solution.json,challenge_problem_OGC2026\reports\ogc2026_benchmark\full_hh_v005_tfirst_train40_20260616_001\logs\baseline_hh__v005_active\prob_19.log,PASS objective=631818101.0 obj1=59104.0 obj2=9193 obj3=9917.0
2026-06-16T01:17:40,full_hh_v005_tfirst_train40_20260616_001,baseline_hh,v005_active,challenge_problem_OGC2026\ogc2026\baseline\myalgorithm.py,prob_20.json,True,5,1453212543.0,1453212543.0,1453212543.0,54446.0,16906,9597.0,17.404207,17.17780303955078,300,300,,challenge_problem_OGC2026\reports\ogc2026_benchmark\full_hh_v005_tfirst_train40_20260616_001\solutions\baseline_hh__v005_active\prob_20.solution.json,challenge_problem_OGC2026\reports\ogc2026_benchmark\full_hh_v005_tfirst_train40_20260616_001\logs\baseline_hh__v005_active\prob_20.log,PASS objective=1453212543.0 obj1=54446.0 obj2=16906 obj3=9597.0
2026-06-16T01:17:40,full_hh_v005_tfirst_train40_20260616_001,baseline_hh,v005_active,challenge_problem_OGC2026\ogc2026\baseline\myalgorithm.py,prob_21.json,True,5,411614457.0,411614457.0,411614457.0,30819.0,1443,4602.0,2.026936,1.8255634307861328,100,100,,challenge_problem_OGC2026\reports\ogc2026_benchmark\full_hh_v005_tfirst_train40_20260616_001\solutions\baseline_hh__v005_active\prob_21.solution.json,challenge_problem_OGC2026\reports\ogc2026_benchmark\full_hh_v005_tfirst_train40_20260616_001\logs\baseline_hh__v005_active\prob_21.log,PASS objective=411614457.0 obj1=30819.0 obj2=1443 obj3=4602.0
2026-06-16T01:17:40,full_hh_v005_tfirst_train40_20260616_001,baseline_hh,v005_active,challenge_problem_OGC2026\ogc2026\baseline\myalgorithm.py,prob_22.json,True,5,319421214.0,319421214.0,319421214.0,23852.0,6166,3460.0,1.752569,1.536841869354248,100,100,,challenge_problem_OGC2026\reports\ogc2026_benchmark\full_hh_v005_tfirst_train40_20260616_001\solutions\baseline_hh__v005_active\prob_22.solution.json,challenge_problem_OGC2026\reports\ogc2026_benchmark\full_hh_v005_tfirst_train40_20260616_001\logs\baseline_hh__v005_active\prob_22.log,PASS objective=319421214.0 obj1=23852.0 obj2=6166 obj3=3460.0
2026-06-16T01:17:40,full_hh_v005_tfirst_train40_20260616_001,baseline_hh,v005_active,challenge_problem_OGC2026\ogc2026\baseline\myalgorithm.py,prob_23.json,True,5,499792768.0,499792768.0,499792768.0,36816.0,1632,2966.0,1.725768,1.4800200462341309,100,100,,challenge_problem_OGC2026\reports\ogc2026_benchmark\full_hh_v005_tfirst_train40_20260616_001\solutions\baseline_hh__v005_active\prob_23.solution.json,challenge_problem_OGC2026\reports\ogc2026_benchmark\full_hh_v005_tfirst_train40_20260616_001\logs\baseline_hh__v005_active\prob_23.log,PASS objective=499792768.0 obj1=36816.0 obj2=1632 obj3=2966.0
2026-06-16T01:17:40,full_hh_v005_tfirst_train40_20260616_001,baseline_hh,v005_active,challenge_problem_OGC2026\ogc2026\baseline\myalgorithm.py,prob_24.json,True,5,302073220.0,302073220.0,302073220.0,22585.0,2343,3119.0,2.361113,2.0430564880371094,100,100,,challenge_problem_OGC2026\reports\ogc2026_benchmark\full_hh_v005_tfirst_train40_20260616_001\solutions\baseline_hh__v005_active\prob_24.solution.json,challenge_problem_OGC2026\reports\ogc2026_benchmark\full_hh_v005_tfirst_train40_20260616_001\logs\baseline_hh__v005_active\prob_24.log,PASS objective=302073220.0 obj1=22585.0 obj2=2343 obj3=3119.0
2026-06-16T01:17:40,full_hh_v005_tfirst_train40_20260616_001,baseline_hh,v005_active,challenge_problem_OGC2026\ogc2026\baseline\myalgorithm.py,prob_25.json,True,5,31974485.0,31974485.0,31974485.0,47854.0,2747,2656.0,5.900220,4.444658279418945,100,100,,challenge_problem_OGC2026\reports\ogc2026_benchmark\full_hh_v005_tfirst_train40_20260616_001\solutions\baseline_hh__v005_active\prob_25.solution.json,challenge_problem_OGC2026\reports\ogc2026_benchmark\full_hh_v005_tfirst_train40_20260616_001\logs\baseline_hh__v005_active\prob_25.log,PASS objective=31974485.0 obj1=47854.0 obj2=2747 obj3=2656.0
2026-06-16T01:17:40,full_hh_v005_tfirst_train40_20260616_001,baseline_hh,v005_active,challenge_problem_OGC2026\ogc2026\baseline\myalgorithm.py,prob_26.json,True,5,749916982.0,749916982.0,749916982.0,56165.0,6791,6810.0,9.324815,8.147631406784058,150,150,,challenge_problem_OGC2026\reports\ogc2026_benchmark\full_hh_v005_tfirst_train40_20260616_001\solutions\baseline_hh__v005_active\prob_26.solution.json,challenge_problem_OGC2026\reports\ogc2026_benchmark\full_hh_v005_tfirst_train40_20260616_001\logs\baseline_hh__v005_active\prob_26.log,PASS objective=749916982.0 obj1=56165.0 obj2=6791 obj3=6810.0
2026-06-16T01:17:40,full_hh_v005_tfirst_train40_20260616_001,baseline_hh,v005_active,challenge_problem_OGC2026\ogc2026\baseline\myalgorithm.py,prob_27.json,True,5,1440332973.0,1440332973.0,1440332973.0,107899.0,9803,4240.0,7.515736,7.244389295578003,150,150,,challenge_problem_OGC2026\reports\ogc2026_benchmark\full_hh_v005_tfirst_train40_20260616_001\solutions\baseline_hh__v005_active\prob_27.solution.json,challenge_problem_OGC2026\reports\ogc2026_benchmark\full_hh_v005_tfirst_train40_20260616_001\logs\baseline_hh__v005_active\prob_27.log,PASS objective=1440332973.0 obj1=107899.0 obj2=9803 obj3=4240.0
2026-06-16T01:17:40,full_hh_v005_tfirst_train40_20260616_001,baseline_hh,v005_active,challenge_problem_OGC2026\ogc2026\baseline\myalgorithm.py,prob_28.json,True,5,733197395.0,733197395.0,733197395.0,54875.0,2740,5136.0,6.337933,6.098082542419434,150,150,,challenge_problem_OGC2026\reports\ogc2026_benchmark\full_hh_v005_tfirst_train40_20260616_001\solutions\baseline_hh__v005_active\prob_28.solution.json,challenge_problem_OGC2026\reports\ogc2026_benchmark\full_hh_v005_tfirst_train40_20260616_001\logs\baseline_hh__v005_active\prob_28.log,PASS objective=733197395.0 obj1=54875.0 obj2=2740 obj3=5136.0
2026-06-16T01:17:40,full_hh_v005_tfirst_train40_20260616_001,baseline_hh,v005_active,challenge_problem_OGC2026\ogc2026\baseline\myalgorithm.py,prob_29.json,True,5,460256892.0,460256892.0,460256892.0,34368.0,4516,6716.0,6.110206,5.868016242980957,150,150,,challenge_problem_OGC2026\reports\ogc2026_benchmark\full_hh_v005_tfirst_train40_20260616_001\solutions\baseline_hh__v005_active\prob_29.solution.json,challenge_problem_OGC2026\reports\ogc2026_benchmark\full_hh_v005_tfirst_train40_20260616_001\logs\baseline_hh__v005_active\prob_29.log,PASS objective=460256892.0 obj1=34368.0 obj2=4516 obj3=6716.0
2026-06-16T01:17:40,full_hh_v005_tfirst_train40_20260616_001,baseline_hh,v005_active,challenge_problem_OGC2026\ogc2026\baseline\myalgorithm.py,prob_30.json,True,5,750544376.0,750544376.0,750544376.0,56220.0,6279,4690.0,6.175406,5.9006898403167725,150,150,,challenge_problem_OGC2026\reports\ogc2026_benchmark\full_hh_v005_tfirst_train40_20260616_001\solutions\baseline_hh__v005_active\prob_30.solution.json,challenge_problem_OGC2026\reports\ogc2026_benchmark\full_hh_v005_tfirst_train40_20260616_001\logs\baseline_hh__v005_active\prob_30.log,PASS objective=750544376.0 obj1=56220.0 obj2=6279 obj3=4690.0
2026-06-16T01:17:40,full_hh_v005_tfirst_train40_20260616_001,baseline_hh,v005_active,challenge_problem_OGC2026\ogc2026\baseline\myalgorithm.py,prob_31.json,True,5,1276347356.0,1276347356.0,1276347356.0,95510.0,12846,10764.0,8.424466,8.205556869506836,200,200,,challenge_problem_OGC2026\reports\ogc2026_benchmark\full_hh_v005_tfirst_train40_20260616_001\solutions\baseline_hh__v005_active\prob_31.solution.json,challenge_problem_OGC2026\reports\ogc2026_benchmark\full_hh_v005_tfirst_train40_20260616_001\logs\baseline_hh__v005_active\prob_31.log,PASS objective=1276347356.0 obj1=95510.0 obj2=12846 obj3=10764.0
2026-06-16T01:17:40,full_hh_v005_tfirst_train40_20260616_001,baseline_hh,v005_active,challenge_problem_OGC2026\ogc2026\baseline\myalgorithm.py,prob_32.json,True,5,225918150.0,225918150.0,225918150.0,66570.0,2988,6709.0,8.961493,8.740322828292847,200,200,,challenge_problem_OGC2026\reports\ogc2026_benchmark\full_hh_v005_tfirst_train40_20260616_001\solutions\baseline_hh__v005_active\prob_32.solution.json,challenge_problem_OGC2026\reports\ogc2026_benchmark\full_hh_v005_tfirst_train40_20260616_001\logs\baseline_hh__v005_active\prob_32.log,PASS objective=225918150.0 obj1=66570.0 obj2=2988 obj3=6709.0
2026-06-16T01:17:40,full_hh_v005_tfirst_train40_20260616_001,baseline_hh,v005_active,challenge_problem_OGC2026\ogc2026\baseline\myalgorithm.py,prob_33.json,True,5,660628516.0,660628516.0,660628516.0,98928.0,4534,6868.0,8.502843,8.290873289108276,200,200,,challenge_problem_OGC2026\reports\ogc2026_benchmark\full_hh_v005_tfirst_train40_20260616_001\solutions\baseline_hh__v005_active\prob_33.solution.json,challenge_problem_OGC2026\reports\ogc2026_benchmark\full_hh_v005_tfirst_train40_20260616_001\logs\baseline_hh__v005_active\prob_33.log,PASS objective=660628516.0 obj1=98928.0 obj2=4534 obj3=6868.0
2026-06-16T01:17:40,full_hh_v005_tfirst_train40_20260616_001,baseline_hh,v005_active,challenge_problem_OGC2026\ogc2026\baseline\myalgorithm.py,prob_34.json,True,5,241558361.0,241558361.0,241558361.0,71172.0,4759,8084.0,9.691491,9.31757640838623,200,200,,challenge_problem_OGC2026\reports\ogc2026_benchmark\full_hh_v005_tfirst_train40_20260616_001\solutions\baseline_hh__v005_active\prob_34.solution.json,challenge_problem_OGC2026\reports\ogc2026_benchmark\full_hh_v005_tfirst_train40_20260616_001\logs\baseline_hh__v005_active\prob_34.log,PASS objective=241558361.0 obj1=71172.0 obj2=4759 obj3=8084.0
2026-06-16T01:17:40,full_hh_v005_tfirst_train40_20260616_001,baseline_hh,v005_active,challenge_problem_OGC2026\ogc2026\baseline\myalgorithm.py,prob_35.json,True,5,885380201.0,885380201.0,885380201.0,66322.0,17645,6805.0,16.267433,15.570995569229126,200,200,,challenge_problem_OGC2026\reports\ogc2026_benchmark\full_hh_v005_tfirst_train40_20260616_001\solutions\baseline_hh__v005_active\prob_35.solution.json,challenge_problem_OGC2026\reports\ogc2026_benchmark\full_hh_v005_tfirst_train40_20260616_001\logs\baseline_hh__v005_active\prob_35.log,PASS objective=885380201.0 obj1=66322.0 obj2=17645 obj3=6805.0
2026-06-16T01:17:40,full_hh_v005_tfirst_train40_20260616_001,baseline_hh,v005_active,challenge_problem_OGC2026\ogc2026\baseline\myalgorithm.py,prob_36.json,True,5,51946440.0,51946440.0,51946440.0,77617.0,9202,12823.0,19.242417,18.998079538345337,250,250,,challenge_problem_OGC2026\reports\ogc2026_benchmark\full_hh_v005_tfirst_train40_20260616_001\solutions\baseline_hh__v005_active\prob_36.solution.json,challenge_problem_OGC2026\reports\ogc2026_benchmark\full_hh_v005_tfirst_train40_20260616_001\logs\baseline_hh__v005_active\prob_36.log,PASS objective=51946440.0 obj1=77617.0 obj2=9202 obj3=12823.0
2026-06-16T01:17:40,full_hh_v005_tfirst_train40_20260616_001,baseline_hh,v005_active,challenge_problem_OGC2026\ogc2026\baseline\myalgorithm.py,prob_37.json,True,5,363390964.0,363390964.0,363390964.0,107488.0,23665,8398.0,14.352705,14.125775337219238,250,250,,challenge_problem_OGC2026\reports\ogc2026_benchmark\full_hh_v005_tfirst_train40_20260616_001\solutions\baseline_hh__v005_active\prob_37.solution.json,challenge_problem_OGC2026\reports\ogc2026_benchmark\full_hh_v005_tfirst_train40_20260616_001\logs\baseline_hh__v005_active\prob_37.log,PASS objective=363390964.0 obj1=107488.0 obj2=23665 obj3=8398.0
2026-06-16T01:17:40,full_hh_v005_tfirst_train40_20260616_001,baseline_hh,v005_active,challenge_problem_OGC2026\ogc2026\baseline\myalgorithm.py,prob_38.json,True,5,2736318453.0,2736318453.0,2736318453.0,205019.0,9863,9268.0,15.728876,15.472071409225464,250,250,,challenge_problem_OGC2026\reports\ogc2026_benchmark\full_hh_v005_tfirst_train40_20260616_001\solutions\baseline_hh__v005_active\prob_38.solution.json,challenge_problem_OGC2026\reports\ogc2026_benchmark\full_hh_v005_tfirst_train40_20260616_001\logs\baseline_hh__v005_active\prob_38.log,PASS objective=2736318453.0 obj1=205019.0 obj2=9863 obj3=9268.0
2026-06-16T01:17:40,full_hh_v005_tfirst_train40_20260616_001,baseline_hh,v005_active,challenge_problem_OGC2026\ogc2026\baseline\myalgorithm.py,prob_39.json,True,5,1365635119.0,1365635119.0,1365635119.0,102305.0,3026,10603.0,21.278937,21.076333045959473,250,250,,challenge_problem_OGC2026\reports\ogc2026_benchmark\full_hh_v005_tfirst_train40_20260616_001\solutions\baseline_hh__v005_active\prob_39.solution.json,challenge_problem_OGC2026\reports\ogc2026_benchmark\full_hh_v005_tfirst_train40_20260616_001\logs\baseline_hh__v005_active\prob_39.log,PASS objective=1365635119.0 obj1=102305.0 obj2=3026 obj3=10603.0
2026-06-16T01:17:40,full_hh_v005_tfirst_train40_20260616_001,baseline_hh,v005_active,challenge_problem_OGC2026\ogc2026\baseline\myalgorithm.py,prob_40.json,True,5,102168836.0,102168836.0,102168836.0,152921.0,4571,12766.0,19.720832,19.36506175994873,250,250,,challenge_problem_OGC2026\reports\ogc2026_benchmark\full_hh_v005_tfirst_train40_20260616_001\solutions\baseline_hh__v005_active\prob_40.solution.json,challenge_problem_OGC2026\reports\ogc2026_benchmark\full_hh_v005_tfirst_train40_20260616_001\logs\baseline_hh__v005_active\prob_40.log,PASS objective=102168836.0 obj1=152921.0 obj2=4571 obj3=12766.0
2026-06-16T01:32:38,smoke_hh_v006_targets_20260616_001,baseline_hh,v006_active,challenge_problem_OGC2026\ogc2026\baseline\myalgorithm.py,prob_2.json,True,5,255321162.0,255321162.0,255321162.0,8762.0,957,2775.0,64.795006,64.46981525421143,100,100,,challenge_problem_OGC2026\reports\ogc2026_benchmark\smoke_hh_v006_targets_20260616_001\solutions\baseline_hh__v006_active\prob_2.solution.json,challenge_problem_OGC2026\reports\ogc2026_benchmark\smoke_hh_v006_targets_20260616_001\logs\baseline_hh__v006_active\prob_2.log,PASS objective=255321162.0 obj1=8762.0 obj2=957 obj3=2775.0
2026-06-16T01:32:38,smoke_hh_v006_targets_20260616_001,baseline_hh,v006_active,challenge_problem_OGC2026\ogc2026\baseline\myalgorithm.py,prob_3.json,True,5,12575953.0,12575953.0,12575953.0,469.0,808,407.0,63.320467,62.58745336532593,100,100,,challenge_problem_OGC2026\reports\ogc2026_benchmark\smoke_hh_v006_targets_20260616_001\solutions\baseline_hh__v006_active\prob_3.solution.json,challenge_problem_OGC2026\reports\ogc2026_benchmark\smoke_hh_v006_targets_20260616_001\logs\baseline_hh__v006_active\prob_3.log,PASS objective=12575953.0 obj1=469.0 obj2=808 obj3=407.0
2026-06-16T01:32:38,smoke_hh_v006_targets_20260616_001,baseline_hh,v006_active,challenge_problem_OGC2026\ogc2026\baseline\myalgorithm.py,prob_7.json,True,5,375403392.0,375403392.0,375403392.0,21072.0,7068,4906.0,70.946171,69.7657117843628,150,150,,challenge_problem_OGC2026\reports\ogc2026_benchmark\smoke_hh_v006_targets_20260616_001\solutions\baseline_hh__v006_active\prob_7.solution.json,challenge_problem_OGC2026\reports\ogc2026_benchmark\smoke_hh_v006_targets_20260616_001\logs\baseline_hh__v006_active\prob_7.log,PASS objective=375403392.0 obj1=21072.0 obj2=7068 obj3=4906.0
2026-06-16T01:32:38,smoke_hh_v006_targets_20260616_001,baseline_hh,v006_active,challenge_problem_OGC2026\ogc2026\baseline\myalgorithm.py,prob_8.json,True,5,283724248.0,283724248.0,283724248.0,28302.0,3262,3456.0,68.028152,67.75491094589233,150,150,,challenge_problem_OGC2026\reports\ogc2026_benchmark\smoke_hh_v006_targets_20260616_001\solutions\baseline_hh__v006_active\prob_8.solution.json,challenge_problem_OGC2026\reports\ogc2026_benchmark\smoke_hh_v006_targets_20260616_001\logs\baseline_hh__v006_active\prob_8.log,PASS objective=283724248.0 obj1=28302.0 obj2=3262 obj3=3456.0
2026-06-16T01:38:01,smoke_hh_v006_targets_t80_20260616_001,baseline_hh,v006_active,challenge_problem_OGC2026\ogc2026\baseline\myalgorithm.py,prob_2.json,True,5,8534663.0,8534663.0,8534663.0,293.0,890,14.0,78.975088,78.21395349502563,100,100,,challenge_problem_OGC2026\reports\ogc2026_benchmark\smoke_hh_v006_targets_t80_20260616_001\solutions\baseline_hh__v006_active\prob_2.solution.json,challenge_problem_OGC2026\reports\ogc2026_benchmark\smoke_hh_v006_targets_t80_20260616_001\logs\baseline_hh__v006_active\prob_2.log,PASS objective=8534663.0 obj1=293.0 obj2=890 obj3=14.0
2026-06-16T01:38:01,smoke_hh_v006_targets_t80_20260616_001,baseline_hh,v006_active,challenge_problem_OGC2026\ogc2026\baseline\myalgorithm.py,prob_3.json,True,5,10709263.0,10709263.0,10709263.0,399.0,808,407.0,78.674933,78.44725322723389,100,100,,challenge_problem_OGC2026\reports\ogc2026_benchmark\smoke_hh_v006_targets_t80_20260616_001\solutions\baseline_hh__v006_active\prob_3.solution.json,challenge_problem_OGC2026\reports\ogc2026_benchmark\smoke_hh_v006_targets_t80_20260616_001\logs\baseline_hh__v006_active\prob_3.log,PASS objective=10709263.0 obj1=399.0 obj2=808 obj3=407.0
2026-06-16T01:38:01,smoke_hh_v006_targets_t80_20260616_001,baseline_hh,v006_active,challenge_problem_OGC2026\ogc2026\baseline\myalgorithm.py,prob_7.json,True,5,12234557.0,12234557.0,12234557.0,681.0,2177,750.0,81.041995,80.82693028450012,150,150,,challenge_problem_OGC2026\reports\ogc2026_benchmark\smoke_hh_v006_targets_t80_20260616_001\solutions\baseline_hh__v006_active\prob_7.solution.json,challenge_problem_OGC2026\reports\ogc2026_benchmark\smoke_hh_v006_targets_t80_20260616_001\logs\baseline_hh__v006_active\prob_7.log,PASS objective=12234557.0 obj1=681.0 obj2=2177 obj3=750.0
2026-06-16T01:38:01,smoke_hh_v006_targets_t80_20260616_001,baseline_hh,v006_active,challenge_problem_OGC2026\ogc2026\baseline\myalgorithm.py,prob_8.json,True,5,7751252.0,7751252.0,7751252.0,774.0,2413,8.0,81.199697,80.99141073226929,150,150,,challenge_problem_OGC2026\reports\ogc2026_benchmark\smoke_hh_v006_targets_t80_20260616_001\solutions\baseline_hh__v006_active\prob_8.solution.json,challenge_problem_OGC2026\reports\ogc2026_benchmark\smoke_hh_v006_targets_t80_20260616_001\logs\baseline_hh__v006_active\prob_8.log,PASS objective=7751252.0 obj1=774.0 obj2=2413 obj3=8.0
2026-06-16T01:43:40,full_hh_v006_train40_20260616_001,baseline_hh,v006_active,challenge_problem_OGC2026\ogc2026\baseline\myalgorithm.py,prob_1.json,True,5,426422855.0,426422855.0,426422855.0,14642.0,519,2344.0,2.261214,2.041534662246704,100,100,,challenge_problem_OGC2026\reports\ogc2026_benchmark\full_hh_v006_train40_20260616_001\solutions\baseline_hh__v006_active\prob_1.solution.json,challenge_problem_OGC2026\reports\ogc2026_benchmark\full_hh_v006_train40_20260616_001\logs\baseline_hh__v006_active\prob_1.log,PASS objective=426422855.0 obj1=14642.0 obj2=519 obj3=2344.0
2026-06-16T01:43:40,full_hh_v006_train40_20260616_001,baseline_hh,v006_active,challenge_problem_OGC2026\ogc2026\baseline\myalgorithm.py,prob_2.json,True,5,7167386.0,7167386.0,7167386.0,246.0,890,14.0,79.227336,78.99897360801697,100,100,,challenge_problem_OGC2026\reports\ogc2026_benchmark\full_hh_v006_train40_20260616_001\solutions\baseline_hh__v006_active\prob_2.solution.json,challenge_problem_OGC2026\reports\ogc2026_benchmark\full_hh_v006_train40_20260616_001\logs\baseline_hh__v006_active\prob_2.log,PASS objective=7167386.0 obj1=246.0 obj2=890 obj3=14.0
2026-06-16T01:43:40,full_hh_v006_train40_20260616_001,baseline_hh,v006_active,challenge_problem_OGC2026\ogc2026\baseline\myalgorithm.py,prob_3.json,True,5,6118692.0,6118692.0,6118692.0,226.0,720,565.0,80.254020,80.0683925151825,100,100,,challenge_problem_OGC2026\reports\ogc2026_benchmark\full_hh_v006_train40_20260616_001\solutions\baseline_hh__v006_active\prob_3.solution.json,challenge_problem_OGC2026\reports\ogc2026_benchmark\full_hh_v006_train40_20260616_001\logs\baseline_hh__v006_active\prob_3.log,PASS objective=6118692.0 obj1=226.0 obj2=720 obj3=565.0
2026-06-16T01:43:40,full_hh_v006_train40_20260616_001,baseline_hh,v006_active,challenge_problem_OGC2026\ogc2026\baseline\myalgorithm.py,prob_4.json,True,5,331964937.0,331964937.0,331964937.0,15123.0,2489,2408.0,2.442730,2.206347703933716,100,100,,challenge_problem_OGC2026\reports\ogc2026_benchmark\full_hh_v006_train40_20260616_001\solutions\baseline_hh__v006_active\prob_4.solution.json,challenge_problem_OGC2026\reports\ogc2026_benchmark\full_hh_v006_train40_20260616_001\logs\baseline_hh__v006_active\prob_4.log,PASS objective=331964937.0 obj1=15123.0 obj2=2489 obj3=2408.0
2026-06-16T01:43:40,full_hh_v006_train40_20260616_001,baseline_hh,v006_active,challenge_problem_OGC2026\ogc2026\baseline\myalgorithm.py,prob_5.json,True,5,320238429.0,320238429.0,320238429.0,19968.0,5247,4758.0,4.172732,3.954793691635132,150,150,,challenge_problem_OGC2026\reports\ogc2026_benchmark\full_hh_v006_train40_20260616_001\solutions\baseline_hh__v006_active\prob_5.solution.json,challenge_problem_OGC2026\reports\ogc2026_benchmark\full_hh_v006_train40_20260616_001\logs\baseline_hh__v006_active\prob_5.log,PASS objective=320238429.0 obj1=19968.0 obj2=5247 obj3=4758.0
2026-06-16T01:43:40,full_hh_v006_train40_20260616_001,baseline_hh,v006_active,challenge_problem_OGC2026\ogc2026\baseline\myalgorithm.py,prob_6.json,True,5,682720367.0,682720367.0,682720367.0,23015.0,6181,4951.0,3.860255,3.6605334281921387,150,150,,challenge_problem_OGC2026\reports\ogc2026_benchmark\full_hh_v006_train40_20260616_001\solutions\baseline_hh__v006_active\prob_6.solution.json,challenge_problem_OGC2026\reports\ogc2026_benchmark\full_hh_v006_train40_20260616_001\logs\baseline_hh__v006_active\prob_6.log,PASS objective=682720367.0 obj1=23015.0 obj2=6181 obj3=4951.0
2026-06-16T01:43:40,full_hh_v006_train40_20260616_001,baseline_hh,v006_active,challenge_problem_OGC2026\ogc2026\baseline\myalgorithm.py,prob_7.json,True,5,12234557.0,12234557.0,12234557.0,681.0,2177,750.0,80.249071,80.04730892181396,150,150,,challenge_problem_OGC2026\reports\ogc2026_benchmark\full_hh_v006_train40_20260616_001\solutions\baseline_hh__v006_active\prob_7.solution.json,challenge_problem_OGC2026\reports\ogc2026_benchmark\full_hh_v006_train40_20260616_001\logs\baseline_hh__v006_active\prob_7.log,PASS objective=12234557.0 obj1=681.0 obj2=2177 obj3=750.0
2026-06-16T01:43:40,full_hh_v006_train40_20260616_001,baseline_hh,v006_active,challenge_problem_OGC2026\ogc2026\baseline\myalgorithm.py,prob_8.json,True,5,7751252.0,7751252.0,7751252.0,774.0,2413,8.0,79.017054,78.81027722358704,150,150,,challenge_problem_OGC2026\reports\ogc2026_benchmark\full_hh_v006_train40_20260616_001\solutions\baseline_hh__v006_active\prob_8.solution.json,challenge_problem_OGC2026\reports\ogc2026_benchmark\full_hh_v006_train40_20260616_001\logs\baseline_hh__v006_active\prob_8.log,PASS objective=7751252.0 obj1=774.0 obj2=2413 obj3=8.0
2026-06-16T01:43:40,full_hh_v006_train40_20260616_001,baseline_hh,v006_active,challenge_problem_OGC2026\ogc2026\baseline\myalgorithm.py,prob_9.json,True,5,501384698.0,501384698.0,501384698.0,37536.0,4642,5960.0,8.090171,7.8511130809783936,200,200,,challenge_problem_OGC2026\reports\ogc2026_benchmark\full_hh_v006_train40_20260616_001\solutions\baseline_hh__v006_active\prob_9.solution.json,challenge_problem_OGC2026\reports\ogc2026_benchmark\full_hh_v006_train40_20260616_001\logs\baseline_hh__v006_active\prob_9.log,PASS objective=501384698.0 obj1=37536.0 obj2=4642 obj3=5960.0
2026-06-16T01:43:40,full_hh_v006_train40_20260616_001,baseline_hh,v006_active,challenge_problem_OGC2026\ogc2026\baseline\myalgorithm.py,prob_10.json,True,5,408382227.0,408382227.0,408382227.0,28013.0,9540,6514.0,7.050248,6.816216945648193,200,200,,challenge_problem_OGC2026\reports\ogc2026_benchmark\full_hh_v006_train40_20260616_001\solutions\baseline_hh__v006_active\prob_10.solution.json,challenge_problem_OGC2026\reports\ogc2026_benchmark\full_hh_v006_train40_20260616_001\logs\baseline_hh__v006_active\prob_10.log,PASS objective=408382227.0 obj1=28013.0 obj2=9540 obj3=6514.0
2026-06-16T01:43:40,full_hh_v006_train40_20260616_001,baseline_hh,v006_active,challenge_problem_OGC2026\ogc2026\baseline\myalgorithm.py,prob_11.json,True,5,692018053.0,692018053.0,692018053.0,30236.0,3300,6697.0,6.612933,6.400501728057861,200,200,,challenge_problem_OGC2026\reports\ogc2026_benchmark\full_hh_v006_train40_20260616_001\solutions\baseline_hh__v006_active\prob_11.solution.json,challenge_problem_OGC2026\reports\ogc2026_benchmark\full_hh_v006_train40_20260616_001\logs\baseline_hh__v006_active\prob_11.log,PASS objective=692018053.0 obj1=30236.0 obj2=3300 obj3=6697.0
2026-06-16T01:43:40,full_hh_v006_train40_20260616_001,baseline_hh,v006_active,challenge_problem_OGC2026\ogc2026\baseline\myalgorithm.py,prob_12.json,True,5,616452947.0,616452947.0,616452947.0,28082.0,9109,6676.0,6.624451,6.417931795120239,200,200,,challenge_problem_OGC2026\reports\ogc2026_benchmark\full_hh_v006_train40_20260616_001\solutions\baseline_hh__v006_active\prob_12.solution.json,challenge_problem_OGC2026\reports\ogc2026_benchmark\full_hh_v006_train40_20260616_001\logs\baseline_hh__v006_active\prob_12.log,PASS objective=616452947.0 obj1=28082.0 obj2=9109 obj3=6676.0
2026-06-16T01:43:40,full_hh_v006_train40_20260616_001,baseline_hh,v006_active,challenge_problem_OGC2026\ogc2026\baseline\myalgorithm.py,prob_13.json,True,5,880421744.0,880421744.0,880421744.0,47258.0,5166,8728.0,10.405669,10.198496580123901,250,250,,challenge_problem_OGC2026\reports\ogc2026_benchmark\full_hh_v006_train40_20260616_001\solutions\baseline_hh__v006_active\prob_13.solution.json,challenge_problem_OGC2026\reports\ogc2026_benchmark\full_hh_v006_train40_20260616_001\logs\baseline_hh__v006_active\prob_13.log,PASS objective=880421744.0 obj1=47258.0 obj2=5166 obj3=8728.0
2026-06-16T01:43:40,full_hh_v006_train40_20260616_001,baseline_hh,v006_active,challenge_problem_OGC2026\ogc2026\baseline\myalgorithm.py,prob_14.json,True,5,801772026.0,801772026.0,801772026.0,45039.0,3783,7893.0,18.680681,18.42595648765564,250,250,,challenge_problem_OGC2026\reports\ogc2026_benchmark\full_hh_v006_train40_20260616_001\solutions\baseline_hh__v006_active\prob_14.solution.json,challenge_problem_OGC2026\reports\ogc2026_benchmark\full_hh_v006_train40_20260616_001\logs\baseline_hh__v006_active\prob_14.log,PASS objective=801772026.0 obj1=45039.0 obj2=3783 obj3=7893.0
2026-06-16T01:43:40,full_hh_v006_train40_20260616_001,baseline_hh,v006_active,challenge_problem_OGC2026\ogc2026\baseline\myalgorithm.py,prob_15.json,True,5,623767999.0,623767999.0,623767999.0,42020.0,9126,8993.0,14.909698,14.550642251968384,250,250,,challenge_problem_OGC2026\reports\ogc2026_benchmark\full_hh_v006_train40_20260616_001\solutions\baseline_hh__v006_active\prob_15.solution.json,challenge_problem_OGC2026\reports\ogc2026_benchmark\full_hh_v006_train40_20260616_001\logs\baseline_hh__v006_active\prob_15.log,PASS objective=623767999.0 obj1=42020.0 obj2=9126 obj3=8993.0
2026-06-16T01:43:40,full_hh_v006_train40_20260616_001,baseline_hh,v006_active,challenge_problem_OGC2026\ogc2026\baseline\myalgorithm.py,prob_16.json,True,5,364402046.0,364402046.0,364402046.0,40865.0,12971,8182.0,13.122780,12.563228607177734,250,250,,challenge_problem_OGC2026\reports\ogc2026_benchmark\full_hh_v006_train40_20260616_001\solutions\baseline_hh__v006_active\prob_16.solution.json,challenge_problem_OGC2026\reports\ogc2026_benchmark\full_hh_v006_train40_20260616_001\logs\baseline_hh__v006_active\prob_16.log,PASS objective=364402046.0 obj1=40865.0 obj2=12971 obj3=8182.0
2026-06-16T01:43:40,full_hh_v006_train40_20260616_001,baseline_hh,v006_active,challenge_problem_OGC2026\ogc2026\baseline\myalgorithm.py,prob_17.json,True,5,570289700.0,570289700.0,570289700.0,58669.0,10571,10031.0,17.620357,17.375603199005127,300,300,,challenge_problem_OGC2026\reports\ogc2026_benchmark\full_hh_v006_train40_20260616_001\solutions\baseline_hh__v006_active\prob_17.solution.json,challenge_problem_OGC2026\reports\ogc2026_benchmark\full_hh_v006_train40_20260616_001\logs\baseline_hh__v006_active\prob_17.log,PASS objective=570289700.0 obj1=58669.0 obj2=10571 obj3=10031.0
2026-06-16T01:43:40,full_hh_v006_train40_20260616_001,baseline_hh,v006_active,challenge_problem_OGC2026\ogc2026\baseline\myalgorithm.py,prob_18.json,True,5,872454749.0,872454749.0,872454749.0,65328.0,5850,10625.0,19.611297,19.35797643661499,300,300,,challenge_problem_OGC2026\reports\ogc2026_benchmark\full_hh_v006_train40_20260616_001\solutions\baseline_hh__v006_active\prob_18.solution.json,challenge_problem_OGC2026\reports\ogc2026_benchmark\full_hh_v006_train40_20260616_001\logs\baseline_hh__v006_active\prob_18.log,PASS objective=872454749.0 obj1=65328.0 obj2=5850 obj3=10625.0
2026-06-16T01:43:40,full_hh_v006_train40_20260616_001,baseline_hh,v006_active,challenge_problem_OGC2026\ogc2026\baseline\myalgorithm.py,prob_19.json,True,5,631818101.0,631818101.0,631818101.0,59104.0,9193,9917.0,22.283720,22.00331139564514,300,300,,challenge_problem_OGC2026\reports\ogc2026_benchmark\full_hh_v006_train40_20260616_001\solutions\baseline_hh__v006_active\prob_19.solution.json,challenge_problem_OGC2026\reports\ogc2026_benchmark\full_hh_v006_train40_20260616_001\logs\baseline_hh__v006_active\prob_19.log,PASS objective=631818101.0 obj1=59104.0 obj2=9193 obj3=9917.0
2026-06-16T01:43:40,full_hh_v006_train40_20260616_001,baseline_hh,v006_active,challenge_problem_OGC2026\ogc2026\baseline\myalgorithm.py,prob_20.json,True,5,1453212543.0,1453212543.0,1453212543.0,54446.0,16906,9597.0,25.022113,24.626456022262573,300,300,,challenge_problem_OGC2026\reports\ogc2026_benchmark\full_hh_v006_train40_20260616_001\solutions\baseline_hh__v006_active\prob_20.solution.json,challenge_problem_OGC2026\reports\ogc2026_benchmark\full_hh_v006_train40_20260616_001\logs\baseline_hh__v006_active\prob_20.log,PASS objective=1453212543.0 obj1=54446.0 obj2=16906 obj3=9597.0
2026-06-16T01:43:40,full_hh_v006_train40_20260616_001,baseline_hh,v006_active,challenge_problem_OGC2026\ogc2026\baseline\myalgorithm.py,prob_21.json,True,5,411614457.0,411614457.0,411614457.0,30819.0,1443,4602.0,2.010352,1.8089940547943115,100,100,,challenge_problem_OGC2026\reports\ogc2026_benchmark\full_hh_v006_train40_20260616_001\solutions\baseline_hh__v006_active\prob_21.solution.json,challenge_problem_OGC2026\reports\ogc2026_benchmark\full_hh_v006_train40_20260616_001\logs\baseline_hh__v006_active\prob_21.log,PASS objective=411614457.0 obj1=30819.0 obj2=1443 obj3=4602.0
2026-06-16T01:43:40,full_hh_v006_train40_20260616_001,baseline_hh,v006_active,challenge_problem_OGC2026\ogc2026\baseline\myalgorithm.py,prob_22.json,True,5,319421214.0,319421214.0,319421214.0,23852.0,6166,3460.0,2.377245,2.182899236679077,100,100,,challenge_problem_OGC2026\reports\ogc2026_benchmark\full_hh_v006_train40_20260616_001\solutions\baseline_hh__v006_active\prob_22.solution.json,challenge_problem_OGC2026\reports\ogc2026_benchmark\full_hh_v006_train40_20260616_001\logs\baseline_hh__v006_active\prob_22.log,PASS objective=319421214.0 obj1=23852.0 obj2=6166 obj3=3460.0
2026-06-16T01:43:40,full_hh_v006_train40_20260616_001,baseline_hh,v006_active,challenge_problem_OGC2026\ogc2026\baseline\myalgorithm.py,prob_23.json,True,5,499792768.0,499792768.0,499792768.0,36816.0,1632,2966.0,2.620686,2.3940768241882324,100,100,,challenge_problem_OGC2026\reports\ogc2026_benchmark\full_hh_v006_train40_20260616_001\solutions\baseline_hh__v006_active\prob_23.solution.json,challenge_problem_OGC2026\reports\ogc2026_benchmark\full_hh_v006_train40_20260616_001\logs\baseline_hh__v006_active\prob_23.log,PASS objective=499792768.0 obj1=36816.0 obj2=1632 obj3=2966.0
2026-06-16T01:43:40,full_hh_v006_train40_20260616_001,baseline_hh,v006_active,challenge_problem_OGC2026\ogc2026\baseline\myalgorithm.py,prob_24.json,True,5,302073220.0,302073220.0,302073220.0,22585.0,2343,3119.0,2.395080,2.1811254024505615,100,100,,challenge_problem_OGC2026\reports\ogc2026_benchmark\full_hh_v006_train40_20260616_001\solutions\baseline_hh__v006_active\prob_24.solution.json,challenge_problem_OGC2026\reports\ogc2026_benchmark\full_hh_v006_train40_20260616_001\logs\baseline_hh__v006_active\prob_24.log,PASS objective=302073220.0 obj1=22585.0 obj2=2343 obj3=3119.0
2026-06-16T01:43:40,full_hh_v006_train40_20260616_001,baseline_hh,v006_active,challenge_problem_OGC2026\ogc2026\baseline\myalgorithm.py,prob_25.json,True,5,31974485.0,31974485.0,31974485.0,47854.0,2747,2656.0,2.240026,2.044778823852539,100,100,,challenge_problem_OGC2026\reports\ogc2026_benchmark\full_hh_v006_train40_20260616_001\solutions\baseline_hh__v006_active\prob_25.solution.json,challenge_problem_OGC2026\reports\ogc2026_benchmark\full_hh_v006_train40_20260616_001\logs\baseline_hh__v006_active\prob_25.log,PASS objective=31974485.0 obj1=47854.0 obj2=2747 obj3=2656.0
2026-06-16T01:43:40,full_hh_v006_train40_20260616_001,baseline_hh,v006_active,challenge_problem_OGC2026\ogc2026\baseline\myalgorithm.py,prob_26.json,True,5,749916982.0,749916982.0,749916982.0,56165.0,6791,6810.0,4.696349,4.480032205581665,150,150,,challenge_problem_OGC2026\reports\ogc2026_benchmark\full_hh_v006_train40_20260616_001\solutions\baseline_hh__v006_active\prob_26.solution.json,challenge_problem_OGC2026\reports\ogc2026_benchmark\full_hh_v006_train40_20260616_001\logs\baseline_hh__v006_active\prob_26.log,PASS objective=749916982.0 obj1=56165.0 obj2=6791 obj3=6810.0
2026-06-16T01:43:40,full_hh_v006_train40_20260616_001,baseline_hh,v006_active,challenge_problem_OGC2026\ogc2026\baseline\myalgorithm.py,prob_27.json,True,5,1440332973.0,1440332973.0,1440332973.0,107899.0,9803,4240.0,5.665278,5.429613828659058,150,150,,challenge_problem_OGC2026\reports\ogc2026_benchmark\full_hh_v006_train40_20260616_001\solutions\baseline_hh__v006_active\prob_27.solution.json,challenge_problem_OGC2026\reports\ogc2026_benchmark\full_hh_v006_train40_20260616_001\logs\baseline_hh__v006_active\prob_27.log,PASS objective=1440332973.0 obj1=107899.0 obj2=9803 obj3=4240.0
2026-06-16T01:43:40,full_hh_v006_train40_20260616_001,baseline_hh,v006_active,challenge_problem_OGC2026\ogc2026\baseline\myalgorithm.py,prob_28.json,True,5,733197395.0,733197395.0,733197395.0,54875.0,2740,5136.0,4.475605,4.261672258377075,150,150,,challenge_problem_OGC2026\reports\ogc2026_benchmark\full_hh_v006_train40_20260616_001\solutions\baseline_hh__v006_active\prob_28.solution.json,challenge_problem_OGC2026\reports\ogc2026_benchmark\full_hh_v006_train40_20260616_001\logs\baseline_hh__v006_active\prob_28.log,PASS objective=733197395.0 obj1=54875.0 obj2=2740 obj3=5136.0
2026-06-16T01:43:40,full_hh_v006_train40_20260616_001,baseline_hh,v006_active,challenge_problem_OGC2026\ogc2026\baseline\myalgorithm.py,prob_29.json,True,5,460256892.0,460256892.0,460256892.0,34368.0,4516,6716.0,5.012111,4.801349878311157,150,150,,challenge_problem_OGC2026\reports\ogc2026_benchmark\full_hh_v006_train40_20260616_001\solutions\baseline_hh__v006_active\prob_29.solution.json,challenge_problem_OGC2026\reports\ogc2026_benchmark\full_hh_v006_train40_20260616_001\logs\baseline_hh__v006_active\prob_29.log,PASS objective=460256892.0 obj1=34368.0 obj2=4516 obj3=6716.0
2026-06-16T01:43:40,full_hh_v006_train40_20260616_001,baseline_hh,v006_active,challenge_problem_OGC2026\ogc2026\baseline\myalgorithm.py,prob_30.json,True,5,750544376.0,750544376.0,750544376.0,56220.0,6279,4690.0,5.488942,5.292762041091919,150,150,,challenge_problem_OGC2026\reports\ogc2026_benchmark\full_hh_v006_train40_20260616_001\solutions\baseline_hh__v006_active\prob_30.solution.json,challenge_problem_OGC2026\reports\ogc2026_benchmark\full_hh_v006_train40_20260616_001\logs\baseline_hh__v006_active\prob_30.log,PASS objective=750544376.0 obj1=56220.0 obj2=6279 obj3=4690.0
2026-06-16T01:43:40,full_hh_v006_train40_20260616_001,baseline_hh,v006_active,challenge_problem_OGC2026\ogc2026\baseline\myalgorithm.py,prob_31.json,True,5,1276347356.0,1276347356.0,1276347356.0,95510.0,12846,10764.0,8.056095,7.824720144271851,200,200,,challenge_problem_OGC2026\reports\ogc2026_benchmark\full_hh_v006_train40_20260616_001\solutions\baseline_hh__v006_active\prob_31.solution.json,challenge_problem_OGC2026\reports\ogc2026_benchmark\full_hh_v006_train40_20260616_001\logs\baseline_hh__v006_active\prob_31.log,PASS objective=1276347356.0 obj1=95510.0 obj2=12846 obj3=10764.0
2026-06-16T01:43:40,full_hh_v006_train40_20260616_001,baseline_hh,v006_active,challenge_problem_OGC2026\ogc2026\baseline\myalgorithm.py,prob_32.json,True,5,225918150.0,225918150.0,225918150.0,66570.0,2988,6709.0,8.501602,8.269782781600952,200,200,,challenge_problem_OGC2026\reports\ogc2026_benchmark\full_hh_v006_train40_20260616_001\solutions\baseline_hh__v006_active\prob_32.solution.json,challenge_problem_OGC2026\reports\ogc2026_benchmark\full_hh_v006_train40_20260616_001\logs\baseline_hh__v006_active\prob_32.log,PASS objective=225918150.0 obj1=66570.0 obj2=2988 obj3=6709.0
2026-06-16T01:43:40,full_hh_v006_train40_20260616_001,baseline_hh,v006_active,challenge_problem_OGC2026\ogc2026\baseline\myalgorithm.py,prob_33.json,True,5,660628516.0,660628516.0,660628516.0,98928.0,4534,6868.0,11.155987,10.830197811126709,200,200,,challenge_problem_OGC2026\reports\ogc2026_benchmark\full_hh_v006_train40_20260616_001\solutions\baseline_hh__v006_active\prob_33.solution.json,challenge_problem_OGC2026\reports\ogc2026_benchmark\full_hh_v006_train40_20260616_001\logs\baseline_hh__v006_active\prob_33.log,PASS objective=660628516.0 obj1=98928.0 obj2=4534 obj3=6868.0
2026-06-16T01:43:40,full_hh_v006_train40_20260616_001,baseline_hh,v006_active,challenge_problem_OGC2026\ogc2026\baseline\myalgorithm.py,prob_34.json,True,5,241558361.0,241558361.0,241558361.0,71172.0,4759,8084.0,13.481069,12.8804452419281,200,200,,challenge_problem_OGC2026\reports\ogc2026_benchmark\full_hh_v006_train40_20260616_001\solutions\baseline_hh__v006_active\prob_34.solution.json,challenge_problem_OGC2026\reports\ogc2026_benchmark\full_hh_v006_train40_20260616_001\logs\baseline_hh__v006_active\prob_34.log,PASS objective=241558361.0 obj1=71172.0 obj2=4759 obj3=8084.0
2026-06-16T01:43:40,full_hh_v006_train40_20260616_001,baseline_hh,v006_active,challenge_problem_OGC2026\ogc2026\baseline\myalgorithm.py,prob_35.json,True,5,885380201.0,885380201.0,885380201.0,66322.0,17645,6805.0,12.374661,12.085925102233887,200,200,,challenge_problem_OGC2026\reports\ogc2026_benchmark\full_hh_v006_train40_20260616_001\solutions\baseline_hh__v006_active\prob_35.solution.json,challenge_problem_OGC2026\reports\ogc2026_benchmark\full_hh_v006_train40_20260616_001\logs\baseline_hh__v006_active\prob_35.log,PASS objective=885380201.0 obj1=66322.0 obj2=17645 obj3=6805.0
2026-06-16T01:43:40,full_hh_v006_train40_20260616_001,baseline_hh,v006_active,challenge_problem_OGC2026\ogc2026\baseline\myalgorithm.py,prob_36.json,True,5,51946440.0,51946440.0,51946440.0,77617.0,9202,12823.0,17.709649,17.424424171447754,250,250,,challenge_problem_OGC2026\reports\ogc2026_benchmark\full_hh_v006_train40_20260616_001\solutions\baseline_hh__v006_active\prob_36.solution.json,challenge_problem_OGC2026\reports\ogc2026_benchmark\full_hh_v006_train40_20260616_001\logs\baseline_hh__v006_active\prob_36.log,PASS objective=51946440.0 obj1=77617.0 obj2=9202 obj3=12823.0
2026-06-16T01:43:40,full_hh_v006_train40_20260616_001,baseline_hh,v006_active,challenge_problem_OGC2026\ogc2026\baseline\myalgorithm.py,prob_37.json,True,5,363390964.0,363390964.0,363390964.0,107488.0,23665,8398.0,14.210314,13.969486713409424,250,250,,challenge_problem_OGC2026\reports\ogc2026_benchmark\full_hh_v006_train40_20260616_001\solutions\baseline_hh__v006_active\prob_37.solution.json,challenge_problem_OGC2026\reports\ogc2026_benchmark\full_hh_v006_train40_20260616_001\logs\baseline_hh__v006_active\prob_37.log,PASS objective=363390964.0 obj1=107488.0 obj2=23665 obj3=8398.0
2026-06-16T01:43:40,full_hh_v006_train40_20260616_001,baseline_hh,v006_active,challenge_problem_OGC2026\ogc2026\baseline\myalgorithm.py,prob_38.json,True,5,2736318453.0,2736318453.0,2736318453.0,205019.0,9863,9268.0,15.637033,15.398206233978271,250,250,,challenge_problem_OGC2026\reports\ogc2026_benchmark\full_hh_v006_train40_20260616_001\solutions\baseline_hh__v006_active\prob_38.solution.json,challenge_problem_OGC2026\reports\ogc2026_benchmark\full_hh_v006_train40_20260616_001\logs\baseline_hh__v006_active\prob_38.log,PASS objective=2736318453.0 obj1=205019.0 obj2=9863 obj3=9268.0
2026-06-16T01:43:40,full_hh_v006_train40_20260616_001,baseline_hh,v006_active,challenge_problem_OGC2026\ogc2026\baseline\myalgorithm.py,prob_39.json,True,5,1365635119.0,1365635119.0,1365635119.0,102305.0,3026,10603.0,13.109433,12.889983177185059,250,250,,challenge_problem_OGC2026\reports\ogc2026_benchmark\full_hh_v006_train40_20260616_001\solutions\baseline_hh__v006_active\prob_39.solution.json,challenge_problem_OGC2026\reports\ogc2026_benchmark\full_hh_v006_train40_20260616_001\logs\baseline_hh__v006_active\prob_39.log,PASS objective=1365635119.0 obj1=102305.0 obj2=3026 obj3=10603.0
2026-06-16T01:43:40,full_hh_v006_train40_20260616_001,baseline_hh,v006_active,challenge_problem_OGC2026\ogc2026\baseline\myalgorithm.py,prob_40.json,True,5,102168836.0,102168836.0,102168836.0,152921.0,4571,12766.0,21.441692,21.19856548309326,250,250,,challenge_problem_OGC2026\reports\ogc2026_benchmark\full_hh_v006_train40_20260616_001\solutions\baseline_hh__v006_active\prob_40.solution.json,challenge_problem_OGC2026\reports\ogc2026_benchmark\full_hh_v006_train40_20260616_001\logs\baseline_hh__v006_active\prob_40.log,PASS objective=102168836.0 obj1=152921.0 obj2=4571 obj3=12766.0
2026-06-16T02:07:33,smoke_hh_v007_serial_highT_20260616_001,baseline_hh,v006_active,challenge_problem_OGC2026\ogc2026\baseline\myalgorithm.py,prob_27.json,True,5,1435417164.0,1435417164.0,1435417164.0,107520.0,10902,4578.0,6.584097,6.318702697753906,150,150,,challenge_problem_OGC2026\reports\ogc2026_benchmark\smoke_hh_v007_serial_highT_20260616_001\solutions\baseline_hh__v006_active\prob_27.solution.json,challenge_problem_OGC2026\reports\ogc2026_benchmark\smoke_hh_v007_serial_highT_20260616_001\logs\baseline_hh__v006_active\prob_27.log,PASS objective=1435417164.0 obj1=107520.0 obj2=10902 obj3=4578.0
2026-06-16T02:07:33,smoke_hh_v007_serial_highT_20260616_001,baseline_hh,v006_active,challenge_problem_OGC2026\ogc2026\baseline\myalgorithm.py,prob_31.json,True,5,1275289778.0,1275289778.0,1275289778.0,95432.0,18103,10639.0,9.391853,9.18189549446106,200,200,,challenge_problem_OGC2026\reports\ogc2026_benchmark\smoke_hh_v007_serial_highT_20260616_001\solutions\baseline_hh__v006_active\prob_31.solution.json,challenge_problem_OGC2026\reports\ogc2026_benchmark\smoke_hh_v007_serial_highT_20260616_001\logs\baseline_hh__v006_active\prob_31.log,PASS objective=1275289778.0 obj1=95432.0 obj2=18103 obj3=10639.0
2026-06-16T02:07:33,smoke_hh_v007_serial_highT_20260616_001,baseline_hh,v006_active,challenge_problem_OGC2026\ogc2026\baseline\myalgorithm.py,prob_33.json,True,5,658822686.0,658822686.0,658822686.0,98648.0,2272,7425.0,9.865265,9.671697616577148,200,200,,challenge_problem_OGC2026\reports\ogc2026_benchmark\smoke_hh_v007_serial_highT_20260616_001\solutions\baseline_hh__v006_active\prob_33.solution.json,challenge_problem_OGC2026\reports\ogc2026_benchmark\smoke_hh_v007_serial_highT_20260616_001\logs\baseline_hh__v006_active\prob_33.log,PASS objective=658822686.0 obj1=98648.0 obj2=2272 obj3=7425.0
2026-06-16T02:07:33,smoke_hh_v007_serial_highT_20260616_001,baseline_hh,v006_active,challenge_problem_OGC2026\ogc2026\baseline\myalgorithm.py,prob_36.json,True,5,51935115.0,51935115.0,51935115.0,77615.0,7232,12206.0,26.381854,25.8755624294281,250,250,,challenge_problem_OGC2026\reports\ogc2026_benchmark\smoke_hh_v007_serial_highT_20260616_001\solutions\baseline_hh__v006_active\prob_36.solution.json,challenge_problem_OGC2026\reports\ogc2026_benchmark\smoke_hh_v007_serial_highT_20260616_001\logs\baseline_hh__v006_active\prob_36.log,PASS objective=51935115.0 obj1=77615.0 obj2=7232 obj3=12206.0
2026-06-16T02:07:33,smoke_hh_v007_serial_highT_20260616_001,baseline_hh,v006_active,challenge_problem_OGC2026\ogc2026\baseline\myalgorithm.py,prob_37.json,True,5,359868193.0,359868193.0,359868193.0,107369.0,20179,3211.0,21.597337,21.291016101837158,250,250,,challenge_problem_OGC2026\reports\ogc2026_benchmark\smoke_hh_v007_serial_highT_20260616_001\solutions\baseline_hh__v006_active\prob_37.solution.json,challenge_problem_OGC2026\reports\ogc2026_benchmark\smoke_hh_v007_serial_highT_20260616_001\logs\baseline_hh__v006_active\prob_37.log,PASS objective=359868193.0 obj1=107369.0 obj2=20179 obj3=3211.0
2026-06-16T02:07:33,smoke_hh_v007_serial_highT_20260616_001,baseline_hh,v006_active,challenge_problem_OGC2026\ogc2026\baseline\myalgorithm.py,prob_38.json,True,5,2726244994.0,2726244994.0,2726244994.0,204254.0,10006,9688.0,21.563327,21.326149225234985,250,250,,challenge_problem_OGC2026\reports\ogc2026_benchmark\smoke_hh_v007_serial_highT_20260616_001\solutions\baseline_hh__v006_active\prob_38.solution.json,challenge_problem_OGC2026\reports\ogc2026_benchmark\smoke_hh_v007_serial_highT_20260616_001\logs\baseline_hh__v006_active\prob_38.log,PASS objective=2726244994.0 obj1=204254.0 obj2=10006 obj3=9688.0
2026-06-16T02:09:21,full_hh_v007_serial_train40_20260616_001,baseline_hh,v006_active,challenge_problem_OGC2026\ogc2026\baseline\myalgorithm.py,prob_1.json,True,5,426422855.0,426422855.0,426422855.0,14642.0,519,2344.0,2.982280,2.8008956909179688,100,100,,challenge_problem_OGC2026\reports\ogc2026_benchmark\full_hh_v007_serial_train40_20260616_001\solutions\baseline_hh__v006_active\prob_1.solution.json,challenge_problem_OGC2026\reports\ogc2026_benchmark\full_hh_v007_serial_train40_20260616_001\logs\baseline_hh__v006_active\prob_1.log,PASS objective=426422855.0 obj1=14642.0 obj2=519 obj3=2344.0
2026-06-16T02:09:21,full_hh_v007_serial_train40_20260616_001,baseline_hh,v006_active,challenge_problem_OGC2026\ogc2026\baseline\myalgorithm.py,prob_2.json,True,5,5741927.0,5741927.0,5741927.0,197.0,890,14.0,81.825507,81.61367177963257,100,100,,challenge_problem_OGC2026\reports\ogc2026_benchmark\full_hh_v007_serial_train40_20260616_001\solutions\baseline_hh__v006_active\prob_2.solution.json,challenge_problem_OGC2026\reports\ogc2026_benchmark\full_hh_v007_serial_train40_20260616_001\logs\baseline_hh__v006_active\prob_2.log,PASS objective=5741927.0 obj1=197.0 obj2=890 obj3=14.0
2026-06-16T02:09:21,full_hh_v007_serial_train40_20260616_001,baseline_hh,v006_active,challenge_problem_OGC2026\ogc2026\baseline\myalgorithm.py,prob_3.json,True,5,5052012.0,5052012.0,5052012.0,186.0,720,565.0,77.873369,77.62924146652222,100,100,,challenge_problem_OGC2026\reports\ogc2026_benchmark\full_hh_v007_serial_train40_20260616_001\solutions\baseline_hh__v006_active\prob_3.solution.json,challenge_problem_OGC2026\reports\ogc2026_benchmark\full_hh_v007_serial_train40_20260616_001\logs\baseline_hh__v006_active\prob_3.log,PASS objective=5052012.0 obj1=186.0 obj2=720 obj3=565.0
2026-06-16T02:09:21,full_hh_v007_serial_train40_20260616_001,baseline_hh,v006_active,challenge_problem_OGC2026\ogc2026\baseline\myalgorithm.py,prob_4.json,True,5,331964937.0,331964937.0,331964937.0,15123.0,2489,2408.0,4.447706,4.056840896606445,100,100,,challenge_problem_OGC2026\reports\ogc2026_benchmark\full_hh_v007_serial_train40_20260616_001\solutions\baseline_hh__v006_active\prob_4.solution.json,challenge_problem_OGC2026\reports\ogc2026_benchmark\full_hh_v007_serial_train40_20260616_001\logs\baseline_hh__v006_active\prob_4.log,PASS objective=331964937.0 obj1=15123.0 obj2=2489 obj3=2408.0
2026-06-16T02:09:21,full_hh_v007_serial_train40_20260616_001,baseline_hh,v006_active,challenge_problem_OGC2026\ogc2026\baseline\myalgorithm.py,prob_5.json,True,5,320238429.0,320238429.0,320238429.0,19968.0,5247,4758.0,7.380530,7.1147027015686035,150,150,,challenge_problem_OGC2026\reports\ogc2026_benchmark\full_hh_v007_serial_train40_20260616_001\solutions\baseline_hh__v006_active\prob_5.solution.json,challenge_problem_OGC2026\reports\ogc2026_benchmark\full_hh_v007_serial_train40_20260616_001\logs\baseline_hh__v006_active\prob_5.log,PASS objective=320238429.0 obj1=19968.0 obj2=5247 obj3=4758.0
2026-06-16T02:09:21,full_hh_v007_serial_train40_20260616_001,baseline_hh,v006_active,challenge_problem_OGC2026\ogc2026\baseline\myalgorithm.py,prob_6.json,True,5,682720367.0,682720367.0,682720367.0,23015.0,6181,4951.0,5.746730,5.517269849777222,150,150,,challenge_problem_OGC2026\reports\ogc2026_benchmark\full_hh_v007_serial_train40_20260616_001\solutions\baseline_hh__v006_active\prob_6.solution.json,challenge_problem_OGC2026\reports\ogc2026_benchmark\full_hh_v007_serial_train40_20260616_001\logs\baseline_hh__v006_active\prob_6.log,PASS objective=682720367.0 obj1=23015.0 obj2=6181 obj3=4951.0
2026-06-16T02:09:21,full_hh_v007_serial_train40_20260616_001,baseline_hh,v006_active,challenge_problem_OGC2026\ogc2026\baseline\myalgorithm.py,prob_7.json,True,5,375403392.0,375403392.0,375403392.0,21072.0,7068,4906.0,86.071093,85.63263010978699,150,150,,challenge_problem_OGC2026\reports\ogc2026_benchmark\full_hh_v007_serial_train40_20260616_001\solutions\baseline_hh__v006_active\prob_7.solution.json,challenge_problem_OGC2026\reports\ogc2026_benchmark\full_hh_v007_serial_train40_20260616_001\logs\baseline_hh__v006_active\prob_7.log,PASS objective=375403392.0 obj1=21072.0 obj2=7068 obj3=4906.0
2026-06-16T02:09:21,full_hh_v007_serial_train40_20260616_001,baseline_hh,v006_active,challenge_problem_OGC2026\ogc2026\baseline\myalgorithm.py,prob_8.json,True,5,7751252.0,7751252.0,7751252.0,774.0,2413,8.0,82.488127,81.6766607761383,150,150,,challenge_problem_OGC2026\reports\ogc2026_benchmark\full_hh_v007_serial_train40_20260616_001\solutions\baseline_hh__v006_active\prob_8.solution.json,challenge_problem_OGC2026\reports\ogc2026_benchmark\full_hh_v007_serial_train40_20260616_001\logs\baseline_hh__v006_active\prob_8.log,PASS objective=7751252.0 obj1=774.0 obj2=2413 obj3=8.0
2026-06-16T02:09:21,full_hh_v007_serial_train40_20260616_001,baseline_hh,v006_active,challenge_problem_OGC2026\ogc2026\baseline\myalgorithm.py,prob_9.json,True,5,501318425.0,501318425.0,501318425.0,37530.0,5677,6017.0,8.906816,8.685342073440552,200,200,,challenge_problem_OGC2026\reports\ogc2026_benchmark\full_hh_v007_serial_train40_20260616_001\solutions\baseline_hh__v006_active\prob_9.solution.json,challenge_problem_OGC2026\reports\ogc2026_benchmark\full_hh_v007_serial_train40_20260616_001\logs\baseline_hh__v006_active\prob_9.log,PASS objective=501318425.0 obj1=37530.0 obj2=5677 obj3=6017.0
2026-06-16T02:09:21,full_hh_v007_serial_train40_20260616_001,baseline_hh,v006_active,challenge_problem_OGC2026\ogc2026\baseline\myalgorithm.py,prob_10.json,True,5,407264450.0,407264450.0,407264450.0,27932.0,9538,6968.0,8.410649,8.191803455352783,200,200,,challenge_problem_OGC2026\reports\ogc2026_benchmark\full_hh_v007_serial_train40_20260616_001\solutions\baseline_hh__v006_active\prob_10.solution.json,challenge_problem_OGC2026\reports\ogc2026_benchmark\full_hh_v007_serial_train40_20260616_001\logs\baseline_hh__v006_active\prob_10.log,PASS objective=407264450.0 obj1=27932.0 obj2=9538 obj3=6968.0
2026-06-16T02:09:21,full_hh_v007_serial_train40_20260616_001,baseline_hh,v006_active,challenge_problem_OGC2026\ogc2026\baseline\myalgorithm.py,prob_11.json,True,5,692018053.0,692018053.0,692018053.0,30236.0,3300,6697.0,7.264667,7.027789115905762,200,200,,challenge_problem_OGC2026\reports\ogc2026_benchmark\full_hh_v007_serial_train40_20260616_001\solutions\baseline_hh__v006_active\prob_11.solution.json,challenge_problem_OGC2026\reports\ogc2026_benchmark\full_hh_v007_serial_train40_20260616_001\logs\baseline_hh__v006_active\prob_11.log,PASS objective=692018053.0 obj1=30236.0 obj2=3300 obj3=6697.0
2026-06-16T02:09:21,full_hh_v007_serial_train40_20260616_001,baseline_hh,v006_active,challenge_problem_OGC2026\ogc2026\baseline\myalgorithm.py,prob_12.json,True,5,616452947.0,616452947.0,616452947.0,28082.0,9109,6676.0,11.222107,10.93512225151062,200,200,,challenge_problem_OGC2026\reports\ogc2026_benchmark\full_hh_v007_serial_train40_20260616_001\solutions\baseline_hh__v006_active\prob_12.solution.json,challenge_problem_OGC2026\reports\ogc2026_benchmark\full_hh_v007_serial_train40_20260616_001\logs\baseline_hh__v006_active\prob_12.log,PASS objective=616452947.0 obj1=28082.0 obj2=9109 obj3=6676.0
2026-06-16T02:09:21,full_hh_v007_serial_train40_20260616_001,baseline_hh,v006_active,challenge_problem_OGC2026\ogc2026\baseline\myalgorithm.py,prob_13.json,True,5,880421744.0,880421744.0,880421744.0,47258.0,5166,8728.0,20.172868,19.62814712524414,250,250,,challenge_problem_OGC2026\reports\ogc2026_benchmark\full_hh_v007_serial_train40_20260616_001\solutions\baseline_hh__v006_active\prob_13.solution.json,challenge_problem_OGC2026\reports\ogc2026_benchmark\full_hh_v007_serial_train40_20260616_001\logs\baseline_hh__v006_active\prob_13.log,PASS objective=880421744.0 obj1=47258.0 obj2=5166 obj3=8728.0
2026-06-16T02:09:21,full_hh_v007_serial_train40_20260616_001,baseline_hh,v006_active,challenge_problem_OGC2026\ogc2026\baseline\myalgorithm.py,prob_14.json,True,5,801772026.0,801772026.0,801772026.0,45039.0,3783,7893.0,17.889455,17.605483531951904,250,250,,challenge_problem_OGC2026\reports\ogc2026_benchmark\full_hh_v007_serial_train40_20260616_001\solutions\baseline_hh__v006_active\prob_14.solution.json,challenge_problem_OGC2026\reports\ogc2026_benchmark\full_hh_v007_serial_train40_20260616_001\logs\baseline_hh__v006_active\prob_14.log,PASS objective=801772026.0 obj1=45039.0 obj2=3783 obj3=7893.0
2026-06-16T02:09:21,full_hh_v007_serial_train40_20260616_001,baseline_hh,v006_active,challenge_problem_OGC2026\ogc2026\baseline\myalgorithm.py,prob_15.json,True,5,623767999.0,623767999.0,623767999.0,42020.0,9126,8993.0,15.468506,15.167813301086426,250,250,,challenge_problem_OGC2026\reports\ogc2026_benchmark\full_hh_v007_serial_train40_20260616_001\solutions\baseline_hh__v006_active\prob_15.solution.json,challenge_problem_OGC2026\reports\ogc2026_benchmark\full_hh_v007_serial_train40_20260616_001\logs\baseline_hh__v006_active\prob_15.log,PASS objective=623767999.0 obj1=42020.0 obj2=9126 obj3=8993.0
2026-06-16T02:09:21,full_hh_v007_serial_train40_20260616_001,baseline_hh,v006_active,challenge_problem_OGC2026\ogc2026\baseline\myalgorithm.py,prob_16.json,True,5,364402046.0,364402046.0,364402046.0,40865.0,12971,8182.0,13.738946,13.499561309814453,250,250,,challenge_problem_OGC2026\reports\ogc2026_benchmark\full_hh_v007_serial_train40_20260616_001\solutions\baseline_hh__v006_active\prob_16.solution.json,challenge_problem_OGC2026\reports\ogc2026_benchmark\full_hh_v007_serial_train40_20260616_001\logs\baseline_hh__v006_active\prob_16.log,PASS objective=364402046.0 obj1=40865.0 obj2=12971 obj3=8182.0
2026-06-16T02:09:21,full_hh_v007_serial_train40_20260616_001,baseline_hh,v006_active,challenge_problem_OGC2026\ogc2026\baseline\myalgorithm.py,prob_17.json,True,5,570289700.0,570289700.0,570289700.0,58669.0,10571,10031.0,19.213553,18.987006425857544,300,300,,challenge_problem_OGC2026\reports\ogc2026_benchmark\full_hh_v007_serial_train40_20260616_001\solutions\baseline_hh__v006_active\prob_17.solution.json,challenge_problem_OGC2026\reports\ogc2026_benchmark\full_hh_v007_serial_train40_20260616_001\logs\baseline_hh__v006_active\prob_17.log,PASS objective=570289700.0 obj1=58669.0 obj2=10571 obj3=10031.0
2026-06-16T02:09:21,full_hh_v007_serial_train40_20260616_001,baseline_hh,v006_active,challenge_problem_OGC2026\ogc2026\baseline\myalgorithm.py,prob_18.json,True,5,872454749.0,872454749.0,872454749.0,65328.0,5850,10625.0,23.840147,23.554319858551025,300,300,,challenge_problem_OGC2026\reports\ogc2026_benchmark\full_hh_v007_serial_train40_20260616_001\solutions\baseline_hh__v006_active\prob_18.solution.json,challenge_problem_OGC2026\reports\ogc2026_benchmark\full_hh_v007_serial_train40_20260616_001\logs\baseline_hh__v006_active\prob_18.log,PASS objective=872454749.0 obj1=65328.0 obj2=5850 obj3=10625.0
2026-06-16T02:09:21,full_hh_v007_serial_train40_20260616_001,baseline_hh,v006_active,challenge_problem_OGC2026\ogc2026\baseline\myalgorithm.py,prob_19.json,True,5,631818101.0,631818101.0,631818101.0,59104.0,9193,9917.0,33.833215,32.93085479736328,300,300,,challenge_problem_OGC2026\reports\ogc2026_benchmark\full_hh_v007_serial_train40_20260616_001\solutions\baseline_hh__v006_active\prob_19.solution.json,challenge_problem_OGC2026\reports\ogc2026_benchmark\full_hh_v007_serial_train40_20260616_001\logs\baseline_hh__v006_active\prob_19.log,PASS objective=631818101.0 obj1=59104.0 obj2=9193 obj3=9917.0
2026-06-16T02:09:21,full_hh_v007_serial_train40_20260616_001,baseline_hh,v006_active,challenge_problem_OGC2026\ogc2026\baseline\myalgorithm.py,prob_20.json,True,5,1453212543.0,1453212543.0,1453212543.0,54446.0,16906,9597.0,24.813029,24.56349539756775,300,300,,challenge_problem_OGC2026\reports\ogc2026_benchmark\full_hh_v007_serial_train40_20260616_001\solutions\baseline_hh__v006_active\prob_20.solution.json,challenge_problem_OGC2026\reports\ogc2026_benchmark\full_hh_v007_serial_train40_20260616_001\logs\baseline_hh__v006_active\prob_20.log,PASS objective=1453212543.0 obj1=54446.0 obj2=16906 obj3=9597.0
2026-06-16T02:09:21,full_hh_v007_serial_train40_20260616_001,baseline_hh,v006_active,challenge_problem_OGC2026\ogc2026\baseline\myalgorithm.py,prob_21.json,True,5,410589133.0,410589133.0,410589133.0,30741.0,3118,4588.0,2.206290,1.9889814853668213,100,100,,challenge_problem_OGC2026\reports\ogc2026_benchmark\full_hh_v007_serial_train40_20260616_001\solutions\baseline_hh__v006_active\prob_21.solution.json,challenge_problem_OGC2026\reports\ogc2026_benchmark\full_hh_v007_serial_train40_20260616_001\logs\baseline_hh__v006_active\prob_21.log,PASS objective=410589133.0 obj1=30741.0 obj2=3118 obj3=4588.0
2026-06-16T02:09:21,full_hh_v007_serial_train40_20260616_001,baseline_hh,v006_active,challenge_problem_OGC2026\ogc2026\baseline\myalgorithm.py,prob_22.json,True,5,319421214.0,319421214.0,319421214.0,23852.0,6166,3460.0,2.519378,2.3311707973480225,100,100,,challenge_problem_OGC2026\reports\ogc2026_benchmark\full_hh_v007_serial_train40_20260616_001\solutions\baseline_hh__v006_active\prob_22.solution.json,challenge_problem_OGC2026\reports\ogc2026_benchmark\full_hh_v007_serial_train40_20260616_001\logs\baseline_hh__v006_active\prob_22.log,PASS objective=319421214.0 obj1=23852.0 obj2=6166 obj3=3460.0
2026-06-16T02:09:21,full_hh_v007_serial_train40_20260616_001,baseline_hh,v006_active,challenge_problem_OGC2026\ogc2026\baseline\myalgorithm.py,prob_23.json,True,5,497632516.0,497632516.0,497632516.0,36653.0,3727,3142.0,2.870622,2.676171064376831,100,100,,challenge_problem_OGC2026\reports\ogc2026_benchmark\full_hh_v007_serial_train40_20260616_001\solutions\baseline_hh__v006_active\prob_23.solution.json,challenge_problem_OGC2026\reports\ogc2026_benchmark\full_hh_v007_serial_train40_20260616_001\logs\baseline_hh__v006_active\prob_23.log,PASS objective=497632516.0 obj1=36653.0 obj2=3727 obj3=3142.0
2026-06-16T02:09:21,full_hh_v007_serial_train40_20260616_001,baseline_hh,v006_active,challenge_problem_OGC2026\ogc2026\baseline\myalgorithm.py,prob_24.json,True,5,300858231.0,300858231.0,300858231.0,22482.0,2625,3642.0,2.736544,2.518559217453003,100,100,,challenge_problem_OGC2026\reports\ogc2026_benchmark\full_hh_v007_serial_train40_20260616_001\solutions\baseline_hh__v006_active\prob_24.solution.json,challenge_problem_OGC2026\reports\ogc2026_benchmark\full_hh_v007_serial_train40_20260616_001\logs\baseline_hh__v006_active\prob_24.log,PASS objective=300858231.0 obj1=22482.0 obj2=2625 obj3=3642.0
2026-06-16T02:09:21,full_hh_v007_serial_train40_20260616_001,baseline_hh,v006_active,challenge_problem_OGC2026\ogc2026\baseline\myalgorithm.py,prob_25.json,True,5,31879065.0,31879065.0,31879065.0,47701.0,4938,2878.0,2.670439,2.4749033451080322,100,100,,challenge_problem_OGC2026\reports\ogc2026_benchmark\full_hh_v007_serial_train40_20260616_001\solutions\baseline_hh__v006_active\prob_25.solution.json,challenge_problem_OGC2026\reports\ogc2026_benchmark\full_hh_v007_serial_train40_20260616_001\logs\baseline_hh__v006_active\prob_25.log,PASS objective=31879065.0 obj1=47701.0 obj2=4938 obj3=2878.0
2026-06-16T02:09:21,full_hh_v007_serial_train40_20260616_001,baseline_hh,v006_active,challenge_problem_OGC2026\ogc2026\baseline\myalgorithm.py,prob_26.json,True,5,747468287.0,747468287.0,747468287.0,55979.0,1890,7247.0,5.175135,4.920946836471558,150,150,,challenge_problem_OGC2026\reports\ogc2026_benchmark\full_hh_v007_serial_train40_20260616_001\solutions\baseline_hh__v006_active\prob_26.solution.json,challenge_problem_OGC2026\reports\ogc2026_benchmark\full_hh_v007_serial_train40_20260616_001\logs\baseline_hh__v006_active\prob_26.log,PASS objective=747468287.0 obj1=55979.0 obj2=1890 obj3=7247.0
2026-06-16T02:09:21,full_hh_v007_serial_train40_20260616_001,baseline_hh,v006_active,challenge_problem_OGC2026\ogc2026\baseline\myalgorithm.py,prob_27.json,True,5,1435417164.0,1435417164.0,1435417164.0,107520.0,10902,4578.0,6.212221,6.006206750869751,150,150,,challenge_problem_OGC2026\reports\ogc2026_benchmark\full_hh_v007_serial_train40_20260616_001\solutions\baseline_hh__v006_active\prob_27.solution.json,challenge_problem_OGC2026\reports\ogc2026_benchmark\full_hh_v007_serial_train40_20260616_001\logs\baseline_hh__v006_active\prob_27.log,PASS objective=1435417164.0 obj1=107520.0 obj2=10902 obj3=4578.0
2026-06-16T02:09:21,full_hh_v007_serial_train40_20260616_001,baseline_hh,v006_active,challenge_problem_OGC2026\ogc2026\baseline\myalgorithm.py,prob_28.json,True,5,733197395.0,733197395.0,733197395.0,54875.0,2740,5136.0,4.925388,4.733829975128174,150,150,,challenge_problem_OGC2026\reports\ogc2026_benchmark\full_hh_v007_serial_train40_20260616_001\solutions\baseline_hh__v006_active\prob_28.solution.json,challenge_problem_OGC2026\reports\ogc2026_benchmark\full_hh_v007_serial_train40_20260616_001\logs\baseline_hh__v006_active\prob_28.log,PASS objective=733197395.0 obj1=54875.0 obj2=2740 obj3=5136.0
2026-06-16T02:09:21,full_hh_v007_serial_train40_20260616_001,baseline_hh,v006_active,challenge_problem_OGC2026\ogc2026\baseline\myalgorithm.py,prob_29.json,True,5,460011195.0,460011195.0,460011195.0,34365.0,3850,6037.0,5.417116,5.226577043533325,150,150,,challenge_problem_OGC2026\reports\ogc2026_benchmark\full_hh_v007_serial_train40_20260616_001\solutions\baseline_hh__v006_active\prob_29.solution.json,challenge_problem_OGC2026\reports\ogc2026_benchmark\full_hh_v007_serial_train40_20260616_001\logs\baseline_hh__v006_active\prob_29.log,PASS objective=460011195.0 obj1=34365.0 obj2=3850 obj3=6037.0
2026-06-16T02:09:21,full_hh_v007_serial_train40_20260616_001,baseline_hh,v006_active,challenge_problem_OGC2026\ogc2026\baseline\myalgorithm.py,prob_30.json,True,5,746903778.0,746903778.0,746903778.0,55958.0,8941,3900.0,6.360419,6.139967441558838,150,150,,challenge_problem_OGC2026\reports\ogc2026_benchmark\full_hh_v007_serial_train40_20260616_001\solutions\baseline_hh__v006_active\prob_30.solution.json,challenge_problem_OGC2026\reports\ogc2026_benchmark\full_hh_v007_serial_train40_20260616_001\logs\baseline_hh__v006_active\prob_30.log,PASS objective=746903778.0 obj1=55958.0 obj2=8941 obj3=3900.0
2026-06-16T02:09:21,full_hh_v007_serial_train40_20260616_001,baseline_hh,v006_active,challenge_problem_OGC2026\ogc2026\baseline\myalgorithm.py,prob_31.json,True,5,1275289778.0,1275289778.0,1275289778.0,95432.0,18103,10639.0,8.885130,8.687842845916748,200,200,,challenge_problem_OGC2026\reports\ogc2026_benchmark\full_hh_v007_serial_train40_20260616_001\solutions\baseline_hh__v006_active\prob_31.solution.json,challenge_problem_OGC2026\reports\ogc2026_benchmark\full_hh_v007_serial_train40_20260616_001\logs\baseline_hh__v006_active\prob_31.log,PASS objective=1275289778.0 obj1=95432.0 obj2=18103 obj3=10639.0
2026-06-16T02:09:21,full_hh_v007_serial_train40_20260616_001,baseline_hh,v006_active,challenge_problem_OGC2026\ogc2026\baseline\myalgorithm.py,prob_32.json,True,5,225918150.0,225918150.0,225918150.0,66570.0,2988,6709.0,15.694230,15.413465976715088,200,200,,challenge_problem_OGC2026\reports\ogc2026_benchmark\full_hh_v007_serial_train40_20260616_001\solutions\baseline_hh__v006_active\prob_32.solution.json,challenge_problem_OGC2026\reports\ogc2026_benchmark\full_hh_v007_serial_train40_20260616_001\logs\baseline_hh__v006_active\prob_32.log,PASS objective=225918150.0 obj1=66570.0 obj2=2988 obj3=6709.0
2026-06-16T02:09:21,full_hh_v007_serial_train40_20260616_001,baseline_hh,v006_active,challenge_problem_OGC2026\ogc2026\baseline\myalgorithm.py,prob_33.json,True,5,658822686.0,658822686.0,658822686.0,98648.0,2272,7425.0,15.364362,14.940296173095703,200,200,,challenge_problem_OGC2026\reports\ogc2026_benchmark\full_hh_v007_serial_train40_20260616_001\solutions\baseline_hh__v006_active\prob_33.solution.json,challenge_problem_OGC2026\reports\ogc2026_benchmark\full_hh_v007_serial_train40_20260616_001\logs\baseline_hh__v006_active\prob_33.log,PASS objective=658822686.0 obj1=98648.0 obj2=2272 obj3=7425.0
2026-06-16T02:09:21,full_hh_v007_serial_train40_20260616_001,baseline_hh,v006_active,challenge_problem_OGC2026\ogc2026\baseline\myalgorithm.py,prob_34.json,True,5,241558361.0,241558361.0,241558361.0,71172.0,4759,8084.0,12.108918,11.82043170928955,200,200,,challenge_problem_OGC2026\reports\ogc2026_benchmark\full_hh_v007_serial_train40_20260616_001\solutions\baseline_hh__v006_active\prob_34.solution.json,challenge_problem_OGC2026\reports\ogc2026_benchmark\full_hh_v007_serial_train40_20260616_001\logs\baseline_hh__v006_active\prob_34.log,PASS objective=241558361.0 obj1=71172.0 obj2=4759 obj3=8084.0
2026-06-16T02:09:21,full_hh_v007_serial_train40_20260616_001,baseline_hh,v006_active,challenge_problem_OGC2026\ogc2026\baseline\myalgorithm.py,prob_35.json,True,5,885380201.0,885380201.0,885380201.0,66322.0,17645,6805.0,12.337234,12.10965371131897,200,200,,challenge_problem_OGC2026\reports\ogc2026_benchmark\full_hh_v007_serial_train40_20260616_001\solutions\baseline_hh__v006_active\prob_35.solution.json,challenge_problem_OGC2026\reports\ogc2026_benchmark\full_hh_v007_serial_train40_20260616_001\logs\baseline_hh__v006_active\prob_35.log,PASS objective=885380201.0 obj1=66322.0 obj2=17645 obj3=6805.0
2026-06-16T02:09:21,full_hh_v007_serial_train40_20260616_001,baseline_hh,v006_active,challenge_problem_OGC2026\ogc2026\baseline\myalgorithm.py,prob_36.json,True,5,51935115.0,51935115.0,51935115.0,77615.0,7232,12206.0,20.044408,19.816169261932373,250,250,,challenge_problem_OGC2026\reports\ogc2026_benchmark\full_hh_v007_serial_train40_20260616_001\solutions\baseline_hh__v006_active\prob_36.solution.json,challenge_problem_OGC2026\reports\ogc2026_benchmark\full_hh_v007_serial_train40_20260616_001\logs\baseline_hh__v006_active\prob_36.log,PASS objective=51935115.0 obj1=77615.0 obj2=7232 obj3=12206.0
2026-06-16T02:09:21,full_hh_v007_serial_train40_20260616_001,baseline_hh,v006_active,challenge_problem_OGC2026\ogc2026\baseline\myalgorithm.py,prob_37.json,True,5,359868193.0,359868193.0,359868193.0,107369.0,20179,3211.0,15.703917,15.49285101890564,250,250,,challenge_problem_OGC2026\reports\ogc2026_benchmark\full_hh_v007_serial_train40_20260616_001\solutions\baseline_hh__v006_active\prob_37.solution.json,challenge_problem_OGC2026\reports\ogc2026_benchmark\full_hh_v007_serial_train40_20260616_001\logs\baseline_hh__v006_active\prob_37.log,PASS objective=359868193.0 obj1=107369.0 obj2=20179 obj3=3211.0
2026-06-16T02:09:21,full_hh_v007_serial_train40_20260616_001,baseline_hh,v006_active,challenge_problem_OGC2026\ogc2026\baseline\myalgorithm.py,prob_38.json,True,5,2726244994.0,2726244994.0,2726244994.0,204254.0,10006,9688.0,17.947016,17.694679975509644,250,250,,challenge_problem_OGC2026\reports\ogc2026_benchmark\full_hh_v007_serial_train40_20260616_001\solutions\baseline_hh__v006_active\prob_38.solution.json,challenge_problem_OGC2026\reports\ogc2026_benchmark\full_hh_v007_serial_train40_20260616_001\logs\baseline_hh__v006_active\prob_38.log,PASS objective=2726244994.0 obj1=204254.0 obj2=10006 obj3=9688.0
2026-06-16T02:09:21,full_hh_v007_serial_train40_20260616_001,baseline_hh,v006_active,challenge_problem_OGC2026\ogc2026\baseline\myalgorithm.py,prob_39.json,True,5,1365635119.0,1365635119.0,1365635119.0,102305.0,3026,10603.0,15.147881,14.804898023605347,250,250,,challenge_problem_OGC2026\reports\ogc2026_benchmark\full_hh_v007_serial_train40_20260616_001\solutions\baseline_hh__v006_active\prob_39.solution.json,challenge_problem_OGC2026\reports\ogc2026_benchmark\full_hh_v007_serial_train40_20260616_001\logs\baseline_hh__v006_active\prob_39.log,PASS objective=1365635119.0 obj1=102305.0 obj2=3026 obj3=10603.0
2026-06-16T02:09:21,full_hh_v007_serial_train40_20260616_001,baseline_hh,v006_active,challenge_problem_OGC2026\ogc2026\baseline\myalgorithm.py,prob_40.json,True,5,102168836.0,102168836.0,102168836.0,152921.0,4571,12766.0,28.966506,28.09080958366394,250,250,,challenge_problem_OGC2026\reports\ogc2026_benchmark\full_hh_v007_serial_train40_20260616_001\solutions\baseline_hh__v006_active\prob_40.solution.json,challenge_problem_OGC2026\reports\ogc2026_benchmark\full_hh_v007_serial_train40_20260616_001\logs\baseline_hh__v006_active\prob_40.log,PASS objective=102168836.0 obj1=152921.0 obj2=4571 obj3=12766.0
2026-06-16T02:25:44,smoke_restore_v006_prob7_20260616_003,baseline_hh,v006_active,challenge_problem_OGC2026\ogc2026\baseline\myalgorithm.py,prob_7.json,True,5,13571780.0,13571780.0,13571780.0,757.0,2312,651.0,77.753685,77.53029656410217,150,150,,challenge_problem_OGC2026\reports\ogc2026_benchmark\smoke_restore_v006_prob7_20260616_003\solutions\baseline_hh__v006_active\prob_7.solution.json,challenge_problem_OGC2026\reports\ogc2026_benchmark\smoke_restore_v006_prob7_20260616_003\logs\baseline_hh__v006_active\prob_7.log,PASS objective=13571780.0 obj1=757.0 obj2=2312 obj3=651.0
2026-06-16T07:23:29,probe_greedy_highT_t20_20260616_001,greedy,v000,challenge_problem_OGC2026\ogc2026\baseline\alg_versions\baseline_hh_v000_original.py,prob_27.json,False,TIMEOUT,,,,,,,30.248789,,,,subprocess timeout after 30.0s,,challenge_problem_OGC2026\reports\ogc2026_benchmark\probe_greedy_highT_t20_20260616_001\logs\greedy__v000\prob_27.log,timeout
2026-06-16T07:23:29,probe_greedy_highT_t20_20260616_001,greedy,v000,challenge_problem_OGC2026\ogc2026\baseline\alg_versions\baseline_hh_v000_original.py,prob_38.json,False,TIMEOUT,,,,,,,30.028002,,,,subprocess timeout after 30.0s,,challenge_problem_OGC2026\reports\ogc2026_benchmark\probe_greedy_highT_t20_20260616_001\logs\greedy__v000\prob_38.log,timeout
2026-06-16T07:23:29,probe_greedy_highT_t20_20260616_001,greedy,v000,challenge_problem_OGC2026\ogc2026\baseline\alg_versions\baseline_hh_v000_original.py,prob_40.json,False,TIMEOUT,,,,,,,30.194978,,,,subprocess timeout after 30.0s,,challenge_problem_OGC2026\reports\ogc2026_benchmark\probe_greedy_highT_t20_20260616_001\logs\greedy__v000\prob_40.log,timeout
2026-06-16T07:37:55,smoke_hh_v007_targets_20260616_001,baseline_hh,v007_active,challenge_problem_OGC2026\ogc2026\baseline\myalgorithm.py,prob_27.json,True,5,190545253.0,190545253.0,190545253.0,14127.0,5781,5446.0,15.435747,15.160205364227295,150,150,,challenge_problem_OGC2026\reports\ogc2026_benchmark\smoke_hh_v007_targets_20260616_001\solutions\baseline_hh__v007_active\prob_27.solution.json,challenge_problem_OGC2026\reports\ogc2026_benchmark\smoke_hh_v007_targets_20260616_001\logs\baseline_hh__v007_active\prob_27.log,PASS objective=190545253.0 obj1=14127.0 obj2=5781 obj3=5446.0
2026-06-16T07:37:55,smoke_hh_v007_targets_20260616_001,baseline_hh,v007_active,challenge_problem_OGC2026\ogc2026\baseline\myalgorithm.py,prob_30.json,True,5,79766001.0,79766001.0,79766001.0,5921.0,5727,3992.0,19.189369,18.882348775863647,150,150,,challenge_problem_OGC2026\reports\ogc2026_benchmark\smoke_hh_v007_targets_20260616_001\solutions\baseline_hh__v007_active\prob_30.solution.json,challenge_problem_OGC2026\reports\ogc2026_benchmark\smoke_hh_v007_targets_20260616_001\logs\baseline_hh__v007_active\prob_30.log,PASS objective=79766001.0 obj1=5921.0 obj2=5727 obj3=3992.0
2026-06-16T07:37:55,smoke_hh_v007_targets_20260616_001,baseline_hh,v007_active,challenge_problem_OGC2026\ogc2026\baseline\myalgorithm.py,prob_33.json,True,5,68205807.0,68205807.0,68205807.0,10121.0,2260,4710.0,24.752602,24.213488578796387,200,200,,challenge_problem_OGC2026\reports\ogc2026_benchmark\smoke_hh_v007_targets_20260616_001\solutions\baseline_hh__v007_active\prob_33.solution.json,challenge_problem_OGC2026\reports\ogc2026_benchmark\smoke_hh_v007_targets_20260616_001\logs\baseline_hh__v007_active\prob_33.log,PASS objective=68205807.0 obj1=10121.0 obj2=2260 obj3=4710.0
2026-06-16T07:37:55,smoke_hh_v007_targets_20260616_001,baseline_hh,v007_active,challenge_problem_OGC2026\ogc2026\baseline\myalgorithm.py,prob_37.json,True,5,43627528.0,43627528.0,43627528.0,12048.0,9436,5723.0,32.769942,32.47279667854309,250,250,,challenge_problem_OGC2026\reports\ogc2026_benchmark\smoke_hh_v007_targets_20260616_001\solutions\baseline_hh__v007_active\prob_37.solution.json,challenge_problem_OGC2026\reports\ogc2026_benchmark\smoke_hh_v007_targets_20260616_001\logs\baseline_hh__v007_active\prob_37.log,PASS objective=43627528.0 obj1=12048.0 obj2=9436 obj3=5723.0
2026-06-16T07:40:16,full_hh_v007_train40_20260616_001,baseline_hh,v007_active,challenge_problem_OGC2026\ogc2026\baseline\myalgorithm.py,prob_1.json,True,5,426422855.0,426422855.0,426422855.0,14642.0,519,2344.0,3.601784,3.2005720138549805,100,100,,challenge_problem_OGC2026\reports\ogc2026_benchmark\full_hh_v007_train40_20260616_001\solutions\baseline_hh__v007_active\prob_1.solution.json,challenge_problem_OGC2026\reports\ogc2026_benchmark\full_hh_v007_train40_20260616_001\logs\baseline_hh__v007_active\prob_1.log,PASS objective=426422855.0 obj1=14642.0 obj2=519 obj3=2344.0
2026-06-16T07:40:16,full_hh_v007_train40_20260616_001,baseline_hh,v007_active,challenge_problem_OGC2026\ogc2026\baseline\myalgorithm.py,prob_2.json,True,5,8534663.0,8534663.0,8534663.0,293.0,890,14.0,82.435290,82.14511561393738,100,100,,challenge_problem_OGC2026\reports\ogc2026_benchmark\full_hh_v007_train40_20260616_001\solutions\baseline_hh__v007_active\prob_2.solution.json,challenge_problem_OGC2026\reports\ogc2026_benchmark\full_hh_v007_train40_20260616_001\logs\baseline_hh__v007_active\prob_2.log,PASS objective=8534663.0 obj1=293.0 obj2=890 obj3=14.0
2026-06-16T07:40:16,full_hh_v007_train40_20260616_001,baseline_hh,v007_active,challenge_problem_OGC2026\ogc2026\baseline\myalgorithm.py,prob_3.json,True,5,10709263.0,10709263.0,10709263.0,399.0,808,407.0,84.212501,83.90335536003113,100,100,,challenge_problem_OGC2026\reports\ogc2026_benchmark\full_hh_v007_train40_20260616_001\solutions\baseline_hh__v007_active\prob_3.solution.json,challenge_problem_OGC2026\reports\ogc2026_benchmark\full_hh_v007_train40_20260616_001\logs\baseline_hh__v007_active\prob_3.log,PASS objective=10709263.0 obj1=399.0 obj2=808 obj3=407.0
2026-06-16T07:40:16,full_hh_v007_train40_20260616_001,baseline_hh,v007_active,challenge_problem_OGC2026\ogc2026\baseline\myalgorithm.py,prob_4.json,True,5,331964937.0,331964937.0,331964937.0,15123.0,2489,2408.0,2.447254,2.1914687156677246,100,100,,challenge_problem_OGC2026\reports\ogc2026_benchmark\full_hh_v007_train40_20260616_001\solutions\baseline_hh__v007_active\prob_4.solution.json,challenge_problem_OGC2026\reports\ogc2026_benchmark\full_hh_v007_train40_20260616_001\logs\baseline_hh__v007_active\prob_4.log,PASS objective=331964937.0 obj1=15123.0 obj2=2489 obj3=2408.0
2026-06-16T07:40:16,full_hh_v007_train40_20260616_001,baseline_hh,v007_active,challenge_problem_OGC2026\ogc2026\baseline\myalgorithm.py,prob_5.json,True,5,320238429.0,320238429.0,320238429.0,19968.0,5247,4758.0,4.379759,4.174285411834717,150,150,,challenge_problem_OGC2026\reports\ogc2026_benchmark\full_hh_v007_train40_20260616_001\solutions\baseline_hh__v007_active\prob_5.solution.json,challenge_problem_OGC2026\reports\ogc2026_benchmark\full_hh_v007_train40_20260616_001\logs\baseline_hh__v007_active\prob_5.log,PASS objective=320238429.0 obj1=19968.0 obj2=5247 obj3=4758.0
2026-06-16T07:40:16,full_hh_v007_train40_20260616_001,baseline_hh,v007_active,challenge_problem_OGC2026\ogc2026\baseline\myalgorithm.py,prob_6.json,True,5,682720367.0,682720367.0,682720367.0,23015.0,6181,4951.0,2.805887,2.552557945251465,150,150,,challenge_problem_OGC2026\reports\ogc2026_benchmark\full_hh_v007_train40_20260616_001\solutions\baseline_hh__v007_active\prob_6.solution.json,challenge_problem_OGC2026\reports\ogc2026_benchmark\full_hh_v007_train40_20260616_001\logs\baseline_hh__v007_active\prob_6.log,PASS objective=682720367.0 obj1=23015.0 obj2=6181 obj3=4951.0
2026-06-16T07:40:16,full_hh_v007_train40_20260616_001,baseline_hh,v007_active,challenge_problem_OGC2026\ogc2026\baseline\myalgorithm.py,prob_7.json,True,5,13571780.0,13571780.0,13571780.0,757.0,2312,651.0,83.293907,83.02812504768372,150,150,,challenge_problem_OGC2026\reports\ogc2026_benchmark\full_hh_v007_train40_20260616_001\solutions\baseline_hh__v007_active\prob_7.solution.json,challenge_problem_OGC2026\reports\ogc2026_benchmark\full_hh_v007_train40_20260616_001\logs\baseline_hh__v007_active\prob_7.log,PASS objective=13571780.0 obj1=757.0 obj2=2312 obj3=651.0
2026-06-16T07:40:16,full_hh_v007_train40_20260616_001,baseline_hh,v007_active,challenge_problem_OGC2026\ogc2026\baseline\myalgorithm.py,prob_8.json,True,5,283724248.0,283724248.0,283724248.0,28302.0,3262,3456.0,85.751184,85.53540182113647,150,150,,challenge_problem_OGC2026\reports\ogc2026_benchmark\full_hh_v007_train40_20260616_001\solutions\baseline_hh__v007_active\prob_8.solution.json,challenge_problem_OGC2026\reports\ogc2026_benchmark\full_hh_v007_train40_20260616_001\logs\baseline_hh__v007_active\prob_8.log,PASS objective=283724248.0 obj1=28302.0 obj2=3262 obj3=3456.0
2026-06-16T07:40:16,full_hh_v007_train40_20260616_001,baseline_hh,v007_active,challenge_problem_OGC2026\ogc2026\baseline\myalgorithm.py,prob_9.json,True,5,501384698.0,501384698.0,501384698.0,37536.0,4642,5960.0,9.457416,9.172118902206421,200,200,,challenge_problem_OGC2026\reports\ogc2026_benchmark\full_hh_v007_train40_20260616_001\solutions\baseline_hh__v007_active\prob_9.solution.json,challenge_problem_OGC2026\reports\ogc2026_benchmark\full_hh_v007_train40_20260616_001\logs\baseline_hh__v007_active\prob_9.log,PASS objective=501384698.0 obj1=37536.0 obj2=4642 obj3=5960.0
2026-06-16T07:40:16,full_hh_v007_train40_20260616_001,baseline_hh,v007_active,challenge_problem_OGC2026\ogc2026\baseline\myalgorithm.py,prob_10.json,True,5,408382227.0,408382227.0,408382227.0,28013.0,9540,6514.0,7.680635,7.432873725891113,200,200,,challenge_problem_OGC2026\reports\ogc2026_benchmark\full_hh_v007_train40_20260616_001\solutions\baseline_hh__v007_active\prob_10.solution.json,challenge_problem_OGC2026\reports\ogc2026_benchmark\full_hh_v007_train40_20260616_001\logs\baseline_hh__v007_active\prob_10.log,PASS objective=408382227.0 obj1=28013.0 obj2=9540 obj3=6514.0
2026-06-16T07:40:16,full_hh_v007_train40_20260616_001,baseline_hh,v007_active,challenge_problem_OGC2026\ogc2026\baseline\myalgorithm.py,prob_11.json,True,5,692018053.0,692018053.0,692018053.0,30236.0,3300,6697.0,6.727402,6.476524829864502,200,200,,challenge_problem_OGC2026\reports\ogc2026_benchmark\full_hh_v007_train40_20260616_001\solutions\baseline_hh__v007_active\prob_11.solution.json,challenge_problem_OGC2026\reports\ogc2026_benchmark\full_hh_v007_train40_20260616_001\logs\baseline_hh__v007_active\prob_11.log,PASS objective=692018053.0 obj1=30236.0 obj2=3300 obj3=6697.0
2026-06-16T07:40:16,full_hh_v007_train40_20260616_001,baseline_hh,v007_active,challenge_problem_OGC2026\ogc2026\baseline\myalgorithm.py,prob_12.json,True,5,616452947.0,616452947.0,616452947.0,28082.0,9109,6676.0,9.822569,9.449920177459717,200,200,,challenge_problem_OGC2026\reports\ogc2026_benchmark\full_hh_v007_train40_20260616_001\solutions\baseline_hh__v007_active\prob_12.solution.json,challenge_problem_OGC2026\reports\ogc2026_benchmark\full_hh_v007_train40_20260616_001\logs\baseline_hh__v007_active\prob_12.log,PASS objective=616452947.0 obj1=28082.0 obj2=9109 obj3=6676.0
2026-06-16T07:40:16,full_hh_v007_train40_20260616_001,baseline_hh,v007_active,challenge_problem_OGC2026\ogc2026\baseline\myalgorithm.py,prob_13.json,True,5,880421744.0,880421744.0,880421744.0,47258.0,5166,8728.0,17.444599,16.665510654449463,250,250,,challenge_problem_OGC2026\reports\ogc2026_benchmark\full_hh_v007_train40_20260616_001\solutions\baseline_hh__v007_active\prob_13.solution.json,challenge_problem_OGC2026\reports\ogc2026_benchmark\full_hh_v007_train40_20260616_001\logs\baseline_hh__v007_active\prob_13.log,PASS objective=880421744.0 obj1=47258.0 obj2=5166 obj3=8728.0
2026-06-16T07:40:16,full_hh_v007_train40_20260616_001,baseline_hh,v007_active,challenge_problem_OGC2026\ogc2026\baseline\myalgorithm.py,prob_14.json,True,5,801772026.0,801772026.0,801772026.0,45039.0,3783,7893.0,13.901860,13.61730146408081,250,250,,challenge_problem_OGC2026\reports\ogc2026_benchmark\full_hh_v007_train40_20260616_001\solutions\baseline_hh__v007_active\prob_14.solution.json,challenge_problem_OGC2026\reports\ogc2026_benchmark\full_hh_v007_train40_20260616_001\logs\baseline_hh__v007_active\prob_14.log,PASS objective=801772026.0 obj1=45039.0 obj2=3783 obj3=7893.0
2026-06-16T07:40:16,full_hh_v007_train40_20260616_001,baseline_hh,v007_active,challenge_problem_OGC2026\ogc2026\baseline\myalgorithm.py,prob_15.json,True,5,623767999.0,623767999.0,623767999.0,42020.0,9126,8993.0,14.981085,14.585299968719482,250,250,,challenge_problem_OGC2026\reports\ogc2026_benchmark\full_hh_v007_train40_20260616_001\solutions\baseline_hh__v007_active\prob_15.solution.json,challenge_problem_OGC2026\reports\ogc2026_benchmark\full_hh_v007_train40_20260616_001\logs\baseline_hh__v007_active\prob_15.log,PASS objective=623767999.0 obj1=42020.0 obj2=9126 obj3=8993.0
2026-06-16T07:40:16,full_hh_v007_train40_20260616_001,baseline_hh,v007_active,challenge_problem_OGC2026\ogc2026\baseline\myalgorithm.py,prob_16.json,True,5,364402046.0,364402046.0,364402046.0,40865.0,12971,8182.0,17.909956,17.26845097541809,250,250,,challenge_problem_OGC2026\reports\ogc2026_benchmark\full_hh_v007_train40_20260616_001\solutions\baseline_hh__v007_active\prob_16.solution.json,challenge_problem_OGC2026\reports\ogc2026_benchmark\full_hh_v007_train40_20260616_001\logs\baseline_hh__v007_active\prob_16.log,PASS objective=364402046.0 obj1=40865.0 obj2=12971 obj3=8182.0
2026-06-16T07:40:16,full_hh_v007_train40_20260616_001,baseline_hh,v007_active,challenge_problem_OGC2026\ogc2026\baseline\myalgorithm.py,prob_17.json,True,5,570289700.0,570289700.0,570289700.0,58669.0,10571,10031.0,18.557794,18.2440288066864,300,300,,challenge_problem_OGC2026\reports\ogc2026_benchmark\full_hh_v007_train40_20260616_001\solutions\baseline_hh__v007_active\prob_17.solution.json,challenge_problem_OGC2026\reports\ogc2026_benchmark\full_hh_v007_train40_20260616_001\logs\baseline_hh__v007_active\prob_17.log,PASS objective=570289700.0 obj1=58669.0 obj2=10571 obj3=10031.0
2026-06-16T07:40:16,full_hh_v007_train40_20260616_001,baseline_hh,v007_active,challenge_problem_OGC2026\ogc2026\baseline\myalgorithm.py,prob_18.json,True,5,872454749.0,872454749.0,872454749.0,65328.0,5850,10625.0,24.911959,24.66916275024414,300,300,,challenge_problem_OGC2026\reports\ogc2026_benchmark\full_hh_v007_train40_20260616_001\solutions\baseline_hh__v007_active\prob_18.solution.json,challenge_problem_OGC2026\reports\ogc2026_benchmark\full_hh_v007_train40_20260616_001\logs\baseline_hh__v007_active\prob_18.log,PASS objective=872454749.0 obj1=65328.0 obj2=5850 obj3=10625.0
2026-06-16T07:40:16,full_hh_v007_train40_20260616_001,baseline_hh,v007_active,challenge_problem_OGC2026\ogc2026\baseline\myalgorithm.py,prob_19.json,True,5,631818101.0,631818101.0,631818101.0,59104.0,9193,9917.0,23.003217,22.651724815368652,300,300,,challenge_problem_OGC2026\reports\ogc2026_benchmark\full_hh_v007_train40_20260616_001\solutions\baseline_hh__v007_active\prob_19.solution.json,challenge_problem_OGC2026\reports\ogc2026_benchmark\full_hh_v007_train40_20260616_001\logs\baseline_hh__v007_active\prob_19.log,PASS objective=631818101.0 obj1=59104.0 obj2=9193 obj3=9917.0
2026-06-16T07:40:16,full_hh_v007_train40_20260616_001,baseline_hh,v007_active,challenge_problem_OGC2026\ogc2026\baseline\myalgorithm.py,prob_20.json,True,5,1453212543.0,1453212543.0,1453212543.0,54446.0,16906,9597.0,24.386463,24.13513970375061,300,300,,challenge_problem_OGC2026\reports\ogc2026_benchmark\full_hh_v007_train40_20260616_001\solutions\baseline_hh__v007_active\prob_20.solution.json,challenge_problem_OGC2026\reports\ogc2026_benchmark\full_hh_v007_train40_20260616_001\logs\baseline_hh__v007_active\prob_20.log,PASS objective=1453212543.0 obj1=54446.0 obj2=16906 obj3=9597.0
2026-06-16T07:40:16,full_hh_v007_train40_20260616_001,baseline_hh,v007_active,challenge_problem_OGC2026\ogc2026\baseline\myalgorithm.py,prob_21.json,True,5,411614457.0,411614457.0,411614457.0,30819.0,1443,4602.0,2.604036,2.3476805686950684,100,100,,challenge_problem_OGC2026\reports\ogc2026_benchmark\full_hh_v007_train40_20260616_001\solutions\baseline_hh__v007_active\prob_21.solution.json,challenge_problem_OGC2026\reports\ogc2026_benchmark\full_hh_v007_train40_20260616_001\logs\baseline_hh__v007_active\prob_21.log,PASS objective=411614457.0 obj1=30819.0 obj2=1443 obj3=4602.0
2026-06-16T07:40:16,full_hh_v007_train40_20260616_001,baseline_hh,v007_active,challenge_problem_OGC2026\ogc2026\baseline\myalgorithm.py,prob_22.json,True,5,319421214.0,319421214.0,319421214.0,23852.0,6166,3460.0,2.901251,2.6504368782043457,100,100,,challenge_problem_OGC2026\reports\ogc2026_benchmark\full_hh_v007_train40_20260616_001\solutions\baseline_hh__v007_active\prob_22.solution.json,challenge_problem_OGC2026\reports\ogc2026_benchmark\full_hh_v007_train40_20260616_001\logs\baseline_hh__v007_active\prob_22.log,PASS objective=319421214.0 obj1=23852.0 obj2=6166 obj3=3460.0
2026-06-16T07:40:16,full_hh_v007_train40_20260616_001,baseline_hh,v007_active,challenge_problem_OGC2026\ogc2026\baseline\myalgorithm.py,prob_23.json,True,5,499792768.0,499792768.0,499792768.0,36816.0,1632,2966.0,3.143399,2.885709047317505,100,100,,challenge_problem_OGC2026\reports\ogc2026_benchmark\full_hh_v007_train40_20260616_001\solutions\baseline_hh__v007_active\prob_23.solution.json,challenge_problem_OGC2026\reports\ogc2026_benchmark\full_hh_v007_train40_20260616_001\logs\baseline_hh__v007_active\prob_23.log,PASS objective=499792768.0 obj1=36816.0 obj2=1632 obj3=2966.0
2026-06-16T07:40:16,full_hh_v007_train40_20260616_001,baseline_hh,v007_active,challenge_problem_OGC2026\ogc2026\baseline\myalgorithm.py,prob_24.json,True,5,302073220.0,302073220.0,302073220.0,22585.0,2343,3119.0,2.857926,2.60735821723938,100,100,,challenge_problem_OGC2026\reports\ogc2026_benchmark\full_hh_v007_train40_20260616_001\solutions\baseline_hh__v007_active\prob_24.solution.json,challenge_problem_OGC2026\reports\ogc2026_benchmark\full_hh_v007_train40_20260616_001\logs\baseline_hh__v007_active\prob_24.log,PASS objective=302073220.0 obj1=22585.0 obj2=2343 obj3=3119.0
2026-06-16T07:40:16,full_hh_v007_train40_20260616_001,baseline_hh,v007_active,challenge_problem_OGC2026\ogc2026\baseline\myalgorithm.py,prob_25.json,True,5,31974485.0,31974485.0,31974485.0,47854.0,2747,2656.0,2.637685,2.422337293624878,100,100,,challenge_problem_OGC2026\reports\ogc2026_benchmark\full_hh_v007_train40_20260616_001\solutions\baseline_hh__v007_active\prob_25.solution.json,challenge_problem_OGC2026\reports\ogc2026_benchmark\full_hh_v007_train40_20260616_001\logs\baseline_hh__v007_active\prob_25.log,PASS objective=31974485.0 obj1=47854.0 obj2=2747 obj3=2656.0
2026-06-16T07:40:16,full_hh_v007_train40_20260616_001,baseline_hh,v007_active,challenge_problem_OGC2026\ogc2026\baseline\myalgorithm.py,prob_26.json,True,5,749916982.0,749916982.0,749916982.0,56165.0,6791,6810.0,4.918719,4.68086576461792,150,150,,challenge_problem_OGC2026\reports\ogc2026_benchmark\full_hh_v007_train40_20260616_001\solutions\baseline_hh__v007_active\prob_26.solution.json,challenge_problem_OGC2026\reports\ogc2026_benchmark\full_hh_v007_train40_20260616_001\logs\baseline_hh__v007_active\prob_26.log,PASS objective=749916982.0 obj1=56165.0 obj2=6791 obj3=6810.0
2026-06-16T07:40:16,full_hh_v007_train40_20260616_001,baseline_hh,v007_active,challenge_problem_OGC2026\ogc2026\baseline\myalgorithm.py,prob_27.json,True,5,190545253.0,190545253.0,190545253.0,14127.0,5781,5446.0,12.907002,12.687854290008545,150,150,,challenge_problem_OGC2026\reports\ogc2026_benchmark\full_hh_v007_train40_20260616_001\solutions\baseline_hh__v007_active\prob_27.solution.json,challenge_problem_OGC2026\reports\ogc2026_benchmark\full_hh_v007_train40_20260616_001\logs\baseline_hh__v007_active\prob_27.log,PASS objective=190545253.0 obj1=14127.0 obj2=5781 obj3=5446.0
2026-06-16T07:40:16,full_hh_v007_train40_20260616_001,baseline_hh,v007_active,challenge_problem_OGC2026\ogc2026\baseline\myalgorithm.py,prob_28.json,True,5,733197395.0,733197395.0,733197395.0,54875.0,2740,5136.0,3.864773,3.258263111114502,150,150,,challenge_problem_OGC2026\reports\ogc2026_benchmark\full_hh_v007_train40_20260616_001\solutions\baseline_hh__v007_active\prob_28.solution.json,challenge_problem_OGC2026\reports\ogc2026_benchmark\full_hh_v007_train40_20260616_001\logs\baseline_hh__v007_active\prob_28.log,PASS objective=733197395.0 obj1=54875.0 obj2=2740 obj3=5136.0
2026-06-16T07:40:16,full_hh_v007_train40_20260616_001,baseline_hh,v007_active,challenge_problem_OGC2026\ogc2026\baseline\myalgorithm.py,prob_29.json,True,5,460256892.0,460256892.0,460256892.0,34368.0,4516,6716.0,10.821938,9.82733702659607,150,150,,challenge_problem_OGC2026\reports\ogc2026_benchmark\full_hh_v007_train40_20260616_001\solutions\baseline_hh__v007_active\prob_29.solution.json,challenge_problem_OGC2026\reports\ogc2026_benchmark\full_hh_v007_train40_20260616_001\logs\baseline_hh__v007_active\prob_29.log,PASS objective=460256892.0 obj1=34368.0 obj2=4516 obj3=6716.0
2026-06-16T07:40:16,full_hh_v007_train40_20260616_001,baseline_hh,v007_active,challenge_problem_OGC2026\ogc2026\baseline\myalgorithm.py,prob_30.json,True,5,79766001.0,79766001.0,79766001.0,5921.0,5727,3992.0,17.522259,17.169697046279907,150,150,,challenge_problem_OGC2026\reports\ogc2026_benchmark\full_hh_v007_train40_20260616_001\solutions\baseline_hh__v007_active\prob_30.solution.json,challenge_problem_OGC2026\reports\ogc2026_benchmark\full_hh_v007_train40_20260616_001\logs\baseline_hh__v007_active\prob_30.log,PASS objective=79766001.0 obj1=5921.0 obj2=5727 obj3=3992.0
2026-06-16T07:40:16,full_hh_v007_train40_20260616_001,baseline_hh,v007_active,challenge_problem_OGC2026\ogc2026\baseline\myalgorithm.py,prob_31.json,True,5,1276347356.0,1276347356.0,1276347356.0,95510.0,12846,10764.0,8.985696,8.768712043762207,200,200,,challenge_problem_OGC2026\reports\ogc2026_benchmark\full_hh_v007_train40_20260616_001\solutions\baseline_hh__v007_active\prob_31.solution.json,challenge_problem_OGC2026\reports\ogc2026_benchmark\full_hh_v007_train40_20260616_001\logs\baseline_hh__v007_active\prob_31.log,PASS objective=1276347356.0 obj1=95510.0 obj2=12846 obj3=10764.0
2026-06-16T07:40:16,full_hh_v007_train40_20260616_001,baseline_hh,v007_active,challenge_problem_OGC2026\ogc2026\baseline\myalgorithm.py,prob_32.json,True,5,225918150.0,225918150.0,225918150.0,66570.0,2988,6709.0,9.178131,8.866585493087769,200,200,,challenge_problem_OGC2026\reports\ogc2026_benchmark\full_hh_v007_train40_20260616_001\solutions\baseline_hh__v007_active\prob_32.solution.json,challenge_problem_OGC2026\reports\ogc2026_benchmark\full_hh_v007_train40_20260616_001\logs\baseline_hh__v007_active\prob_32.log,PASS objective=225918150.0 obj1=66570.0 obj2=2988 obj3=6709.0
2026-06-16T07:40:16,full_hh_v007_train40_20260616_001,baseline_hh,v007_active,challenge_problem_OGC2026\ogc2026\baseline\myalgorithm.py,prob_33.json,True,5,68205807.0,68205807.0,68205807.0,10121.0,2260,4710.0,27.919928,27.67237162590027,200,200,,challenge_problem_OGC2026\reports\ogc2026_benchmark\full_hh_v007_train40_20260616_001\solutions\baseline_hh__v007_active\prob_33.solution.json,challenge_problem_OGC2026\reports\ogc2026_benchmark\full_hh_v007_train40_20260616_001\logs\baseline_hh__v007_active\prob_33.log,PASS objective=68205807.0 obj1=10121.0 obj2=2260 obj3=4710.0
2026-06-16T07:40:16,full_hh_v007_train40_20260616_001,baseline_hh,v007_active,challenge_problem_OGC2026\ogc2026\baseline\myalgorithm.py,prob_34.json,True,5,241558361.0,241558361.0,241558361.0,71172.0,4759,8084.0,9.008544,8.769452810287476,200,200,,challenge_problem_OGC2026\reports\ogc2026_benchmark\full_hh_v007_train40_20260616_001\solutions\baseline_hh__v007_active\prob_34.solution.json,challenge_problem_OGC2026\reports\ogc2026_benchmark\full_hh_v007_train40_20260616_001\logs\baseline_hh__v007_active\prob_34.log,PASS objective=241558361.0 obj1=71172.0 obj2=4759 obj3=8084.0
2026-06-16T07:40:16,full_hh_v007_train40_20260616_001,baseline_hh,v007_active,challenge_problem_OGC2026\ogc2026\baseline\myalgorithm.py,prob_35.json,True,5,885380201.0,885380201.0,885380201.0,66322.0,17645,6805.0,9.925215,9.66661524772644,200,200,,challenge_problem_OGC2026\reports\ogc2026_benchmark\full_hh_v007_train40_20260616_001\solutions\baseline_hh__v007_active\prob_35.solution.json,challenge_problem_OGC2026\reports\ogc2026_benchmark\full_hh_v007_train40_20260616_001\logs\baseline_hh__v007_active\prob_35.log,PASS objective=885380201.0 obj1=66322.0 obj2=17645 obj3=6805.0
2026-06-16T07:40:16,full_hh_v007_train40_20260616_001,baseline_hh,v007_active,challenge_problem_OGC2026\ogc2026\baseline\myalgorithm.py,prob_36.json,True,5,51946440.0,51946440.0,51946440.0,77617.0,9202,12823.0,18.633713,18.355180263519287,250,250,,challenge_problem_OGC2026\reports\ogc2026_benchmark\full_hh_v007_train40_20260616_001\solutions\baseline_hh__v007_active\prob_36.solution.json,challenge_problem_OGC2026\reports\ogc2026_benchmark\full_hh_v007_train40_20260616_001\logs\baseline_hh__v007_active\prob_36.log,PASS objective=51946440.0 obj1=77617.0 obj2=9202 obj3=12823.0
2026-06-16T07:40:16,full_hh_v007_train40_20260616_001,baseline_hh,v007_active,challenge_problem_OGC2026\ogc2026\baseline\myalgorithm.py,prob_37.json,True,5,43627528.0,43627528.0,43627528.0,12048.0,9436,5723.0,29.732516,29.203415632247925,250,250,,challenge_problem_OGC2026\reports\ogc2026_benchmark\full_hh_v007_train40_20260616_001\solutions\baseline_hh__v007_active\prob_37.solution.json,challenge_problem_OGC2026\reports\ogc2026_benchmark\full_hh_v007_train40_20260616_001\logs\baseline_hh__v007_active\prob_37.log,PASS objective=43627528.0 obj1=12048.0 obj2=9436 obj3=5723.0
2026-06-16T07:40:16,full_hh_v007_train40_20260616_001,baseline_hh,v007_active,challenge_problem_OGC2026\ogc2026\baseline\myalgorithm.py,prob_38.json,True,5,2736318453.0,2736318453.0,2736318453.0,205019.0,9863,9268.0,22.351403,22.094621896743774,250,250,,challenge_problem_OGC2026\reports\ogc2026_benchmark\full_hh_v007_train40_20260616_001\solutions\baseline_hh__v007_active\prob_38.solution.json,challenge_problem_OGC2026\reports\ogc2026_benchmark\full_hh_v007_train40_20260616_001\logs\baseline_hh__v007_active\prob_38.log,PASS objective=2736318453.0 obj1=205019.0 obj2=9863 obj3=9268.0
2026-06-16T07:40:16,full_hh_v007_train40_20260616_001,baseline_hh,v007_active,challenge_problem_OGC2026\ogc2026\baseline\myalgorithm.py,prob_39.json,True,5,1365635119.0,1365635119.0,1365635119.0,102305.0,3026,10603.0,19.998036,19.636038541793823,250,250,,challenge_problem_OGC2026\reports\ogc2026_benchmark\full_hh_v007_train40_20260616_001\solutions\baseline_hh__v007_active\prob_39.solution.json,challenge_problem_OGC2026\reports\ogc2026_benchmark\full_hh_v007_train40_20260616_001\logs\baseline_hh__v007_active\prob_39.log,PASS objective=1365635119.0 obj1=102305.0 obj2=3026 obj3=10603.0
2026-06-16T07:40:16,full_hh_v007_train40_20260616_001,baseline_hh,v007_active,challenge_problem_OGC2026\ogc2026\baseline\myalgorithm.py,prob_40.json,True,5,102168836.0,102168836.0,102168836.0,152921.0,4571,12766.0,16.326459,16.05255675315857,250,250,,challenge_problem_OGC2026\reports\ogc2026_benchmark\full_hh_v007_train40_20260616_001\solutions\baseline_hh__v007_active\prob_40.solution.json,challenge_problem_OGC2026\reports\ogc2026_benchmark\full_hh_v007_train40_20260616_001\logs\baseline_hh__v007_active\prob_40.log,PASS objective=102168836.0 obj1=152921.0 obj2=4571 obj3=12766.0
2026-06-16T07:54:54,smoke_hh_v007_greedyfirst_20260616_001,baseline_hh,v007_active,challenge_problem_OGC2026\ogc2026\baseline\myalgorithm.py,prob_2.json,True,5,8534663.0,8534663.0,8534663.0,293.0,890,14.0,76.795547,76.56624007225037,100,100,,challenge_problem_OGC2026\reports\ogc2026_benchmark\smoke_hh_v007_greedyfirst_20260616_001\solutions\baseline_hh__v007_active\prob_2.solution.json,challenge_problem_OGC2026\reports\ogc2026_benchmark\smoke_hh_v007_greedyfirst_20260616_001\logs\baseline_hh__v007_active\prob_2.log,PASS objective=8534663.0 obj1=293.0 obj2=890 obj3=14.0
2026-06-16T07:54:54,smoke_hh_v007_greedyfirst_20260616_001,baseline_hh,v007_active,challenge_problem_OGC2026\ogc2026\baseline\myalgorithm.py,prob_3.json,True,5,270847055.0,270847055.0,270847055.0,10155.0,4367,0.0,79.787732,79.58901524543762,100,100,,challenge_problem_OGC2026\reports\ogc2026_benchmark\smoke_hh_v007_greedyfirst_20260616_001\solutions\baseline_hh__v007_active\prob_3.solution.json,challenge_problem_OGC2026\reports\ogc2026_benchmark\smoke_hh_v007_greedyfirst_20260616_001\logs\baseline_hh__v007_active\prob_3.log,PASS objective=270847055.0 obj1=10155.0 obj2=4367 obj3=0.0
2026-06-16T07:54:54,smoke_hh_v007_greedyfirst_20260616_001,baseline_hh,v007_active,challenge_problem_OGC2026\ogc2026\baseline\myalgorithm.py,prob_7.json,True,5,375403392.0,375403392.0,375403392.0,21072.0,7068,4906.0,84.480683,84.22272396087646,150,150,,challenge_problem_OGC2026\reports\ogc2026_benchmark\smoke_hh_v007_greedyfirst_20260616_001\solutions\baseline_hh__v007_active\prob_7.solution.json,challenge_problem_OGC2026\reports\ogc2026_benchmark\smoke_hh_v007_greedyfirst_20260616_001\logs\baseline_hh__v007_active\prob_7.log,PASS objective=375403392.0 obj1=21072.0 obj2=7068 obj3=4906.0
2026-06-16T07:54:54,smoke_hh_v007_greedyfirst_20260616_001,baseline_hh,v007_active,challenge_problem_OGC2026\ogc2026\baseline\myalgorithm.py,prob_8.json,True,5,283724248.0,283724248.0,283724248.0,28302.0,3262,3456.0,86.566540,86.33922982215881,150,150,,challenge_problem_OGC2026\reports\ogc2026_benchmark\smoke_hh_v007_greedyfirst_20260616_001\solutions\baseline_hh__v007_active\prob_8.solution.json,challenge_problem_OGC2026\reports\ogc2026_benchmark\smoke_hh_v007_greedyfirst_20260616_001\logs\baseline_hh__v007_active\prob_8.log,PASS objective=283724248.0 obj1=28302.0 obj2=3262 obj3=3456.0
2026-06-16T08:01:26,smoke_hh_v007_restore_prob27_20260616_001,baseline_hh,v007_active,challenge_problem_OGC2026\ogc2026\baseline\myalgorithm.py,prob_27.json,True,5,190545253.0,190545253.0,190545253.0,14127.0,5781,5446.0,15.787737,15.522237539291382,150,150,,challenge_problem_OGC2026\reports\ogc2026_benchmark\smoke_hh_v007_restore_prob27_20260616_001\solutions\baseline_hh__v007_active\prob_27.solution.json,challenge_problem_OGC2026\reports\ogc2026_benchmark\smoke_hh_v007_restore_prob27_20260616_001\logs\baseline_hh__v007_active\prob_27.log,PASS objective=190545253.0 obj1=14127.0 obj2=5781 obj3=5446.0
2026-06-16T08:08:17,smoke_hh_v007_repair_targets_20260616_001,baseline_hh,v007_active,challenge_problem_OGC2026\ogc2026\baseline\myalgorithm.py,prob_26.json,True,5,78506692.0,78506692.0,78506692.0,5832.0,6448,4690.0,16.814888,16.551329135894775,150,150,,challenge_problem_OGC2026\reports\ogc2026_benchmark\smoke_hh_v007_repair_targets_20260616_001\solutions\baseline_hh__v007_active\prob_26.solution.json,challenge_problem_OGC2026\reports\ogc2026_benchmark\smoke_hh_v007_repair_targets_20260616_001\logs\baseline_hh__v007_active\prob_26.log,PASS objective=78506692.0 obj1=5832.0 obj2=6448 obj3=4690.0
2026-06-16T08:08:17,smoke_hh_v007_repair_targets_20260616_001,baseline_hh,v007_active,challenge_problem_OGC2026\ogc2026\baseline\myalgorithm.py,prob_27.json,True,5,190545253.0,190545253.0,190545253.0,14127.0,5781,5446.0,12.423791,12.200029134750366,150,150,,challenge_problem_OGC2026\reports\ogc2026_benchmark\smoke_hh_v007_repair_targets_20260616_001\solutions\baseline_hh__v007_active\prob_27.solution.json,challenge_problem_OGC2026\reports\ogc2026_benchmark\smoke_hh_v007_repair_targets_20260616_001\logs\baseline_hh__v007_active\prob_27.log,PASS objective=190545253.0 obj1=14127.0 obj2=5781 obj3=5446.0
2026-06-16T08:08:17,smoke_hh_v007_repair_targets_20260616_001,baseline_hh,v007_active,challenge_problem_OGC2026\ogc2026\baseline\myalgorithm.py,prob_28.json,True,5,72755511.0,72755511.0,72755511.0,5364.0,4733,4077.0,14.812477,14.510295629501343,150,150,,challenge_problem_OGC2026\reports\ogc2026_benchmark\smoke_hh_v007_repair_targets_20260616_001\solutions\baseline_hh__v007_active\prob_28.solution.json,challenge_problem_OGC2026\reports\ogc2026_benchmark\smoke_hh_v007_repair_targets_20260616_001\logs\baseline_hh__v007_active\prob_28.log,PASS objective=72755511.0 obj1=5364.0 obj2=4733 obj3=4077.0
2026-06-16T08:08:17,smoke_hh_v007_repair_targets_20260616_001,baseline_hh,v007_active,challenge_problem_OGC2026\ogc2026\baseline\myalgorithm.py,prob_30.json,True,5,79766001.0,79766001.0,79766001.0,5921.0,5727,3992.0,17.535137,17.025970220565796,150,150,,challenge_problem_OGC2026\reports\ogc2026_benchmark\smoke_hh_v007_repair_targets_20260616_001\solutions\baseline_hh__v007_active\prob_30.solution.json,challenge_problem_OGC2026\reports\ogc2026_benchmark\smoke_hh_v007_repair_targets_20260616_001\logs\baseline_hh__v007_active\prob_30.log,PASS objective=79766001.0 obj1=5921.0 obj2=5727 obj3=3992.0
2026-06-16T08:08:17,smoke_hh_v007_repair_targets_20260616_001,baseline_hh,v007_active,challenge_problem_OGC2026\ogc2026\baseline\myalgorithm.py,prob_31.json,True,5,167918994.0,167918994.0,167918994.0,12408.0,14962,9132.0,17.564883,17.293235301971436,200,200,,challenge_problem_OGC2026\reports\ogc2026_benchmark\smoke_hh_v007_repair_targets_20260616_001\solutions\baseline_hh__v007_active\prob_31.solution.json,challenge_problem_OGC2026\reports\ogc2026_benchmark\smoke_hh_v007_repair_targets_20260616_001\logs\baseline_hh__v007_active\prob_31.log,PASS objective=167918994.0 obj1=12408.0 obj2=14962 obj3=9132.0
2026-06-16T08:08:17,smoke_hh_v007_repair_targets_20260616_001,baseline_hh,v007_active,challenge_problem_OGC2026\ogc2026\baseline\myalgorithm.py,prob_33.json,True,5,68205807.0,68205807.0,68205807.0,10121.0,2260,4710.0,26.932035,26.6866135597229,200,200,,challenge_problem_OGC2026\reports\ogc2026_benchmark\smoke_hh_v007_repair_targets_20260616_001\solutions\baseline_hh__v007_active\prob_33.solution.json,challenge_problem_OGC2026\reports\ogc2026_benchmark\smoke_hh_v007_repair_targets_20260616_001\logs\baseline_hh__v007_active\prob_33.log,PASS objective=68205807.0 obj1=10121.0 obj2=2260 obj3=4710.0
2026-06-16T08:08:17,smoke_hh_v007_repair_targets_20260616_001,baseline_hh,v007_active,challenge_problem_OGC2026\ogc2026\baseline\myalgorithm.py,prob_36.json,True,5,6733753.0,6733753.0,6733753.0,9917.0,5806,8716.0,31.798628,31.518117904663086,250,250,,challenge_problem_OGC2026\reports\ogc2026_benchmark\smoke_hh_v007_repair_targets_20260616_001\solutions\baseline_hh__v007_active\prob_36.solution.json,challenge_problem_OGC2026\reports\ogc2026_benchmark\smoke_hh_v007_repair_targets_20260616_001\logs\baseline_hh__v007_active\prob_36.log,PASS objective=6733753.0 obj1=9917.0 obj2=5806 obj3=8716.0
2026-06-16T08:08:17,smoke_hh_v007_repair_targets_20260616_001,baseline_hh,v007_active,challenge_problem_OGC2026\ogc2026\baseline\myalgorithm.py,prob_37.json,True,5,43627528.0,43627528.0,43627528.0,12048.0,9436,5723.0,30.705856,30.446991682052612,250,250,,challenge_problem_OGC2026\reports\ogc2026_benchmark\smoke_hh_v007_repair_targets_20260616_001\solutions\baseline_hh__v007_active\prob_37.solution.json,challenge_problem_OGC2026\reports\ogc2026_benchmark\smoke_hh_v007_repair_targets_20260616_001\logs\baseline_hh__v007_active\prob_37.log,PASS objective=43627528.0 obj1=12048.0 obj2=9436 obj3=5723.0
2026-06-16T08:08:17,smoke_hh_v007_repair_targets_20260616_001,baseline_hh,v007_active,challenge_problem_OGC2026\ogc2026\baseline\myalgorithm.py,prob_38.json,True,5,381212966.0,381212966.0,381212966.0,28428.0,8221,7220.0,34.897512,34.482829570770264,250,250,,challenge_problem_OGC2026\reports\ogc2026_benchmark\smoke_hh_v007_repair_targets_20260616_001\solutions\baseline_hh__v007_active\prob_38.solution.json,challenge_problem_OGC2026\reports\ogc2026_benchmark\smoke_hh_v007_repair_targets_20260616_001\logs\baseline_hh__v007_active\prob_38.log,PASS objective=381212966.0 obj1=28428.0 obj2=8221 obj3=7220.0
2026-06-16T08:08:17,smoke_hh_v007_repair_targets_20260616_001,baseline_hh,v007_active,challenge_problem_OGC2026\ogc2026\baseline\myalgorithm.py,prob_39.json,True,5,156987682.0,156987682.0,156987682.0,11692.0,5124,7185.0,37.632357,36.604772329330444,250,250,,challenge_problem_OGC2026\reports\ogc2026_benchmark\smoke_hh_v007_repair_targets_20260616_001\solutions\baseline_hh__v007_active\prob_39.solution.json,challenge_problem_OGC2026\reports\ogc2026_benchmark\smoke_hh_v007_repair_targets_20260616_001\logs\baseline_hh__v007_active\prob_39.log,PASS objective=156987682.0 obj1=11692.0 obj2=5124 obj3=7185.0
2026-06-16T08:08:17,smoke_hh_v007_repair_targets_20260616_001,baseline_hh,v007_active,challenge_problem_OGC2026\ogc2026\baseline\myalgorithm.py,prob_40.json,True,5,20258406.0,20258406.0,20258406.0,30170.0,10151,9605.0,36.235538,35.94545364379883,250,250,,challenge_problem_OGC2026\reports\ogc2026_benchmark\smoke_hh_v007_repair_targets_20260616_001\solutions\baseline_hh__v007_active\prob_40.solution.json,challenge_problem_OGC2026\reports\ogc2026_benchmark\smoke_hh_v007_repair_targets_20260616_001\logs\baseline_hh__v007_active\prob_40.log,PASS objective=20258406.0 obj1=30170.0 obj2=10151 obj3=9605.0
2026-06-16T08:13:26,full_hh_v007_repair_train40_20260616_001,baseline_hh,v007_active,challenge_problem_OGC2026\ogc2026\baseline\myalgorithm.py,prob_1.json,True,5,426422855.0,426422855.0,426422855.0,14642.0,519,2344.0,2.643503,2.430812120437622,100,100,,challenge_problem_OGC2026\reports\ogc2026_benchmark\full_hh_v007_repair_train40_20260616_001\solutions\baseline_hh__v007_active\prob_1.solution.json,challenge_problem_OGC2026\reports\ogc2026_benchmark\full_hh_v007_repair_train40_20260616_001\logs\baseline_hh__v007_active\prob_1.log,PASS objective=426422855.0 obj1=14642.0 obj2=519 obj3=2344.0
2026-06-16T08:13:26,full_hh_v007_repair_train40_20260616_001,baseline_hh,v007_active,challenge_problem_OGC2026\ogc2026\baseline\myalgorithm.py,prob_2.json,True,5,8534663.0,8534663.0,8534663.0,293.0,890,14.0,79.932179,79.58093810081482,100,100,,challenge_problem_OGC2026\reports\ogc2026_benchmark\full_hh_v007_repair_train40_20260616_001\solutions\baseline_hh__v007_active\prob_2.solution.json,challenge_problem_OGC2026\reports\ogc2026_benchmark\full_hh_v007_repair_train40_20260616_001\logs\baseline_hh__v007_active\prob_2.log,PASS objective=8534663.0 obj1=293.0 obj2=890 obj3=14.0
2026-06-16T08:13:26,full_hh_v007_repair_train40_20260616_001,baseline_hh,v007_active,challenge_problem_OGC2026\ogc2026\baseline\myalgorithm.py,prob_3.json,True,5,10709263.0,10709263.0,10709263.0,399.0,808,407.0,81.898779,81.3179202079773,100,100,,challenge_problem_OGC2026\reports\ogc2026_benchmark\full_hh_v007_repair_train40_20260616_001\solutions\baseline_hh__v007_active\prob_3.solution.json,challenge_problem_OGC2026\reports\ogc2026_benchmark\full_hh_v007_repair_train40_20260616_001\logs\baseline_hh__v007_active\prob_3.log,PASS objective=10709263.0 obj1=399.0 obj2=808 obj3=407.0
2026-06-16T08:13:26,full_hh_v007_repair_train40_20260616_001,baseline_hh,v007_active,challenge_problem_OGC2026\ogc2026\baseline\myalgorithm.py,prob_4.json,True,5,331964937.0,331964937.0,331964937.0,15123.0,2489,2408.0,2.632471,2.362358808517456,100,100,,challenge_problem_OGC2026\reports\ogc2026_benchmark\full_hh_v007_repair_train40_20260616_001\solutions\baseline_hh__v007_active\prob_4.solution.json,challenge_problem_OGC2026\reports\ogc2026_benchmark\full_hh_v007_repair_train40_20260616_001\logs\baseline_hh__v007_active\prob_4.log,PASS objective=331964937.0 obj1=15123.0 obj2=2489 obj3=2408.0
2026-06-16T08:13:26,full_hh_v007_repair_train40_20260616_001,baseline_hh,v007_active,challenge_problem_OGC2026\ogc2026\baseline\myalgorithm.py,prob_5.json,True,5,320238429.0,320238429.0,320238429.0,19968.0,5247,4758.0,4.239758,4.006049633026123,150,150,,challenge_problem_OGC2026\reports\ogc2026_benchmark\full_hh_v007_repair_train40_20260616_001\solutions\baseline_hh__v007_active\prob_5.solution.json,challenge_problem_OGC2026\reports\ogc2026_benchmark\full_hh_v007_repair_train40_20260616_001\logs\baseline_hh__v007_active\prob_5.log,PASS objective=320238429.0 obj1=19968.0 obj2=5247 obj3=4758.0
2026-06-16T08:13:26,full_hh_v007_repair_train40_20260616_001,baseline_hh,v007_active,challenge_problem_OGC2026\ogc2026\baseline\myalgorithm.py,prob_6.json,True,5,682720367.0,682720367.0,682720367.0,23015.0,6181,4951.0,4.229289,4.028698921203613,150,150,,challenge_problem_OGC2026\reports\ogc2026_benchmark\full_hh_v007_repair_train40_20260616_001\solutions\baseline_hh__v007_active\prob_6.solution.json,challenge_problem_OGC2026\reports\ogc2026_benchmark\full_hh_v007_repair_train40_20260616_001\logs\baseline_hh__v007_active\prob_6.log,PASS objective=682720367.0 obj1=23015.0 obj2=6181 obj3=4951.0
2026-06-16T08:13:26,full_hh_v007_repair_train40_20260616_001,baseline_hh,v007_active,challenge_problem_OGC2026\ogc2026\baseline\myalgorithm.py,prob_7.json,True,5,375403392.0,375403392.0,375403392.0,21072.0,7068,4906.0,85.749414,85.51416158676147,150,150,,challenge_problem_OGC2026\reports\ogc2026_benchmark\full_hh_v007_repair_train40_20260616_001\solutions\baseline_hh__v007_active\prob_7.solution.json,challenge_problem_OGC2026\reports\ogc2026_benchmark\full_hh_v007_repair_train40_20260616_001\logs\baseline_hh__v007_active\prob_7.log,PASS objective=375403392.0 obj1=21072.0 obj2=7068 obj3=4906.0
2026-06-16T08:13:26,full_hh_v007_repair_train40_20260616_001,baseline_hh,v007_active,challenge_problem_OGC2026\ogc2026\baseline\myalgorithm.py,prob_8.json,True,5,7751252.0,7751252.0,7751252.0,774.0,2413,8.0,84.414914,84.14471364021301,150,150,,challenge_problem_OGC2026\reports\ogc2026_benchmark\full_hh_v007_repair_train40_20260616_001\solutions\baseline_hh__v007_active\prob_8.solution.json,challenge_problem_OGC2026\reports\ogc2026_benchmark\full_hh_v007_repair_train40_20260616_001\logs\baseline_hh__v007_active\prob_8.log,PASS objective=7751252.0 obj1=774.0 obj2=2413 obj3=8.0
2026-06-16T08:13:26,full_hh_v007_repair_train40_20260616_001,baseline_hh,v007_active,challenge_problem_OGC2026\ogc2026\baseline\myalgorithm.py,prob_9.json,True,5,501384698.0,501384698.0,501384698.0,37536.0,4642,5960.0,8.301592,8.064309358596802,200,200,,challenge_problem_OGC2026\reports\ogc2026_benchmark\full_hh_v007_repair_train40_20260616_001\solutions\baseline_hh__v007_active\prob_9.solution.json,challenge_problem_OGC2026\reports\ogc2026_benchmark\full_hh_v007_repair_train40_20260616_001\logs\baseline_hh__v007_active\prob_9.log,PASS objective=501384698.0 obj1=37536.0 obj2=4642 obj3=5960.0
2026-06-16T08:13:26,full_hh_v007_repair_train40_20260616_001,baseline_hh,v007_active,challenge_problem_OGC2026\ogc2026\baseline\myalgorithm.py,prob_10.json,True,5,408382227.0,408382227.0,408382227.0,28013.0,9540,6514.0,7.399731,7.115475177764893,200,200,,challenge_problem_OGC2026\reports\ogc2026_benchmark\full_hh_v007_repair_train40_20260616_001\solutions\baseline_hh__v007_active\prob_10.solution.json,challenge_problem_OGC2026\reports\ogc2026_benchmark\full_hh_v007_repair_train40_20260616_001\logs\baseline_hh__v007_active\prob_10.log,PASS objective=408382227.0 obj1=28013.0 obj2=9540 obj3=6514.0
2026-06-16T08:13:26,full_hh_v007_repair_train40_20260616_001,baseline_hh,v007_active,challenge_problem_OGC2026\ogc2026\baseline\myalgorithm.py,prob_11.json,True,5,692018053.0,692018053.0,692018053.0,30236.0,3300,6697.0,8.724244,8.381710290908813,200,200,,challenge_problem_OGC2026\reports\ogc2026_benchmark\full_hh_v007_repair_train40_20260616_001\solutions\baseline_hh__v007_active\prob_11.solution.json,challenge_problem_OGC2026\reports\ogc2026_benchmark\full_hh_v007_repair_train40_20260616_001\logs\baseline_hh__v007_active\prob_11.log,PASS objective=692018053.0 obj1=30236.0 obj2=3300 obj3=6697.0
2026-06-16T08:13:26,full_hh_v007_repair_train40_20260616_001,baseline_hh,v007_active,challenge_problem_OGC2026\ogc2026\baseline\myalgorithm.py,prob_12.json,True,5,616452947.0,616452947.0,616452947.0,28082.0,9109,6676.0,12.425175,11.551925420761108,200,200,,challenge_problem_OGC2026\reports\ogc2026_benchmark\full_hh_v007_repair_train40_20260616_001\solutions\baseline_hh__v007_active\prob_12.solution.json,challenge_problem_OGC2026\reports\ogc2026_benchmark\full_hh_v007_repair_train40_20260616_001\logs\baseline_hh__v007_active\prob_12.log,PASS objective=616452947.0 obj1=28082.0 obj2=9109 obj3=6676.0
2026-06-16T08:13:26,full_hh_v007_repair_train40_20260616_001,baseline_hh,v007_active,challenge_problem_OGC2026\ogc2026\baseline\myalgorithm.py,prob_13.json,True,5,880421744.0,880421744.0,880421744.0,47258.0,5166,8728.0,14.280206,13.98125147819519,250,250,,challenge_problem_OGC2026\reports\ogc2026_benchmark\full_hh_v007_repair_train40_20260616_001\solutions\baseline_hh__v007_active\prob_13.solution.json,challenge_problem_OGC2026\reports\ogc2026_benchmark\full_hh_v007_repair_train40_20260616_001\logs\baseline_hh__v007_active\prob_13.log,PASS objective=880421744.0 obj1=47258.0 obj2=5166 obj3=8728.0
2026-06-16T08:13:26,full_hh_v007_repair_train40_20260616_001,baseline_hh,v007_active,challenge_problem_OGC2026\ogc2026\baseline\myalgorithm.py,prob_14.json,True,5,801772026.0,801772026.0,801772026.0,45039.0,3783,7893.0,12.880494,12.57716178894043,250,250,,challenge_problem_OGC2026\reports\ogc2026_benchmark\full_hh_v007_repair_train40_20260616_001\solutions\baseline_hh__v007_active\prob_14.solution.json,challenge_problem_OGC2026\reports\ogc2026_benchmark\full_hh_v007_repair_train40_20260616_001\logs\baseline_hh__v007_active\prob_14.log,PASS objective=801772026.0 obj1=45039.0 obj2=3783 obj3=7893.0
2026-06-16T08:13:26,full_hh_v007_repair_train40_20260616_001,baseline_hh,v007_active,challenge_problem_OGC2026\ogc2026\baseline\myalgorithm.py,prob_15.json,True,5,623767999.0,623767999.0,623767999.0,42020.0,9126,8993.0,11.927737,11.689351797103882,250,250,,challenge_problem_OGC2026\reports\ogc2026_benchmark\full_hh_v007_repair_train40_20260616_001\solutions\baseline_hh__v007_active\prob_15.solution.json,challenge_problem_OGC2026\reports\ogc2026_benchmark\full_hh_v007_repair_train40_20260616_001\logs\baseline_hh__v007_active\prob_15.log,PASS objective=623767999.0 obj1=42020.0 obj2=9126 obj3=8993.0
2026-06-16T08:13:26,full_hh_v007_repair_train40_20260616_001,baseline_hh,v007_active,challenge_problem_OGC2026\ogc2026\baseline\myalgorithm.py,prob_16.json,True,5,364402046.0,364402046.0,364402046.0,40865.0,12971,8182.0,11.587404,11.16062045097351,250,250,,challenge_problem_OGC2026\reports\ogc2026_benchmark\full_hh_v007_repair_train40_20260616_001\solutions\baseline_hh__v007_active\prob_16.solution.json,challenge_problem_OGC2026\reports\ogc2026_benchmark\full_hh_v007_repair_train40_20260616_001\logs\baseline_hh__v007_active\prob_16.log,PASS objective=364402046.0 obj1=40865.0 obj2=12971 obj3=8182.0
2026-06-16T08:13:26,full_hh_v007_repair_train40_20260616_001,baseline_hh,v007_active,challenge_problem_OGC2026\ogc2026\baseline\myalgorithm.py,prob_17.json,True,5,570289700.0,570289700.0,570289700.0,58669.0,10571,10031.0,24.512815,23.8941490650177,300,300,,challenge_problem_OGC2026\reports\ogc2026_benchmark\full_hh_v007_repair_train40_20260616_001\solutions\baseline_hh__v007_active\prob_17.solution.json,challenge_problem_OGC2026\reports\ogc2026_benchmark\full_hh_v007_repair_train40_20260616_001\logs\baseline_hh__v007_active\prob_17.log,PASS objective=570289700.0 obj1=58669.0 obj2=10571 obj3=10031.0
2026-06-16T08:13:26,full_hh_v007_repair_train40_20260616_001,baseline_hh,v007_active,challenge_problem_OGC2026\ogc2026\baseline\myalgorithm.py,prob_18.json,True,5,872454749.0,872454749.0,872454749.0,65328.0,5850,10625.0,20.863370,20.58387780189514,300,300,,challenge_problem_OGC2026\reports\ogc2026_benchmark\full_hh_v007_repair_train40_20260616_001\solutions\baseline_hh__v007_active\prob_18.solution.json,challenge_problem_OGC2026\reports\ogc2026_benchmark\full_hh_v007_repair_train40_20260616_001\logs\baseline_hh__v007_active\prob_18.log,PASS objective=872454749.0 obj1=65328.0 obj2=5850 obj3=10625.0
2026-06-16T08:13:26,full_hh_v007_repair_train40_20260616_001,baseline_hh,v007_active,challenge_problem_OGC2026\ogc2026\baseline\myalgorithm.py,prob_19.json,True,5,631818101.0,631818101.0,631818101.0,59104.0,9193,9917.0,27.235598,26.99980616569519,300,300,,challenge_problem_OGC2026\reports\ogc2026_benchmark\full_hh_v007_repair_train40_20260616_001\solutions\baseline_hh__v007_active\prob_19.solution.json,challenge_problem_OGC2026\reports\ogc2026_benchmark\full_hh_v007_repair_train40_20260616_001\logs\baseline_hh__v007_active\prob_19.log,PASS objective=631818101.0 obj1=59104.0 obj2=9193 obj3=9917.0
2026-06-16T08:13:26,full_hh_v007_repair_train40_20260616_001,baseline_hh,v007_active,challenge_problem_OGC2026\ogc2026\baseline\myalgorithm.py,prob_20.json,True,5,1453212543.0,1453212543.0,1453212543.0,54446.0,16906,9597.0,19.927510,19.63948941230774,300,300,,challenge_problem_OGC2026\reports\ogc2026_benchmark\full_hh_v007_repair_train40_20260616_001\solutions\baseline_hh__v007_active\prob_20.solution.json,challenge_problem_OGC2026\reports\ogc2026_benchmark\full_hh_v007_repair_train40_20260616_001\logs\baseline_hh__v007_active\prob_20.log,PASS objective=1453212543.0 obj1=54446.0 obj2=16906 obj3=9597.0
2026-06-16T08:13:26,full_hh_v007_repair_train40_20260616_001,baseline_hh,v007_active,challenge_problem_OGC2026\ogc2026\baseline\myalgorithm.py,prob_21.json,True,5,411614457.0,411614457.0,411614457.0,30819.0,1443,4602.0,2.004238,1.7560389041900635,100,100,,challenge_problem_OGC2026\reports\ogc2026_benchmark\full_hh_v007_repair_train40_20260616_001\solutions\baseline_hh__v007_active\prob_21.solution.json,challenge_problem_OGC2026\reports\ogc2026_benchmark\full_hh_v007_repair_train40_20260616_001\logs\baseline_hh__v007_active\prob_21.log,PASS objective=411614457.0 obj1=30819.0 obj2=1443 obj3=4602.0
2026-06-16T08:13:26,full_hh_v007_repair_train40_20260616_001,baseline_hh,v007_active,challenge_problem_OGC2026\ogc2026\baseline\myalgorithm.py,prob_22.json,True,5,319421214.0,319421214.0,319421214.0,23852.0,6166,3460.0,2.244708,2.0393757820129395,100,100,,challenge_problem_OGC2026\reports\ogc2026_benchmark\full_hh_v007_repair_train40_20260616_001\solutions\baseline_hh__v007_active\prob_22.solution.json,challenge_problem_OGC2026\reports\ogc2026_benchmark\full_hh_v007_repair_train40_20260616_001\logs\baseline_hh__v007_active\prob_22.log,PASS objective=319421214.0 obj1=23852.0 obj2=6166 obj3=3460.0
2026-06-16T08:13:26,full_hh_v007_repair_train40_20260616_001,baseline_hh,v007_active,challenge_problem_OGC2026\ogc2026\baseline\myalgorithm.py,prob_23.json,True,5,499792768.0,499792768.0,499792768.0,36816.0,1632,2966.0,2.369741,2.1701762676239014,100,100,,challenge_problem_OGC2026\reports\ogc2026_benchmark\full_hh_v007_repair_train40_20260616_001\solutions\baseline_hh__v007_active\prob_23.solution.json,challenge_problem_OGC2026\reports\ogc2026_benchmark\full_hh_v007_repair_train40_20260616_001\logs\baseline_hh__v007_active\prob_23.log,PASS objective=499792768.0 obj1=36816.0 obj2=1632 obj3=2966.0
2026-06-16T08:13:26,full_hh_v007_repair_train40_20260616_001,baseline_hh,v007_active,challenge_problem_OGC2026\ogc2026\baseline\myalgorithm.py,prob_24.json,True,5,302073220.0,302073220.0,302073220.0,22585.0,2343,3119.0,2.426578,2.1917107105255127,100,100,,challenge_problem_OGC2026\reports\ogc2026_benchmark\full_hh_v007_repair_train40_20260616_001\solutions\baseline_hh__v007_active\prob_24.solution.json,challenge_problem_OGC2026\reports\ogc2026_benchmark\full_hh_v007_repair_train40_20260616_001\logs\baseline_hh__v007_active\prob_24.log,PASS objective=302073220.0 obj1=22585.0 obj2=2343 obj3=3119.0
2026-06-16T08:13:26,full_hh_v007_repair_train40_20260616_001,baseline_hh,v007_active,challenge_problem_OGC2026\ogc2026\baseline\myalgorithm.py,prob_25.json,True,5,31974485.0,31974485.0,31974485.0,47854.0,2747,2656.0,2.393888,2.1922450065612793,100,100,,challenge_problem_OGC2026\reports\ogc2026_benchmark\full_hh_v007_repair_train40_20260616_001\solutions\baseline_hh__v007_active\prob_25.solution.json,challenge_problem_OGC2026\reports\ogc2026_benchmark\full_hh_v007_repair_train40_20260616_001\logs\baseline_hh__v007_active\prob_25.log,PASS objective=31974485.0 obj1=47854.0 obj2=2747 obj3=2656.0
2026-06-16T08:13:26,full_hh_v007_repair_train40_20260616_001,baseline_hh,v007_active,challenge_problem_OGC2026\ogc2026\baseline\myalgorithm.py,prob_26.json,True,5,78506692.0,78506692.0,78506692.0,5832.0,6448,4690.0,14.820390,14.413546562194824,150,150,,challenge_problem_OGC2026\reports\ogc2026_benchmark\full_hh_v007_repair_train40_20260616_001\solutions\baseline_hh__v007_active\prob_26.solution.json,challenge_problem_OGC2026\reports\ogc2026_benchmark\full_hh_v007_repair_train40_20260616_001\logs\baseline_hh__v007_active\prob_26.log,PASS objective=78506692.0 obj1=5832.0 obj2=6448 obj3=4690.0
2026-06-16T08:13:26,full_hh_v007_repair_train40_20260616_001,baseline_hh,v007_active,challenge_problem_OGC2026\ogc2026\baseline\myalgorithm.py,prob_27.json,True,5,190545253.0,190545253.0,190545253.0,14127.0,5781,5446.0,20.065562,18.841955184936523,150,150,,challenge_problem_OGC2026\reports\ogc2026_benchmark\full_hh_v007_repair_train40_20260616_001\solutions\baseline_hh__v007_active\prob_27.solution.json,challenge_problem_OGC2026\reports\ogc2026_benchmark\full_hh_v007_repair_train40_20260616_001\logs\baseline_hh__v007_active\prob_27.log,PASS objective=190545253.0 obj1=14127.0 obj2=5781 obj3=5446.0
2026-06-16T08:13:26,full_hh_v007_repair_train40_20260616_001,baseline_hh,v007_active,challenge_problem_OGC2026\ogc2026\baseline\myalgorithm.py,prob_28.json,True,5,72755511.0,72755511.0,72755511.0,5364.0,4733,4077.0,12.756678,12.455344438552856,150,150,,challenge_problem_OGC2026\reports\ogc2026_benchmark\full_hh_v007_repair_train40_20260616_001\solutions\baseline_hh__v007_active\prob_28.solution.json,challenge_problem_OGC2026\reports\ogc2026_benchmark\full_hh_v007_repair_train40_20260616_001\logs\baseline_hh__v007_active\prob_28.log,PASS objective=72755511.0 obj1=5364.0 obj2=4733 obj3=4077.0
2026-06-16T08:13:26,full_hh_v007_repair_train40_20260616_001,baseline_hh,v007_active,challenge_problem_OGC2026\ogc2026\baseline\myalgorithm.py,prob_29.json,True,5,460256892.0,460256892.0,460256892.0,34368.0,4516,6716.0,5.171477,4.967323303222656,150,150,,challenge_problem_OGC2026\reports\ogc2026_benchmark\full_hh_v007_repair_train40_20260616_001\solutions\baseline_hh__v007_active\prob_29.solution.json,challenge_problem_OGC2026\reports\ogc2026_benchmark\full_hh_v007_repair_train40_20260616_001\logs\baseline_hh__v007_active\prob_29.log,PASS objective=460256892.0 obj1=34368.0 obj2=4516 obj3=6716.0
2026-06-16T08:13:26,full_hh_v007_repair_train40_20260616_001,baseline_hh,v007_active,challenge_problem_OGC2026\ogc2026\baseline\myalgorithm.py,prob_30.json,True,5,79766001.0,79766001.0,79766001.0,5921.0,5727,3992.0,12.793673,12.566030263900757,150,150,,challenge_problem_OGC2026\reports\ogc2026_benchmark\full_hh_v007_repair_train40_20260616_001\solutions\baseline_hh__v007_active\prob_30.solution.json,challenge_problem_OGC2026\reports\ogc2026_benchmark\full_hh_v007_repair_train40_20260616_001\logs\baseline_hh__v007_active\prob_30.log,PASS objective=79766001.0 obj1=5921.0 obj2=5727 obj3=3992.0
2026-06-16T08:13:26,full_hh_v007_repair_train40_20260616_001,baseline_hh,v007_active,challenge_problem_OGC2026\ogc2026\baseline\myalgorithm.py,prob_31.json,True,5,167918994.0,167918994.0,167918994.0,12408.0,14962,9132.0,24.412328,24.16971707344055,200,200,,challenge_problem_OGC2026\reports\ogc2026_benchmark\full_hh_v007_repair_train40_20260616_001\solutions\baseline_hh__v007_active\prob_31.solution.json,challenge_problem_OGC2026\reports\ogc2026_benchmark\full_hh_v007_repair_train40_20260616_001\logs\baseline_hh__v007_active\prob_31.log,PASS objective=167918994.0 obj1=12408.0 obj2=14962 obj3=9132.0
2026-06-16T08:13:26,full_hh_v007_repair_train40_20260616_001,baseline_hh,v007_active,challenge_problem_OGC2026\ogc2026\baseline\myalgorithm.py,prob_32.json,True,5,225918150.0,225918150.0,225918150.0,66570.0,2988,6709.0,10.854223,10.555269002914429,200,200,,challenge_problem_OGC2026\reports\ogc2026_benchmark\full_hh_v007_repair_train40_20260616_001\solutions\baseline_hh__v007_active\prob_32.solution.json,challenge_problem_OGC2026\reports\ogc2026_benchmark\full_hh_v007_repair_train40_20260616_001\logs\baseline_hh__v007_active\prob_32.log,PASS objective=225918150.0 obj1=66570.0 obj2=2988 obj3=6709.0
2026-06-16T08:13:26,full_hh_v007_repair_train40_20260616_001,baseline_hh,v007_active,challenge_problem_OGC2026\ogc2026\baseline\myalgorithm.py,prob_33.json,True,5,68205807.0,68205807.0,68205807.0,10121.0,2260,4710.0,19.412906,19.17528796195984,200,200,,challenge_problem_OGC2026\reports\ogc2026_benchmark\full_hh_v007_repair_train40_20260616_001\solutions\baseline_hh__v007_active\prob_33.solution.json,challenge_problem_OGC2026\reports\ogc2026_benchmark\full_hh_v007_repair_train40_20260616_001\logs\baseline_hh__v007_active\prob_33.log,PASS objective=68205807.0 obj1=10121.0 obj2=2260 obj3=4710.0
2026-06-16T08:13:26,full_hh_v007_repair_train40_20260616_001,baseline_hh,v007_active,challenge_problem_OGC2026\ogc2026\baseline\myalgorithm.py,prob_34.json,True,5,241558361.0,241558361.0,241558361.0,71172.0,4759,8084.0,8.070764,7.850718259811401,200,200,,challenge_problem_OGC2026\reports\ogc2026_benchmark\full_hh_v007_repair_train40_20260616_001\solutions\baseline_hh__v007_active\prob_34.solution.json,challenge_problem_OGC2026\reports\ogc2026_benchmark\full_hh_v007_repair_train40_20260616_001\logs\baseline_hh__v007_active\prob_34.log,PASS objective=241558361.0 obj1=71172.0 obj2=4759 obj3=8084.0
2026-06-16T08:13:26,full_hh_v007_repair_train40_20260616_001,baseline_hh,v007_active,challenge_problem_OGC2026\ogc2026\baseline\myalgorithm.py,prob_35.json,True,5,885380201.0,885380201.0,885380201.0,66322.0,17645,6805.0,9.276850,9.001990556716919,200,200,,challenge_problem_OGC2026\reports\ogc2026_benchmark\full_hh_v007_repair_train40_20260616_001\solutions\baseline_hh__v007_active\prob_35.solution.json,challenge_problem_OGC2026\reports\ogc2026_benchmark\full_hh_v007_repair_train40_20260616_001\logs\baseline_hh__v007_active\prob_35.log,PASS objective=885380201.0 obj1=66322.0 obj2=17645 obj3=6805.0
2026-06-16T08:13:26,full_hh_v007_repair_train40_20260616_001,baseline_hh,v007_active,challenge_problem_OGC2026\ogc2026\baseline\myalgorithm.py,prob_36.json,True,5,6733753.0,6733753.0,6733753.0,9917.0,5806,8716.0,38.922521,38.35711193084717,250,250,,challenge_problem_OGC2026\reports\ogc2026_benchmark\full_hh_v007_repair_train40_20260616_001\solutions\baseline_hh__v007_active\prob_36.solution.json,challenge_problem_OGC2026\reports\ogc2026_benchmark\full_hh_v007_repair_train40_20260616_001\logs\baseline_hh__v007_active\prob_36.log,PASS objective=6733753.0 obj1=9917.0 obj2=5806 obj3=8716.0
2026-06-16T08:13:26,full_hh_v007_repair_train40_20260616_001,baseline_hh,v007_active,challenge_problem_OGC2026\ogc2026\baseline\myalgorithm.py,prob_37.json,True,5,43627528.0,43627528.0,43627528.0,12048.0,9436,5723.0,26.742488,26.1271710395813,250,250,,challenge_problem_OGC2026\reports\ogc2026_benchmark\full_hh_v007_repair_train40_20260616_001\solutions\baseline_hh__v007_active\prob_37.solution.json,challenge_problem_OGC2026\reports\ogc2026_benchmark\full_hh_v007_repair_train40_20260616_001\logs\baseline_hh__v007_active\prob_37.log,PASS objective=43627528.0 obj1=12048.0 obj2=9436 obj3=5723.0
2026-06-16T08:13:26,full_hh_v007_repair_train40_20260616_001,baseline_hh,v007_active,challenge_problem_OGC2026\ogc2026\baseline\myalgorithm.py,prob_38.json,True,5,381212966.0,381212966.0,381212966.0,28428.0,8221,7220.0,38.585756,37.97936511039734,250,250,,challenge_problem_OGC2026\reports\ogc2026_benchmark\full_hh_v007_repair_train40_20260616_001\solutions\baseline_hh__v007_active\prob_38.solution.json,challenge_problem_OGC2026\reports\ogc2026_benchmark\full_hh_v007_repair_train40_20260616_001\logs\baseline_hh__v007_active\prob_38.log,PASS objective=381212966.0 obj1=28428.0 obj2=8221 obj3=7220.0
2026-06-16T08:13:26,full_hh_v007_repair_train40_20260616_001,baseline_hh,v007_active,challenge_problem_OGC2026\ogc2026\baseline\myalgorithm.py,prob_39.json,True,5,156987682.0,156987682.0,156987682.0,11692.0,5124,7185.0,32.724820,32.4106810092926,250,250,,challenge_problem_OGC2026\reports\ogc2026_benchmark\full_hh_v007_repair_train40_20260616_001\solutions\baseline_hh__v007_active\prob_39.solution.json,challenge_problem_OGC2026\reports\ogc2026_benchmark\full_hh_v007_repair_train40_20260616_001\logs\baseline_hh__v007_active\prob_39.log,PASS objective=156987682.0 obj1=11692.0 obj2=5124 obj3=7185.0
2026-06-16T08:13:26,full_hh_v007_repair_train40_20260616_001,baseline_hh,v007_active,challenge_problem_OGC2026\ogc2026\baseline\myalgorithm.py,prob_40.json,True,5,16475011.0,16475011.0,16475011.0,24518.0,9250,8635.0,38.043162,37.59159326553345,250,250,,challenge_problem_OGC2026\reports\ogc2026_benchmark\full_hh_v007_repair_train40_20260616_001\solutions\baseline_hh__v007_active\prob_40.solution.json,challenge_problem_OGC2026\reports\ogc2026_benchmark\full_hh_v007_repair_train40_20260616_001\logs\baseline_hh__v007_active\prob_40.log,PASS objective=16475011.0 obj1=24518.0 obj2=9250 obj3=8635.0
2026-06-16T08:29:59,smoke_hh_v007_limitedfirst_20260616_001,baseline_hh,v007_active,challenge_problem_OGC2026\ogc2026\baseline\myalgorithm.py,prob_2.json,True,5,5071714.0,5071714.0,5071714.0,164.0,1039,1936.0,5.376053,5.134486675262451,100,100,,challenge_problem_OGC2026\reports\ogc2026_benchmark\smoke_hh_v007_limitedfirst_20260616_001\solutions\baseline_hh__v007_active\prob_2.solution.json,challenge_problem_OGC2026\reports\ogc2026_benchmark\smoke_hh_v007_limitedfirst_20260616_001\logs\baseline_hh__v007_active\prob_2.log,PASS objective=5071714.0 obj1=164.0 obj2=1039 obj3=1936.0
2026-06-16T08:29:59,smoke_hh_v007_limitedfirst_20260616_001,baseline_hh,v007_active,challenge_problem_OGC2026\ogc2026\baseline\myalgorithm.py,prob_3.json,True,5,4359857.0,4359857.0,4359857.0,151.0,2084,2082.0,4.359428,4.147599458694458,100,100,,challenge_problem_OGC2026\reports\ogc2026_benchmark\smoke_hh_v007_limitedfirst_20260616_001\solutions\baseline_hh__v007_active\prob_3.solution.json,challenge_problem_OGC2026\reports\ogc2026_benchmark\smoke_hh_v007_limitedfirst_20260616_001\logs\baseline_hh__v007_active\prob_3.log,PASS objective=4359857.0 obj1=151.0 obj2=2084 obj3=2082.0
2026-06-16T08:29:59,smoke_hh_v007_limitedfirst_20260616_001,baseline_hh,v007_active,challenge_problem_OGC2026\ogc2026\baseline\myalgorithm.py,prob_7.json,True,5,9436227.0,9436227.0,9436227.0,503.0,6999,2966.0,6.561117,6.300097703933716,150,150,,challenge_problem_OGC2026\reports\ogc2026_benchmark\smoke_hh_v007_limitedfirst_20260616_001\solutions\baseline_hh__v007_active\prob_7.solution.json,challenge_problem_OGC2026\reports\ogc2026_benchmark\smoke_hh_v007_limitedfirst_20260616_001\logs\baseline_hh__v007_active\prob_7.log,PASS objective=9436227.0 obj1=503.0 obj2=6999 obj3=2966.0
2026-06-16T08:29:59,smoke_hh_v007_limitedfirst_20260616_001,baseline_hh,v007_active,challenge_problem_OGC2026\ogc2026\baseline\myalgorithm.py,prob_8.json,True,5,799132.0,799132.0,799132.0,42.0,2283,1850.0,8.484997,8.133833169937134,150,150,,challenge_problem_OGC2026\reports\ogc2026_benchmark\smoke_hh_v007_limitedfirst_20260616_001\solutions\baseline_hh__v007_active\prob_8.solution.json,challenge_problem_OGC2026\reports\ogc2026_benchmark\smoke_hh_v007_limitedfirst_20260616_001\logs\baseline_hh__v007_active\prob_8.log,PASS objective=799132.0 obj1=42.0 obj2=2283 obj3=1850.0
2026-06-16T08:30:41,full_hh_v007_repair_limitedfirst_train40_20260616_001,baseline_hh,v007_active,challenge_problem_OGC2026\ogc2026\baseline\myalgorithm.py,prob_1.json,True,5,426422855.0,426422855.0,426422855.0,14642.0,519,2344.0,3.422367,3.15110445022583,100,100,,challenge_problem_OGC2026\reports\ogc2026_benchmark\full_hh_v007_repair_limitedfirst_train40_20260616_001\solutions\baseline_hh__v007_active\prob_1.solution.json,challenge_problem_OGC2026\reports\ogc2026_benchmark\full_hh_v007_repair_limitedfirst_train40_20260616_001\logs\baseline_hh__v007_active\prob_1.log,PASS objective=426422855.0 obj1=14642.0 obj2=519 obj3=2344.0
2026-06-16T08:30:41,full_hh_v007_repair_limitedfirst_train40_20260616_001,baseline_hh,v007_active,challenge_problem_OGC2026\ogc2026\baseline\myalgorithm.py,prob_2.json,True,5,5071714.0,5071714.0,5071714.0,164.0,1039,1936.0,5.712563,5.426164865493774,100,100,,challenge_problem_OGC2026\reports\ogc2026_benchmark\full_hh_v007_repair_limitedfirst_train40_20260616_001\solutions\baseline_hh__v007_active\prob_2.solution.json,challenge_problem_OGC2026\reports\ogc2026_benchmark\full_hh_v007_repair_limitedfirst_train40_20260616_001\logs\baseline_hh__v007_active\prob_2.log,PASS objective=5071714.0 obj1=164.0 obj2=1039 obj3=1936.0
2026-06-16T08:30:41,full_hh_v007_repair_limitedfirst_train40_20260616_001,baseline_hh,v007_active,challenge_problem_OGC2026\ogc2026\baseline\myalgorithm.py,prob_3.json,True,5,4359857.0,4359857.0,4359857.0,151.0,2084,2082.0,4.510715,4.29110860824585,100,100,,challenge_problem_OGC2026\reports\ogc2026_benchmark\full_hh_v007_repair_limitedfirst_train40_20260616_001\solutions\baseline_hh__v007_active\prob_3.solution.json,challenge_problem_OGC2026\reports\ogc2026_benchmark\full_hh_v007_repair_limitedfirst_train40_20260616_001\logs\baseline_hh__v007_active\prob_3.log,PASS objective=4359857.0 obj1=151.0 obj2=2084 obj3=2082.0
2026-06-16T08:30:41,full_hh_v007_repair_limitedfirst_train40_20260616_001,baseline_hh,v007_active,challenge_problem_OGC2026\ogc2026\baseline\myalgorithm.py,prob_4.json,True,5,331964937.0,331964937.0,331964937.0,15123.0,2489,2408.0,2.347995,2.1262922286987305,100,100,,challenge_problem_OGC2026\reports\ogc2026_benchmark\full_hh_v007_repair_limitedfirst_train40_20260616_001\solutions\baseline_hh__v007_active\prob_4.solution.json,challenge_problem_OGC2026\reports\ogc2026_benchmark\full_hh_v007_repair_limitedfirst_train40_20260616_001\logs\baseline_hh__v007_active\prob_4.log,PASS objective=331964937.0 obj1=15123.0 obj2=2489 obj3=2408.0
2026-06-16T08:30:41,full_hh_v007_repair_limitedfirst_train40_20260616_001,baseline_hh,v007_active,challenge_problem_OGC2026\ogc2026\baseline\myalgorithm.py,prob_5.json,True,5,320238429.0,320238429.0,320238429.0,19968.0,5247,4758.0,4.334816,4.133033514022827,150,150,,challenge_problem_OGC2026\reports\ogc2026_benchmark\full_hh_v007_repair_limitedfirst_train40_20260616_001\solutions\baseline_hh__v007_active\prob_5.solution.json,challenge_problem_OGC2026\reports\ogc2026_benchmark\full_hh_v007_repair_limitedfirst_train40_20260616_001\logs\baseline_hh__v007_active\prob_5.log,PASS objective=320238429.0 obj1=19968.0 obj2=5247 obj3=4758.0
2026-06-16T08:30:41,full_hh_v007_repair_limitedfirst_train40_20260616_001,baseline_hh,v007_active,challenge_problem_OGC2026\ogc2026\baseline\myalgorithm.py,prob_6.json,True,5,682720367.0,682720367.0,682720367.0,23015.0,6181,4951.0,4.019627,3.815457344055176,150,150,,challenge_problem_OGC2026\reports\ogc2026_benchmark\full_hh_v007_repair_limitedfirst_train40_20260616_001\solutions\baseline_hh__v007_active\prob_6.solution.json,challenge_problem_OGC2026\reports\ogc2026_benchmark\full_hh_v007_repair_limitedfirst_train40_20260616_001\logs\baseline_hh__v007_active\prob_6.log,PASS objective=682720367.0 obj1=23015.0 obj2=6181 obj3=4951.0
2026-06-16T08:30:41,full_hh_v007_repair_limitedfirst_train40_20260616_001,baseline_hh,v007_active,challenge_problem_OGC2026\ogc2026\baseline\myalgorithm.py,prob_7.json,True,5,9436227.0,9436227.0,9436227.0,503.0,6999,2966.0,6.344948,6.100111961364746,150,150,,challenge_problem_OGC2026\reports\ogc2026_benchmark\full_hh_v007_repair_limitedfirst_train40_20260616_001\solutions\baseline_hh__v007_active\prob_7.solution.json,challenge_problem_OGC2026\reports\ogc2026_benchmark\full_hh_v007_repair_limitedfirst_train40_20260616_001\logs\baseline_hh__v007_active\prob_7.log,PASS objective=9436227.0 obj1=503.0 obj2=6999 obj3=2966.0
2026-06-16T08:30:41,full_hh_v007_repair_limitedfirst_train40_20260616_001,baseline_hh,v007_active,challenge_problem_OGC2026\ogc2026\baseline\myalgorithm.py,prob_8.json,True,5,799132.0,799132.0,799132.0,42.0,2283,1850.0,5.778376,5.530538558959961,150,150,,challenge_problem_OGC2026\reports\ogc2026_benchmark\full_hh_v007_repair_limitedfirst_train40_20260616_001\solutions\baseline_hh__v007_active\prob_8.solution.json,challenge_problem_OGC2026\reports\ogc2026_benchmark\full_hh_v007_repair_limitedfirst_train40_20260616_001\logs\baseline_hh__v007_active\prob_8.log,PASS objective=799132.0 obj1=42.0 obj2=2283 obj3=1850.0
2026-06-16T08:30:41,full_hh_v007_repair_limitedfirst_train40_20260616_001,baseline_hh,v007_active,challenge_problem_OGC2026\ogc2026\baseline\myalgorithm.py,prob_9.json,True,5,501384698.0,501384698.0,501384698.0,37536.0,4642,5960.0,7.589523,7.338871002197266,200,200,,challenge_problem_OGC2026\reports\ogc2026_benchmark\full_hh_v007_repair_limitedfirst_train40_20260616_001\solutions\baseline_hh__v007_active\prob_9.solution.json,challenge_problem_OGC2026\reports\ogc2026_benchmark\full_hh_v007_repair_limitedfirst_train40_20260616_001\logs\baseline_hh__v007_active\prob_9.log,PASS objective=501384698.0 obj1=37536.0 obj2=4642 obj3=5960.0
2026-06-16T08:30:41,full_hh_v007_repair_limitedfirst_train40_20260616_001,baseline_hh,v007_active,challenge_problem_OGC2026\ogc2026\baseline\myalgorithm.py,prob_10.json,True,5,408382227.0,408382227.0,408382227.0,28013.0,9540,6514.0,4.443030,4.250199556350708,200,200,,challenge_problem_OGC2026\reports\ogc2026_benchmark\full_hh_v007_repair_limitedfirst_train40_20260616_001\solutions\baseline_hh__v007_active\prob_10.solution.json,challenge_problem_OGC2026\reports\ogc2026_benchmark\full_hh_v007_repair_limitedfirst_train40_20260616_001\logs\baseline_hh__v007_active\prob_10.log,PASS objective=408382227.0 obj1=28013.0 obj2=9540 obj3=6514.0
2026-06-16T08:30:41,full_hh_v007_repair_limitedfirst_train40_20260616_001,baseline_hh,v007_active,challenge_problem_OGC2026\ogc2026\baseline\myalgorithm.py,prob_11.json,True,5,692018053.0,692018053.0,692018053.0,30236.0,3300,6697.0,9.688641,9.405427694320679,200,200,,challenge_problem_OGC2026\reports\ogc2026_benchmark\full_hh_v007_repair_limitedfirst_train40_20260616_001\solutions\baseline_hh__v007_active\prob_11.solution.json,challenge_problem_OGC2026\reports\ogc2026_benchmark\full_hh_v007_repair_limitedfirst_train40_20260616_001\logs\baseline_hh__v007_active\prob_11.log,PASS objective=692018053.0 obj1=30236.0 obj2=3300 obj3=6697.0
2026-06-16T08:30:41,full_hh_v007_repair_limitedfirst_train40_20260616_001,baseline_hh,v007_active,challenge_problem_OGC2026\ogc2026\baseline\myalgorithm.py,prob_12.json,True,5,616452947.0,616452947.0,616452947.0,28082.0,9109,6676.0,11.591993,10.957181692123413,200,200,,challenge_problem_OGC2026\reports\ogc2026_benchmark\full_hh_v007_repair_limitedfirst_train40_20260616_001\solutions\baseline_hh__v007_active\prob_12.solution.json,challenge_problem_OGC2026\reports\ogc2026_benchmark\full_hh_v007_repair_limitedfirst_train40_20260616_001\logs\baseline_hh__v007_active\prob_12.log,PASS objective=616452947.0 obj1=28082.0 obj2=9109 obj3=6676.0
2026-06-16T08:30:41,full_hh_v007_repair_limitedfirst_train40_20260616_001,baseline_hh,v007_active,challenge_problem_OGC2026\ogc2026\baseline\myalgorithm.py,prob_13.json,True,5,880421744.0,880421744.0,880421744.0,47258.0,5166,8728.0,13.512879,13.246747016906738,250,250,,challenge_problem_OGC2026\reports\ogc2026_benchmark\full_hh_v007_repair_limitedfirst_train40_20260616_001\solutions\baseline_hh__v007_active\prob_13.solution.json,challenge_problem_OGC2026\reports\ogc2026_benchmark\full_hh_v007_repair_limitedfirst_train40_20260616_001\logs\baseline_hh__v007_active\prob_13.log,PASS objective=880421744.0 obj1=47258.0 obj2=5166 obj3=8728.0
2026-06-16T08:30:41,full_hh_v007_repair_limitedfirst_train40_20260616_001,baseline_hh,v007_active,challenge_problem_OGC2026\ogc2026\baseline\myalgorithm.py,prob_14.json,True,5,801772026.0,801772026.0,801772026.0,45039.0,3783,7893.0,12.839589,12.527336120605469,250,250,,challenge_problem_OGC2026\reports\ogc2026_benchmark\full_hh_v007_repair_limitedfirst_train40_20260616_001\solutions\baseline_hh__v007_active\prob_14.solution.json,challenge_problem_OGC2026\reports\ogc2026_benchmark\full_hh_v007_repair_limitedfirst_train40_20260616_001\logs\baseline_hh__v007_active\prob_14.log,PASS objective=801772026.0 obj1=45039.0 obj2=3783 obj3=7893.0
2026-06-16T08:30:41,full_hh_v007_repair_limitedfirst_train40_20260616_001,baseline_hh,v007_active,challenge_problem_OGC2026\ogc2026\baseline\myalgorithm.py,prob_15.json,True,5,623767999.0,623767999.0,623767999.0,42020.0,9126,8993.0,11.645714,11.436594486236572,250,250,,challenge_problem_OGC2026\reports\ogc2026_benchmark\full_hh_v007_repair_limitedfirst_train40_20260616_001\solutions\baseline_hh__v007_active\prob_15.solution.json,challenge_problem_OGC2026\reports\ogc2026_benchmark\full_hh_v007_repair_limitedfirst_train40_20260616_001\logs\baseline_hh__v007_active\prob_15.log,PASS objective=623767999.0 obj1=42020.0 obj2=9126 obj3=8993.0
2026-06-16T08:30:41,full_hh_v007_repair_limitedfirst_train40_20260616_001,baseline_hh,v007_active,challenge_problem_OGC2026\ogc2026\baseline\myalgorithm.py,prob_16.json,True,5,364402046.0,364402046.0,364402046.0,40865.0,12971,8182.0,13.655828,13.36205244064331,250,250,,challenge_problem_OGC2026\reports\ogc2026_benchmark\full_hh_v007_repair_limitedfirst_train40_20260616_001\solutions\baseline_hh__v007_active\prob_16.solution.json,challenge_problem_OGC2026\reports\ogc2026_benchmark\full_hh_v007_repair_limitedfirst_train40_20260616_001\logs\baseline_hh__v007_active\prob_16.log,PASS objective=364402046.0 obj1=40865.0 obj2=12971 obj3=8182.0
2026-06-16T08:30:41,full_hh_v007_repair_limitedfirst_train40_20260616_001,baseline_hh,v007_active,challenge_problem_OGC2026\ogc2026\baseline\myalgorithm.py,prob_17.json,True,5,570289700.0,570289700.0,570289700.0,58669.0,10571,10031.0,25.665429,24.721840143203735,300,300,,challenge_problem_OGC2026\reports\ogc2026_benchmark\full_hh_v007_repair_limitedfirst_train40_20260616_001\solutions\baseline_hh__v007_active\prob_17.solution.json,challenge_problem_OGC2026\reports\ogc2026_benchmark\full_hh_v007_repair_limitedfirst_train40_20260616_001\logs\baseline_hh__v007_active\prob_17.log,PASS objective=570289700.0 obj1=58669.0 obj2=10571 obj3=10031.0
2026-06-16T08:30:41,full_hh_v007_repair_limitedfirst_train40_20260616_001,baseline_hh,v007_active,challenge_problem_OGC2026\ogc2026\baseline\myalgorithm.py,prob_18.json,True,5,872454749.0,872454749.0,872454749.0,65328.0,5850,10625.0,21.343535,20.840681552886963,300,300,,challenge_problem_OGC2026\reports\ogc2026_benchmark\full_hh_v007_repair_limitedfirst_train40_20260616_001\solutions\baseline_hh__v007_active\prob_18.solution.json,challenge_problem_OGC2026\reports\ogc2026_benchmark\full_hh_v007_repair_limitedfirst_train40_20260616_001\logs\baseline_hh__v007_active\prob_18.log,PASS objective=872454749.0 obj1=65328.0 obj2=5850 obj3=10625.0
2026-06-16T08:30:41,full_hh_v007_repair_limitedfirst_train40_20260616_001,baseline_hh,v007_active,challenge_problem_OGC2026\ogc2026\baseline\myalgorithm.py,prob_19.json,True,5,631818101.0,631818101.0,631818101.0,59104.0,9193,9917.0,18.090619,17.560076236724854,300,300,,challenge_problem_OGC2026\reports\ogc2026_benchmark\full_hh_v007_repair_limitedfirst_train40_20260616_001\solutions\baseline_hh__v007_active\prob_19.solution.json,challenge_problem_OGC2026\reports\ogc2026_benchmark\full_hh_v007_repair_limitedfirst_train40_20260616_001\logs\baseline_hh__v007_active\prob_19.log,PASS objective=631818101.0 obj1=59104.0 obj2=9193 obj3=9917.0
2026-06-16T08:30:41,full_hh_v007_repair_limitedfirst_train40_20260616_001,baseline_hh,v007_active,challenge_problem_OGC2026\ogc2026\baseline\myalgorithm.py,prob_20.json,True,5,1453212543.0,1453212543.0,1453212543.0,54446.0,16906,9597.0,27.549176,26.86077904701233,300,300,,challenge_problem_OGC2026\reports\ogc2026_benchmark\full_hh_v007_repair_limitedfirst_train40_20260616_001\solutions\baseline_hh__v007_active\prob_20.solution.json,challenge_problem_OGC2026\reports\ogc2026_benchmark\full_hh_v007_repair_limitedfirst_train40_20260616_001\logs\baseline_hh__v007_active\prob_20.log,PASS objective=1453212543.0 obj1=54446.0 obj2=16906 obj3=9597.0
2026-06-16T08:30:41,full_hh_v007_repair_limitedfirst_train40_20260616_001,baseline_hh,v007_active,challenge_problem_OGC2026\ogc2026\baseline\myalgorithm.py,prob_21.json,True,5,411614457.0,411614457.0,411614457.0,30819.0,1443,4602.0,2.177822,1.9291703701019287,100,100,,challenge_problem_OGC2026\reports\ogc2026_benchmark\full_hh_v007_repair_limitedfirst_train40_20260616_001\solutions\baseline_hh__v007_active\prob_21.solution.json,challenge_problem_OGC2026\reports\ogc2026_benchmark\full_hh_v007_repair_limitedfirst_train40_20260616_001\logs\baseline_hh__v007_active\prob_21.log,PASS objective=411614457.0 obj1=30819.0 obj2=1443 obj3=4602.0
2026-06-16T08:30:41,full_hh_v007_repair_limitedfirst_train40_20260616_001,baseline_hh,v007_active,challenge_problem_OGC2026\ogc2026\baseline\myalgorithm.py,prob_22.json,True,5,319421214.0,319421214.0,319421214.0,23852.0,6166,3460.0,2.417507,2.21761155128479,100,100,,challenge_problem_OGC2026\reports\ogc2026_benchmark\full_hh_v007_repair_limitedfirst_train40_20260616_001\solutions\baseline_hh__v007_active\prob_22.solution.json,challenge_problem_OGC2026\reports\ogc2026_benchmark\full_hh_v007_repair_limitedfirst_train40_20260616_001\logs\baseline_hh__v007_active\prob_22.log,PASS objective=319421214.0 obj1=23852.0 obj2=6166 obj3=3460.0
2026-06-16T08:30:41,full_hh_v007_repair_limitedfirst_train40_20260616_001,baseline_hh,v007_active,challenge_problem_OGC2026\ogc2026\baseline\myalgorithm.py,prob_23.json,True,5,499792768.0,499792768.0,499792768.0,36816.0,1632,2966.0,2.737612,2.5365469455718994,100,100,,challenge_problem_OGC2026\reports\ogc2026_benchmark\full_hh_v007_repair_limitedfirst_train40_20260616_001\solutions\baseline_hh__v007_active\prob_23.solution.json,challenge_problem_OGC2026\reports\ogc2026_benchmark\full_hh_v007_repair_limitedfirst_train40_20260616_001\logs\baseline_hh__v007_active\prob_23.log,PASS objective=499792768.0 obj1=36816.0 obj2=1632 obj3=2966.0
2026-06-16T08:30:41,full_hh_v007_repair_limitedfirst_train40_20260616_001,baseline_hh,v007_active,challenge_problem_OGC2026\ogc2026\baseline\myalgorithm.py,prob_24.json,True,5,302073220.0,302073220.0,302073220.0,22585.0,2343,3119.0,2.490671,2.2692761421203613,100,100,,challenge_problem_OGC2026\reports\ogc2026_benchmark\full_hh_v007_repair_limitedfirst_train40_20260616_001\solutions\baseline_hh__v007_active\prob_24.solution.json,challenge_problem_OGC2026\reports\ogc2026_benchmark\full_hh_v007_repair_limitedfirst_train40_20260616_001\logs\baseline_hh__v007_active\prob_24.log,PASS objective=302073220.0 obj1=22585.0 obj2=2343 obj3=3119.0
2026-06-16T08:30:41,full_hh_v007_repair_limitedfirst_train40_20260616_001,baseline_hh,v007_active,challenge_problem_OGC2026\ogc2026\baseline\myalgorithm.py,prob_25.json,True,5,31974485.0,31974485.0,31974485.0,47854.0,2747,2656.0,2.472671,2.235100269317627,100,100,,challenge_problem_OGC2026\reports\ogc2026_benchmark\full_hh_v007_repair_limitedfirst_train40_20260616_001\solutions\baseline_hh__v007_active\prob_25.solution.json,challenge_problem_OGC2026\reports\ogc2026_benchmark\full_hh_v007_repair_limitedfirst_train40_20260616_001\logs\baseline_hh__v007_active\prob_25.log,PASS objective=31974485.0 obj1=47854.0 obj2=2747 obj3=2656.0
2026-06-16T08:30:41,full_hh_v007_repair_limitedfirst_train40_20260616_001,baseline_hh,v007_active,challenge_problem_OGC2026\ogc2026\baseline\myalgorithm.py,prob_26.json,True,5,78506692.0,78506692.0,78506692.0,5832.0,6448,4690.0,13.655202,13.400746583938599,150,150,,challenge_problem_OGC2026\reports\ogc2026_benchmark\full_hh_v007_repair_limitedfirst_train40_20260616_001\solutions\baseline_hh__v007_active\prob_26.solution.json,challenge_problem_OGC2026\reports\ogc2026_benchmark\full_hh_v007_repair_limitedfirst_train40_20260616_001\logs\baseline_hh__v007_active\prob_26.log,PASS objective=78506692.0 obj1=5832.0 obj2=6448 obj3=4690.0
2026-06-16T08:30:41,full_hh_v007_repair_limitedfirst_train40_20260616_001,baseline_hh,v007_active,challenge_problem_OGC2026\ogc2026\baseline\myalgorithm.py,prob_27.json,True,5,190545253.0,190545253.0,190545253.0,14127.0,5781,5446.0,12.905821,12.604382276535034,150,150,,challenge_problem_OGC2026\reports\ogc2026_benchmark\full_hh_v007_repair_limitedfirst_train40_20260616_001\solutions\baseline_hh__v007_active\prob_27.solution.json,challenge_problem_OGC2026\reports\ogc2026_benchmark\full_hh_v007_repair_limitedfirst_train40_20260616_001\logs\baseline_hh__v007_active\prob_27.log,PASS objective=190545253.0 obj1=14127.0 obj2=5781 obj3=5446.0
2026-06-16T08:30:41,full_hh_v007_repair_limitedfirst_train40_20260616_001,baseline_hh,v007_active,challenge_problem_OGC2026\ogc2026\baseline\myalgorithm.py,prob_28.json,True,5,72755511.0,72755511.0,72755511.0,5364.0,4733,4077.0,19.672941,18.723761320114136,150,150,,challenge_problem_OGC2026\reports\ogc2026_benchmark\full_hh_v007_repair_limitedfirst_train40_20260616_001\solutions\baseline_hh__v007_active\prob_28.solution.json,challenge_problem_OGC2026\reports\ogc2026_benchmark\full_hh_v007_repair_limitedfirst_train40_20260616_001\logs\baseline_hh__v007_active\prob_28.log,PASS objective=72755511.0 obj1=5364.0 obj2=4733 obj3=4077.0
2026-06-16T08:30:41,full_hh_v007_repair_limitedfirst_train40_20260616_001,baseline_hh,v007_active,challenge_problem_OGC2026\ogc2026\baseline\myalgorithm.py,prob_29.json,True,5,460256892.0,460256892.0,460256892.0,34368.0,4516,6716.0,6.215359,5.938551425933838,150,150,,challenge_problem_OGC2026\reports\ogc2026_benchmark\full_hh_v007_repair_limitedfirst_train40_20260616_001\solutions\baseline_hh__v007_active\prob_29.solution.json,challenge_problem_OGC2026\reports\ogc2026_benchmark\full_hh_v007_repair_limitedfirst_train40_20260616_001\logs\baseline_hh__v007_active\prob_29.log,PASS objective=460256892.0 obj1=34368.0 obj2=4516 obj3=6716.0
2026-06-16T08:30:41,full_hh_v007_repair_limitedfirst_train40_20260616_001,baseline_hh,v007_active,challenge_problem_OGC2026\ogc2026\baseline\myalgorithm.py,prob_30.json,True,5,79766001.0,79766001.0,79766001.0,5921.0,5727,3992.0,14.195072,13.932901859283447,150,150,,challenge_problem_OGC2026\reports\ogc2026_benchmark\full_hh_v007_repair_limitedfirst_train40_20260616_001\solutions\baseline_hh__v007_active\prob_30.solution.json,challenge_problem_OGC2026\reports\ogc2026_benchmark\full_hh_v007_repair_limitedfirst_train40_20260616_001\logs\baseline_hh__v007_active\prob_30.log,PASS objective=79766001.0 obj1=5921.0 obj2=5727 obj3=3992.0
2026-06-16T08:30:41,full_hh_v007_repair_limitedfirst_train40_20260616_001,baseline_hh,v007_active,challenge_problem_OGC2026\ogc2026\baseline\myalgorithm.py,prob_31.json,True,5,167918994.0,167918994.0,167918994.0,12408.0,14962,9132.0,16.633313,16.381534576416016,200,200,,challenge_problem_OGC2026\reports\ogc2026_benchmark\full_hh_v007_repair_limitedfirst_train40_20260616_001\solutions\baseline_hh__v007_active\prob_31.solution.json,challenge_problem_OGC2026\reports\ogc2026_benchmark\full_hh_v007_repair_limitedfirst_train40_20260616_001\logs\baseline_hh__v007_active\prob_31.log,PASS objective=167918994.0 obj1=12408.0 obj2=14962 obj3=9132.0
2026-06-16T08:30:41,full_hh_v007_repair_limitedfirst_train40_20260616_001,baseline_hh,v007_active,challenge_problem_OGC2026\ogc2026\baseline\myalgorithm.py,prob_32.json,True,5,225918150.0,225918150.0,225918150.0,66570.0,2988,6709.0,8.713558,8.443247556686401,200,200,,challenge_problem_OGC2026\reports\ogc2026_benchmark\full_hh_v007_repair_limitedfirst_train40_20260616_001\solutions\baseline_hh__v007_active\prob_32.solution.json,challenge_problem_OGC2026\reports\ogc2026_benchmark\full_hh_v007_repair_limitedfirst_train40_20260616_001\logs\baseline_hh__v007_active\prob_32.log,PASS objective=225918150.0 obj1=66570.0 obj2=2988 obj3=6709.0
2026-06-16T08:30:41,full_hh_v007_repair_limitedfirst_train40_20260616_001,baseline_hh,v007_active,challenge_problem_OGC2026\ogc2026\baseline\myalgorithm.py,prob_33.json,True,5,68205807.0,68205807.0,68205807.0,10121.0,2260,4710.0,22.883977,22.520101308822632,200,200,,challenge_problem_OGC2026\reports\ogc2026_benchmark\full_hh_v007_repair_limitedfirst_train40_20260616_001\solutions\baseline_hh__v007_active\prob_33.solution.json,challenge_problem_OGC2026\reports\ogc2026_benchmark\full_hh_v007_repair_limitedfirst_train40_20260616_001\logs\baseline_hh__v007_active\prob_33.log,PASS objective=68205807.0 obj1=10121.0 obj2=2260 obj3=4710.0
2026-06-16T08:30:41,full_hh_v007_repair_limitedfirst_train40_20260616_001,baseline_hh,v007_active,challenge_problem_OGC2026\ogc2026\baseline\myalgorithm.py,prob_34.json,True,5,241558361.0,241558361.0,241558361.0,71172.0,4759,8084.0,10.631373,10.330595970153809,200,200,,challenge_problem_OGC2026\reports\ogc2026_benchmark\full_hh_v007_repair_limitedfirst_train40_20260616_001\solutions\baseline_hh__v007_active\prob_34.solution.json,challenge_problem_OGC2026\reports\ogc2026_benchmark\full_hh_v007_repair_limitedfirst_train40_20260616_001\logs\baseline_hh__v007_active\prob_34.log,PASS objective=241558361.0 obj1=71172.0 obj2=4759 obj3=8084.0
2026-06-16T08:30:41,full_hh_v007_repair_limitedfirst_train40_20260616_001,baseline_hh,v007_active,challenge_problem_OGC2026\ogc2026\baseline\myalgorithm.py,prob_35.json,True,5,885380201.0,885380201.0,885380201.0,66322.0,17645,6805.0,10.766765,10.52515196800232,200,200,,challenge_problem_OGC2026\reports\ogc2026_benchmark\full_hh_v007_repair_limitedfirst_train40_20260616_001\solutions\baseline_hh__v007_active\prob_35.solution.json,challenge_problem_OGC2026\reports\ogc2026_benchmark\full_hh_v007_repair_limitedfirst_train40_20260616_001\logs\baseline_hh__v007_active\prob_35.log,PASS objective=885380201.0 obj1=66322.0 obj2=17645 obj3=6805.0
2026-06-16T08:30:41,full_hh_v007_repair_limitedfirst_train40_20260616_001,baseline_hh,v007_active,challenge_problem_OGC2026\ogc2026\baseline\myalgorithm.py,prob_36.json,True,5,6733753.0,6733753.0,6733753.0,9917.0,5806,8716.0,28.966630,28.68781018257141,250,250,,challenge_problem_OGC2026\reports\ogc2026_benchmark\full_hh_v007_repair_limitedfirst_train40_20260616_001\solutions\baseline_hh__v007_active\prob_36.solution.json,challenge_problem_OGC2026\reports\ogc2026_benchmark\full_hh_v007_repair_limitedfirst_train40_20260616_001\logs\baseline_hh__v007_active\prob_36.log,PASS objective=6733753.0 obj1=9917.0 obj2=5806 obj3=8716.0
2026-06-16T08:30:41,full_hh_v007_repair_limitedfirst_train40_20260616_001,baseline_hh,v007_active,challenge_problem_OGC2026\ogc2026\baseline\myalgorithm.py,prob_37.json,True,5,43627528.0,43627528.0,43627528.0,12048.0,9436,5723.0,33.732080,33.4840886592865,250,250,,challenge_problem_OGC2026\reports\ogc2026_benchmark\full_hh_v007_repair_limitedfirst_train40_20260616_001\solutions\baseline_hh__v007_active\prob_37.solution.json,challenge_problem_OGC2026\reports\ogc2026_benchmark\full_hh_v007_repair_limitedfirst_train40_20260616_001\logs\baseline_hh__v007_active\prob_37.log,PASS objective=43627528.0 obj1=12048.0 obj2=9436 obj3=5723.0
2026-06-16T08:30:41,full_hh_v007_repair_limitedfirst_train40_20260616_001,baseline_hh,v007_active,challenge_problem_OGC2026\ogc2026\baseline\myalgorithm.py,prob_38.json,True,5,381212966.0,381212966.0,381212966.0,28428.0,8221,7220.0,30.525756,30.268560886383057,250,250,,challenge_problem_OGC2026\reports\ogc2026_benchmark\full_hh_v007_repair_limitedfirst_train40_20260616_001\solutions\baseline_hh__v007_active\prob_38.solution.json,challenge_problem_OGC2026\reports\ogc2026_benchmark\full_hh_v007_repair_limitedfirst_train40_20260616_001\logs\baseline_hh__v007_active\prob_38.log,PASS objective=381212966.0 obj1=28428.0 obj2=8221 obj3=7220.0
2026-06-16T08:30:41,full_hh_v007_repair_limitedfirst_train40_20260616_001,baseline_hh,v007_active,challenge_problem_OGC2026\ogc2026\baseline\myalgorithm.py,prob_39.json,True,5,156987682.0,156987682.0,156987682.0,11692.0,5124,7185.0,33.826759,33.55721712112427,250,250,,challenge_problem_OGC2026\reports\ogc2026_benchmark\full_hh_v007_repair_limitedfirst_train40_20260616_001\solutions\baseline_hh__v007_active\prob_39.solution.json,challenge_problem_OGC2026\reports\ogc2026_benchmark\full_hh_v007_repair_limitedfirst_train40_20260616_001\logs\baseline_hh__v007_active\prob_39.log,PASS objective=156987682.0 obj1=11692.0 obj2=5124 obj3=7185.0
2026-06-16T08:30:41,full_hh_v007_repair_limitedfirst_train40_20260616_001,baseline_hh,v007_active,challenge_problem_OGC2026\ogc2026\baseline\myalgorithm.py,prob_40.json,True,5,16475011.0,16475011.0,16475011.0,24518.0,9250,8635.0,35.576672,35.24208998680115,250,250,,challenge_problem_OGC2026\reports\ogc2026_benchmark\full_hh_v007_repair_limitedfirst_train40_20260616_001\solutions\baseline_hh__v007_active\prob_40.solution.json,challenge_problem_OGC2026\reports\ogc2026_benchmark\full_hh_v007_repair_limitedfirst_train40_20260616_001\logs\baseline_hh__v007_active\prob_40.log,PASS objective=16475011.0 obj1=24518.0 obj2=9250 obj3=8635.0
2026-06-16T08:46:51,smoke_hh_v007_expand_limitedfirst_20260616_001,baseline_hh,v007_active,challenge_problem_OGC2026\ogc2026\baseline\myalgorithm.py,prob_9.json,True,5,12566025.0,12566025.0,12566025.0,905.0,1382,3285.0,16.265288,15.580985307693481,200,200,,challenge_problem_OGC2026\reports\ogc2026_benchmark\smoke_hh_v007_expand_limitedfirst_20260616_001\solutions\baseline_hh__v007_active\prob_9.solution.json,challenge_problem_OGC2026\reports\ogc2026_benchmark\smoke_hh_v007_expand_limitedfirst_20260616_001\logs\baseline_hh__v007_active\prob_9.log,PASS objective=12566025.0 obj1=905.0 obj2=1382 obj3=3285.0
2026-06-16T08:46:51,smoke_hh_v007_expand_limitedfirst_20260616_001,baseline_hh,v007_active,challenge_problem_OGC2026\ogc2026\baseline\myalgorithm.py,prob_10.json,True,5,5667274.0,5667274.0,5667274.0,367.0,2615,2338.0,9.910942,9.620702743530273,200,200,,challenge_problem_OGC2026\reports\ogc2026_benchmark\smoke_hh_v007_expand_limitedfirst_20260616_001\solutions\baseline_hh__v007_active\prob_10.solution.json,challenge_problem_OGC2026\reports\ogc2026_benchmark\smoke_hh_v007_expand_limitedfirst_20260616_001\logs\baseline_hh__v007_active\prob_10.log,PASS objective=5667274.0 obj1=367.0 obj2=2615 obj3=2338.0
2026-06-16T08:46:51,smoke_hh_v007_expand_limitedfirst_20260616_001,baseline_hh,v007_active,challenge_problem_OGC2026\ogc2026\baseline\myalgorithm.py,prob_11.json,True,5,17214296.0,17214296.0,17214296.0,739.0,406,2407.0,9.599019,9.343392372131348,200,200,,challenge_problem_OGC2026\reports\ogc2026_benchmark\smoke_hh_v007_expand_limitedfirst_20260616_001\solutions\baseline_hh__v007_active\prob_11.solution.json,challenge_problem_OGC2026\reports\ogc2026_benchmark\smoke_hh_v007_expand_limitedfirst_20260616_001\logs\baseline_hh__v007_active\prob_11.log,PASS objective=17214296.0 obj1=739.0 obj2=406 obj3=2407.0
2026-06-16T08:46:51,smoke_hh_v007_expand_limitedfirst_20260616_001,baseline_hh,v007_active,challenge_problem_OGC2026\ogc2026\baseline\myalgorithm.py,prob_12.json,True,5,24481657.0,24481657.0,24481657.0,1096.0,7849,3042.0,8.223560,7.956004858016968,200,200,,challenge_problem_OGC2026\reports\ogc2026_benchmark\smoke_hh_v007_expand_limitedfirst_20260616_001\solutions\baseline_hh__v007_active\prob_12.solution.json,challenge_problem_OGC2026\reports\ogc2026_benchmark\smoke_hh_v007_expand_limitedfirst_20260616_001\logs\baseline_hh__v007_active\prob_12.log,PASS objective=24481657.0 obj1=1096.0 obj2=7849 obj3=3042.0
2026-06-16T08:46:51,smoke_hh_v007_expand_limitedfirst_20260616_001,baseline_hh,v007_active,challenge_problem_OGC2026\ogc2026\baseline\myalgorithm.py,prob_13.json,True,5,17775052.0,17775052.0,17775052.0,923.0,4445,4364.0,9.052483,8.779483795166016,250,250,,challenge_problem_OGC2026\reports\ogc2026_benchmark\smoke_hh_v007_expand_limitedfirst_20260616_001\solutions\baseline_hh__v007_active\prob_13.solution.json,challenge_problem_OGC2026\reports\ogc2026_benchmark\smoke_hh_v007_expand_limitedfirst_20260616_001\logs\baseline_hh__v007_active\prob_13.log,PASS objective=17775052.0 obj1=923.0 obj2=4445 obj3=4364.0
2026-06-16T08:46:51,smoke_hh_v007_expand_limitedfirst_20260616_001,baseline_hh,v007_active,challenge_problem_OGC2026\ogc2026\baseline\myalgorithm.py,prob_14.json,True,5,15772154.0,15772154.0,15772154.0,858.0,5439,3695.0,12.234894,11.935885906219482,250,250,,challenge_problem_OGC2026\reports\ogc2026_benchmark\smoke_hh_v007_expand_limitedfirst_20260616_001\solutions\baseline_hh__v007_active\prob_14.solution.json,challenge_problem_OGC2026\reports\ogc2026_benchmark\smoke_hh_v007_expand_limitedfirst_20260616_001\logs\baseline_hh__v007_active\prob_14.log,PASS objective=15772154.0 obj1=858.0 obj2=5439 obj3=3695.0
2026-06-16T08:46:51,smoke_hh_v007_expand_limitedfirst_20260616_001,baseline_hh,v007_active,challenge_problem_OGC2026\ogc2026\baseline\myalgorithm.py,prob_15.json,True,5,10860947.0,10860947.0,10860947.0,698.0,7085,3644.0,13.757246,13.34027910232544,250,250,,challenge_problem_OGC2026\reports\ogc2026_benchmark\smoke_hh_v007_expand_limitedfirst_20260616_001\solutions\baseline_hh__v007_active\prob_15.solution.json,challenge_problem_OGC2026\reports\ogc2026_benchmark\smoke_hh_v007_expand_limitedfirst_20260616_001\logs\baseline_hh__v007_active\prob_15.log,PASS objective=10860947.0 obj1=698.0 obj2=7085 obj3=3644.0
2026-06-16T08:46:51,smoke_hh_v007_expand_limitedfirst_20260616_001,baseline_hh,v007_active,challenge_problem_OGC2026\ogc2026\baseline\myalgorithm.py,prob_16.json,True,5,1135590.0,1135590.0,1135590.0,87.0,5577,2514.0,10.273620,9.820181846618652,250,250,,challenge_problem_OGC2026\reports\ogc2026_benchmark\smoke_hh_v007_expand_limitedfirst_20260616_001\solutions\baseline_hh__v007_active\prob_16.solution.json,challenge_problem_OGC2026\reports\ogc2026_benchmark\smoke_hh_v007_expand_limitedfirst_20260616_001\logs\baseline_hh__v007_active\prob_16.log,PASS objective=1135590.0 obj1=87.0 obj2=5577 obj3=2514.0
2026-06-16T08:46:51,smoke_hh_v007_expand_limitedfirst_20260616_001,baseline_hh,v007_active,challenge_problem_OGC2026\ogc2026\baseline\myalgorithm.py,prob_17.json,True,5,5992157.0,5992157.0,5992157.0,557.0,8880,4176.0,11.062040,10.772531986236572,300,300,,challenge_problem_OGC2026\reports\ogc2026_benchmark\smoke_hh_v007_expand_limitedfirst_20260616_001\solutions\baseline_hh__v007_active\prob_17.solution.json,challenge_problem_OGC2026\reports\ogc2026_benchmark\smoke_hh_v007_expand_limitedfirst_20260616_001\logs\baseline_hh__v007_active\prob_17.log,PASS objective=5992157.0 obj1=557.0 obj2=8880 obj3=4176.0
2026-06-16T08:46:51,smoke_hh_v007_expand_limitedfirst_20260616_001,baseline_hh,v007_active,challenge_problem_OGC2026\ogc2026\baseline\myalgorithm.py,prob_18.json,True,5,10869245.0,10869245.0,10869245.0,767.0,5165,4678.0,14.118918,13.832796812057495,300,300,,challenge_problem_OGC2026\reports\ogc2026_benchmark\smoke_hh_v007_expand_limitedfirst_20260616_001\solutions\baseline_hh__v007_active\prob_18.solution.json,challenge_problem_OGC2026\reports\ogc2026_benchmark\smoke_hh_v007_expand_limitedfirst_20260616_001\logs\baseline_hh__v007_active\prob_18.log,PASS objective=10869245.0 obj1=767.0 obj2=5165 obj3=4678.0
2026-06-16T08:46:51,smoke_hh_v007_expand_limitedfirst_20260616_001,baseline_hh,v007_active,challenge_problem_OGC2026\ogc2026\baseline\myalgorithm.py,prob_19.json,True,5,4728163.0,4728163.0,4728163.0,389.0,6222,4164.0,11.452336,11.191284418106079,300,300,,challenge_problem_OGC2026\reports\ogc2026_benchmark\smoke_hh_v007_expand_limitedfirst_20260616_001\solutions\baseline_hh__v007_active\prob_19.solution.json,challenge_problem_OGC2026\reports\ogc2026_benchmark\smoke_hh_v007_expand_limitedfirst_20260616_001\logs\baseline_hh__v007_active\prob_19.log,PASS objective=4728163.0 obj1=389.0 obj2=6222 obj3=4164.0
2026-06-16T08:46:51,smoke_hh_v007_expand_limitedfirst_20260616_001,baseline_hh,v007_active,challenge_problem_OGC2026\ogc2026\baseline\myalgorithm.py,prob_20.json,True,5,93275748.0,93275748.0,93275748.0,3478.0,6612,3906.0,12.916874,12.6282799243927,300,300,,challenge_problem_OGC2026\reports\ogc2026_benchmark\smoke_hh_v007_expand_limitedfirst_20260616_001\solutions\baseline_hh__v007_active\prob_20.solution.json,challenge_problem_OGC2026\reports\ogc2026_benchmark\smoke_hh_v007_expand_limitedfirst_20260616_001\logs\baseline_hh__v007_active\prob_20.log,PASS objective=93275748.0 obj1=3478.0 obj2=6612 obj3=3906.0
2026-06-16T08:46:51,smoke_hh_v007_expand_limitedfirst_20260616_001,baseline_hh,v007_active,challenge_problem_OGC2026\ogc2026\baseline\myalgorithm.py,prob_21.json,True,5,33738372.0,33738372.0,33738372.0,2494.0,2612,3065.0,3.709928,3.4837214946746826,100,100,,challenge_problem_OGC2026\reports\ogc2026_benchmark\smoke_hh_v007_expand_limitedfirst_20260616_001\solutions\baseline_hh__v007_active\prob_21.solution.json,challenge_problem_OGC2026\reports\ogc2026_benchmark\smoke_hh_v007_expand_limitedfirst_20260616_001\logs\baseline_hh__v007_active\prob_21.log,PASS objective=33738372.0 obj1=2494.0 obj2=2612 obj3=3065.0
2026-06-16T08:46:51,smoke_hh_v007_expand_limitedfirst_20260616_001,baseline_hh,v007_active,challenge_problem_OGC2026\ogc2026\baseline\myalgorithm.py,prob_23.json,True,5,51102508.0,51102508.0,51102508.0,3724.0,5256,2860.0,4.239959,4.047191143035889,100,100,,challenge_problem_OGC2026\reports\ogc2026_benchmark\smoke_hh_v007_expand_limitedfirst_20260616_001\solutions\baseline_hh__v007_active\prob_23.solution.json,challenge_problem_OGC2026\reports\ogc2026_benchmark\smoke_hh_v007_expand_limitedfirst_20260616_001\logs\baseline_hh__v007_active\prob_23.log,PASS objective=51102508.0 obj1=3724.0 obj2=5256 obj3=2860.0
2026-06-16T08:46:51,smoke_hh_v007_expand_limitedfirst_20260616_001,baseline_hh,v007_active,challenge_problem_OGC2026\ogc2026\baseline\myalgorithm.py,prob_25.json,True,5,4092045.0,4092045.0,4092045.0,6049.0,2722,2732.0,10.360764,9.35342264175415,100,100,,challenge_problem_OGC2026\reports\ogc2026_benchmark\smoke_hh_v007_expand_limitedfirst_20260616_001\solutions\baseline_hh__v007_active\prob_25.solution.json,challenge_problem_OGC2026\reports\ogc2026_benchmark\smoke_hh_v007_expand_limitedfirst_20260616_001\logs\baseline_hh__v007_active\prob_25.log,PASS objective=4092045.0 obj1=6049.0 obj2=2722 obj3=2732.0
2026-06-16T08:46:51,smoke_hh_v007_expand_limitedfirst_20260616_001,baseline_hh,v007_active,challenge_problem_OGC2026\ogc2026\baseline\myalgorithm.py,prob_29.json,True,5,42638448.0,42638448.0,42638448.0,3069.0,4657,5685.0,11.823866,11.321775197982788,150,150,,challenge_problem_OGC2026\reports\ogc2026_benchmark\smoke_hh_v007_expand_limitedfirst_20260616_001\solutions\baseline_hh__v007_active\prob_29.solution.json,challenge_problem_OGC2026\reports\ogc2026_benchmark\smoke_hh_v007_expand_limitedfirst_20260616_001\logs\baseline_hh__v007_active\prob_29.log,PASS objective=42638448.0 obj1=3069.0 obj2=4657 obj3=5685.0
2026-06-16T08:46:51,smoke_hh_v007_expand_limitedfirst_20260616_001,baseline_hh,v007_active,challenge_problem_OGC2026\ogc2026\baseline\myalgorithm.py,prob_32.json,True,5,28110690.0,28110690.0,28110690.0,7655.0,3435,4299.0,13.017395,12.712302684783936,200,200,,challenge_problem_OGC2026\reports\ogc2026_benchmark\smoke_hh_v007_expand_limitedfirst_20260616_001\solutions\baseline_hh__v007_active\prob_32.solution.json,challenge_problem_OGC2026\reports\ogc2026_benchmark\smoke_hh_v007_expand_limitedfirst_20260616_001\logs\baseline_hh__v007_active\prob_32.log,PASS objective=28110690.0 obj1=7655.0 obj2=3435 obj3=4299.0
2026-06-16T08:46:51,smoke_hh_v007_expand_limitedfirst_20260616_001,baseline_hh,v007_active,challenge_problem_OGC2026\ogc2026\baseline\myalgorithm.py,prob_34.json,True,5,25285101.0,25285101.0,25285101.0,6984.0,5047,3700.0,10.542297,10.24282169342041,200,200,,challenge_problem_OGC2026\reports\ogc2026_benchmark\smoke_hh_v007_expand_limitedfirst_20260616_001\solutions\baseline_hh__v007_active\prob_34.solution.json,challenge_problem_OGC2026\reports\ogc2026_benchmark\smoke_hh_v007_expand_limitedfirst_20260616_001\logs\baseline_hh__v007_active\prob_34.log,PASS objective=25285101.0 obj1=6984.0 obj2=5047 obj3=3700.0
2026-06-16T08:46:51,smoke_hh_v007_expand_limitedfirst_20260616_001,baseline_hh,v007_active,challenge_problem_OGC2026\ogc2026\baseline\myalgorithm.py,prob_35.json,True,5,92829615.0,92829615.0,92829615.0,6905.0,9770,4776.0,10.729566,10.407597541809082,200,200,,challenge_problem_OGC2026\reports\ogc2026_benchmark\smoke_hh_v007_expand_limitedfirst_20260616_001\solutions\baseline_hh__v007_active\prob_35.solution.json,challenge_problem_OGC2026\reports\ogc2026_benchmark\smoke_hh_v007_expand_limitedfirst_20260616_001\logs\baseline_hh__v007_active\prob_35.log,PASS objective=92829615.0 obj1=6905.0 obj2=9770 obj3=4776.0
2026-06-16T08:52:06,smoke_hh_v007_all_limitedfirst_last6_20260616_001,baseline_hh,v007_active,challenge_problem_OGC2026\ogc2026\baseline\myalgorithm.py,prob_1.json,True,5,28213016.0,28213016.0,28213016.0,957.0,1047,1828.0,9.016227,8.70535683631897,100,100,,challenge_problem_OGC2026\reports\ogc2026_benchmark\smoke_hh_v007_all_limitedfirst_last6_20260616_001\solutions\baseline_hh__v007_active\prob_1.solution.json,challenge_problem_OGC2026\reports\ogc2026_benchmark\smoke_hh_v007_all_limitedfirst_last6_20260616_001\logs\baseline_hh__v007_active\prob_1.log,PASS objective=28213016.0 obj1=957.0 obj2=1047 obj3=1828.0
2026-06-16T08:52:06,smoke_hh_v007_all_limitedfirst_last6_20260616_001,baseline_hh,v007_active,challenge_problem_OGC2026\ogc2026\baseline\myalgorithm.py,prob_4.json,True,5,7776376.0,7776376.0,7776376.0,334.0,1452,2228.0,9.073643,8.203495502471924,100,100,,challenge_problem_OGC2026\reports\ogc2026_benchmark\smoke_hh_v007_all_limitedfirst_last6_20260616_001\solutions\baseline_hh__v007_active\prob_4.solution.json,challenge_problem_OGC2026\reports\ogc2026_benchmark\smoke_hh_v007_all_limitedfirst_last6_20260616_001\logs\baseline_hh__v007_active\prob_4.log,PASS objective=7776376.0 obj1=334.0 obj2=1452 obj3=2228.0
2026-06-16T08:52:06,smoke_hh_v007_all_limitedfirst_last6_20260616_001,baseline_hh,v007_active,challenge_problem_OGC2026\ogc2026\baseline\myalgorithm.py,prob_5.json,True,5,7702074.0,7702074.0,7702074.0,451.0,9032,2819.0,6.787402,6.48097562789917,150,150,,challenge_problem_OGC2026\reports\ogc2026_benchmark\smoke_hh_v007_all_limitedfirst_last6_20260616_001\solutions\baseline_hh__v007_active\prob_5.solution.json,challenge_problem_OGC2026\reports\ogc2026_benchmark\smoke_hh_v007_all_limitedfirst_last6_20260616_001\logs\baseline_hh__v007_active\prob_5.log,PASS objective=7702074.0 obj1=451.0 obj2=9032 obj3=2819.0
2026-06-16T08:52:06,smoke_hh_v007_all_limitedfirst_last6_20260616_001,baseline_hh,v007_active,challenge_problem_OGC2026\ogc2026\baseline\myalgorithm.py,prob_6.json,True,5,34053978.0,34053978.0,34053978.0,1131.0,3714,3443.0,7.509778,7.2555155754089355,150,150,,challenge_problem_OGC2026\reports\ogc2026_benchmark\smoke_hh_v007_all_limitedfirst_last6_20260616_001\solutions\baseline_hh__v007_active\prob_6.solution.json,challenge_problem_OGC2026\reports\ogc2026_benchmark\smoke_hh_v007_all_limitedfirst_last6_20260616_001\logs\baseline_hh__v007_active\prob_6.log,PASS objective=34053978.0 obj1=1131.0 obj2=3714 obj3=3443.0
2026-06-16T08:52:06,smoke_hh_v007_all_limitedfirst_last6_20260616_001,baseline_hh,v007_active,challenge_problem_OGC2026\ogc2026\baseline\myalgorithm.py,prob_22.json,True,5,22087703.0,22087703.0,22087703.0,1540.0,6561,3838.0,5.626936,5.377842903137207,100,100,,challenge_problem_OGC2026\reports\ogc2026_benchmark\smoke_hh_v007_all_limitedfirst_last6_20260616_001\solutions\baseline_hh__v007_active\prob_22.solution.json,challenge_problem_OGC2026\reports\ogc2026_benchmark\smoke_hh_v007_all_limitedfirst_last6_20260616_001\logs\baseline_hh__v007_active\prob_22.log,PASS objective=22087703.0 obj1=1540.0 obj2=6561 obj3=3838.0
2026-06-16T08:52:06,smoke_hh_v007_all_limitedfirst_last6_20260616_001,baseline_hh,v007_active,challenge_problem_OGC2026\ogc2026\baseline\myalgorithm.py,prob_24.json,True,5,23636032.0,23636032.0,23636032.0,1724.0,2848,2119.0,8.347880,8.11527419090271,100,100,,challenge_problem_OGC2026\reports\ogc2026_benchmark\smoke_hh_v007_all_limitedfirst_last6_20260616_001\solutions\baseline_hh__v007_active\prob_24.solution.json,challenge_problem_OGC2026\reports\ogc2026_benchmark\smoke_hh_v007_all_limitedfirst_last6_20260616_001\logs\baseline_hh__v007_active\prob_24.log,PASS objective=23636032.0 obj1=1724.0 obj2=2848 obj3=2119.0
2026-06-16T08:53:06,full_hh_v007_all_limitedfirst_train40_20260616_001,baseline_hh,v007_active,challenge_problem_OGC2026\ogc2026\baseline\myalgorithm.py,prob_1.json,True,5,28213016.0,28213016.0,28213016.0,957.0,1047,1828.0,5.771335,5.525750160217285,100,100,,challenge_problem_OGC2026\reports\ogc2026_benchmark\full_hh_v007_all_limitedfirst_train40_20260616_001\solutions\baseline_hh__v007_active\prob_1.solution.json,challenge_problem_OGC2026\reports\ogc2026_benchmark\full_hh_v007_all_limitedfirst_train40_20260616_001\logs\baseline_hh__v007_active\prob_1.log,PASS objective=28213016.0 obj1=957.0 obj2=1047 obj3=1828.0
2026-06-16T08:53:06,full_hh_v007_all_limitedfirst_train40_20260616_001,baseline_hh,v007_active,challenge_problem_OGC2026\ogc2026\baseline\myalgorithm.py,prob_2.json,True,5,5071714.0,5071714.0,5071714.0,164.0,1039,1936.0,4.242564,4.023562669754028,100,100,,challenge_problem_OGC2026\reports\ogc2026_benchmark\full_hh_v007_all_limitedfirst_train40_20260616_001\solutions\baseline_hh__v007_active\prob_2.solution.json,challenge_problem_OGC2026\reports\ogc2026_benchmark\full_hh_v007_all_limitedfirst_train40_20260616_001\logs\baseline_hh__v007_active\prob_2.log,PASS objective=5071714.0 obj1=164.0 obj2=1039 obj3=1936.0
2026-06-16T08:53:06,full_hh_v007_all_limitedfirst_train40_20260616_001,baseline_hh,v007_active,challenge_problem_OGC2026\ogc2026\baseline\myalgorithm.py,prob_3.json,True,5,4359857.0,4359857.0,4359857.0,151.0,2084,2082.0,4.003279,3.800217390060425,100,100,,challenge_problem_OGC2026\reports\ogc2026_benchmark\full_hh_v007_all_limitedfirst_train40_20260616_001\solutions\baseline_hh__v007_active\prob_3.solution.json,challenge_problem_OGC2026\reports\ogc2026_benchmark\full_hh_v007_all_limitedfirst_train40_20260616_001\logs\baseline_hh__v007_active\prob_3.log,PASS objective=4359857.0 obj1=151.0 obj2=2084 obj3=2082.0
2026-06-16T08:53:06,full_hh_v007_all_limitedfirst_train40_20260616_001,baseline_hh,v007_active,challenge_problem_OGC2026\ogc2026\baseline\myalgorithm.py,prob_4.json,True,5,7776376.0,7776376.0,7776376.0,334.0,1452,2228.0,4.568208,4.371912717819214,100,100,,challenge_problem_OGC2026\reports\ogc2026_benchmark\full_hh_v007_all_limitedfirst_train40_20260616_001\solutions\baseline_hh__v007_active\prob_4.solution.json,challenge_problem_OGC2026\reports\ogc2026_benchmark\full_hh_v007_all_limitedfirst_train40_20260616_001\logs\baseline_hh__v007_active\prob_4.log,PASS objective=7776376.0 obj1=334.0 obj2=1452 obj3=2228.0
2026-06-16T08:53:06,full_hh_v007_all_limitedfirst_train40_20260616_001,baseline_hh,v007_active,challenge_problem_OGC2026\ogc2026\baseline\myalgorithm.py,prob_5.json,True,5,7702074.0,7702074.0,7702074.0,451.0,9032,2819.0,7.529284,7.086244821548462,150,150,,challenge_problem_OGC2026\reports\ogc2026_benchmark\full_hh_v007_all_limitedfirst_train40_20260616_001\solutions\baseline_hh__v007_active\prob_5.solution.json,challenge_problem_OGC2026\reports\ogc2026_benchmark\full_hh_v007_all_limitedfirst_train40_20260616_001\logs\baseline_hh__v007_active\prob_5.log,PASS objective=7702074.0 obj1=451.0 obj2=9032 obj3=2819.0
2026-06-16T08:53:06,full_hh_v007_all_limitedfirst_train40_20260616_001,baseline_hh,v007_active,challenge_problem_OGC2026\ogc2026\baseline\myalgorithm.py,prob_6.json,True,5,34053978.0,34053978.0,34053978.0,1131.0,3714,3443.0,11.748392,10.977949142456055,150,150,,challenge_problem_OGC2026\reports\ogc2026_benchmark\full_hh_v007_all_limitedfirst_train40_20260616_001\solutions\baseline_hh__v007_active\prob_6.solution.json,challenge_problem_OGC2026\reports\ogc2026_benchmark\full_hh_v007_all_limitedfirst_train40_20260616_001\logs\baseline_hh__v007_active\prob_6.log,PASS objective=34053978.0 obj1=1131.0 obj2=3714 obj3=3443.0
2026-06-16T08:53:06,full_hh_v007_all_limitedfirst_train40_20260616_001,baseline_hh,v007_active,challenge_problem_OGC2026\ogc2026\baseline\myalgorithm.py,prob_7.json,True,5,9436227.0,9436227.0,9436227.0,503.0,6999,2966.0,8.056375,7.767486572265625,150,150,,challenge_problem_OGC2026\reports\ogc2026_benchmark\full_hh_v007_all_limitedfirst_train40_20260616_001\solutions\baseline_hh__v007_active\prob_7.solution.json,challenge_problem_OGC2026\reports\ogc2026_benchmark\full_hh_v007_all_limitedfirst_train40_20260616_001\logs\baseline_hh__v007_active\prob_7.log,PASS objective=9436227.0 obj1=503.0 obj2=6999 obj3=2966.0
2026-06-16T08:53:06,full_hh_v007_all_limitedfirst_train40_20260616_001,baseline_hh,v007_active,challenge_problem_OGC2026\ogc2026\baseline\myalgorithm.py,prob_8.json,True,5,799132.0,799132.0,799132.0,42.0,2283,1850.0,6.490041,6.235411167144775,150,150,,challenge_problem_OGC2026\reports\ogc2026_benchmark\full_hh_v007_all_limitedfirst_train40_20260616_001\solutions\baseline_hh__v007_active\prob_8.solution.json,challenge_problem_OGC2026\reports\ogc2026_benchmark\full_hh_v007_all_limitedfirst_train40_20260616_001\logs\baseline_hh__v007_active\prob_8.log,PASS objective=799132.0 obj1=42.0 obj2=2283 obj3=1850.0
2026-06-16T08:53:06,full_hh_v007_all_limitedfirst_train40_20260616_001,baseline_hh,v007_active,challenge_problem_OGC2026\ogc2026\baseline\myalgorithm.py,prob_9.json,True,5,12566025.0,12566025.0,12566025.0,905.0,1382,3285.0,10.423122,10.132675170898438,200,200,,challenge_problem_OGC2026\reports\ogc2026_benchmark\full_hh_v007_all_limitedfirst_train40_20260616_001\solutions\baseline_hh__v007_active\prob_9.solution.json,challenge_problem_OGC2026\reports\ogc2026_benchmark\full_hh_v007_all_limitedfirst_train40_20260616_001\logs\baseline_hh__v007_active\prob_9.log,PASS objective=12566025.0 obj1=905.0 obj2=1382 obj3=3285.0
2026-06-16T08:53:06,full_hh_v007_all_limitedfirst_train40_20260616_001,baseline_hh,v007_active,challenge_problem_OGC2026\ogc2026\baseline\myalgorithm.py,prob_10.json,True,5,5667274.0,5667274.0,5667274.0,367.0,2615,2338.0,8.101598,7.852344274520874,200,200,,challenge_problem_OGC2026\reports\ogc2026_benchmark\full_hh_v007_all_limitedfirst_train40_20260616_001\solutions\baseline_hh__v007_active\prob_10.solution.json,challenge_problem_OGC2026\reports\ogc2026_benchmark\full_hh_v007_all_limitedfirst_train40_20260616_001\logs\baseline_hh__v007_active\prob_10.log,PASS objective=5667274.0 obj1=367.0 obj2=2615 obj3=2338.0
2026-06-16T08:53:06,full_hh_v007_all_limitedfirst_train40_20260616_001,baseline_hh,v007_active,challenge_problem_OGC2026\ogc2026\baseline\myalgorithm.py,prob_11.json,True,5,17214296.0,17214296.0,17214296.0,739.0,406,2407.0,8.475344,8.239601373672485,200,200,,challenge_problem_OGC2026\reports\ogc2026_benchmark\full_hh_v007_all_limitedfirst_train40_20260616_001\solutions\baseline_hh__v007_active\prob_11.solution.json,challenge_problem_OGC2026\reports\ogc2026_benchmark\full_hh_v007_all_limitedfirst_train40_20260616_001\logs\baseline_hh__v007_active\prob_11.log,PASS objective=17214296.0 obj1=739.0 obj2=406 obj3=2407.0
2026-06-16T08:53:06,full_hh_v007_all_limitedfirst_train40_20260616_001,baseline_hh,v007_active,challenge_problem_OGC2026\ogc2026\baseline\myalgorithm.py,prob_12.json,True,5,24481657.0,24481657.0,24481657.0,1096.0,7849,3042.0,7.727008,7.495793104171753,200,200,,challenge_problem_OGC2026\reports\ogc2026_benchmark\full_hh_v007_all_limitedfirst_train40_20260616_001\solutions\baseline_hh__v007_active\prob_12.solution.json,challenge_problem_OGC2026\reports\ogc2026_benchmark\full_hh_v007_all_limitedfirst_train40_20260616_001\logs\baseline_hh__v007_active\prob_12.log,PASS objective=24481657.0 obj1=1096.0 obj2=7849 obj3=3042.0
2026-06-16T08:53:06,full_hh_v007_all_limitedfirst_train40_20260616_001,baseline_hh,v007_active,challenge_problem_OGC2026\ogc2026\baseline\myalgorithm.py,prob_13.json,True,5,17775052.0,17775052.0,17775052.0,923.0,4445,4364.0,8.750487,8.490679740905762,250,250,,challenge_problem_OGC2026\reports\ogc2026_benchmark\full_hh_v007_all_limitedfirst_train40_20260616_001\solutions\baseline_hh__v007_active\prob_13.solution.json,challenge_problem_OGC2026\reports\ogc2026_benchmark\full_hh_v007_all_limitedfirst_train40_20260616_001\logs\baseline_hh__v007_active\prob_13.log,PASS objective=17775052.0 obj1=923.0 obj2=4445 obj3=4364.0
2026-06-16T08:53:06,full_hh_v007_all_limitedfirst_train40_20260616_001,baseline_hh,v007_active,challenge_problem_OGC2026\ogc2026\baseline\myalgorithm.py,prob_14.json,True,5,15772154.0,15772154.0,15772154.0,858.0,5439,3695.0,10.185310,9.950559616088867,250,250,,challenge_problem_OGC2026\reports\ogc2026_benchmark\full_hh_v007_all_limitedfirst_train40_20260616_001\solutions\baseline_hh__v007_active\prob_14.solution.json,challenge_problem_OGC2026\reports\ogc2026_benchmark\full_hh_v007_all_limitedfirst_train40_20260616_001\logs\baseline_hh__v007_active\prob_14.log,PASS objective=15772154.0 obj1=858.0 obj2=5439 obj3=3695.0
2026-06-16T08:53:06,full_hh_v007_all_limitedfirst_train40_20260616_001,baseline_hh,v007_active,challenge_problem_OGC2026\ogc2026\baseline\myalgorithm.py,prob_15.json,True,5,10860947.0,10860947.0,10860947.0,698.0,7085,3644.0,14.909903,14.527035236358643,250,250,,challenge_problem_OGC2026\reports\ogc2026_benchmark\full_hh_v007_all_limitedfirst_train40_20260616_001\solutions\baseline_hh__v007_active\prob_15.solution.json,challenge_problem_OGC2026\reports\ogc2026_benchmark\full_hh_v007_all_limitedfirst_train40_20260616_001\logs\baseline_hh__v007_active\prob_15.log,PASS objective=10860947.0 obj1=698.0 obj2=7085 obj3=3644.0
2026-06-16T08:53:06,full_hh_v007_all_limitedfirst_train40_20260616_001,baseline_hh,v007_active,challenge_problem_OGC2026\ogc2026\baseline\myalgorithm.py,prob_16.json,True,5,1135590.0,1135590.0,1135590.0,87.0,5577,2514.0,11.482164,10.837688446044922,250,250,,challenge_problem_OGC2026\reports\ogc2026_benchmark\full_hh_v007_all_limitedfirst_train40_20260616_001\solutions\baseline_hh__v007_active\prob_16.solution.json,challenge_problem_OGC2026\reports\ogc2026_benchmark\full_hh_v007_all_limitedfirst_train40_20260616_001\logs\baseline_hh__v007_active\prob_16.log,PASS objective=1135590.0 obj1=87.0 obj2=5577 obj3=2514.0
2026-06-16T08:53:06,full_hh_v007_all_limitedfirst_train40_20260616_001,baseline_hh,v007_active,challenge_problem_OGC2026\ogc2026\baseline\myalgorithm.py,prob_17.json,True,5,5992157.0,5992157.0,5992157.0,557.0,8880,4176.0,12.257210,11.911469459533691,300,300,,challenge_problem_OGC2026\reports\ogc2026_benchmark\full_hh_v007_all_limitedfirst_train40_20260616_001\solutions\baseline_hh__v007_active\prob_17.solution.json,challenge_problem_OGC2026\reports\ogc2026_benchmark\full_hh_v007_all_limitedfirst_train40_20260616_001\logs\baseline_hh__v007_active\prob_17.log,PASS objective=5992157.0 obj1=557.0 obj2=8880 obj3=4176.0
2026-06-16T08:53:06,full_hh_v007_all_limitedfirst_train40_20260616_001,baseline_hh,v007_active,challenge_problem_OGC2026\ogc2026\baseline\myalgorithm.py,prob_18.json,True,5,10869245.0,10869245.0,10869245.0,767.0,5165,4678.0,14.107872,13.804181337356567,300,300,,challenge_problem_OGC2026\reports\ogc2026_benchmark\full_hh_v007_all_limitedfirst_train40_20260616_001\solutions\baseline_hh__v007_active\prob_18.solution.json,challenge_problem_OGC2026\reports\ogc2026_benchmark\full_hh_v007_all_limitedfirst_train40_20260616_001\logs\baseline_hh__v007_active\prob_18.log,PASS objective=10869245.0 obj1=767.0 obj2=5165 obj3=4678.0
2026-06-16T08:53:06,full_hh_v007_all_limitedfirst_train40_20260616_001,baseline_hh,v007_active,challenge_problem_OGC2026\ogc2026\baseline\myalgorithm.py,prob_19.json,True,5,4728163.0,4728163.0,4728163.0,389.0,6222,4164.0,11.644256,11.397932052612305,300,300,,challenge_problem_OGC2026\reports\ogc2026_benchmark\full_hh_v007_all_limitedfirst_train40_20260616_001\solutions\baseline_hh__v007_active\prob_19.solution.json,challenge_problem_OGC2026\reports\ogc2026_benchmark\full_hh_v007_all_limitedfirst_train40_20260616_001\logs\baseline_hh__v007_active\prob_19.log,PASS objective=4728163.0 obj1=389.0 obj2=6222 obj3=4164.0
2026-06-16T08:53:06,full_hh_v007_all_limitedfirst_train40_20260616_001,baseline_hh,v007_active,challenge_problem_OGC2026\ogc2026\baseline\myalgorithm.py,prob_20.json,True,5,93275748.0,93275748.0,93275748.0,3478.0,6612,3906.0,12.637932,12.386436223983765,300,300,,challenge_problem_OGC2026\reports\ogc2026_benchmark\full_hh_v007_all_limitedfirst_train40_20260616_001\solutions\baseline_hh__v007_active\prob_20.solution.json,challenge_problem_OGC2026\reports\ogc2026_benchmark\full_hh_v007_all_limitedfirst_train40_20260616_001\logs\baseline_hh__v007_active\prob_20.log,PASS objective=93275748.0 obj1=3478.0 obj2=6612 obj3=3906.0
2026-06-16T08:53:06,full_hh_v007_all_limitedfirst_train40_20260616_001,baseline_hh,v007_active,challenge_problem_OGC2026\ogc2026\baseline\myalgorithm.py,prob_21.json,True,5,33738372.0,33738372.0,33738372.0,2494.0,2612,3065.0,4.481275,4.262388467788696,100,100,,challenge_problem_OGC2026\reports\ogc2026_benchmark\full_hh_v007_all_limitedfirst_train40_20260616_001\solutions\baseline_hh__v007_active\prob_21.solution.json,challenge_problem_OGC2026\reports\ogc2026_benchmark\full_hh_v007_all_limitedfirst_train40_20260616_001\logs\baseline_hh__v007_active\prob_21.log,PASS objective=33738372.0 obj1=2494.0 obj2=2612 obj3=3065.0
2026-06-16T08:53:06,full_hh_v007_all_limitedfirst_train40_20260616_001,baseline_hh,v007_active,challenge_problem_OGC2026\ogc2026\baseline\myalgorithm.py,prob_22.json,True,5,22087703.0,22087703.0,22087703.0,1540.0,6561,3838.0,5.902148,5.573579549789429,100,100,,challenge_problem_OGC2026\reports\ogc2026_benchmark\full_hh_v007_all_limitedfirst_train40_20260616_001\solutions\baseline_hh__v007_active\prob_22.solution.json,challenge_problem_OGC2026\reports\ogc2026_benchmark\full_hh_v007_all_limitedfirst_train40_20260616_001\logs\baseline_hh__v007_active\prob_22.log,PASS objective=22087703.0 obj1=1540.0 obj2=6561 obj3=3838.0
2026-06-16T08:53:06,full_hh_v007_all_limitedfirst_train40_20260616_001,baseline_hh,v007_active,challenge_problem_OGC2026\ogc2026\baseline\myalgorithm.py,prob_23.json,True,5,51102508.0,51102508.0,51102508.0,3724.0,5256,2860.0,10.303308,9.722170352935791,100,100,,challenge_problem_OGC2026\reports\ogc2026_benchmark\full_hh_v007_all_limitedfirst_train40_20260616_001\solutions\baseline_hh__v007_active\prob_23.solution.json,challenge_problem_OGC2026\reports\ogc2026_benchmark\full_hh_v007_all_limitedfirst_train40_20260616_001\logs\baseline_hh__v007_active\prob_23.log,PASS objective=51102508.0 obj1=3724.0 obj2=5256 obj3=2860.0
2026-06-16T08:53:06,full_hh_v007_all_limitedfirst_train40_20260616_001,baseline_hh,v007_active,challenge_problem_OGC2026\ogc2026\baseline\myalgorithm.py,prob_24.json,True,5,23636032.0,23636032.0,23636032.0,1724.0,2848,2119.0,10.812194,10.49008297920227,100,100,,challenge_problem_OGC2026\reports\ogc2026_benchmark\full_hh_v007_all_limitedfirst_train40_20260616_001\solutions\baseline_hh__v007_active\prob_24.solution.json,challenge_problem_OGC2026\reports\ogc2026_benchmark\full_hh_v007_all_limitedfirst_train40_20260616_001\logs\baseline_hh__v007_active\prob_24.log,PASS objective=23636032.0 obj1=1724.0 obj2=2848 obj3=2119.0
2026-06-16T08:53:06,full_hh_v007_all_limitedfirst_train40_20260616_001,baseline_hh,v007_active,challenge_problem_OGC2026\ogc2026\baseline\myalgorithm.py,prob_25.json,True,5,4092045.0,4092045.0,4092045.0,6049.0,2722,2732.0,6.271219,6.0489702224731445,100,100,,challenge_problem_OGC2026\reports\ogc2026_benchmark\full_hh_v007_all_limitedfirst_train40_20260616_001\solutions\baseline_hh__v007_active\prob_25.solution.json,challenge_problem_OGC2026\reports\ogc2026_benchmark\full_hh_v007_all_limitedfirst_train40_20260616_001\logs\baseline_hh__v007_active\prob_25.log,PASS objective=4092045.0 obj1=6049.0 obj2=2722 obj3=2732.0
2026-06-16T08:53:06,full_hh_v007_all_limitedfirst_train40_20260616_001,baseline_hh,v007_active,challenge_problem_OGC2026\ogc2026\baseline\myalgorithm.py,prob_26.json,True,5,78506692.0,78506692.0,78506692.0,5832.0,6448,4690.0,10.271621,9.976319313049316,150,150,,challenge_problem_OGC2026\reports\ogc2026_benchmark\full_hh_v007_all_limitedfirst_train40_20260616_001\solutions\baseline_hh__v007_active\prob_26.solution.json,challenge_problem_OGC2026\reports\ogc2026_benchmark\full_hh_v007_all_limitedfirst_train40_20260616_001\logs\baseline_hh__v007_active\prob_26.log,PASS objective=78506692.0 obj1=5832.0 obj2=6448 obj3=4690.0
2026-06-16T08:53:06,full_hh_v007_all_limitedfirst_train40_20260616_001,baseline_hh,v007_active,challenge_problem_OGC2026\ogc2026\baseline\myalgorithm.py,prob_27.json,True,5,190545253.0,190545253.0,190545253.0,14127.0,5781,5446.0,7.787153,7.536850690841675,150,150,,challenge_problem_OGC2026\reports\ogc2026_benchmark\full_hh_v007_all_limitedfirst_train40_20260616_001\solutions\baseline_hh__v007_active\prob_27.solution.json,challenge_problem_OGC2026\reports\ogc2026_benchmark\full_hh_v007_all_limitedfirst_train40_20260616_001\logs\baseline_hh__v007_active\prob_27.log,PASS objective=190545253.0 obj1=14127.0 obj2=5781 obj3=5446.0
2026-06-16T08:53:06,full_hh_v007_all_limitedfirst_train40_20260616_001,baseline_hh,v007_active,challenge_problem_OGC2026\ogc2026\baseline\myalgorithm.py,prob_28.json,True,5,72755511.0,72755511.0,72755511.0,5364.0,4733,4077.0,7.506031,7.2644360065460205,150,150,,challenge_problem_OGC2026\reports\ogc2026_benchmark\full_hh_v007_all_limitedfirst_train40_20260616_001\solutions\baseline_hh__v007_active\prob_28.solution.json,challenge_problem_OGC2026\reports\ogc2026_benchmark\full_hh_v007_all_limitedfirst_train40_20260616_001\logs\baseline_hh__v007_active\prob_28.log,PASS objective=72755511.0 obj1=5364.0 obj2=4733 obj3=4077.0
2026-06-16T08:53:06,full_hh_v007_all_limitedfirst_train40_20260616_001,baseline_hh,v007_active,challenge_problem_OGC2026\ogc2026\baseline\myalgorithm.py,prob_29.json,True,5,42638448.0,42638448.0,42638448.0,3069.0,4657,5685.0,8.096172,7.8612425327301025,150,150,,challenge_problem_OGC2026\reports\ogc2026_benchmark\full_hh_v007_all_limitedfirst_train40_20260616_001\solutions\baseline_hh__v007_active\prob_29.solution.json,challenge_problem_OGC2026\reports\ogc2026_benchmark\full_hh_v007_all_limitedfirst_train40_20260616_001\logs\baseline_hh__v007_active\prob_29.log,PASS objective=42638448.0 obj1=3069.0 obj2=4657 obj3=5685.0
2026-06-16T08:53:06,full_hh_v007_all_limitedfirst_train40_20260616_001,baseline_hh,v007_active,challenge_problem_OGC2026\ogc2026\baseline\myalgorithm.py,prob_30.json,True,5,79766001.0,79766001.0,79766001.0,5921.0,5727,3992.0,7.409058,7.167731046676636,150,150,,challenge_problem_OGC2026\reports\ogc2026_benchmark\full_hh_v007_all_limitedfirst_train40_20260616_001\solutions\baseline_hh__v007_active\prob_30.solution.json,challenge_problem_OGC2026\reports\ogc2026_benchmark\full_hh_v007_all_limitedfirst_train40_20260616_001\logs\baseline_hh__v007_active\prob_30.log,PASS objective=79766001.0 obj1=5921.0 obj2=5727 obj3=3992.0
2026-06-16T08:53:06,full_hh_v007_all_limitedfirst_train40_20260616_001,baseline_hh,v007_active,challenge_problem_OGC2026\ogc2026\baseline\myalgorithm.py,prob_31.json,True,5,167918994.0,167918994.0,167918994.0,12408.0,14962,9132.0,8.268904,8.04621148109436,200,200,,challenge_problem_OGC2026\reports\ogc2026_benchmark\full_hh_v007_all_limitedfirst_train40_20260616_001\solutions\baseline_hh__v007_active\prob_31.solution.json,challenge_problem_OGC2026\reports\ogc2026_benchmark\full_hh_v007_all_limitedfirst_train40_20260616_001\logs\baseline_hh__v007_active\prob_31.log,PASS objective=167918994.0 obj1=12408.0 obj2=14962 obj3=9132.0
2026-06-16T08:53:06,full_hh_v007_all_limitedfirst_train40_20260616_001,baseline_hh,v007_active,challenge_problem_OGC2026\ogc2026\baseline\myalgorithm.py,prob_32.json,True,5,28110690.0,28110690.0,28110690.0,7655.0,3435,4299.0,9.085637,8.74450135231018,200,200,,challenge_problem_OGC2026\reports\ogc2026_benchmark\full_hh_v007_all_limitedfirst_train40_20260616_001\solutions\baseline_hh__v007_active\prob_32.solution.json,challenge_problem_OGC2026\reports\ogc2026_benchmark\full_hh_v007_all_limitedfirst_train40_20260616_001\logs\baseline_hh__v007_active\prob_32.log,PASS objective=28110690.0 obj1=7655.0 obj2=3435 obj3=4299.0
2026-06-16T08:53:06,full_hh_v007_all_limitedfirst_train40_20260616_001,baseline_hh,v007_active,challenge_problem_OGC2026\ogc2026\baseline\myalgorithm.py,prob_33.json,True,5,68205807.0,68205807.0,68205807.0,10121.0,2260,4710.0,18.121351,17.164543390274048,200,200,,challenge_problem_OGC2026\reports\ogc2026_benchmark\full_hh_v007_all_limitedfirst_train40_20260616_001\solutions\baseline_hh__v007_active\prob_33.solution.json,challenge_problem_OGC2026\reports\ogc2026_benchmark\full_hh_v007_all_limitedfirst_train40_20260616_001\logs\baseline_hh__v007_active\prob_33.log,PASS objective=68205807.0 obj1=10121.0 obj2=2260 obj3=4710.0
2026-06-16T08:53:06,full_hh_v007_all_limitedfirst_train40_20260616_001,baseline_hh,v007_active,challenge_problem_OGC2026\ogc2026\baseline\myalgorithm.py,prob_34.json,True,5,25285101.0,25285101.0,25285101.0,6984.0,5047,3700.0,12.323338,12.020709037780762,200,200,,challenge_problem_OGC2026\reports\ogc2026_benchmark\full_hh_v007_all_limitedfirst_train40_20260616_001\solutions\baseline_hh__v007_active\prob_34.solution.json,challenge_problem_OGC2026\reports\ogc2026_benchmark\full_hh_v007_all_limitedfirst_train40_20260616_001\logs\baseline_hh__v007_active\prob_34.log,PASS objective=25285101.0 obj1=6984.0 obj2=5047 obj3=3700.0
2026-06-16T08:53:06,full_hh_v007_all_limitedfirst_train40_20260616_001,baseline_hh,v007_active,challenge_problem_OGC2026\ogc2026\baseline\myalgorithm.py,prob_35.json,True,5,92829615.0,92829615.0,92829615.0,6905.0,9770,4776.0,12.012093,11.758056163787842,200,200,,challenge_problem_OGC2026\reports\ogc2026_benchmark\full_hh_v007_all_limitedfirst_train40_20260616_001\solutions\baseline_hh__v007_active\prob_35.solution.json,challenge_problem_OGC2026\reports\ogc2026_benchmark\full_hh_v007_all_limitedfirst_train40_20260616_001\logs\baseline_hh__v007_active\prob_35.log,PASS objective=92829615.0 obj1=6905.0 obj2=9770 obj3=4776.0
2026-06-16T08:53:06,full_hh_v007_all_limitedfirst_train40_20260616_001,baseline_hh,v007_active,challenge_problem_OGC2026\ogc2026\baseline\myalgorithm.py,prob_36.json,True,5,6733753.0,6733753.0,6733753.0,9917.0,5806,8716.0,13.357621,13.09394097328186,250,250,,challenge_problem_OGC2026\reports\ogc2026_benchmark\full_hh_v007_all_limitedfirst_train40_20260616_001\solutions\baseline_hh__v007_active\prob_36.solution.json,challenge_problem_OGC2026\reports\ogc2026_benchmark\full_hh_v007_all_limitedfirst_train40_20260616_001\logs\baseline_hh__v007_active\prob_36.log,PASS objective=6733753.0 obj1=9917.0 obj2=5806 obj3=8716.0
2026-06-16T08:53:06,full_hh_v007_all_limitedfirst_train40_20260616_001,baseline_hh,v007_active,challenge_problem_OGC2026\ogc2026\baseline\myalgorithm.py,prob_37.json,True,5,43627528.0,43627528.0,43627528.0,12048.0,9436,5723.0,10.592050,10.354621171951294,250,250,,challenge_problem_OGC2026\reports\ogc2026_benchmark\full_hh_v007_all_limitedfirst_train40_20260616_001\solutions\baseline_hh__v007_active\prob_37.solution.json,challenge_problem_OGC2026\reports\ogc2026_benchmark\full_hh_v007_all_limitedfirst_train40_20260616_001\logs\baseline_hh__v007_active\prob_37.log,PASS objective=43627528.0 obj1=12048.0 obj2=9436 obj3=5723.0
2026-06-16T08:53:06,full_hh_v007_all_limitedfirst_train40_20260616_001,baseline_hh,v007_active,challenge_problem_OGC2026\ogc2026\baseline\myalgorithm.py,prob_38.json,True,5,381212966.0,381212966.0,381212966.0,28428.0,8221,7220.0,12.997985,12.720563411712646,250,250,,challenge_problem_OGC2026\reports\ogc2026_benchmark\full_hh_v007_all_limitedfirst_train40_20260616_001\solutions\baseline_hh__v007_active\prob_38.solution.json,challenge_problem_OGC2026\reports\ogc2026_benchmark\full_hh_v007_all_limitedfirst_train40_20260616_001\logs\baseline_hh__v007_active\prob_38.log,PASS objective=381212966.0 obj1=28428.0 obj2=8221 obj3=7220.0
2026-06-16T08:53:06,full_hh_v007_all_limitedfirst_train40_20260616_001,baseline_hh,v007_active,challenge_problem_OGC2026\ogc2026\baseline\myalgorithm.py,prob_39.json,True,5,156987682.0,156987682.0,156987682.0,11692.0,5124,7185.0,18.946089,18.65202260017395,250,250,,challenge_problem_OGC2026\reports\ogc2026_benchmark\full_hh_v007_all_limitedfirst_train40_20260616_001\solutions\baseline_hh__v007_active\prob_39.solution.json,challenge_problem_OGC2026\reports\ogc2026_benchmark\full_hh_v007_all_limitedfirst_train40_20260616_001\logs\baseline_hh__v007_active\prob_39.log,PASS objective=156987682.0 obj1=11692.0 obj2=5124 obj3=7185.0
2026-06-16T08:53:06,full_hh_v007_all_limitedfirst_train40_20260616_001,baseline_hh,v007_active,challenge_problem_OGC2026\ogc2026\baseline\myalgorithm.py,prob_40.json,True,5,16475011.0,16475011.0,16475011.0,24518.0,9250,8635.0,22.409116,22.05186939239502,250,250,,challenge_problem_OGC2026\reports\ogc2026_benchmark\full_hh_v007_all_limitedfirst_train40_20260616_001\solutions\baseline_hh__v007_active\prob_40.solution.json,challenge_problem_OGC2026\reports\ogc2026_benchmark\full_hh_v007_all_limitedfirst_train40_20260616_001\logs\baseline_hh__v007_active\prob_40.log,PASS objective=16475011.0 obj1=24518.0 obj2=9250 obj3=8635.0
2026-06-16T09:56:23,smoke_hh_v007_order_targets_20260616_001,baseline_hh,v007_active,challenge_problem_OGC2026\ogc2026\baseline\myalgorithm.py,prob_27.json,True,5,179946961.0,179946961.0,179946961.0,13357.0,4240,4624.0,10.435400,10.14093017578125,150,150,,challenge_problem_OGC2026\reports\ogc2026_benchmark\smoke_hh_v007_order_targets_20260616_001\solutions\baseline_hh__v007_active\prob_27.solution.json,challenge_problem_OGC2026\reports\ogc2026_benchmark\smoke_hh_v007_order_targets_20260616_001\logs\baseline_hh__v007_active\prob_27.log,PASS objective=179946961.0 obj1=13357.0 obj2=4240 obj3=4624.0
2026-06-16T09:56:23,smoke_hh_v007_order_targets_20260616_001,baseline_hh,v007_active,challenge_problem_OGC2026\ogc2026\baseline\myalgorithm.py,prob_32.json,True,5,26591361.0,26591361.0,26591361.0,7192.0,3885,4335.0,14.829671,14.510320901870728,200,200,,challenge_problem_OGC2026\reports\ogc2026_benchmark\smoke_hh_v007_order_targets_20260616_001\solutions\baseline_hh__v007_active\prob_32.solution.json,challenge_problem_OGC2026\reports\ogc2026_benchmark\smoke_hh_v007_order_targets_20260616_001\logs\baseline_hh__v007_active\prob_32.log,PASS objective=26591361.0 obj1=7192.0 obj2=3885 obj3=4335.0
2026-06-16T09:56:23,smoke_hh_v007_order_targets_20260616_001,baseline_hh,v007_active,challenge_problem_OGC2026\ogc2026\baseline\myalgorithm.py,prob_34.json,True,5,24930832.0,24930832.0,24930832.0,6797.0,2511,4238.0,19.142097,18.830856323242188,200,200,,challenge_problem_OGC2026\reports\ogc2026_benchmark\smoke_hh_v007_order_targets_20260616_001\solutions\baseline_hh__v007_active\prob_34.solution.json,challenge_problem_OGC2026\reports\ogc2026_benchmark\smoke_hh_v007_order_targets_20260616_001\logs\baseline_hh__v007_active\prob_34.log,PASS objective=24930832.0 obj1=6797.0 obj2=2511 obj3=4238.0
2026-06-16T09:56:23,smoke_hh_v007_order_targets_20260616_001,baseline_hh,v007_active,challenge_problem_OGC2026\ogc2026\baseline\myalgorithm.py,prob_36.json,True,5,6558829.0,6558829.0,6558829.0,9656.0,5034,8711.0,22.689471,22.209856748580933,250,250,,challenge_problem_OGC2026\reports\ogc2026_benchmark\smoke_hh_v007_order_targets_20260616_001\solutions\baseline_hh__v007_active\prob_36.solution.json,challenge_problem_OGC2026\reports\ogc2026_benchmark\smoke_hh_v007_order_targets_20260616_001\logs\baseline_hh__v007_active\prob_36.log,PASS objective=6558829.0 obj1=9656.0 obj2=5034 obj3=8711.0
2026-06-16T09:56:23,smoke_hh_v007_order_targets_20260616_001,baseline_hh,v007_active,challenge_problem_OGC2026\ogc2026\baseline\myalgorithm.py,prob_37.json,True,5,42396163.0,42396163.0,42396163.0,11675.0,17647,5688.0,15.578193,15.208680868148804,250,250,,challenge_problem_OGC2026\reports\ogc2026_benchmark\smoke_hh_v007_order_targets_20260616_001\solutions\baseline_hh__v007_active\prob_37.solution.json,challenge_problem_OGC2026\reports\ogc2026_benchmark\smoke_hh_v007_order_targets_20260616_001\logs\baseline_hh__v007_active\prob_37.log,PASS objective=42396163.0 obj1=11675.0 obj2=17647 obj3=5688.0
2026-06-16T09:56:23,smoke_hh_v007_order_targets_20260616_001,baseline_hh,v007_active,challenge_problem_OGC2026\ogc2026\baseline\myalgorithm.py,prob_38.json,True,5,361653468.0,361653468.0,361653468.0,26976.0,10980,6535.0,17.723775,17.38974142074585,250,250,,challenge_problem_OGC2026\reports\ogc2026_benchmark\smoke_hh_v007_order_targets_20260616_001\solutions\baseline_hh__v007_active\prob_38.solution.json,challenge_problem_OGC2026\reports\ogc2026_benchmark\smoke_hh_v007_order_targets_20260616_001\logs\baseline_hh__v007_active\prob_38.log,PASS objective=361653468.0 obj1=26976.0 obj2=10980 obj3=6535.0
2026-06-16T09:56:23,smoke_hh_v007_order_targets_20260616_001,baseline_hh,v007_active,challenge_problem_OGC2026\ogc2026\baseline\myalgorithm.py,prob_39.json,True,5,137331679.0,137331679.0,137331679.0,10223.0,2480,6790.0,15.159585,14.837029457092285,250,250,,challenge_problem_OGC2026\reports\ogc2026_benchmark\smoke_hh_v007_order_targets_20260616_001\solutions\baseline_hh__v007_active\prob_39.solution.json,challenge_problem_OGC2026\reports\ogc2026_benchmark\smoke_hh_v007_order_targets_20260616_001\logs\baseline_hh__v007_active\prob_39.log,PASS objective=137331679.0 obj1=10223.0 obj2=2480 obj3=6790.0
2026-06-16T09:59:07,full_hh_v007_ordered_train40_20260616_001,baseline_hh,v007_active,challenge_problem_OGC2026\ogc2026\baseline\myalgorithm.py,prob_1.json,True,5,28213016.0,28213016.0,28213016.0,957.0,1047,1828.0,10.811553,10.414333820343018,100,100,,challenge_problem_OGC2026\reports\ogc2026_benchmark\full_hh_v007_ordered_train40_20260616_001\solutions\baseline_hh__v007_active\prob_1.solution.json,challenge_problem_OGC2026\reports\ogc2026_benchmark\full_hh_v007_ordered_train40_20260616_001\logs\baseline_hh__v007_active\prob_1.log,PASS objective=28213016.0 obj1=957.0 obj2=1047 obj3=1828.0
2026-06-16T09:59:07,full_hh_v007_ordered_train40_20260616_001,baseline_hh,v007_active,challenge_problem_OGC2026\ogc2026\baseline\myalgorithm.py,prob_2.json,True,5,5071714.0,5071714.0,5071714.0,164.0,1039,1936.0,7.064119,6.682020664215088,100,100,,challenge_problem_OGC2026\reports\ogc2026_benchmark\full_hh_v007_ordered_train40_20260616_001\solutions\baseline_hh__v007_active\prob_2.solution.json,challenge_problem_OGC2026\reports\ogc2026_benchmark\full_hh_v007_ordered_train40_20260616_001\logs\baseline_hh__v007_active\prob_2.log,PASS objective=5071714.0 obj1=164.0 obj2=1039 obj3=1936.0
2026-06-16T09:59:07,full_hh_v007_ordered_train40_20260616_001,baseline_hh,v007_active,challenge_problem_OGC2026\ogc2026\baseline\myalgorithm.py,prob_3.json,True,5,4359857.0,4359857.0,4359857.0,151.0,2084,2082.0,6.044445,5.772192001342773,100,100,,challenge_problem_OGC2026\reports\ogc2026_benchmark\full_hh_v007_ordered_train40_20260616_001\solutions\baseline_hh__v007_active\prob_3.solution.json,challenge_problem_OGC2026\reports\ogc2026_benchmark\full_hh_v007_ordered_train40_20260616_001\logs\baseline_hh__v007_active\prob_3.log,PASS objective=4359857.0 obj1=151.0 obj2=2084 obj3=2082.0
2026-06-16T09:59:07,full_hh_v007_ordered_train40_20260616_001,baseline_hh,v007_active,challenge_problem_OGC2026\ogc2026\baseline\myalgorithm.py,prob_4.json,True,5,7776376.0,7776376.0,7776376.0,334.0,1452,2228.0,6.616897,6.340355634689331,100,100,,challenge_problem_OGC2026\reports\ogc2026_benchmark\full_hh_v007_ordered_train40_20260616_001\solutions\baseline_hh__v007_active\prob_4.solution.json,challenge_problem_OGC2026\reports\ogc2026_benchmark\full_hh_v007_ordered_train40_20260616_001\logs\baseline_hh__v007_active\prob_4.log,PASS objective=7776376.0 obj1=334.0 obj2=1452 obj3=2228.0
2026-06-16T09:59:07,full_hh_v007_ordered_train40_20260616_001,baseline_hh,v007_active,challenge_problem_OGC2026\ogc2026\baseline\myalgorithm.py,prob_5.json,True,5,7702074.0,7702074.0,7702074.0,451.0,9032,2819.0,7.248475,6.9790873527526855,150,150,,challenge_problem_OGC2026\reports\ogc2026_benchmark\full_hh_v007_ordered_train40_20260616_001\solutions\baseline_hh__v007_active\prob_5.solution.json,challenge_problem_OGC2026\reports\ogc2026_benchmark\full_hh_v007_ordered_train40_20260616_001\logs\baseline_hh__v007_active\prob_5.log,PASS objective=7702074.0 obj1=451.0 obj2=9032 obj3=2819.0
2026-06-16T09:59:07,full_hh_v007_ordered_train40_20260616_001,baseline_hh,v007_active,challenge_problem_OGC2026\ogc2026\baseline\myalgorithm.py,prob_6.json,True,5,34053978.0,34053978.0,34053978.0,1131.0,3714,3443.0,8.683475,8.358063459396362,150,150,,challenge_problem_OGC2026\reports\ogc2026_benchmark\full_hh_v007_ordered_train40_20260616_001\solutions\baseline_hh__v007_active\prob_6.solution.json,challenge_problem_OGC2026\reports\ogc2026_benchmark\full_hh_v007_ordered_train40_20260616_001\logs\baseline_hh__v007_active\prob_6.log,PASS objective=34053978.0 obj1=1131.0 obj2=3714 obj3=3443.0
2026-06-16T09:59:07,full_hh_v007_ordered_train40_20260616_001,baseline_hh,v007_active,challenge_problem_OGC2026\ogc2026\baseline\myalgorithm.py,prob_7.json,True,5,9436227.0,9436227.0,9436227.0,503.0,6999,2966.0,8.603232,8.274031162261963,150,150,,challenge_problem_OGC2026\reports\ogc2026_benchmark\full_hh_v007_ordered_train40_20260616_001\solutions\baseline_hh__v007_active\prob_7.solution.json,challenge_problem_OGC2026\reports\ogc2026_benchmark\full_hh_v007_ordered_train40_20260616_001\logs\baseline_hh__v007_active\prob_7.log,PASS objective=9436227.0 obj1=503.0 obj2=6999 obj3=2966.0
2026-06-16T09:59:07,full_hh_v007_ordered_train40_20260616_001,baseline_hh,v007_active,challenge_problem_OGC2026\ogc2026\baseline\myalgorithm.py,prob_8.json,True,5,799132.0,799132.0,799132.0,42.0,2283,1850.0,7.066055,6.804356813430786,150,150,,challenge_problem_OGC2026\reports\ogc2026_benchmark\full_hh_v007_ordered_train40_20260616_001\solutions\baseline_hh__v007_active\prob_8.solution.json,challenge_problem_OGC2026\reports\ogc2026_benchmark\full_hh_v007_ordered_train40_20260616_001\logs\baseline_hh__v007_active\prob_8.log,PASS objective=799132.0 obj1=42.0 obj2=2283 obj3=1850.0
2026-06-16T09:59:07,full_hh_v007_ordered_train40_20260616_001,baseline_hh,v007_active,challenge_problem_OGC2026\ogc2026\baseline\myalgorithm.py,prob_9.json,True,5,12566025.0,12566025.0,12566025.0,905.0,1382,3285.0,10.184266,9.916085481643677,200,200,,challenge_problem_OGC2026\reports\ogc2026_benchmark\full_hh_v007_ordered_train40_20260616_001\solutions\baseline_hh__v007_active\prob_9.solution.json,challenge_problem_OGC2026\reports\ogc2026_benchmark\full_hh_v007_ordered_train40_20260616_001\logs\baseline_hh__v007_active\prob_9.log,PASS objective=12566025.0 obj1=905.0 obj2=1382 obj3=3285.0
2026-06-16T09:59:07,full_hh_v007_ordered_train40_20260616_001,baseline_hh,v007_active,challenge_problem_OGC2026\ogc2026\baseline\myalgorithm.py,prob_10.json,True,5,5667274.0,5667274.0,5667274.0,367.0,2615,2338.0,8.544122,8.251035928726196,200,200,,challenge_problem_OGC2026\reports\ogc2026_benchmark\full_hh_v007_ordered_train40_20260616_001\solutions\baseline_hh__v007_active\prob_10.solution.json,challenge_problem_OGC2026\reports\ogc2026_benchmark\full_hh_v007_ordered_train40_20260616_001\logs\baseline_hh__v007_active\prob_10.log,PASS objective=5667274.0 obj1=367.0 obj2=2615 obj3=2338.0
2026-06-16T09:59:07,full_hh_v007_ordered_train40_20260616_001,baseline_hh,v007_active,challenge_problem_OGC2026\ogc2026\baseline\myalgorithm.py,prob_11.json,True,5,17214296.0,17214296.0,17214296.0,739.0,406,2407.0,13.130443,12.614173412322998,200,200,,challenge_problem_OGC2026\reports\ogc2026_benchmark\full_hh_v007_ordered_train40_20260616_001\solutions\baseline_hh__v007_active\prob_11.solution.json,challenge_problem_OGC2026\reports\ogc2026_benchmark\full_hh_v007_ordered_train40_20260616_001\logs\baseline_hh__v007_active\prob_11.log,PASS objective=17214296.0 obj1=739.0 obj2=406 obj3=2407.0
2026-06-16T09:59:07,full_hh_v007_ordered_train40_20260616_001,baseline_hh,v007_active,challenge_problem_OGC2026\ogc2026\baseline\myalgorithm.py,prob_12.json,True,5,24481657.0,24481657.0,24481657.0,1096.0,7849,3042.0,15.576516,14.749174356460571,200,200,,challenge_problem_OGC2026\reports\ogc2026_benchmark\full_hh_v007_ordered_train40_20260616_001\solutions\baseline_hh__v007_active\prob_12.solution.json,challenge_problem_OGC2026\reports\ogc2026_benchmark\full_hh_v007_ordered_train40_20260616_001\logs\baseline_hh__v007_active\prob_12.log,PASS objective=24481657.0 obj1=1096.0 obj2=7849 obj3=3042.0
2026-06-16T09:59:07,full_hh_v007_ordered_train40_20260616_001,baseline_hh,v007_active,challenge_problem_OGC2026\ogc2026\baseline\myalgorithm.py,prob_13.json,True,5,17775052.0,17775052.0,17775052.0,923.0,4445,4364.0,12.675291,12.341872930526733,250,250,,challenge_problem_OGC2026\reports\ogc2026_benchmark\full_hh_v007_ordered_train40_20260616_001\solutions\baseline_hh__v007_active\prob_13.solution.json,challenge_problem_OGC2026\reports\ogc2026_benchmark\full_hh_v007_ordered_train40_20260616_001\logs\baseline_hh__v007_active\prob_13.log,PASS objective=17775052.0 obj1=923.0 obj2=4445 obj3=4364.0
2026-06-16T09:59:07,full_hh_v007_ordered_train40_20260616_001,baseline_hh,v007_active,challenge_problem_OGC2026\ogc2026\baseline\myalgorithm.py,prob_14.json,True,5,15772154.0,15772154.0,15772154.0,858.0,5439,3695.0,15.459081,15.07392692565918,250,250,,challenge_problem_OGC2026\reports\ogc2026_benchmark\full_hh_v007_ordered_train40_20260616_001\solutions\baseline_hh__v007_active\prob_14.solution.json,challenge_problem_OGC2026\reports\ogc2026_benchmark\full_hh_v007_ordered_train40_20260616_001\logs\baseline_hh__v007_active\prob_14.log,PASS objective=15772154.0 obj1=858.0 obj2=5439 obj3=3695.0
2026-06-16T09:59:07,full_hh_v007_ordered_train40_20260616_001,baseline_hh,v007_active,challenge_problem_OGC2026\ogc2026\baseline\myalgorithm.py,prob_15.json,True,5,10860947.0,10860947.0,10860947.0,698.0,7085,3644.0,11.294097,11.030675172805786,250,250,,challenge_problem_OGC2026\reports\ogc2026_benchmark\full_hh_v007_ordered_train40_20260616_001\solutions\baseline_hh__v007_active\prob_15.solution.json,challenge_problem_OGC2026\reports\ogc2026_benchmark\full_hh_v007_ordered_train40_20260616_001\logs\baseline_hh__v007_active\prob_15.log,PASS objective=10860947.0 obj1=698.0 obj2=7085 obj3=3644.0
2026-06-16T09:59:07,full_hh_v007_ordered_train40_20260616_001,baseline_hh,v007_active,challenge_problem_OGC2026\ogc2026\baseline\myalgorithm.py,prob_16.json,True,5,1135590.0,1135590.0,1135590.0,87.0,5577,2514.0,7.141887,6.865190505981445,250,250,,challenge_problem_OGC2026\reports\ogc2026_benchmark\full_hh_v007_ordered_train40_20260616_001\solutions\baseline_hh__v007_active\prob_16.solution.json,challenge_problem_OGC2026\reports\ogc2026_benchmark\full_hh_v007_ordered_train40_20260616_001\logs\baseline_hh__v007_active\prob_16.log,PASS objective=1135590.0 obj1=87.0 obj2=5577 obj3=2514.0
2026-06-16T09:59:07,full_hh_v007_ordered_train40_20260616_001,baseline_hh,v007_active,challenge_problem_OGC2026\ogc2026\baseline\myalgorithm.py,prob_17.json,True,5,5992157.0,5992157.0,5992157.0,557.0,8880,4176.0,10.325132,10.055177688598633,300,300,,challenge_problem_OGC2026\reports\ogc2026_benchmark\full_hh_v007_ordered_train40_20260616_001\solutions\baseline_hh__v007_active\prob_17.solution.json,challenge_problem_OGC2026\reports\ogc2026_benchmark\full_hh_v007_ordered_train40_20260616_001\logs\baseline_hh__v007_active\prob_17.log,PASS objective=5992157.0 obj1=557.0 obj2=8880 obj3=4176.0
2026-06-16T09:59:07,full_hh_v007_ordered_train40_20260616_001,baseline_hh,v007_active,challenge_problem_OGC2026\ogc2026\baseline\myalgorithm.py,prob_18.json,True,5,10869245.0,10869245.0,10869245.0,767.0,5165,4678.0,14.697130,14.118401527404785,300,300,,challenge_problem_OGC2026\reports\ogc2026_benchmark\full_hh_v007_ordered_train40_20260616_001\solutions\baseline_hh__v007_active\prob_18.solution.json,challenge_problem_OGC2026\reports\ogc2026_benchmark\full_hh_v007_ordered_train40_20260616_001\logs\baseline_hh__v007_active\prob_18.log,PASS objective=10869245.0 obj1=767.0 obj2=5165 obj3=4678.0
2026-06-16T09:59:07,full_hh_v007_ordered_train40_20260616_001,baseline_hh,v007_active,challenge_problem_OGC2026\ogc2026\baseline\myalgorithm.py,prob_19.json,True,5,4728163.0,4728163.0,4728163.0,389.0,6222,4164.0,13.573151,13.070625305175781,300,300,,challenge_problem_OGC2026\reports\ogc2026_benchmark\full_hh_v007_ordered_train40_20260616_001\solutions\baseline_hh__v007_active\prob_19.solution.json,challenge_problem_OGC2026\reports\ogc2026_benchmark\full_hh_v007_ordered_train40_20260616_001\logs\baseline_hh__v007_active\prob_19.log,PASS objective=4728163.0 obj1=389.0 obj2=6222 obj3=4164.0
2026-06-16T09:59:07,full_hh_v007_ordered_train40_20260616_001,baseline_hh,v007_active,challenge_problem_OGC2026\ogc2026\baseline\myalgorithm.py,prob_20.json,True,5,93275748.0,93275748.0,93275748.0,3478.0,6612,3906.0,24.518392,23.547990322113037,300,300,,challenge_problem_OGC2026\reports\ogc2026_benchmark\full_hh_v007_ordered_train40_20260616_001\solutions\baseline_hh__v007_active\prob_20.solution.json,challenge_problem_OGC2026\reports\ogc2026_benchmark\full_hh_v007_ordered_train40_20260616_001\logs\baseline_hh__v007_active\prob_20.log,PASS objective=93275748.0 obj1=3478.0 obj2=6612 obj3=3906.0
2026-06-16T09:59:07,full_hh_v007_ordered_train40_20260616_001,baseline_hh,v007_active,challenge_problem_OGC2026\ogc2026\baseline\myalgorithm.py,prob_21.json,True,5,33738372.0,33738372.0,33738372.0,2494.0,2612,3065.0,6.320288,6.036756992340088,100,100,,challenge_problem_OGC2026\reports\ogc2026_benchmark\full_hh_v007_ordered_train40_20260616_001\solutions\baseline_hh__v007_active\prob_21.solution.json,challenge_problem_OGC2026\reports\ogc2026_benchmark\full_hh_v007_ordered_train40_20260616_001\logs\baseline_hh__v007_active\prob_21.log,PASS objective=33738372.0 obj1=2494.0 obj2=2612 obj3=3065.0
2026-06-16T09:59:07,full_hh_v007_ordered_train40_20260616_001,baseline_hh,v007_active,challenge_problem_OGC2026\ogc2026\baseline\myalgorithm.py,prob_22.json,True,5,22087703.0,22087703.0,22087703.0,1540.0,6561,3838.0,6.722354,6.4570019245147705,100,100,,challenge_problem_OGC2026\reports\ogc2026_benchmark\full_hh_v007_ordered_train40_20260616_001\solutions\baseline_hh__v007_active\prob_22.solution.json,challenge_problem_OGC2026\reports\ogc2026_benchmark\full_hh_v007_ordered_train40_20260616_001\logs\baseline_hh__v007_active\prob_22.log,PASS objective=22087703.0 obj1=1540.0 obj2=6561 obj3=3838.0
2026-06-16T09:59:07,full_hh_v007_ordered_train40_20260616_001,baseline_hh,v007_active,challenge_problem_OGC2026\ogc2026\baseline\myalgorithm.py,prob_23.json,True,5,51102508.0,51102508.0,51102508.0,3724.0,5256,2860.0,6.641044,6.380760192871094,100,100,,challenge_problem_OGC2026\reports\ogc2026_benchmark\full_hh_v007_ordered_train40_20260616_001\solutions\baseline_hh__v007_active\prob_23.solution.json,challenge_problem_OGC2026\reports\ogc2026_benchmark\full_hh_v007_ordered_train40_20260616_001\logs\baseline_hh__v007_active\prob_23.log,PASS objective=51102508.0 obj1=3724.0 obj2=5256 obj3=2860.0
2026-06-16T09:59:07,full_hh_v007_ordered_train40_20260616_001,baseline_hh,v007_active,challenge_problem_OGC2026\ogc2026\baseline\myalgorithm.py,prob_24.json,True,5,23636032.0,23636032.0,23636032.0,1724.0,2848,2119.0,8.889676,8.63075852394104,100,100,,challenge_problem_OGC2026\reports\ogc2026_benchmark\full_hh_v007_ordered_train40_20260616_001\solutions\baseline_hh__v007_active\prob_24.solution.json,challenge_problem_OGC2026\reports\ogc2026_benchmark\full_hh_v007_ordered_train40_20260616_001\logs\baseline_hh__v007_active\prob_24.log,PASS objective=23636032.0 obj1=1724.0 obj2=2848 obj3=2119.0
2026-06-16T09:59:07,full_hh_v007_ordered_train40_20260616_001,baseline_hh,v007_active,challenge_problem_OGC2026\ogc2026\baseline\myalgorithm.py,prob_25.json,True,5,4092045.0,4092045.0,4092045.0,6049.0,2722,2732.0,6.064886,5.8384668827056885,100,100,,challenge_problem_OGC2026\reports\ogc2026_benchmark\full_hh_v007_ordered_train40_20260616_001\solutions\baseline_hh__v007_active\prob_25.solution.json,challenge_problem_OGC2026\reports\ogc2026_benchmark\full_hh_v007_ordered_train40_20260616_001\logs\baseline_hh__v007_active\prob_25.log,PASS objective=4092045.0 obj1=6049.0 obj2=2722 obj3=2732.0
2026-06-16T09:59:07,full_hh_v007_ordered_train40_20260616_001,baseline_hh,v007_active,challenge_problem_OGC2026\ogc2026\baseline\myalgorithm.py,prob_26.json,True,5,78506692.0,78506692.0,78506692.0,5832.0,6448,4690.0,10.462528,10.204605102539062,150,150,,challenge_problem_OGC2026\reports\ogc2026_benchmark\full_hh_v007_ordered_train40_20260616_001\solutions\baseline_hh__v007_active\prob_26.solution.json,challenge_problem_OGC2026\reports\ogc2026_benchmark\full_hh_v007_ordered_train40_20260616_001\logs\baseline_hh__v007_active\prob_26.log,PASS objective=78506692.0 obj1=5832.0 obj2=6448 obj3=4690.0
2026-06-16T09:59:07,full_hh_v007_ordered_train40_20260616_001,baseline_hh,v007_active,challenge_problem_OGC2026\ogc2026\baseline\myalgorithm.py,prob_27.json,True,5,179946961.0,179946961.0,179946961.0,13357.0,4240,4624.0,8.420218,8.18146800994873,150,150,,challenge_problem_OGC2026\reports\ogc2026_benchmark\full_hh_v007_ordered_train40_20260616_001\solutions\baseline_hh__v007_active\prob_27.solution.json,challenge_problem_OGC2026\reports\ogc2026_benchmark\full_hh_v007_ordered_train40_20260616_001\logs\baseline_hh__v007_active\prob_27.log,PASS objective=179946961.0 obj1=13357.0 obj2=4240 obj3=4624.0
2026-06-16T09:59:07,full_hh_v007_ordered_train40_20260616_001,baseline_hh,v007_active,challenge_problem_OGC2026\ogc2026\baseline\myalgorithm.py,prob_28.json,True,5,72755511.0,72755511.0,72755511.0,5364.0,4733,4077.0,7.976803,7.744147300720215,150,150,,challenge_problem_OGC2026\reports\ogc2026_benchmark\full_hh_v007_ordered_train40_20260616_001\solutions\baseline_hh__v007_active\prob_28.solution.json,challenge_problem_OGC2026\reports\ogc2026_benchmark\full_hh_v007_ordered_train40_20260616_001\logs\baseline_hh__v007_active\prob_28.log,PASS objective=72755511.0 obj1=5364.0 obj2=4733 obj3=4077.0
2026-06-16T09:59:07,full_hh_v007_ordered_train40_20260616_001,baseline_hh,v007_active,challenge_problem_OGC2026\ogc2026\baseline\myalgorithm.py,prob_29.json,True,5,42638448.0,42638448.0,42638448.0,3069.0,4657,5685.0,8.207001,7.926552772521973,150,150,,challenge_problem_OGC2026\reports\ogc2026_benchmark\full_hh_v007_ordered_train40_20260616_001\solutions\baseline_hh__v007_active\prob_29.solution.json,challenge_problem_OGC2026\reports\ogc2026_benchmark\full_hh_v007_ordered_train40_20260616_001\logs\baseline_hh__v007_active\prob_29.log,PASS objective=42638448.0 obj1=3069.0 obj2=4657 obj3=5685.0
2026-06-16T09:59:07,full_hh_v007_ordered_train40_20260616_001,baseline_hh,v007_active,challenge_problem_OGC2026\ogc2026\baseline\myalgorithm.py,prob_30.json,True,5,79766001.0,79766001.0,79766001.0,5921.0,5727,3992.0,14.428210,14.059839725494385,150,150,,challenge_problem_OGC2026\reports\ogc2026_benchmark\full_hh_v007_ordered_train40_20260616_001\solutions\baseline_hh__v007_active\prob_30.solution.json,challenge_problem_OGC2026\reports\ogc2026_benchmark\full_hh_v007_ordered_train40_20260616_001\logs\baseline_hh__v007_active\prob_30.log,PASS objective=79766001.0 obj1=5921.0 obj2=5727 obj3=3992.0
2026-06-16T09:59:07,full_hh_v007_ordered_train40_20260616_001,baseline_hh,v007_active,challenge_problem_OGC2026\ogc2026\baseline\myalgorithm.py,prob_31.json,True,5,167918994.0,167918994.0,167918994.0,12408.0,14962,9132.0,15.420000,14.818607330322266,200,200,,challenge_problem_OGC2026\reports\ogc2026_benchmark\full_hh_v007_ordered_train40_20260616_001\solutions\baseline_hh__v007_active\prob_31.solution.json,challenge_problem_OGC2026\reports\ogc2026_benchmark\full_hh_v007_ordered_train40_20260616_001\logs\baseline_hh__v007_active\prob_31.log,PASS objective=167918994.0 obj1=12408.0 obj2=14962 obj3=9132.0
2026-06-16T09:59:07,full_hh_v007_ordered_train40_20260616_001,baseline_hh,v007_active,challenge_problem_OGC2026\ogc2026\baseline\myalgorithm.py,prob_32.json,True,5,26591361.0,26591361.0,26591361.0,7192.0,3885,4335.0,15.776226,15.466405630111694,200,200,,challenge_problem_OGC2026\reports\ogc2026_benchmark\full_hh_v007_ordered_train40_20260616_001\solutions\baseline_hh__v007_active\prob_32.solution.json,challenge_problem_OGC2026\reports\ogc2026_benchmark\full_hh_v007_ordered_train40_20260616_001\logs\baseline_hh__v007_active\prob_32.log,PASS objective=26591361.0 obj1=7192.0 obj2=3885 obj3=4335.0
2026-06-16T09:59:07,full_hh_v007_ordered_train40_20260616_001,baseline_hh,v007_active,challenge_problem_OGC2026\ogc2026\baseline\myalgorithm.py,prob_33.json,True,5,68205807.0,68205807.0,68205807.0,10121.0,2260,4710.0,12.872343,12.584794044494629,200,200,,challenge_problem_OGC2026\reports\ogc2026_benchmark\full_hh_v007_ordered_train40_20260616_001\solutions\baseline_hh__v007_active\prob_33.solution.json,challenge_problem_OGC2026\reports\ogc2026_benchmark\full_hh_v007_ordered_train40_20260616_001\logs\baseline_hh__v007_active\prob_33.log,PASS objective=68205807.0 obj1=10121.0 obj2=2260 obj3=4710.0
2026-06-16T09:59:07,full_hh_v007_ordered_train40_20260616_001,baseline_hh,v007_active,challenge_problem_OGC2026\ogc2026\baseline\myalgorithm.py,prob_34.json,True,5,24930832.0,24930832.0,24930832.0,6797.0,2511,4238.0,11.341262,11.082302331924438,200,200,,challenge_problem_OGC2026\reports\ogc2026_benchmark\full_hh_v007_ordered_train40_20260616_001\solutions\baseline_hh__v007_active\prob_34.solution.json,challenge_problem_OGC2026\reports\ogc2026_benchmark\full_hh_v007_ordered_train40_20260616_001\logs\baseline_hh__v007_active\prob_34.log,PASS objective=24930832.0 obj1=6797.0 obj2=2511 obj3=4238.0
2026-06-16T09:59:07,full_hh_v007_ordered_train40_20260616_001,baseline_hh,v007_active,challenge_problem_OGC2026\ogc2026\baseline\myalgorithm.py,prob_35.json,True,5,92829615.0,92829615.0,92829615.0,6905.0,9770,4776.0,11.630555,11.356836318969727,200,200,,challenge_problem_OGC2026\reports\ogc2026_benchmark\full_hh_v007_ordered_train40_20260616_001\solutions\baseline_hh__v007_active\prob_35.solution.json,challenge_problem_OGC2026\reports\ogc2026_benchmark\full_hh_v007_ordered_train40_20260616_001\logs\baseline_hh__v007_active\prob_35.log,PASS objective=92829615.0 obj1=6905.0 obj2=9770 obj3=4776.0
2026-06-16T09:59:07,full_hh_v007_ordered_train40_20260616_001,baseline_hh,v007_active,challenge_problem_OGC2026\ogc2026\baseline\myalgorithm.py,prob_36.json,True,5,6732452.0,6732452.0,6732452.0,9918.0,5723,8571.0,14.144728,13.86448359489441,250,250,,challenge_problem_OGC2026\reports\ogc2026_benchmark\full_hh_v007_ordered_train40_20260616_001\solutions\baseline_hh__v007_active\prob_36.solution.json,challenge_problem_OGC2026\reports\ogc2026_benchmark\full_hh_v007_ordered_train40_20260616_001\logs\baseline_hh__v007_active\prob_36.log,PASS objective=6732452.0 obj1=9918.0 obj2=5723 obj3=8571.0
2026-06-16T09:59:07,full_hh_v007_ordered_train40_20260616_001,baseline_hh,v007_active,challenge_problem_OGC2026\ogc2026\baseline\myalgorithm.py,prob_37.json,True,5,42396163.0,42396163.0,42396163.0,11675.0,17647,5688.0,11.043512,10.791829586029053,250,250,,challenge_problem_OGC2026\reports\ogc2026_benchmark\full_hh_v007_ordered_train40_20260616_001\solutions\baseline_hh__v007_active\prob_37.solution.json,challenge_problem_OGC2026\reports\ogc2026_benchmark\full_hh_v007_ordered_train40_20260616_001\logs\baseline_hh__v007_active\prob_37.log,PASS objective=42396163.0 obj1=11675.0 obj2=17647 obj3=5688.0
2026-06-16T09:59:07,full_hh_v007_ordered_train40_20260616_001,baseline_hh,v007_active,challenge_problem_OGC2026\ogc2026\baseline\myalgorithm.py,prob_38.json,True,5,369336826.0,369336826.0,369336826.0,27550.0,10338,6640.0,22.414905,22.1443932056427,250,250,,challenge_problem_OGC2026\reports\ogc2026_benchmark\full_hh_v007_ordered_train40_20260616_001\solutions\baseline_hh__v007_active\prob_38.solution.json,challenge_problem_OGC2026\reports\ogc2026_benchmark\full_hh_v007_ordered_train40_20260616_001\logs\baseline_hh__v007_active\prob_38.log,PASS objective=369336826.0 obj1=27550.0 obj2=10338 obj3=6640.0
2026-06-16T09:59:07,full_hh_v007_ordered_train40_20260616_001,baseline_hh,v007_active,challenge_problem_OGC2026\ogc2026\baseline\myalgorithm.py,prob_39.json,True,5,137331679.0,137331679.0,137331679.0,10223.0,2480,6790.0,19.256087,18.913575172424316,250,250,,challenge_problem_OGC2026\reports\ogc2026_benchmark\full_hh_v007_ordered_train40_20260616_001\solutions\baseline_hh__v007_active\prob_39.solution.json,challenge_problem_OGC2026\reports\ogc2026_benchmark\full_hh_v007_ordered_train40_20260616_001\logs\baseline_hh__v007_active\prob_39.log,PASS objective=137331679.0 obj1=10223.0 obj2=2480 obj3=6790.0
2026-06-16T09:59:07,full_hh_v007_ordered_train40_20260616_001,baseline_hh,v007_active,challenge_problem_OGC2026\ogc2026\baseline\myalgorithm.py,prob_40.json,True,5,16475011.0,16475011.0,16475011.0,24518.0,9250,8635.0,20.683044,20.368512630462646,250,250,,challenge_problem_OGC2026\reports\ogc2026_benchmark\full_hh_v007_ordered_train40_20260616_001\solutions\baseline_hh__v007_active\prob_40.solution.json,challenge_problem_OGC2026\reports\ogc2026_benchmark\full_hh_v007_ordered_train40_20260616_001\logs\baseline_hh__v007_active\prob_40.log,PASS objective=16475011.0 obj1=24518.0 obj2=9250 obj3=8635.0
2026-06-16T10:08:58,smoke_hh_v007_order_targets_20260616_002,baseline_hh,v007_active,challenge_problem_OGC2026\ogc2026\baseline\myalgorithm.py,prob_27.json,True,5,179946961.0,179946961.0,179946961.0,13357.0,4240,4624.0,10.019779,9.74462080001831,150,150,,challenge_problem_OGC2026\reports\ogc2026_benchmark\smoke_hh_v007_order_targets_20260616_002\solutions\baseline_hh__v007_active\prob_27.solution.json,challenge_problem_OGC2026\reports\ogc2026_benchmark\smoke_hh_v007_order_targets_20260616_002\logs\baseline_hh__v007_active\prob_27.log,PASS objective=179946961.0 obj1=13357.0 obj2=4240 obj3=4624.0
2026-06-16T10:08:58,smoke_hh_v007_order_targets_20260616_002,baseline_hh,v007_active,challenge_problem_OGC2026\ogc2026\baseline\myalgorithm.py,prob_32.json,True,5,26591361.0,26591361.0,26591361.0,7192.0,3885,4335.0,14.769392,14.428071022033691,200,200,,challenge_problem_OGC2026\reports\ogc2026_benchmark\smoke_hh_v007_order_targets_20260616_002\solutions\baseline_hh__v007_active\prob_32.solution.json,challenge_problem_OGC2026\reports\ogc2026_benchmark\smoke_hh_v007_order_targets_20260616_002\logs\baseline_hh__v007_active\prob_32.log,PASS objective=26591361.0 obj1=7192.0 obj2=3885 obj3=4335.0
2026-06-16T10:08:58,smoke_hh_v007_order_targets_20260616_002,baseline_hh,v007_active,challenge_problem_OGC2026\ogc2026\baseline\myalgorithm.py,prob_34.json,True,5,24930832.0,24930832.0,24930832.0,6797.0,2511,4238.0,12.681073,12.40105128288269,200,200,,challenge_problem_OGC2026\reports\ogc2026_benchmark\smoke_hh_v007_order_targets_20260616_002\solutions\baseline_hh__v007_active\prob_34.solution.json,challenge_problem_OGC2026\reports\ogc2026_benchmark\smoke_hh_v007_order_targets_20260616_002\logs\baseline_hh__v007_active\prob_34.log,PASS objective=24930832.0 obj1=6797.0 obj2=2511 obj3=4238.0
2026-06-16T10:08:58,smoke_hh_v007_order_targets_20260616_002,baseline_hh,v007_active,challenge_problem_OGC2026\ogc2026\baseline\myalgorithm.py,prob_36.json,True,5,6733753.0,6733753.0,6733753.0,9917.0,5806,8716.0,16.573766,16.28168821334839,250,250,,challenge_problem_OGC2026\reports\ogc2026_benchmark\smoke_hh_v007_order_targets_20260616_002\solutions\baseline_hh__v007_active\prob_36.solution.json,challenge_problem_OGC2026\reports\ogc2026_benchmark\smoke_hh_v007_order_targets_20260616_002\logs\baseline_hh__v007_active\prob_36.log,PASS objective=6733753.0 obj1=9917.0 obj2=5806 obj3=8716.0
2026-06-16T10:08:58,smoke_hh_v007_order_targets_20260616_002,baseline_hh,v007_active,challenge_problem_OGC2026\ogc2026\baseline\myalgorithm.py,prob_37.json,True,5,42396163.0,42396163.0,42396163.0,11675.0,17647,5688.0,16.212839,15.806621789932251,250,250,,challenge_problem_OGC2026\reports\ogc2026_benchmark\smoke_hh_v007_order_targets_20260616_002\solutions\baseline_hh__v007_active\prob_37.solution.json,challenge_problem_OGC2026\reports\ogc2026_benchmark\smoke_hh_v007_order_targets_20260616_002\logs\baseline_hh__v007_active\prob_37.log,PASS objective=42396163.0 obj1=11675.0 obj2=17647 obj3=5688.0
2026-06-16T10:08:58,smoke_hh_v007_order_targets_20260616_002,baseline_hh,v007_active,challenge_problem_OGC2026\ogc2026\baseline\myalgorithm.py,prob_38.json,True,5,361653468.0,361653468.0,361653468.0,26976.0,10980,6535.0,23.243657,22.39440894126892,250,250,,challenge_problem_OGC2026\reports\ogc2026_benchmark\smoke_hh_v007_order_targets_20260616_002\solutions\baseline_hh__v007_active\prob_38.solution.json,challenge_problem_OGC2026\reports\ogc2026_benchmark\smoke_hh_v007_order_targets_20260616_002\logs\baseline_hh__v007_active\prob_38.log,PASS objective=361653468.0 obj1=26976.0 obj2=10980 obj3=6535.0
2026-06-16T10:08:58,smoke_hh_v007_order_targets_20260616_002,baseline_hh,v007_active,challenge_problem_OGC2026\ogc2026\baseline\myalgorithm.py,prob_39.json,True,5,137331679.0,137331679.0,137331679.0,10223.0,2480,6790.0,16.241598,15.947848081588745,250,250,,challenge_problem_OGC2026\reports\ogc2026_benchmark\smoke_hh_v007_order_targets_20260616_002\solutions\baseline_hh__v007_active\prob_39.solution.json,challenge_problem_OGC2026\reports\ogc2026_benchmark\smoke_hh_v007_order_targets_20260616_002\logs\baseline_hh__v007_active\prob_39.log,PASS objective=137331679.0 obj1=10223.0 obj2=2480 obj3=6790.0
2026-06-16T10:11:05,full_hh_v007_ordered_train40_20260616_002,baseline_hh,v007_active,challenge_problem_OGC2026\ogc2026\baseline\myalgorithm.py,prob_1.json,True,5,28213016.0,28213016.0,28213016.0,957.0,1047,1828.0,6.302780,6.068141222000122,100,100,,challenge_problem_OGC2026\reports\ogc2026_benchmark\full_hh_v007_ordered_train40_20260616_002\solutions\baseline_hh__v007_active\prob_1.solution.json,challenge_problem_OGC2026\reports\ogc2026_benchmark\full_hh_v007_ordered_train40_20260616_002\logs\baseline_hh__v007_active\prob_1.log,PASS objective=28213016.0 obj1=957.0 obj2=1047 obj3=1828.0
2026-06-16T10:11:05,full_hh_v007_ordered_train40_20260616_002,baseline_hh,v007_active,challenge_problem_OGC2026\ogc2026\baseline\myalgorithm.py,prob_2.json,True,5,5071714.0,5071714.0,5071714.0,164.0,1039,1936.0,4.823961,4.5871193408966064,100,100,,challenge_problem_OGC2026\reports\ogc2026_benchmark\full_hh_v007_ordered_train40_20260616_002\solutions\baseline_hh__v007_active\prob_2.solution.json,challenge_problem_OGC2026\reports\ogc2026_benchmark\full_hh_v007_ordered_train40_20260616_002\logs\baseline_hh__v007_active\prob_2.log,PASS objective=5071714.0 obj1=164.0 obj2=1039 obj3=1936.0
2026-06-16T10:11:05,full_hh_v007_ordered_train40_20260616_002,baseline_hh,v007_active,challenge_problem_OGC2026\ogc2026\baseline\myalgorithm.py,prob_3.json,True,5,4359857.0,4359857.0,4359857.0,151.0,2084,2082.0,4.423362,4.204721927642822,100,100,,challenge_problem_OGC2026\reports\ogc2026_benchmark\full_hh_v007_ordered_train40_20260616_002\solutions\baseline_hh__v007_active\prob_3.solution.json,challenge_problem_OGC2026\reports\ogc2026_benchmark\full_hh_v007_ordered_train40_20260616_002\logs\baseline_hh__v007_active\prob_3.log,PASS objective=4359857.0 obj1=151.0 obj2=2084 obj3=2082.0
2026-06-16T10:11:05,full_hh_v007_ordered_train40_20260616_002,baseline_hh,v007_active,challenge_problem_OGC2026\ogc2026\baseline\myalgorithm.py,prob_4.json,True,5,7776376.0,7776376.0,7776376.0,334.0,1452,2228.0,5.016794,4.800341367721558,100,100,,challenge_problem_OGC2026\reports\ogc2026_benchmark\full_hh_v007_ordered_train40_20260616_002\solutions\baseline_hh__v007_active\prob_4.solution.json,challenge_problem_OGC2026\reports\ogc2026_benchmark\full_hh_v007_ordered_train40_20260616_002\logs\baseline_hh__v007_active\prob_4.log,PASS objective=7776376.0 obj1=334.0 obj2=1452 obj3=2228.0
2026-06-16T10:11:05,full_hh_v007_ordered_train40_20260616_002,baseline_hh,v007_active,challenge_problem_OGC2026\ogc2026\baseline\myalgorithm.py,prob_5.json,True,5,7702074.0,7702074.0,7702074.0,451.0,9032,2819.0,5.313494,5.07623553276062,150,150,,challenge_problem_OGC2026\reports\ogc2026_benchmark\full_hh_v007_ordered_train40_20260616_002\solutions\baseline_hh__v007_active\prob_5.solution.json,challenge_problem_OGC2026\reports\ogc2026_benchmark\full_hh_v007_ordered_train40_20260616_002\logs\baseline_hh__v007_active\prob_5.log,PASS objective=7702074.0 obj1=451.0 obj2=9032 obj3=2819.0
2026-06-16T10:11:05,full_hh_v007_ordered_train40_20260616_002,baseline_hh,v007_active,challenge_problem_OGC2026\ogc2026\baseline\myalgorithm.py,prob_6.json,True,5,34053978.0,34053978.0,34053978.0,1131.0,3714,3443.0,6.876245,6.6018242835998535,150,150,,challenge_problem_OGC2026\reports\ogc2026_benchmark\full_hh_v007_ordered_train40_20260616_002\solutions\baseline_hh__v007_active\prob_6.solution.json,challenge_problem_OGC2026\reports\ogc2026_benchmark\full_hh_v007_ordered_train40_20260616_002\logs\baseline_hh__v007_active\prob_6.log,PASS objective=34053978.0 obj1=1131.0 obj2=3714 obj3=3443.0
2026-06-16T10:11:05,full_hh_v007_ordered_train40_20260616_002,baseline_hh,v007_active,challenge_problem_OGC2026\ogc2026\baseline\myalgorithm.py,prob_7.json,True,5,9436227.0,9436227.0,9436227.0,503.0,6999,2966.0,6.575443,6.352630376815796,150,150,,challenge_problem_OGC2026\reports\ogc2026_benchmark\full_hh_v007_ordered_train40_20260616_002\solutions\baseline_hh__v007_active\prob_7.solution.json,challenge_problem_OGC2026\reports\ogc2026_benchmark\full_hh_v007_ordered_train40_20260616_002\logs\baseline_hh__v007_active\prob_7.log,PASS objective=9436227.0 obj1=503.0 obj2=6999 obj3=2966.0
2026-06-16T10:11:05,full_hh_v007_ordered_train40_20260616_002,baseline_hh,v007_active,challenge_problem_OGC2026\ogc2026\baseline\myalgorithm.py,prob_8.json,True,5,799132.0,799132.0,799132.0,42.0,2283,1850.0,6.212927,5.804340600967407,150,150,,challenge_problem_OGC2026\reports\ogc2026_benchmark\full_hh_v007_ordered_train40_20260616_002\solutions\baseline_hh__v007_active\prob_8.solution.json,challenge_problem_OGC2026\reports\ogc2026_benchmark\full_hh_v007_ordered_train40_20260616_002\logs\baseline_hh__v007_active\prob_8.log,PASS objective=799132.0 obj1=42.0 obj2=2283 obj3=1850.0
2026-06-16T10:11:05,full_hh_v007_ordered_train40_20260616_002,baseline_hh,v007_active,challenge_problem_OGC2026\ogc2026\baseline\myalgorithm.py,prob_9.json,True,5,12566025.0,12566025.0,12566025.0,905.0,1382,3285.0,18.703838,17.761555194854736,200,200,,challenge_problem_OGC2026\reports\ogc2026_benchmark\full_hh_v007_ordered_train40_20260616_002\solutions\baseline_hh__v007_active\prob_9.solution.json,challenge_problem_OGC2026\reports\ogc2026_benchmark\full_hh_v007_ordered_train40_20260616_002\logs\baseline_hh__v007_active\prob_9.log,PASS objective=12566025.0 obj1=905.0 obj2=1382 obj3=3285.0
2026-06-16T10:11:05,full_hh_v007_ordered_train40_20260616_002,baseline_hh,v007_active,challenge_problem_OGC2026\ogc2026\baseline\myalgorithm.py,prob_10.json,True,5,5667274.0,5667274.0,5667274.0,367.0,2615,2338.0,12.509037,12.116966962814331,200,200,,challenge_problem_OGC2026\reports\ogc2026_benchmark\full_hh_v007_ordered_train40_20260616_002\solutions\baseline_hh__v007_active\prob_10.solution.json,challenge_problem_OGC2026\reports\ogc2026_benchmark\full_hh_v007_ordered_train40_20260616_002\logs\baseline_hh__v007_active\prob_10.log,PASS objective=5667274.0 obj1=367.0 obj2=2615 obj3=2338.0
2026-06-16T10:11:05,full_hh_v007_ordered_train40_20260616_002,baseline_hh,v007_active,challenge_problem_OGC2026\ogc2026\baseline\myalgorithm.py,prob_11.json,True,5,17214296.0,17214296.0,17214296.0,739.0,406,2407.0,11.113717,10.809810161590576,200,200,,challenge_problem_OGC2026\reports\ogc2026_benchmark\full_hh_v007_ordered_train40_20260616_002\solutions\baseline_hh__v007_active\prob_11.solution.json,challenge_problem_OGC2026\reports\ogc2026_benchmark\full_hh_v007_ordered_train40_20260616_002\logs\baseline_hh__v007_active\prob_11.log,PASS objective=17214296.0 obj1=739.0 obj2=406 obj3=2407.0
2026-06-16T10:11:05,full_hh_v007_ordered_train40_20260616_002,baseline_hh,v007_active,challenge_problem_OGC2026\ogc2026\baseline\myalgorithm.py,prob_12.json,True,5,24481657.0,24481657.0,24481657.0,1096.0,7849,3042.0,9.432142,9.169143199920654,200,200,,challenge_problem_OGC2026\reports\ogc2026_benchmark\full_hh_v007_ordered_train40_20260616_002\solutions\baseline_hh__v007_active\prob_12.solution.json,challenge_problem_OGC2026\reports\ogc2026_benchmark\full_hh_v007_ordered_train40_20260616_002\logs\baseline_hh__v007_active\prob_12.log,PASS objective=24481657.0 obj1=1096.0 obj2=7849 obj3=3042.0
2026-06-16T10:11:05,full_hh_v007_ordered_train40_20260616_002,baseline_hh,v007_active,challenge_problem_OGC2026\ogc2026\baseline\myalgorithm.py,prob_13.json,True,5,17775052.0,17775052.0,17775052.0,923.0,4445,4364.0,10.276544,9.993131160736084,250,250,,challenge_problem_OGC2026\reports\ogc2026_benchmark\full_hh_v007_ordered_train40_20260616_002\solutions\baseline_hh__v007_active\prob_13.solution.json,challenge_problem_OGC2026\reports\ogc2026_benchmark\full_hh_v007_ordered_train40_20260616_002\logs\baseline_hh__v007_active\prob_13.log,PASS objective=17775052.0 obj1=923.0 obj2=4445 obj3=4364.0
2026-06-16T10:11:05,full_hh_v007_ordered_train40_20260616_002,baseline_hh,v007_active,challenge_problem_OGC2026\ogc2026\baseline\myalgorithm.py,prob_14.json,True,5,15772154.0,15772154.0,15772154.0,858.0,5439,3695.0,13.828825,13.512872695922852,250,250,,challenge_problem_OGC2026\reports\ogc2026_benchmark\full_hh_v007_ordered_train40_20260616_002\solutions\baseline_hh__v007_active\prob_14.solution.json,challenge_problem_OGC2026\reports\ogc2026_benchmark\full_hh_v007_ordered_train40_20260616_002\logs\baseline_hh__v007_active\prob_14.log,PASS objective=15772154.0 obj1=858.0 obj2=5439 obj3=3695.0
2026-06-16T10:11:05,full_hh_v007_ordered_train40_20260616_002,baseline_hh,v007_active,challenge_problem_OGC2026\ogc2026\baseline\myalgorithm.py,prob_15.json,True,5,10860947.0,10860947.0,10860947.0,698.0,7085,3644.0,11.121224,10.852252960205078,250,250,,challenge_problem_OGC2026\reports\ogc2026_benchmark\full_hh_v007_ordered_train40_20260616_002\solutions\baseline_hh__v007_active\prob_15.solution.json,challenge_problem_OGC2026\reports\ogc2026_benchmark\full_hh_v007_ordered_train40_20260616_002\logs\baseline_hh__v007_active\prob_15.log,PASS objective=10860947.0 obj1=698.0 obj2=7085 obj3=3644.0
2026-06-16T10:11:05,full_hh_v007_ordered_train40_20260616_002,baseline_hh,v007_active,challenge_problem_OGC2026\ogc2026\baseline\myalgorithm.py,prob_16.json,True,5,1135590.0,1135590.0,1135590.0,87.0,5577,2514.0,6.826835,6.560615301132202,250,250,,challenge_problem_OGC2026\reports\ogc2026_benchmark\full_hh_v007_ordered_train40_20260616_002\solutions\baseline_hh__v007_active\prob_16.solution.json,challenge_problem_OGC2026\reports\ogc2026_benchmark\full_hh_v007_ordered_train40_20260616_002\logs\baseline_hh__v007_active\prob_16.log,PASS objective=1135590.0 obj1=87.0 obj2=5577 obj3=2514.0
2026-06-16T10:11:05,full_hh_v007_ordered_train40_20260616_002,baseline_hh,v007_active,challenge_problem_OGC2026\ogc2026\baseline\myalgorithm.py,prob_17.json,True,5,5992157.0,5992157.0,5992157.0,557.0,8880,4176.0,9.893191,9.63454294204712,300,300,,challenge_problem_OGC2026\reports\ogc2026_benchmark\full_hh_v007_ordered_train40_20260616_002\solutions\baseline_hh__v007_active\prob_17.solution.json,challenge_problem_OGC2026\reports\ogc2026_benchmark\full_hh_v007_ordered_train40_20260616_002\logs\baseline_hh__v007_active\prob_17.log,PASS objective=5992157.0 obj1=557.0 obj2=8880 obj3=4176.0
2026-06-16T10:11:05,full_hh_v007_ordered_train40_20260616_002,baseline_hh,v007_active,challenge_problem_OGC2026\ogc2026\baseline\myalgorithm.py,prob_18.json,True,5,10869245.0,10869245.0,10869245.0,767.0,5165,4678.0,14.098497,13.653226375579834,300,300,,challenge_problem_OGC2026\reports\ogc2026_benchmark\full_hh_v007_ordered_train40_20260616_002\solutions\baseline_hh__v007_active\prob_18.solution.json,challenge_problem_OGC2026\reports\ogc2026_benchmark\full_hh_v007_ordered_train40_20260616_002\logs\baseline_hh__v007_active\prob_18.log,PASS objective=10869245.0 obj1=767.0 obj2=5165 obj3=4678.0
2026-06-16T10:11:05,full_hh_v007_ordered_train40_20260616_002,baseline_hh,v007_active,challenge_problem_OGC2026\ogc2026\baseline\myalgorithm.py,prob_19.json,True,5,4728163.0,4728163.0,4728163.0,389.0,6222,4164.0,22.296335,21.388725996017456,300,300,,challenge_problem_OGC2026\reports\ogc2026_benchmark\full_hh_v007_ordered_train40_20260616_002\solutions\baseline_hh__v007_active\prob_19.solution.json,challenge_problem_OGC2026\reports\ogc2026_benchmark\full_hh_v007_ordered_train40_20260616_002\logs\baseline_hh__v007_active\prob_19.log,PASS objective=4728163.0 obj1=389.0 obj2=6222 obj3=4164.0
2026-06-16T10:11:05,full_hh_v007_ordered_train40_20260616_002,baseline_hh,v007_active,challenge_problem_OGC2026\ogc2026\baseline\myalgorithm.py,prob_20.json,True,5,93275748.0,93275748.0,93275748.0,3478.0,6612,3906.0,17.698234,17.369906425476074,300,300,,challenge_problem_OGC2026\reports\ogc2026_benchmark\full_hh_v007_ordered_train40_20260616_002\solutions\baseline_hh__v007_active\prob_20.solution.json,challenge_problem_OGC2026\reports\ogc2026_benchmark\full_hh_v007_ordered_train40_20260616_002\logs\baseline_hh__v007_active\prob_20.log,PASS objective=93275748.0 obj1=3478.0 obj2=6612 obj3=3906.0
2026-06-16T10:11:05,full_hh_v007_ordered_train40_20260616_002,baseline_hh,v007_active,challenge_problem_OGC2026\ogc2026\baseline\myalgorithm.py,prob_21.json,True,5,33738372.0,33738372.0,33738372.0,2494.0,2612,3065.0,5.468709,5.2371063232421875,100,100,,challenge_problem_OGC2026\reports\ogc2026_benchmark\full_hh_v007_ordered_train40_20260616_002\solutions\baseline_hh__v007_active\prob_21.solution.json,challenge_problem_OGC2026\reports\ogc2026_benchmark\full_hh_v007_ordered_train40_20260616_002\logs\baseline_hh__v007_active\prob_21.log,PASS objective=33738372.0 obj1=2494.0 obj2=2612 obj3=3065.0
2026-06-16T10:11:05,full_hh_v007_ordered_train40_20260616_002,baseline_hh,v007_active,challenge_problem_OGC2026\ogc2026\baseline\myalgorithm.py,prob_22.json,True,5,22087703.0,22087703.0,22087703.0,1540.0,6561,3838.0,5.722368,5.482534408569336,100,100,,challenge_problem_OGC2026\reports\ogc2026_benchmark\full_hh_v007_ordered_train40_20260616_002\solutions\baseline_hh__v007_active\prob_22.solution.json,challenge_problem_OGC2026\reports\ogc2026_benchmark\full_hh_v007_ordered_train40_20260616_002\logs\baseline_hh__v007_active\prob_22.log,PASS objective=22087703.0 obj1=1540.0 obj2=6561 obj3=3838.0
2026-06-16T10:11:05,full_hh_v007_ordered_train40_20260616_002,baseline_hh,v007_active,challenge_problem_OGC2026\ogc2026\baseline\myalgorithm.py,prob_23.json,True,5,51102508.0,51102508.0,51102508.0,3724.0,5256,2860.0,6.328209,6.090778589248657,100,100,,challenge_problem_OGC2026\reports\ogc2026_benchmark\full_hh_v007_ordered_train40_20260616_002\solutions\baseline_hh__v007_active\prob_23.solution.json,challenge_problem_OGC2026\reports\ogc2026_benchmark\full_hh_v007_ordered_train40_20260616_002\logs\baseline_hh__v007_active\prob_23.log,PASS objective=51102508.0 obj1=3724.0 obj2=5256 obj3=2860.0
2026-06-16T10:11:05,full_hh_v007_ordered_train40_20260616_002,baseline_hh,v007_active,challenge_problem_OGC2026\ogc2026\baseline\myalgorithm.py,prob_24.json,True,5,23636032.0,23636032.0,23636032.0,1724.0,2848,2119.0,8.573150,8.30807375907898,100,100,,challenge_problem_OGC2026\reports\ogc2026_benchmark\full_hh_v007_ordered_train40_20260616_002\solutions\baseline_hh__v007_active\prob_24.solution.json,challenge_problem_OGC2026\reports\ogc2026_benchmark\full_hh_v007_ordered_train40_20260616_002\logs\baseline_hh__v007_active\prob_24.log,PASS objective=23636032.0 obj1=1724.0 obj2=2848 obj3=2119.0
2026-06-16T10:11:05,full_hh_v007_ordered_train40_20260616_002,baseline_hh,v007_active,challenge_problem_OGC2026\ogc2026\baseline\myalgorithm.py,prob_25.json,True,5,4092045.0,4092045.0,4092045.0,6049.0,2722,2732.0,6.001825,5.709638833999634,100,100,,challenge_problem_OGC2026\reports\ogc2026_benchmark\full_hh_v007_ordered_train40_20260616_002\solutions\baseline_hh__v007_active\prob_25.solution.json,challenge_problem_OGC2026\reports\ogc2026_benchmark\full_hh_v007_ordered_train40_20260616_002\logs\baseline_hh__v007_active\prob_25.log,PASS objective=4092045.0 obj1=6049.0 obj2=2722 obj3=2732.0
2026-06-16T10:11:05,full_hh_v007_ordered_train40_20260616_002,baseline_hh,v007_active,challenge_problem_OGC2026\ogc2026\baseline\myalgorithm.py,prob_26.json,True,5,78506692.0,78506692.0,78506692.0,5832.0,6448,4690.0,10.424058,10.178885221481323,150,150,,challenge_problem_OGC2026\reports\ogc2026_benchmark\full_hh_v007_ordered_train40_20260616_002\solutions\baseline_hh__v007_active\prob_26.solution.json,challenge_problem_OGC2026\reports\ogc2026_benchmark\full_hh_v007_ordered_train40_20260616_002\logs\baseline_hh__v007_active\prob_26.log,PASS objective=78506692.0 obj1=5832.0 obj2=6448 obj3=4690.0
2026-06-16T10:11:05,full_hh_v007_ordered_train40_20260616_002,baseline_hh,v007_active,challenge_problem_OGC2026\ogc2026\baseline\myalgorithm.py,prob_27.json,True,5,179946961.0,179946961.0,179946961.0,13357.0,4240,4624.0,8.224916,7.990644216537476,150,150,,challenge_problem_OGC2026\reports\ogc2026_benchmark\full_hh_v007_ordered_train40_20260616_002\solutions\baseline_hh__v007_active\prob_27.solution.json,challenge_problem_OGC2026\reports\ogc2026_benchmark\full_hh_v007_ordered_train40_20260616_002\logs\baseline_hh__v007_active\prob_27.log,PASS objective=179946961.0 obj1=13357.0 obj2=4240 obj3=4624.0
2026-06-16T10:11:05,full_hh_v007_ordered_train40_20260616_002,baseline_hh,v007_active,challenge_problem_OGC2026\ogc2026\baseline\myalgorithm.py,prob_28.json,True,5,72755511.0,72755511.0,72755511.0,5364.0,4733,4077.0,8.283283,8.050343990325928,150,150,,challenge_problem_OGC2026\reports\ogc2026_benchmark\full_hh_v007_ordered_train40_20260616_002\solutions\baseline_hh__v007_active\prob_28.solution.json,challenge_problem_OGC2026\reports\ogc2026_benchmark\full_hh_v007_ordered_train40_20260616_002\logs\baseline_hh__v007_active\prob_28.log,PASS objective=72755511.0 obj1=5364.0 obj2=4733 obj3=4077.0
2026-06-16T10:11:05,full_hh_v007_ordered_train40_20260616_002,baseline_hh,v007_active,challenge_problem_OGC2026\ogc2026\baseline\myalgorithm.py,prob_29.json,True,5,42638448.0,42638448.0,42638448.0,3069.0,4657,5685.0,8.044125,7.813705682754517,150,150,,challenge_problem_OGC2026\reports\ogc2026_benchmark\full_hh_v007_ordered_train40_20260616_002\solutions\baseline_hh__v007_active\prob_29.solution.json,challenge_problem_OGC2026\reports\ogc2026_benchmark\full_hh_v007_ordered_train40_20260616_002\logs\baseline_hh__v007_active\prob_29.log,PASS objective=42638448.0 obj1=3069.0 obj2=4657 obj3=5685.0
2026-06-16T10:11:05,full_hh_v007_ordered_train40_20260616_002,baseline_hh,v007_active,challenge_problem_OGC2026\ogc2026\baseline\myalgorithm.py,prob_30.json,True,5,79766001.0,79766001.0,79766001.0,5921.0,5727,3992.0,13.413767,13.108349084854126,150,150,,challenge_problem_OGC2026\reports\ogc2026_benchmark\full_hh_v007_ordered_train40_20260616_002\solutions\baseline_hh__v007_active\prob_30.solution.json,challenge_problem_OGC2026\reports\ogc2026_benchmark\full_hh_v007_ordered_train40_20260616_002\logs\baseline_hh__v007_active\prob_30.log,PASS objective=79766001.0 obj1=5921.0 obj2=5727 obj3=3992.0
2026-06-16T10:11:05,full_hh_v007_ordered_train40_20260616_002,baseline_hh,v007_active,challenge_problem_OGC2026\ogc2026\baseline\myalgorithm.py,prob_31.json,True,5,167918994.0,167918994.0,167918994.0,12408.0,14962,9132.0,15.125042,14.517771005630493,200,200,,challenge_problem_OGC2026\reports\ogc2026_benchmark\full_hh_v007_ordered_train40_20260616_002\solutions\baseline_hh__v007_active\prob_31.solution.json,challenge_problem_OGC2026\reports\ogc2026_benchmark\full_hh_v007_ordered_train40_20260616_002\logs\baseline_hh__v007_active\prob_31.log,PASS objective=167918994.0 obj1=12408.0 obj2=14962 obj3=9132.0
2026-06-16T10:11:05,full_hh_v007_ordered_train40_20260616_002,baseline_hh,v007_active,challenge_problem_OGC2026\ogc2026\baseline\myalgorithm.py,prob_32.json,True,5,26591361.0,26591361.0,26591361.0,7192.0,3885,4335.0,15.926829,15.616105556488037,200,200,,challenge_problem_OGC2026\reports\ogc2026_benchmark\full_hh_v007_ordered_train40_20260616_002\solutions\baseline_hh__v007_active\prob_32.solution.json,challenge_problem_OGC2026\reports\ogc2026_benchmark\full_hh_v007_ordered_train40_20260616_002\logs\baseline_hh__v007_active\prob_32.log,PASS objective=26591361.0 obj1=7192.0 obj2=3885 obj3=4335.0
2026-06-16T10:11:05,full_hh_v007_ordered_train40_20260616_002,baseline_hh,v007_active,challenge_problem_OGC2026\ogc2026\baseline\myalgorithm.py,prob_33.json,True,5,68205807.0,68205807.0,68205807.0,10121.0,2260,4710.0,13.848273,13.56258487701416,200,200,,challenge_problem_OGC2026\reports\ogc2026_benchmark\full_hh_v007_ordered_train40_20260616_002\solutions\baseline_hh__v007_active\prob_33.solution.json,challenge_problem_OGC2026\reports\ogc2026_benchmark\full_hh_v007_ordered_train40_20260616_002\logs\baseline_hh__v007_active\prob_33.log,PASS objective=68205807.0 obj1=10121.0 obj2=2260 obj3=4710.0
2026-06-16T10:11:05,full_hh_v007_ordered_train40_20260616_002,baseline_hh,v007_active,challenge_problem_OGC2026\ogc2026\baseline\myalgorithm.py,prob_34.json,True,5,24930832.0,24930832.0,24930832.0,6797.0,2511,4238.0,11.910017,11.608639240264893,200,200,,challenge_problem_OGC2026\reports\ogc2026_benchmark\full_hh_v007_ordered_train40_20260616_002\solutions\baseline_hh__v007_active\prob_34.solution.json,challenge_problem_OGC2026\reports\ogc2026_benchmark\full_hh_v007_ordered_train40_20260616_002\logs\baseline_hh__v007_active\prob_34.log,PASS objective=24930832.0 obj1=6797.0 obj2=2511 obj3=4238.0
2026-06-16T10:11:05,full_hh_v007_ordered_train40_20260616_002,baseline_hh,v007_active,challenge_problem_OGC2026\ogc2026\baseline\myalgorithm.py,prob_35.json,True,5,92829615.0,92829615.0,92829615.0,6905.0,9770,4776.0,11.632262,11.330941200256348,200,200,,challenge_problem_OGC2026\reports\ogc2026_benchmark\full_hh_v007_ordered_train40_20260616_002\solutions\baseline_hh__v007_active\prob_35.solution.json,challenge_problem_OGC2026\reports\ogc2026_benchmark\full_hh_v007_ordered_train40_20260616_002\logs\baseline_hh__v007_active\prob_35.log,PASS objective=92829615.0 obj1=6905.0 obj2=9770 obj3=4776.0
2026-06-16T10:11:05,full_hh_v007_ordered_train40_20260616_002,baseline_hh,v007_active,challenge_problem_OGC2026\ogc2026\baseline\myalgorithm.py,prob_36.json,True,5,6733753.0,6733753.0,6733753.0,9917.0,5806,8716.0,13.905762,13.64529824256897,250,250,,challenge_problem_OGC2026\reports\ogc2026_benchmark\full_hh_v007_ordered_train40_20260616_002\solutions\baseline_hh__v007_active\prob_36.solution.json,challenge_problem_OGC2026\reports\ogc2026_benchmark\full_hh_v007_ordered_train40_20260616_002\logs\baseline_hh__v007_active\prob_36.log,PASS objective=6733753.0 obj1=9917.0 obj2=5806 obj3=8716.0
2026-06-16T10:11:05,full_hh_v007_ordered_train40_20260616_002,baseline_hh,v007_active,challenge_problem_OGC2026\ogc2026\baseline\myalgorithm.py,prob_37.json,True,5,42396163.0,42396163.0,42396163.0,11675.0,17647,5688.0,11.188626,10.92655348777771,250,250,,challenge_problem_OGC2026\reports\ogc2026_benchmark\full_hh_v007_ordered_train40_20260616_002\solutions\baseline_hh__v007_active\prob_37.solution.json,challenge_problem_OGC2026\reports\ogc2026_benchmark\full_hh_v007_ordered_train40_20260616_002\logs\baseline_hh__v007_active\prob_37.log,PASS objective=42396163.0 obj1=11675.0 obj2=17647 obj3=5688.0
2026-06-16T10:11:05,full_hh_v007_ordered_train40_20260616_002,baseline_hh,v007_active,challenge_problem_OGC2026\ogc2026\baseline\myalgorithm.py,prob_38.json,True,5,361653468.0,361653468.0,361653468.0,26976.0,10980,6535.0,14.031100,13.763635396957397,250,250,,challenge_problem_OGC2026\reports\ogc2026_benchmark\full_hh_v007_ordered_train40_20260616_002\solutions\baseline_hh__v007_active\prob_38.solution.json,challenge_problem_OGC2026\reports\ogc2026_benchmark\full_hh_v007_ordered_train40_20260616_002\logs\baseline_hh__v007_active\prob_38.log,PASS objective=361653468.0 obj1=26976.0 obj2=10980 obj3=6535.0
2026-06-16T10:11:05,full_hh_v007_ordered_train40_20260616_002,baseline_hh,v007_active,challenge_problem_OGC2026\ogc2026\baseline\myalgorithm.py,prob_39.json,True,5,137331679.0,137331679.0,137331679.0,10223.0,2480,6790.0,21.553562,21.23885154724121,250,250,,challenge_problem_OGC2026\reports\ogc2026_benchmark\full_hh_v007_ordered_train40_20260616_002\solutions\baseline_hh__v007_active\prob_39.solution.json,challenge_problem_OGC2026\reports\ogc2026_benchmark\full_hh_v007_ordered_train40_20260616_002\logs\baseline_hh__v007_active\prob_39.log,PASS objective=137331679.0 obj1=10223.0 obj2=2480 obj3=6790.0
2026-06-16T10:11:05,full_hh_v007_ordered_train40_20260616_002,baseline_hh,v007_active,challenge_problem_OGC2026\ogc2026\baseline\myalgorithm.py,prob_40.json,True,5,17992188.0,17992188.0,17992188.0,26776.0,11280,9332.0,23.360385,22.989664793014526,250,250,,challenge_problem_OGC2026\reports\ogc2026_benchmark\full_hh_v007_ordered_train40_20260616_002\solutions\baseline_hh__v007_active\prob_40.solution.json,challenge_problem_OGC2026\reports\ogc2026_benchmark\full_hh_v007_ordered_train40_20260616_002\logs\baseline_hh__v007_active\prob_40.log,PASS objective=17992188.0 obj1=26776.0 obj2=11280 obj3=9332.0
2026-06-16T10:20:13,smoke_hh_v007_prob40_budget_20260616_001,baseline_hh,v007_active,challenge_problem_OGC2026\ogc2026\baseline\myalgorithm.py,prob_40.json,True,5,17906819.0,17906819.0,17906819.0,26654.0,8897,9208.0,30.371705,29.531092643737793,250,250,,challenge_problem_OGC2026\reports\ogc2026_benchmark\smoke_hh_v007_prob40_budget_20260616_001\solutions\baseline_hh__v007_active\prob_40.solution.json,challenge_problem_OGC2026\reports\ogc2026_benchmark\smoke_hh_v007_prob40_budget_20260616_001\logs\baseline_hh__v007_active\prob_40.log,PASS objective=17906819.0 obj1=26654.0 obj2=8897 obj3=9208.0
2026-06-16T10:24:39,smoke_hh_v007_prob40_budget_20260616_002,baseline_hh,v007_active,challenge_problem_OGC2026\ogc2026\baseline\myalgorithm.py,prob_40.json,True,5,16475011.0,16475011.0,16475011.0,24518.0,9250,8635.0,28.155812,27.64539909362793,250,250,,challenge_problem_OGC2026\reports\ogc2026_benchmark\smoke_hh_v007_prob40_budget_20260616_002\solutions\baseline_hh__v007_active\prob_40.solution.json,challenge_problem_OGC2026\reports\ogc2026_benchmark\smoke_hh_v007_prob40_budget_20260616_002\logs\baseline_hh__v007_active\prob_40.log,PASS objective=16475011.0 obj1=24518.0 obj2=9250 obj3=8635.0
2026-06-16T10:25:29,full_hh_v007_ordered_train40_20260616_003,baseline_hh,v007_active,challenge_problem_OGC2026\ogc2026\baseline\myalgorithm.py,prob_1.json,True,5,28213016.0,28213016.0,28213016.0,957.0,1047,1828.0,8.290355,8.051745653152466,100,100,,challenge_problem_OGC2026\reports\ogc2026_benchmark\full_hh_v007_ordered_train40_20260616_003\solutions\baseline_hh__v007_active\prob_1.solution.json,challenge_problem_OGC2026\reports\ogc2026_benchmark\full_hh_v007_ordered_train40_20260616_003\logs\baseline_hh__v007_active\prob_1.log,PASS objective=28213016.0 obj1=957.0 obj2=1047 obj3=1828.0
2026-06-16T10:25:29,full_hh_v007_ordered_train40_20260616_003,baseline_hh,v007_active,challenge_problem_OGC2026\ogc2026\baseline\myalgorithm.py,prob_2.json,True,5,5071714.0,5071714.0,5071714.0,164.0,1039,1936.0,6.058296,5.7488932609558105,100,100,,challenge_problem_OGC2026\reports\ogc2026_benchmark\full_hh_v007_ordered_train40_20260616_003\solutions\baseline_hh__v007_active\prob_2.solution.json,challenge_problem_OGC2026\reports\ogc2026_benchmark\full_hh_v007_ordered_train40_20260616_003\logs\baseline_hh__v007_active\prob_2.log,PASS objective=5071714.0 obj1=164.0 obj2=1039 obj3=1936.0
2026-06-16T10:25:29,full_hh_v007_ordered_train40_20260616_003,baseline_hh,v007_active,challenge_problem_OGC2026\ogc2026\baseline\myalgorithm.py,prob_3.json,True,5,4359857.0,4359857.0,4359857.0,151.0,2084,2082.0,5.395146,5.132559537887573,100,100,,challenge_problem_OGC2026\reports\ogc2026_benchmark\full_hh_v007_ordered_train40_20260616_003\solutions\baseline_hh__v007_active\prob_3.solution.json,challenge_problem_OGC2026\reports\ogc2026_benchmark\full_hh_v007_ordered_train40_20260616_003\logs\baseline_hh__v007_active\prob_3.log,PASS objective=4359857.0 obj1=151.0 obj2=2084 obj3=2082.0
2026-06-16T10:25:29,full_hh_v007_ordered_train40_20260616_003,baseline_hh,v007_active,challenge_problem_OGC2026\ogc2026\baseline\myalgorithm.py,prob_4.json,True,5,7776376.0,7776376.0,7776376.0,334.0,1452,2228.0,5.745177,5.489164352416992,100,100,,challenge_problem_OGC2026\reports\ogc2026_benchmark\full_hh_v007_ordered_train40_20260616_003\solutions\baseline_hh__v007_active\prob_4.solution.json,challenge_problem_OGC2026\reports\ogc2026_benchmark\full_hh_v007_ordered_train40_20260616_003\logs\baseline_hh__v007_active\prob_4.log,PASS objective=7776376.0 obj1=334.0 obj2=1452 obj3=2228.0
2026-06-16T10:25:29,full_hh_v007_ordered_train40_20260616_003,baseline_hh,v007_active,challenge_problem_OGC2026\ogc2026\baseline\myalgorithm.py,prob_5.json,True,5,7702074.0,7702074.0,7702074.0,451.0,9032,2819.0,5.643843,5.379440546035767,150,150,,challenge_problem_OGC2026\reports\ogc2026_benchmark\full_hh_v007_ordered_train40_20260616_003\solutions\baseline_hh__v007_active\prob_5.solution.json,challenge_problem_OGC2026\reports\ogc2026_benchmark\full_hh_v007_ordered_train40_20260616_003\logs\baseline_hh__v007_active\prob_5.log,PASS objective=7702074.0 obj1=451.0 obj2=9032 obj3=2819.0
2026-06-16T10:25:29,full_hh_v007_ordered_train40_20260616_003,baseline_hh,v007_active,challenge_problem_OGC2026\ogc2026\baseline\myalgorithm.py,prob_6.json,True,5,34053978.0,34053978.0,34053978.0,1131.0,3714,3443.0,7.483517,7.210457801818848,150,150,,challenge_problem_OGC2026\reports\ogc2026_benchmark\full_hh_v007_ordered_train40_20260616_003\solutions\baseline_hh__v007_active\prob_6.solution.json,challenge_problem_OGC2026\reports\ogc2026_benchmark\full_hh_v007_ordered_train40_20260616_003\logs\baseline_hh__v007_active\prob_6.log,PASS objective=34053978.0 obj1=1131.0 obj2=3714 obj3=3443.0
2026-06-16T10:25:29,full_hh_v007_ordered_train40_20260616_003,baseline_hh,v007_active,challenge_problem_OGC2026\ogc2026\baseline\myalgorithm.py,prob_7.json,True,5,9436227.0,9436227.0,9436227.0,503.0,6999,2966.0,6.885797,6.633819341659546,150,150,,challenge_problem_OGC2026\reports\ogc2026_benchmark\full_hh_v007_ordered_train40_20260616_003\solutions\baseline_hh__v007_active\prob_7.solution.json,challenge_problem_OGC2026\reports\ogc2026_benchmark\full_hh_v007_ordered_train40_20260616_003\logs\baseline_hh__v007_active\prob_7.log,PASS objective=9436227.0 obj1=503.0 obj2=6999 obj3=2966.0
2026-06-16T10:25:29,full_hh_v007_ordered_train40_20260616_003,baseline_hh,v007_active,challenge_problem_OGC2026\ogc2026\baseline\myalgorithm.py,prob_8.json,True,5,799132.0,799132.0,799132.0,42.0,2283,1850.0,6.170077,5.92831826210022,150,150,,challenge_problem_OGC2026\reports\ogc2026_benchmark\full_hh_v007_ordered_train40_20260616_003\solutions\baseline_hh__v007_active\prob_8.solution.json,challenge_problem_OGC2026\reports\ogc2026_benchmark\full_hh_v007_ordered_train40_20260616_003\logs\baseline_hh__v007_active\prob_8.log,PASS objective=799132.0 obj1=42.0 obj2=2283 obj3=1850.0
2026-06-16T10:25:29,full_hh_v007_ordered_train40_20260616_003,baseline_hh,v007_active,challenge_problem_OGC2026\ogc2026\baseline\myalgorithm.py,prob_9.json,True,5,12566025.0,12566025.0,12566025.0,905.0,1382,3285.0,10.440556,10.170606136322021,200,200,,challenge_problem_OGC2026\reports\ogc2026_benchmark\full_hh_v007_ordered_train40_20260616_003\solutions\baseline_hh__v007_active\prob_9.solution.json,challenge_problem_OGC2026\reports\ogc2026_benchmark\full_hh_v007_ordered_train40_20260616_003\logs\baseline_hh__v007_active\prob_9.log,PASS objective=12566025.0 obj1=905.0 obj2=1382 obj3=3285.0
2026-06-16T10:25:29,full_hh_v007_ordered_train40_20260616_003,baseline_hh,v007_active,challenge_problem_OGC2026\ogc2026\baseline\myalgorithm.py,prob_10.json,True,5,5667274.0,5667274.0,5667274.0,367.0,2615,2338.0,8.547874,8.199858903884888,200,200,,challenge_problem_OGC2026\reports\ogc2026_benchmark\full_hh_v007_ordered_train40_20260616_003\solutions\baseline_hh__v007_active\prob_10.solution.json,challenge_problem_OGC2026\reports\ogc2026_benchmark\full_hh_v007_ordered_train40_20260616_003\logs\baseline_hh__v007_active\prob_10.log,PASS objective=5667274.0 obj1=367.0 obj2=2615 obj3=2338.0
2026-06-16T10:25:29,full_hh_v007_ordered_train40_20260616_003,baseline_hh,v007_active,challenge_problem_OGC2026\ogc2026\baseline\myalgorithm.py,prob_11.json,True,5,17214296.0,17214296.0,17214296.0,739.0,406,2407.0,8.865487,8.613723278045654,200,200,,challenge_problem_OGC2026\reports\ogc2026_benchmark\full_hh_v007_ordered_train40_20260616_003\solutions\baseline_hh__v007_active\prob_11.solution.json,challenge_problem_OGC2026\reports\ogc2026_benchmark\full_hh_v007_ordered_train40_20260616_003\logs\baseline_hh__v007_active\prob_11.log,PASS objective=17214296.0 obj1=739.0 obj2=406 obj3=2407.0
2026-06-16T10:25:29,full_hh_v007_ordered_train40_20260616_003,baseline_hh,v007_active,challenge_problem_OGC2026\ogc2026\baseline\myalgorithm.py,prob_12.json,True,5,24481657.0,24481657.0,24481657.0,1096.0,7849,3042.0,8.643213,8.390721321105957,200,200,,challenge_problem_OGC2026\reports\ogc2026_benchmark\full_hh_v007_ordered_train40_20260616_003\solutions\baseline_hh__v007_active\prob_12.solution.json,challenge_problem_OGC2026\reports\ogc2026_benchmark\full_hh_v007_ordered_train40_20260616_003\logs\baseline_hh__v007_active\prob_12.log,PASS objective=24481657.0 obj1=1096.0 obj2=7849 obj3=3042.0
2026-06-16T10:25:29,full_hh_v007_ordered_train40_20260616_003,baseline_hh,v007_active,challenge_problem_OGC2026\ogc2026\baseline\myalgorithm.py,prob_13.json,True,5,17775052.0,17775052.0,17775052.0,923.0,4445,4364.0,9.574877,9.301721811294556,250,250,,challenge_problem_OGC2026\reports\ogc2026_benchmark\full_hh_v007_ordered_train40_20260616_003\solutions\baseline_hh__v007_active\prob_13.solution.json,challenge_problem_OGC2026\reports\ogc2026_benchmark\full_hh_v007_ordered_train40_20260616_003\logs\baseline_hh__v007_active\prob_13.log,PASS objective=17775052.0 obj1=923.0 obj2=4445 obj3=4364.0
2026-06-16T10:25:29,full_hh_v007_ordered_train40_20260616_003,baseline_hh,v007_active,challenge_problem_OGC2026\ogc2026\baseline\myalgorithm.py,prob_14.json,True,5,15772154.0,15772154.0,15772154.0,858.0,5439,3695.0,22.995258,22.48611545562744,250,250,,challenge_problem_OGC2026\reports\ogc2026_benchmark\full_hh_v007_ordered_train40_20260616_003\solutions\baseline_hh__v007_active\prob_14.solution.json,challenge_problem_OGC2026\reports\ogc2026_benchmark\full_hh_v007_ordered_train40_20260616_003\logs\baseline_hh__v007_active\prob_14.log,PASS objective=15772154.0 obj1=858.0 obj2=5439 obj3=3695.0
2026-06-16T10:25:29,full_hh_v007_ordered_train40_20260616_003,baseline_hh,v007_active,challenge_problem_OGC2026\ogc2026\baseline\myalgorithm.py,prob_15.json,True,5,10860947.0,10860947.0,10860947.0,698.0,7085,3644.0,15.715255,15.026668787002563,250,250,,challenge_problem_OGC2026\reports\ogc2026_benchmark\full_hh_v007_ordered_train40_20260616_003\solutions\baseline_hh__v007_active\prob_15.solution.json,challenge_problem_OGC2026\reports\ogc2026_benchmark\full_hh_v007_ordered_train40_20260616_003\logs\baseline_hh__v007_active\prob_15.log,PASS objective=10860947.0 obj1=698.0 obj2=7085 obj3=3644.0
2026-06-16T10:25:29,full_hh_v007_ordered_train40_20260616_003,baseline_hh,v007_active,challenge_problem_OGC2026\ogc2026\baseline\myalgorithm.py,prob_16.json,True,5,1135590.0,1135590.0,1135590.0,87.0,5577,2514.0,8.197790,7.891411781311035,250,250,,challenge_problem_OGC2026\reports\ogc2026_benchmark\full_hh_v007_ordered_train40_20260616_003\solutions\baseline_hh__v007_active\prob_16.solution.json,challenge_problem_OGC2026\reports\ogc2026_benchmark\full_hh_v007_ordered_train40_20260616_003\logs\baseline_hh__v007_active\prob_16.log,PASS objective=1135590.0 obj1=87.0 obj2=5577 obj3=2514.0
2026-06-16T10:25:29,full_hh_v007_ordered_train40_20260616_003,baseline_hh,v007_active,challenge_problem_OGC2026\ogc2026\baseline\myalgorithm.py,prob_17.json,True,5,5992157.0,5992157.0,5992157.0,557.0,8880,4176.0,11.234041,10.951947689056396,300,300,,challenge_problem_OGC2026\reports\ogc2026_benchmark\full_hh_v007_ordered_train40_20260616_003\solutions\baseline_hh__v007_active\prob_17.solution.json,challenge_problem_OGC2026\reports\ogc2026_benchmark\full_hh_v007_ordered_train40_20260616_003\logs\baseline_hh__v007_active\prob_17.log,PASS objective=5992157.0 obj1=557.0 obj2=8880 obj3=4176.0
2026-06-16T10:25:29,full_hh_v007_ordered_train40_20260616_003,baseline_hh,v007_active,challenge_problem_OGC2026\ogc2026\baseline\myalgorithm.py,prob_18.json,True,5,10869245.0,10869245.0,10869245.0,767.0,5165,4678.0,14.757747,14.452659606933594,300,300,,challenge_problem_OGC2026\reports\ogc2026_benchmark\full_hh_v007_ordered_train40_20260616_003\solutions\baseline_hh__v007_active\prob_18.solution.json,challenge_problem_OGC2026\reports\ogc2026_benchmark\full_hh_v007_ordered_train40_20260616_003\logs\baseline_hh__v007_active\prob_18.log,PASS objective=10869245.0 obj1=767.0 obj2=5165 obj3=4678.0
2026-06-16T10:25:29,full_hh_v007_ordered_train40_20260616_003,baseline_hh,v007_active,challenge_problem_OGC2026\ogc2026\baseline\myalgorithm.py,prob_19.json,True,5,4728163.0,4728163.0,4728163.0,389.0,6222,4164.0,12.768156,12.490994215011597,300,300,,challenge_problem_OGC2026\reports\ogc2026_benchmark\full_hh_v007_ordered_train40_20260616_003\solutions\baseline_hh__v007_active\prob_19.solution.json,challenge_problem_OGC2026\reports\ogc2026_benchmark\full_hh_v007_ordered_train40_20260616_003\logs\baseline_hh__v007_active\prob_19.log,PASS objective=4728163.0 obj1=389.0 obj2=6222 obj3=4164.0
2026-06-16T10:25:29,full_hh_v007_ordered_train40_20260616_003,baseline_hh,v007_active,challenge_problem_OGC2026\ogc2026\baseline\myalgorithm.py,prob_20.json,True,5,93275748.0,93275748.0,93275748.0,3478.0,6612,3906.0,14.079465,13.815431833267212,300,300,,challenge_problem_OGC2026\reports\ogc2026_benchmark\full_hh_v007_ordered_train40_20260616_003\solutions\baseline_hh__v007_active\prob_20.solution.json,challenge_problem_OGC2026\reports\ogc2026_benchmark\full_hh_v007_ordered_train40_20260616_003\logs\baseline_hh__v007_active\prob_20.log,PASS objective=93275748.0 obj1=3478.0 obj2=6612 obj3=3906.0
2026-06-16T10:25:29,full_hh_v007_ordered_train40_20260616_003,baseline_hh,v007_active,challenge_problem_OGC2026\ogc2026\baseline\myalgorithm.py,prob_21.json,True,5,33738372.0,33738372.0,33738372.0,2494.0,2612,3065.0,4.702352,4.4839770793914795,100,100,,challenge_problem_OGC2026\reports\ogc2026_benchmark\full_hh_v007_ordered_train40_20260616_003\solutions\baseline_hh__v007_active\prob_21.solution.json,challenge_problem_OGC2026\reports\ogc2026_benchmark\full_hh_v007_ordered_train40_20260616_003\logs\baseline_hh__v007_active\prob_21.log,PASS objective=33738372.0 obj1=2494.0 obj2=2612 obj3=3065.0
2026-06-16T10:25:29,full_hh_v007_ordered_train40_20260616_003,baseline_hh,v007_active,challenge_problem_OGC2026\ogc2026\baseline\myalgorithm.py,prob_22.json,True,5,22087703.0,22087703.0,22087703.0,1540.0,6561,3838.0,4.927847,4.709859132766724,100,100,,challenge_problem_OGC2026\reports\ogc2026_benchmark\full_hh_v007_ordered_train40_20260616_003\solutions\baseline_hh__v007_active\prob_22.solution.json,challenge_problem_OGC2026\reports\ogc2026_benchmark\full_hh_v007_ordered_train40_20260616_003\logs\baseline_hh__v007_active\prob_22.log,PASS objective=22087703.0 obj1=1540.0 obj2=6561 obj3=3838.0
2026-06-16T10:25:29,full_hh_v007_ordered_train40_20260616_003,baseline_hh,v007_active,challenge_problem_OGC2026\ogc2026\baseline\myalgorithm.py,prob_23.json,True,5,51102508.0,51102508.0,51102508.0,3724.0,5256,2860.0,5.773758,5.509965419769287,100,100,,challenge_problem_OGC2026\reports\ogc2026_benchmark\full_hh_v007_ordered_train40_20260616_003\solutions\baseline_hh__v007_active\prob_23.solution.json,challenge_problem_OGC2026\reports\ogc2026_benchmark\full_hh_v007_ordered_train40_20260616_003\logs\baseline_hh__v007_active\prob_23.log,PASS objective=51102508.0 obj1=3724.0 obj2=5256 obj3=2860.0
2026-06-16T10:25:29,full_hh_v007_ordered_train40_20260616_003,baseline_hh,v007_active,challenge_problem_OGC2026\ogc2026\baseline\myalgorithm.py,prob_24.json,True,5,23636032.0,23636032.0,23636032.0,1724.0,2848,2119.0,7.977544,7.73525333404541,100,100,,challenge_problem_OGC2026\reports\ogc2026_benchmark\full_hh_v007_ordered_train40_20260616_003\solutions\baseline_hh__v007_active\prob_24.solution.json,challenge_problem_OGC2026\reports\ogc2026_benchmark\full_hh_v007_ordered_train40_20260616_003\logs\baseline_hh__v007_active\prob_24.log,PASS objective=23636032.0 obj1=1724.0 obj2=2848 obj3=2119.0
2026-06-16T10:25:29,full_hh_v007_ordered_train40_20260616_003,baseline_hh,v007_active,challenge_problem_OGC2026\ogc2026\baseline\myalgorithm.py,prob_25.json,True,5,4092045.0,4092045.0,4092045.0,6049.0,2722,2732.0,9.924551,9.22618293762207,100,100,,challenge_problem_OGC2026\reports\ogc2026_benchmark\full_hh_v007_ordered_train40_20260616_003\solutions\baseline_hh__v007_active\prob_25.solution.json,challenge_problem_OGC2026\reports\ogc2026_benchmark\full_hh_v007_ordered_train40_20260616_003\logs\baseline_hh__v007_active\prob_25.log,PASS objective=4092045.0 obj1=6049.0 obj2=2722 obj3=2732.0
2026-06-16T10:25:29,full_hh_v007_ordered_train40_20260616_003,baseline_hh,v007_active,challenge_problem_OGC2026\ogc2026\baseline\myalgorithm.py,prob_26.json,True,5,78506692.0,78506692.0,78506692.0,5832.0,6448,4690.0,18.793762,16.977489233016968,150,150,,challenge_problem_OGC2026\reports\ogc2026_benchmark\full_hh_v007_ordered_train40_20260616_003\solutions\baseline_hh__v007_active\prob_26.solution.json,challenge_problem_OGC2026\reports\ogc2026_benchmark\full_hh_v007_ordered_train40_20260616_003\logs\baseline_hh__v007_active\prob_26.log,PASS objective=78506692.0 obj1=5832.0 obj2=6448 obj3=4690.0
2026-06-16T10:25:29,full_hh_v007_ordered_train40_20260616_003,baseline_hh,v007_active,challenge_problem_OGC2026\ogc2026\baseline\myalgorithm.py,prob_27.json,True,5,179946961.0,179946961.0,179946961.0,13357.0,4240,4624.0,11.007922,10.6969895362854,150,150,,challenge_problem_OGC2026\reports\ogc2026_benchmark\full_hh_v007_ordered_train40_20260616_003\solutions\baseline_hh__v007_active\prob_27.solution.json,challenge_problem_OGC2026\reports\ogc2026_benchmark\full_hh_v007_ordered_train40_20260616_003\logs\baseline_hh__v007_active\prob_27.log,PASS objective=179946961.0 obj1=13357.0 obj2=4240 obj3=4624.0
2026-06-16T10:25:29,full_hh_v007_ordered_train40_20260616_003,baseline_hh,v007_active,challenge_problem_OGC2026\ogc2026\baseline\myalgorithm.py,prob_28.json,True,5,72755511.0,72755511.0,72755511.0,5364.0,4733,4077.0,10.439130,10.162585973739624,150,150,,challenge_problem_OGC2026\reports\ogc2026_benchmark\full_hh_v007_ordered_train40_20260616_003\solutions\baseline_hh__v007_active\prob_28.solution.json,challenge_problem_OGC2026\reports\ogc2026_benchmark\full_hh_v007_ordered_train40_20260616_003\logs\baseline_hh__v007_active\prob_28.log,PASS objective=72755511.0 obj1=5364.0 obj2=4733 obj3=4077.0
2026-06-16T10:25:29,full_hh_v007_ordered_train40_20260616_003,baseline_hh,v007_active,challenge_problem_OGC2026\ogc2026\baseline\myalgorithm.py,prob_29.json,True,5,42638448.0,42638448.0,42638448.0,3069.0,4657,5685.0,8.832796,8.58842420578003,150,150,,challenge_problem_OGC2026\reports\ogc2026_benchmark\full_hh_v007_ordered_train40_20260616_003\solutions\baseline_hh__v007_active\prob_29.solution.json,challenge_problem_OGC2026\reports\ogc2026_benchmark\full_hh_v007_ordered_train40_20260616_003\logs\baseline_hh__v007_active\prob_29.log,PASS objective=42638448.0 obj1=3069.0 obj2=4657 obj3=5685.0
2026-06-16T10:25:29,full_hh_v007_ordered_train40_20260616_003,baseline_hh,v007_active,challenge_problem_OGC2026\ogc2026\baseline\myalgorithm.py,prob_30.json,True,5,79766001.0,79766001.0,79766001.0,5921.0,5727,3992.0,8.478706,8.203828573226929,150,150,,challenge_problem_OGC2026\reports\ogc2026_benchmark\full_hh_v007_ordered_train40_20260616_003\solutions\baseline_hh__v007_active\prob_30.solution.json,challenge_problem_OGC2026\reports\ogc2026_benchmark\full_hh_v007_ordered_train40_20260616_003\logs\baseline_hh__v007_active\prob_30.log,PASS objective=79766001.0 obj1=5921.0 obj2=5727 obj3=3992.0
2026-06-16T10:25:29,full_hh_v007_ordered_train40_20260616_003,baseline_hh,v007_active,challenge_problem_OGC2026\ogc2026\baseline\myalgorithm.py,prob_31.json,True,5,167918994.0,167918994.0,167918994.0,12408.0,14962,9132.0,9.860040,9.591008186340332,200,200,,challenge_problem_OGC2026\reports\ogc2026_benchmark\full_hh_v007_ordered_train40_20260616_003\solutions\baseline_hh__v007_active\prob_31.solution.json,challenge_problem_OGC2026\reports\ogc2026_benchmark\full_hh_v007_ordered_train40_20260616_003\logs\baseline_hh__v007_active\prob_31.log,PASS objective=167918994.0 obj1=12408.0 obj2=14962 obj3=9132.0
2026-06-16T10:25:29,full_hh_v007_ordered_train40_20260616_003,baseline_hh,v007_active,challenge_problem_OGC2026\ogc2026\baseline\myalgorithm.py,prob_32.json,True,5,26591361.0,26591361.0,26591361.0,7192.0,3885,4335.0,12.686017,12.426483154296875,200,200,,challenge_problem_OGC2026\reports\ogc2026_benchmark\full_hh_v007_ordered_train40_20260616_003\solutions\baseline_hh__v007_active\prob_32.solution.json,challenge_problem_OGC2026\reports\ogc2026_benchmark\full_hh_v007_ordered_train40_20260616_003\logs\baseline_hh__v007_active\prob_32.log,PASS objective=26591361.0 obj1=7192.0 obj2=3885 obj3=4335.0
2026-06-16T10:25:29,full_hh_v007_ordered_train40_20260616_003,baseline_hh,v007_active,challenge_problem_OGC2026\ogc2026\baseline\myalgorithm.py,prob_33.json,True,5,68205807.0,68205807.0,68205807.0,10121.0,2260,4710.0,11.805082,11.549861192703247,200,200,,challenge_problem_OGC2026\reports\ogc2026_benchmark\full_hh_v007_ordered_train40_20260616_003\solutions\baseline_hh__v007_active\prob_33.solution.json,challenge_problem_OGC2026\reports\ogc2026_benchmark\full_hh_v007_ordered_train40_20260616_003\logs\baseline_hh__v007_active\prob_33.log,PASS objective=68205807.0 obj1=10121.0 obj2=2260 obj3=4710.0
2026-06-16T10:25:29,full_hh_v007_ordered_train40_20260616_003,baseline_hh,v007_active,challenge_problem_OGC2026\ogc2026\baseline\myalgorithm.py,prob_34.json,True,5,24930832.0,24930832.0,24930832.0,6797.0,2511,4238.0,10.968318,10.6578049659729,200,200,,challenge_problem_OGC2026\reports\ogc2026_benchmark\full_hh_v007_ordered_train40_20260616_003\solutions\baseline_hh__v007_active\prob_34.solution.json,challenge_problem_OGC2026\reports\ogc2026_benchmark\full_hh_v007_ordered_train40_20260616_003\logs\baseline_hh__v007_active\prob_34.log,PASS objective=24930832.0 obj1=6797.0 obj2=2511 obj3=4238.0
2026-06-16T10:25:29,full_hh_v007_ordered_train40_20260616_003,baseline_hh,v007_active,challenge_problem_OGC2026\ogc2026\baseline\myalgorithm.py,prob_35.json,True,5,92829615.0,92829615.0,92829615.0,6905.0,9770,4776.0,10.857541,10.617472171783447,200,200,,challenge_problem_OGC2026\reports\ogc2026_benchmark\full_hh_v007_ordered_train40_20260616_003\solutions\baseline_hh__v007_active\prob_35.solution.json,challenge_problem_OGC2026\reports\ogc2026_benchmark\full_hh_v007_ordered_train40_20260616_003\logs\baseline_hh__v007_active\prob_35.log,PASS objective=92829615.0 obj1=6905.0 obj2=9770 obj3=4776.0
2026-06-16T10:25:29,full_hh_v007_ordered_train40_20260616_003,baseline_hh,v007_active,challenge_problem_OGC2026\ogc2026\baseline\myalgorithm.py,prob_36.json,True,5,6733753.0,6733753.0,6733753.0,9917.0,5806,8716.0,16.533662,16.092456102371216,250,250,,challenge_problem_OGC2026\reports\ogc2026_benchmark\full_hh_v007_ordered_train40_20260616_003\solutions\baseline_hh__v007_active\prob_36.solution.json,challenge_problem_OGC2026\reports\ogc2026_benchmark\full_hh_v007_ordered_train40_20260616_003\logs\baseline_hh__v007_active\prob_36.log,PASS objective=6733753.0 obj1=9917.0 obj2=5806 obj3=8716.0
2026-06-16T10:25:29,full_hh_v007_ordered_train40_20260616_003,baseline_hh,v007_active,challenge_problem_OGC2026\ogc2026\baseline\myalgorithm.py,prob_37.json,True,5,42396163.0,42396163.0,42396163.0,11675.0,17647,5688.0,18.754168,17.850968837738037,250,250,,challenge_problem_OGC2026\reports\ogc2026_benchmark\full_hh_v007_ordered_train40_20260616_003\solutions\baseline_hh__v007_active\prob_37.solution.json,challenge_problem_OGC2026\reports\ogc2026_benchmark\full_hh_v007_ordered_train40_20260616_003\logs\baseline_hh__v007_active\prob_37.log,PASS objective=42396163.0 obj1=11675.0 obj2=17647 obj3=5688.0
2026-06-16T10:25:29,full_hh_v007_ordered_train40_20260616_003,baseline_hh,v007_active,challenge_problem_OGC2026\ogc2026\baseline\myalgorithm.py,prob_38.json,True,5,361653468.0,361653468.0,361653468.0,26976.0,10980,6535.0,16.396524,16.08413791656494,250,250,,challenge_problem_OGC2026\reports\ogc2026_benchmark\full_hh_v007_ordered_train40_20260616_003\solutions\baseline_hh__v007_active\prob_38.solution.json,challenge_problem_OGC2026\reports\ogc2026_benchmark\full_hh_v007_ordered_train40_20260616_003\logs\baseline_hh__v007_active\prob_38.log,PASS objective=361653468.0 obj1=26976.0 obj2=10980 obj3=6535.0
2026-06-16T10:25:29,full_hh_v007_ordered_train40_20260616_003,baseline_hh,v007_active,challenge_problem_OGC2026\ogc2026\baseline\myalgorithm.py,prob_39.json,True,5,137331679.0,137331679.0,137331679.0,10223.0,2480,6790.0,13.268715,12.973428726196289,250,250,,challenge_problem_OGC2026\reports\ogc2026_benchmark\full_hh_v007_ordered_train40_20260616_003\solutions\baseline_hh__v007_active\prob_39.solution.json,challenge_problem_OGC2026\reports\ogc2026_benchmark\full_hh_v007_ordered_train40_20260616_003\logs\baseline_hh__v007_active\prob_39.log,PASS objective=137331679.0 obj1=10223.0 obj2=2480 obj3=6790.0
2026-06-16T10:25:29,full_hh_v007_ordered_train40_20260616_003,baseline_hh,v007_active,challenge_problem_OGC2026\ogc2026\baseline\myalgorithm.py,prob_40.json,True,5,16475011.0,16475011.0,16475011.0,24518.0,9250,8635.0,17.019717,16.76927399635315,250,250,,challenge_problem_OGC2026\reports\ogc2026_benchmark\full_hh_v007_ordered_train40_20260616_003\solutions\baseline_hh__v007_active\prob_40.solution.json,challenge_problem_OGC2026\reports\ogc2026_benchmark\full_hh_v007_ordered_train40_20260616_003\logs\baseline_hh__v007_active\prob_40.log,PASS objective=16475011.0 obj1=24518.0 obj2=9250 obj3=8635.0
2026-06-16T10:59:27,smoke_hh_v007_param_targets_20260616_001,baseline_hh,v007_active,challenge_problem_OGC2026\ogc2026\baseline\myalgorithm.py,prob_27.json,True,5,112952433.0,112952433.0,112952433.0,8321.0,3870,5002.0,16.002958,15.792256355285645,150,150,,challenge_problem_OGC2026\reports\ogc2026_benchmark\smoke_hh_v007_param_targets_20260616_001\solutions\baseline_hh__v007_active\prob_27.solution.json,challenge_problem_OGC2026\reports\ogc2026_benchmark\smoke_hh_v007_param_targets_20260616_001\logs\baseline_hh__v007_active\prob_27.log,PASS objective=112952433.0 obj1=8321.0 obj2=3870 obj3=5002.0
2026-06-16T10:59:27,smoke_hh_v007_param_targets_20260616_001,baseline_hh,v007_active,challenge_problem_OGC2026\ogc2026\baseline\myalgorithm.py,prob_31.json,True,5,111387746.0,111387746.0,111387746.0,8168.0,8778,9204.0,14.417277,14.193723440170288,200,200,,challenge_problem_OGC2026\reports\ogc2026_benchmark\smoke_hh_v007_param_targets_20260616_001\solutions\baseline_hh__v007_active\prob_31.solution.json,challenge_problem_OGC2026\reports\ogc2026_benchmark\smoke_hh_v007_param_targets_20260616_001\logs\baseline_hh__v007_active\prob_31.log,PASS objective=111387746.0 obj1=8168.0 obj2=8778 obj3=9204.0
2026-06-16T10:59:27,smoke_hh_v007_param_targets_20260616_001,baseline_hh,v007_active,challenge_problem_OGC2026\ogc2026\baseline\myalgorithm.py,prob_32.json,True,5,21419599.0,21419599.0,21419599.0,5783.0,2252,3556.0,17.342046,17.019097566604614,200,200,,challenge_problem_OGC2026\reports\ogc2026_benchmark\smoke_hh_v007_param_targets_20260616_001\solutions\baseline_hh__v007_active\prob_32.solution.json,challenge_problem_OGC2026\reports\ogc2026_benchmark\smoke_hh_v007_param_targets_20260616_001\logs\baseline_hh__v007_active\prob_32.log,PASS objective=21419599.0 obj1=5783.0 obj2=2252 obj3=3556.0
2026-06-16T10:59:27,smoke_hh_v007_param_targets_20260616_001,baseline_hh,v007_active,challenge_problem_OGC2026\ogc2026\baseline\myalgorithm.py,prob_33.json,True,5,41382938.0,41382938.0,41382938.0,6104.0,1842,4461.0,28.339028,27.132360219955444,200,200,,challenge_problem_OGC2026\reports\ogc2026_benchmark\smoke_hh_v007_param_targets_20260616_001\solutions\baseline_hh__v007_active\prob_33.solution.json,challenge_problem_OGC2026\reports\ogc2026_benchmark\smoke_hh_v007_param_targets_20260616_001\logs\baseline_hh__v007_active\prob_33.log,PASS objective=41382938.0 obj1=6104.0 obj2=1842 obj3=4461.0
2026-06-16T10:59:27,smoke_hh_v007_param_targets_20260616_001,baseline_hh,v007_active,challenge_problem_OGC2026\ogc2026\baseline\myalgorithm.py,prob_34.json,True,5,13609744.0,13609744.0,13609744.0,3553.0,2765,3280.0,19.820455,19.575283527374268,200,200,,challenge_problem_OGC2026\reports\ogc2026_benchmark\smoke_hh_v007_param_targets_20260616_001\solutions\baseline_hh__v007_active\prob_34.solution.json,challenge_problem_OGC2026\reports\ogc2026_benchmark\smoke_hh_v007_param_targets_20260616_001\logs\baseline_hh__v007_active\prob_34.log,PASS objective=13609744.0 obj1=3553.0 obj2=2765 obj3=3280.0
2026-06-16T10:59:27,smoke_hh_v007_param_targets_20260616_001,baseline_hh,v007_active,challenge_problem_OGC2026\ogc2026\baseline\myalgorithm.py,prob_35.json,True,5,44348210.0,44348210.0,44348210.0,3275.0,6417,4337.0,19.144898,18.898030996322632,200,200,,challenge_problem_OGC2026\reports\ogc2026_benchmark\smoke_hh_v007_param_targets_20260616_001\solutions\baseline_hh__v007_active\prob_35.solution.json,challenge_problem_OGC2026\reports\ogc2026_benchmark\smoke_hh_v007_param_targets_20260616_001\logs\baseline_hh__v007_active\prob_35.log,PASS objective=44348210.0 obj1=3275.0 obj2=6417 obj3=4337.0
2026-06-16T10:59:27,smoke_hh_v007_param_targets_20260616_001,baseline_hh,v007_active,challenge_problem_OGC2026\ogc2026\baseline\myalgorithm.py,prob_36.json,True,5,3947054.0,3947054.0,3947054.0,5732.0,4756,9158.0,22.324137,22.106709480285645,250,250,,challenge_problem_OGC2026\reports\ogc2026_benchmark\smoke_hh_v007_param_targets_20260616_001\solutions\baseline_hh__v007_active\prob_36.solution.json,challenge_problem_OGC2026\reports\ogc2026_benchmark\smoke_hh_v007_param_targets_20260616_001\logs\baseline_hh__v007_active\prob_36.log,PASS objective=3947054.0 obj1=5732.0 obj2=4756 obj3=9158.0
2026-06-16T10:59:27,smoke_hh_v007_param_targets_20260616_001,baseline_hh,v007_active,challenge_problem_OGC2026\ogc2026\baseline\myalgorithm.py,prob_37.json,True,5,26584160.0,26584160.0,26584160.0,7132.0,5801,4650.0,19.586340,19.085655450820923,250,250,,challenge_problem_OGC2026\reports\ogc2026_benchmark\smoke_hh_v007_param_targets_20260616_001\solutions\baseline_hh__v007_active\prob_37.solution.json,challenge_problem_OGC2026\reports\ogc2026_benchmark\smoke_hh_v007_param_targets_20260616_001\logs\baseline_hh__v007_active\prob_37.log,PASS objective=26584160.0 obj1=7132.0 obj2=5801 obj3=4650.0
2026-06-16T10:59:27,smoke_hh_v007_param_targets_20260616_001,baseline_hh,v007_active,challenge_problem_OGC2026\ogc2026\baseline\myalgorithm.py,prob_38.json,True,5,341740165.0,341740165.0,341740165.0,25393.0,11748,10506.0,17.751723,17.530396938323975,250,250,,challenge_problem_OGC2026\reports\ogc2026_benchmark\smoke_hh_v007_param_targets_20260616_001\solutions\baseline_hh__v007_active\prob_38.solution.json,challenge_problem_OGC2026\reports\ogc2026_benchmark\smoke_hh_v007_param_targets_20260616_001\logs\baseline_hh__v007_active\prob_38.log,PASS objective=341740165.0 obj1=25393.0 obj2=11748 obj3=10506.0
2026-06-16T10:59:27,smoke_hh_v007_param_targets_20260616_001,baseline_hh,v007_active,challenge_problem_OGC2026\ogc2026\baseline\myalgorithm.py,prob_40.json,True,5,10775714.0,10775714.0,10775714.0,15897.0,11111,12408.0,35.641164,35.413877964019775,250,250,,challenge_problem_OGC2026\reports\ogc2026_benchmark\smoke_hh_v007_param_targets_20260616_001\solutions\baseline_hh__v007_active\prob_40.solution.json,challenge_problem_OGC2026\reports\ogc2026_benchmark\smoke_hh_v007_param_targets_20260616_001\logs\baseline_hh__v007_active\prob_40.log,PASS objective=10775714.0 obj1=15897.0 obj2=11111 obj3=12408.0
2026-06-16T11:03:47,full_hh_v007_param_train40_20260616_001,baseline_hh,v007_active,challenge_problem_OGC2026\ogc2026\baseline\myalgorithm.py,prob_1.json,True,5,28213016.0,28213016.0,28213016.0,957.0,1047,1828.0,6.236267,6.010385513305664,100,100,,challenge_problem_OGC2026\reports\ogc2026_benchmark\full_hh_v007_param_train40_20260616_001\solutions\baseline_hh__v007_active\prob_1.solution.json,challenge_problem_OGC2026\reports\ogc2026_benchmark\full_hh_v007_param_train40_20260616_001\logs\baseline_hh__v007_active\prob_1.log,PASS objective=28213016.0 obj1=957.0 obj2=1047 obj3=1828.0
2026-06-16T11:03:47,full_hh_v007_param_train40_20260616_001,baseline_hh,v007_active,challenge_problem_OGC2026\ogc2026\baseline\myalgorithm.py,prob_2.json,True,5,5071714.0,5071714.0,5071714.0,164.0,1039,1936.0,4.570864,4.348737001419067,100,100,,challenge_problem_OGC2026\reports\ogc2026_benchmark\full_hh_v007_param_train40_20260616_001\solutions\baseline_hh__v007_active\prob_2.solution.json,challenge_problem_OGC2026\reports\ogc2026_benchmark\full_hh_v007_param_train40_20260616_001\logs\baseline_hh__v007_active\prob_2.log,PASS objective=5071714.0 obj1=164.0 obj2=1039 obj3=1936.0
2026-06-16T11:03:47,full_hh_v007_param_train40_20260616_001,baseline_hh,v007_active,challenge_problem_OGC2026\ogc2026\baseline\myalgorithm.py,prob_3.json,True,5,4359857.0,4359857.0,4359857.0,151.0,2084,2082.0,4.002367,3.804227352142334,100,100,,challenge_problem_OGC2026\reports\ogc2026_benchmark\full_hh_v007_param_train40_20260616_001\solutions\baseline_hh__v007_active\prob_3.solution.json,challenge_problem_OGC2026\reports\ogc2026_benchmark\full_hh_v007_param_train40_20260616_001\logs\baseline_hh__v007_active\prob_3.log,PASS objective=4359857.0 obj1=151.0 obj2=2084 obj3=2082.0
2026-06-16T11:03:47,full_hh_v007_param_train40_20260616_001,baseline_hh,v007_active,challenge_problem_OGC2026\ogc2026\baseline\myalgorithm.py,prob_4.json,True,5,7776376.0,7776376.0,7776376.0,334.0,1452,2228.0,4.723995,4.5085108280181885,100,100,,challenge_problem_OGC2026\reports\ogc2026_benchmark\full_hh_v007_param_train40_20260616_001\solutions\baseline_hh__v007_active\prob_4.solution.json,challenge_problem_OGC2026\reports\ogc2026_benchmark\full_hh_v007_param_train40_20260616_001\logs\baseline_hh__v007_active\prob_4.log,PASS objective=7776376.0 obj1=334.0 obj2=1452 obj3=2228.0
2026-06-16T11:03:47,full_hh_v007_param_train40_20260616_001,baseline_hh,v007_active,challenge_problem_OGC2026\ogc2026\baseline\myalgorithm.py,prob_5.json,True,5,7702074.0,7702074.0,7702074.0,451.0,9032,2819.0,4.950801,4.724007844924927,150,150,,challenge_problem_OGC2026\reports\ogc2026_benchmark\full_hh_v007_param_train40_20260616_001\solutions\baseline_hh__v007_active\prob_5.solution.json,challenge_problem_OGC2026\reports\ogc2026_benchmark\full_hh_v007_param_train40_20260616_001\logs\baseline_hh__v007_active\prob_5.log,PASS objective=7702074.0 obj1=451.0 obj2=9032 obj3=2819.0
2026-06-16T11:03:47,full_hh_v007_param_train40_20260616_001,baseline_hh,v007_active,challenge_problem_OGC2026\ogc2026\baseline\myalgorithm.py,prob_6.json,True,5,34053978.0,34053978.0,34053978.0,1131.0,3714,3443.0,5.808689,5.569746494293213,150,150,,challenge_problem_OGC2026\reports\ogc2026_benchmark\full_hh_v007_param_train40_20260616_001\solutions\baseline_hh__v007_active\prob_6.solution.json,challenge_problem_OGC2026\reports\ogc2026_benchmark\full_hh_v007_param_train40_20260616_001\logs\baseline_hh__v007_active\prob_6.log,PASS objective=34053978.0 obj1=1131.0 obj2=3714 obj3=3443.0
2026-06-16T11:03:47,full_hh_v007_param_train40_20260616_001,baseline_hh,v007_active,challenge_problem_OGC2026\ogc2026\baseline\myalgorithm.py,prob_7.json,True,5,9436227.0,9436227.0,9436227.0,503.0,6999,2966.0,5.660572,5.463422775268555,150,150,,challenge_problem_OGC2026\reports\ogc2026_benchmark\full_hh_v007_param_train40_20260616_001\solutions\baseline_hh__v007_active\prob_7.solution.json,challenge_problem_OGC2026\reports\ogc2026_benchmark\full_hh_v007_param_train40_20260616_001\logs\baseline_hh__v007_active\prob_7.log,PASS objective=9436227.0 obj1=503.0 obj2=6999 obj3=2966.0
2026-06-16T11:03:47,full_hh_v007_param_train40_20260616_001,baseline_hh,v007_active,challenge_problem_OGC2026\ogc2026\baseline\myalgorithm.py,prob_8.json,True,5,799132.0,799132.0,799132.0,42.0,2283,1850.0,4.934287,4.6932594776153564,150,150,,challenge_problem_OGC2026\reports\ogc2026_benchmark\full_hh_v007_param_train40_20260616_001\solutions\baseline_hh__v007_active\prob_8.solution.json,challenge_problem_OGC2026\reports\ogc2026_benchmark\full_hh_v007_param_train40_20260616_001\logs\baseline_hh__v007_active\prob_8.log,PASS objective=799132.0 obj1=42.0 obj2=2283 obj3=1850.0
2026-06-16T11:03:47,full_hh_v007_param_train40_20260616_001,baseline_hh,v007_active,challenge_problem_OGC2026\ogc2026\baseline\myalgorithm.py,prob_9.json,True,5,12566025.0,12566025.0,12566025.0,905.0,1382,3285.0,7.861213,7.633724212646484,200,200,,challenge_problem_OGC2026\reports\ogc2026_benchmark\full_hh_v007_param_train40_20260616_001\solutions\baseline_hh__v007_active\prob_9.solution.json,challenge_problem_OGC2026\reports\ogc2026_benchmark\full_hh_v007_param_train40_20260616_001\logs\baseline_hh__v007_active\prob_9.log,PASS objective=12566025.0 obj1=905.0 obj2=1382 obj3=3285.0
2026-06-16T11:03:47,full_hh_v007_param_train40_20260616_001,baseline_hh,v007_active,challenge_problem_OGC2026\ogc2026\baseline\myalgorithm.py,prob_10.json,True,5,5667274.0,5667274.0,5667274.0,367.0,2615,2338.0,11.461807,11.121089220046997,200,200,,challenge_problem_OGC2026\reports\ogc2026_benchmark\full_hh_v007_param_train40_20260616_001\solutions\baseline_hh__v007_active\prob_10.solution.json,challenge_problem_OGC2026\reports\ogc2026_benchmark\full_hh_v007_param_train40_20260616_001\logs\baseline_hh__v007_active\prob_10.log,PASS objective=5667274.0 obj1=367.0 obj2=2615 obj3=2338.0
2026-06-16T11:03:47,full_hh_v007_param_train40_20260616_001,baseline_hh,v007_active,challenge_problem_OGC2026\ogc2026\baseline\myalgorithm.py,prob_11.json,True,5,17214296.0,17214296.0,17214296.0,739.0,406,2407.0,13.969801,13.549089193344116,200,200,,challenge_problem_OGC2026\reports\ogc2026_benchmark\full_hh_v007_param_train40_20260616_001\solutions\baseline_hh__v007_active\prob_11.solution.json,challenge_problem_OGC2026\reports\ogc2026_benchmark\full_hh_v007_param_train40_20260616_001\logs\baseline_hh__v007_active\prob_11.log,PASS objective=17214296.0 obj1=739.0 obj2=406 obj3=2407.0
2026-06-16T11:03:47,full_hh_v007_param_train40_20260616_001,baseline_hh,v007_active,challenge_problem_OGC2026\ogc2026\baseline\myalgorithm.py,prob_12.json,True,5,24481657.0,24481657.0,24481657.0,1096.0,7849,3042.0,9.012805,8.722780704498291,200,200,,challenge_problem_OGC2026\reports\ogc2026_benchmark\full_hh_v007_param_train40_20260616_001\solutions\baseline_hh__v007_active\prob_12.solution.json,challenge_problem_OGC2026\reports\ogc2026_benchmark\full_hh_v007_param_train40_20260616_001\logs\baseline_hh__v007_active\prob_12.log,PASS objective=24481657.0 obj1=1096.0 obj2=7849 obj3=3042.0
2026-06-16T11:03:47,full_hh_v007_param_train40_20260616_001,baseline_hh,v007_active,challenge_problem_OGC2026\ogc2026\baseline\myalgorithm.py,prob_13.json,True,5,17775052.0,17775052.0,17775052.0,923.0,4445,4364.0,9.541172,9.275046110153198,250,250,,challenge_problem_OGC2026\reports\ogc2026_benchmark\full_hh_v007_param_train40_20260616_001\solutions\baseline_hh__v007_active\prob_13.solution.json,challenge_problem_OGC2026\reports\ogc2026_benchmark\full_hh_v007_param_train40_20260616_001\logs\baseline_hh__v007_active\prob_13.log,PASS objective=17775052.0 obj1=923.0 obj2=4445 obj3=4364.0
2026-06-16T11:03:47,full_hh_v007_param_train40_20260616_001,baseline_hh,v007_active,challenge_problem_OGC2026\ogc2026\baseline\myalgorithm.py,prob_14.json,True,5,15772154.0,15772154.0,15772154.0,858.0,5439,3695.0,12.292697,12.019197940826416,250,250,,challenge_problem_OGC2026\reports\ogc2026_benchmark\full_hh_v007_param_train40_20260616_001\solutions\baseline_hh__v007_active\prob_14.solution.json,challenge_problem_OGC2026\reports\ogc2026_benchmark\full_hh_v007_param_train40_20260616_001\logs\baseline_hh__v007_active\prob_14.log,PASS objective=15772154.0 obj1=858.0 obj2=5439 obj3=3695.0
2026-06-16T11:03:47,full_hh_v007_param_train40_20260616_001,baseline_hh,v007_active,challenge_problem_OGC2026\ogc2026\baseline\myalgorithm.py,prob_15.json,True,5,10860947.0,10860947.0,10860947.0,698.0,7085,3644.0,9.448422,9.206611394882202,250,250,,challenge_problem_OGC2026\reports\ogc2026_benchmark\full_hh_v007_param_train40_20260616_001\solutions\baseline_hh__v007_active\prob_15.solution.json,challenge_problem_OGC2026\reports\ogc2026_benchmark\full_hh_v007_param_train40_20260616_001\logs\baseline_hh__v007_active\prob_15.log,PASS objective=10860947.0 obj1=698.0 obj2=7085 obj3=3644.0
2026-06-16T11:03:47,full_hh_v007_param_train40_20260616_001,baseline_hh,v007_active,challenge_problem_OGC2026\ogc2026\baseline\myalgorithm.py,prob_16.json,True,5,1135590.0,1135590.0,1135590.0,87.0,5577,2514.0,6.201493,5.918905258178711,250,250,,challenge_problem_OGC2026\reports\ogc2026_benchmark\full_hh_v007_param_train40_20260616_001\solutions\baseline_hh__v007_active\prob_16.solution.json,challenge_problem_OGC2026\reports\ogc2026_benchmark\full_hh_v007_param_train40_20260616_001\logs\baseline_hh__v007_active\prob_16.log,PASS objective=1135590.0 obj1=87.0 obj2=5577 obj3=2514.0
2026-06-16T11:03:47,full_hh_v007_param_train40_20260616_001,baseline_hh,v007_active,challenge_problem_OGC2026\ogc2026\baseline\myalgorithm.py,prob_17.json,True,5,5992157.0,5992157.0,5992157.0,557.0,8880,4176.0,8.770419,8.535210371017456,300,300,,challenge_problem_OGC2026\reports\ogc2026_benchmark\full_hh_v007_param_train40_20260616_001\solutions\baseline_hh__v007_active\prob_17.solution.json,challenge_problem_OGC2026\reports\ogc2026_benchmark\full_hh_v007_param_train40_20260616_001\logs\baseline_hh__v007_active\prob_17.log,PASS objective=5992157.0 obj1=557.0 obj2=8880 obj3=4176.0
2026-06-16T11:03:47,full_hh_v007_param_train40_20260616_001,baseline_hh,v007_active,challenge_problem_OGC2026\ogc2026\baseline\myalgorithm.py,prob_18.json,True,5,10869245.0,10869245.0,10869245.0,767.0,5165,4678.0,12.285782,12.042834520339966,300,300,,challenge_problem_OGC2026\reports\ogc2026_benchmark\full_hh_v007_param_train40_20260616_001\solutions\baseline_hh__v007_active\prob_18.solution.json,challenge_problem_OGC2026\reports\ogc2026_benchmark\full_hh_v007_param_train40_20260616_001\logs\baseline_hh__v007_active\prob_18.log,PASS objective=10869245.0 obj1=767.0 obj2=5165 obj3=4678.0
2026-06-16T11:03:47,full_hh_v007_param_train40_20260616_001,baseline_hh,v007_active,challenge_problem_OGC2026\ogc2026\baseline\myalgorithm.py,prob_19.json,True,5,4728163.0,4728163.0,4728163.0,389.0,6222,4164.0,10.249912,10.014758825302124,300,300,,challenge_problem_OGC2026\reports\ogc2026_benchmark\full_hh_v007_param_train40_20260616_001\solutions\baseline_hh__v007_active\prob_19.solution.json,challenge_problem_OGC2026\reports\ogc2026_benchmark\full_hh_v007_param_train40_20260616_001\logs\baseline_hh__v007_active\prob_19.log,PASS objective=4728163.0 obj1=389.0 obj2=6222 obj3=4164.0
2026-06-16T11:03:47,full_hh_v007_param_train40_20260616_001,baseline_hh,v007_active,challenge_problem_OGC2026\ogc2026\baseline\myalgorithm.py,prob_20.json,True,5,93275748.0,93275748.0,93275748.0,3478.0,6612,3906.0,11.354244,11.096092939376831,300,300,,challenge_problem_OGC2026\reports\ogc2026_benchmark\full_hh_v007_param_train40_20260616_001\solutions\baseline_hh__v007_active\prob_20.solution.json,challenge_problem_OGC2026\reports\ogc2026_benchmark\full_hh_v007_param_train40_20260616_001\logs\baseline_hh__v007_active\prob_20.log,PASS objective=93275748.0 obj1=3478.0 obj2=6612 obj3=3906.0
2026-06-16T11:03:47,full_hh_v007_param_train40_20260616_001,baseline_hh,v007_active,challenge_problem_OGC2026\ogc2026\baseline\myalgorithm.py,prob_21.json,True,5,33738372.0,33738372.0,33738372.0,2494.0,2612,3065.0,4.114269,3.9046742916107178,100,100,,challenge_problem_OGC2026\reports\ogc2026_benchmark\full_hh_v007_param_train40_20260616_001\solutions\baseline_hh__v007_active\prob_21.solution.json,challenge_problem_OGC2026\reports\ogc2026_benchmark\full_hh_v007_param_train40_20260616_001\logs\baseline_hh__v007_active\prob_21.log,PASS objective=33738372.0 obj1=2494.0 obj2=2612 obj3=3065.0
2026-06-16T11:03:47,full_hh_v007_param_train40_20260616_001,baseline_hh,v007_active,challenge_problem_OGC2026\ogc2026\baseline\myalgorithm.py,prob_22.json,True,5,22087703.0,22087703.0,22087703.0,1540.0,6561,3838.0,4.543241,4.343005895614624,100,100,,challenge_problem_OGC2026\reports\ogc2026_benchmark\full_hh_v007_param_train40_20260616_001\solutions\baseline_hh__v007_active\prob_22.solution.json,challenge_problem_OGC2026\reports\ogc2026_benchmark\full_hh_v007_param_train40_20260616_001\logs\baseline_hh__v007_active\prob_22.log,PASS objective=22087703.0 obj1=1540.0 obj2=6561 obj3=3838.0
2026-06-16T11:03:47,full_hh_v007_param_train40_20260616_001,baseline_hh,v007_active,challenge_problem_OGC2026\ogc2026\baseline\myalgorithm.py,prob_23.json,True,5,51102508.0,51102508.0,51102508.0,3724.0,5256,2860.0,3.982893,3.731314182281494,100,100,,challenge_problem_OGC2026\reports\ogc2026_benchmark\full_hh_v007_param_train40_20260616_001\solutions\baseline_hh__v007_active\prob_23.solution.json,challenge_problem_OGC2026\reports\ogc2026_benchmark\full_hh_v007_param_train40_20260616_001\logs\baseline_hh__v007_active\prob_23.log,PASS objective=51102508.0 obj1=3724.0 obj2=5256 obj3=2860.0
2026-06-16T11:03:47,full_hh_v007_param_train40_20260616_001,baseline_hh,v007_active,challenge_problem_OGC2026\ogc2026\baseline\myalgorithm.py,prob_24.json,True,5,23636032.0,23636032.0,23636032.0,1724.0,2848,2119.0,6.147991,5.97230076789856,100,100,,challenge_problem_OGC2026\reports\ogc2026_benchmark\full_hh_v007_param_train40_20260616_001\solutions\baseline_hh__v007_active\prob_24.solution.json,challenge_problem_OGC2026\reports\ogc2026_benchmark\full_hh_v007_param_train40_20260616_001\logs\baseline_hh__v007_active\prob_24.log,PASS objective=23636032.0 obj1=1724.0 obj2=2848 obj3=2119.0
2026-06-16T11:03:47,full_hh_v007_param_train40_20260616_001,baseline_hh,v007_active,challenge_problem_OGC2026\ogc2026\baseline\myalgorithm.py,prob_25.json,True,5,4092045.0,4092045.0,4092045.0,6049.0,2722,2732.0,7.087747,6.723671197891235,100,100,,challenge_problem_OGC2026\reports\ogc2026_benchmark\full_hh_v007_param_train40_20260616_001\solutions\baseline_hh__v007_active\prob_25.solution.json,challenge_problem_OGC2026\reports\ogc2026_benchmark\full_hh_v007_param_train40_20260616_001\logs\baseline_hh__v007_active\prob_25.log,PASS objective=4092045.0 obj1=6049.0 obj2=2722 obj3=2732.0
2026-06-16T11:03:47,full_hh_v007_param_train40_20260616_001,baseline_hh,v007_active,challenge_problem_OGC2026\ogc2026\baseline\myalgorithm.py,prob_26.json,True,5,78506692.0,78506692.0,78506692.0,5832.0,6448,4690.0,16.788049,16.004497528076172,150,150,,challenge_problem_OGC2026\reports\ogc2026_benchmark\full_hh_v007_param_train40_20260616_001\solutions\baseline_hh__v007_active\prob_26.solution.json,challenge_problem_OGC2026\reports\ogc2026_benchmark\full_hh_v007_param_train40_20260616_001\logs\baseline_hh__v007_active\prob_26.log,PASS objective=78506692.0 obj1=5832.0 obj2=6448 obj3=4690.0
2026-06-16T11:03:47,full_hh_v007_param_train40_20260616_001,baseline_hh,v007_active,challenge_problem_OGC2026\ogc2026\baseline\myalgorithm.py,prob_27.json,True,5,112952433.0,112952433.0,112952433.0,8321.0,3870,5002.0,17.330433,17.069549560546875,150,150,,challenge_problem_OGC2026\reports\ogc2026_benchmark\full_hh_v007_param_train40_20260616_001\solutions\baseline_hh__v007_active\prob_27.solution.json,challenge_problem_OGC2026\reports\ogc2026_benchmark\full_hh_v007_param_train40_20260616_001\logs\baseline_hh__v007_active\prob_27.log,PASS objective=112952433.0 obj1=8321.0 obj2=3870 obj3=5002.0
2026-06-16T11:03:47,full_hh_v007_param_train40_20260616_001,baseline_hh,v007_active,challenge_problem_OGC2026\ogc2026\baseline\myalgorithm.py,prob_28.json,True,5,72755511.0,72755511.0,72755511.0,5364.0,4733,4077.0,7.491831,7.20143723487854,150,150,,challenge_problem_OGC2026\reports\ogc2026_benchmark\full_hh_v007_param_train40_20260616_001\solutions\baseline_hh__v007_active\prob_28.solution.json,challenge_problem_OGC2026\reports\ogc2026_benchmark\full_hh_v007_param_train40_20260616_001\logs\baseline_hh__v007_active\prob_28.log,PASS objective=72755511.0 obj1=5364.0 obj2=4733 obj3=4077.0
2026-06-16T11:03:47,full_hh_v007_param_train40_20260616_001,baseline_hh,v007_active,challenge_problem_OGC2026\ogc2026\baseline\myalgorithm.py,prob_29.json,True,5,42638448.0,42638448.0,42638448.0,3069.0,4657,5685.0,7.714094,7.465303897857666,150,150,,challenge_problem_OGC2026\reports\ogc2026_benchmark\full_hh_v007_param_train40_20260616_001\solutions\baseline_hh__v007_active\prob_29.solution.json,challenge_problem_OGC2026\reports\ogc2026_benchmark\full_hh_v007_param_train40_20260616_001\logs\baseline_hh__v007_active\prob_29.log,PASS objective=42638448.0 obj1=3069.0 obj2=4657 obj3=5685.0
2026-06-16T11:03:47,full_hh_v007_param_train40_20260616_001,baseline_hh,v007_active,challenge_problem_OGC2026\ogc2026\baseline\myalgorithm.py,prob_30.json,True,5,79766001.0,79766001.0,79766001.0,5921.0,5727,3992.0,7.380724,7.162140607833862,150,150,,challenge_problem_OGC2026\reports\ogc2026_benchmark\full_hh_v007_param_train40_20260616_001\solutions\baseline_hh__v007_active\prob_30.solution.json,challenge_problem_OGC2026\reports\ogc2026_benchmark\full_hh_v007_param_train40_20260616_001\logs\baseline_hh__v007_active\prob_30.log,PASS objective=79766001.0 obj1=5921.0 obj2=5727 obj3=3992.0
2026-06-16T11:03:47,full_hh_v007_param_train40_20260616_001,baseline_hh,v007_active,challenge_problem_OGC2026\ogc2026\baseline\myalgorithm.py,prob_31.json,True,5,111387746.0,111387746.0,111387746.0,8168.0,8778,9204.0,14.427602,14.180295467376709,200,200,,challenge_problem_OGC2026\reports\ogc2026_benchmark\full_hh_v007_param_train40_20260616_001\solutions\baseline_hh__v007_active\prob_31.solution.json,challenge_problem_OGC2026\reports\ogc2026_benchmark\full_hh_v007_param_train40_20260616_001\logs\baseline_hh__v007_active\prob_31.log,PASS objective=111387746.0 obj1=8168.0 obj2=8778 obj3=9204.0
2026-06-16T11:03:47,full_hh_v007_param_train40_20260616_001,baseline_hh,v007_active,challenge_problem_OGC2026\ogc2026\baseline\myalgorithm.py,prob_32.json,True,5,21419599.0,21419599.0,21419599.0,5783.0,2252,3556.0,17.799002,17.530885457992554,200,200,,challenge_problem_OGC2026\reports\ogc2026_benchmark\full_hh_v007_param_train40_20260616_001\solutions\baseline_hh__v007_active\prob_32.solution.json,challenge_problem_OGC2026\reports\ogc2026_benchmark\full_hh_v007_param_train40_20260616_001\logs\baseline_hh__v007_active\prob_32.log,PASS objective=21419599.0 obj1=5783.0 obj2=2252 obj3=3556.0
2026-06-16T11:03:47,full_hh_v007_param_train40_20260616_001,baseline_hh,v007_active,challenge_problem_OGC2026\ogc2026\baseline\myalgorithm.py,prob_33.json,True,5,41382938.0,41382938.0,41382938.0,6104.0,1842,4461.0,16.738063,16.518834352493286,200,200,,challenge_problem_OGC2026\reports\ogc2026_benchmark\full_hh_v007_param_train40_20260616_001\solutions\baseline_hh__v007_active\prob_33.solution.json,challenge_problem_OGC2026\reports\ogc2026_benchmark\full_hh_v007_param_train40_20260616_001\logs\baseline_hh__v007_active\prob_33.log,PASS objective=41382938.0 obj1=6104.0 obj2=1842 obj3=4461.0
2026-06-16T11:03:47,full_hh_v007_param_train40_20260616_001,baseline_hh,v007_active,challenge_problem_OGC2026\ogc2026\baseline\myalgorithm.py,prob_34.json,True,5,13609744.0,13609744.0,13609744.0,3553.0,2765,3280.0,16.867364,16.643065690994263,200,200,,challenge_problem_OGC2026\reports\ogc2026_benchmark\full_hh_v007_param_train40_20260616_001\solutions\baseline_hh__v007_active\prob_34.solution.json,challenge_problem_OGC2026\reports\ogc2026_benchmark\full_hh_v007_param_train40_20260616_001\logs\baseline_hh__v007_active\prob_34.log,PASS objective=13609744.0 obj1=3553.0 obj2=2765 obj3=3280.0
2026-06-16T11:03:47,full_hh_v007_param_train40_20260616_001,baseline_hh,v007_active,challenge_problem_OGC2026\ogc2026\baseline\myalgorithm.py,prob_35.json,True,5,44348210.0,44348210.0,44348210.0,3275.0,6417,4337.0,28.375943,28.13929772377014,200,200,,challenge_problem_OGC2026\reports\ogc2026_benchmark\full_hh_v007_param_train40_20260616_001\solutions\baseline_hh__v007_active\prob_35.solution.json,challenge_problem_OGC2026\reports\ogc2026_benchmark\full_hh_v007_param_train40_20260616_001\logs\baseline_hh__v007_active\prob_35.log,PASS objective=44348210.0 obj1=3275.0 obj2=6417 obj3=4337.0
2026-06-16T11:03:47,full_hh_v007_param_train40_20260616_001,baseline_hh,v007_active,challenge_problem_OGC2026\ogc2026\baseline\myalgorithm.py,prob_36.json,True,5,4616832.0,4616832.0,4616832.0,6726.0,4776,9678.0,22.812828,22.2687668800354,250,250,,challenge_problem_OGC2026\reports\ogc2026_benchmark\full_hh_v007_param_train40_20260616_001\solutions\baseline_hh__v007_active\prob_36.solution.json,challenge_problem_OGC2026\reports\ogc2026_benchmark\full_hh_v007_param_train40_20260616_001\logs\baseline_hh__v007_active\prob_36.log,PASS objective=4616832.0 obj1=6726.0 obj2=4776 obj3=9678.0
2026-06-16T11:03:47,full_hh_v007_param_train40_20260616_001,baseline_hh,v007_active,challenge_problem_OGC2026\ogc2026\baseline\myalgorithm.py,prob_37.json,True,5,26584160.0,26584160.0,26584160.0,7132.0,5801,4650.0,21.451897,21.21492338180542,250,250,,challenge_problem_OGC2026\reports\ogc2026_benchmark\full_hh_v007_param_train40_20260616_001\solutions\baseline_hh__v007_active\prob_37.solution.json,challenge_problem_OGC2026\reports\ogc2026_benchmark\full_hh_v007_param_train40_20260616_001\logs\baseline_hh__v007_active\prob_37.log,PASS objective=26584160.0 obj1=7132.0 obj2=5801 obj3=4650.0
2026-06-16T11:03:47,full_hh_v007_param_train40_20260616_001,baseline_hh,v007_active,challenge_problem_OGC2026\ogc2026\baseline\myalgorithm.py,prob_38.json,True,5,341740165.0,341740165.0,341740165.0,25393.0,11748,10506.0,20.312703,20.08625817298889,250,250,,challenge_problem_OGC2026\reports\ogc2026_benchmark\full_hh_v007_param_train40_20260616_001\solutions\baseline_hh__v007_active\prob_38.solution.json,challenge_problem_OGC2026\reports\ogc2026_benchmark\full_hh_v007_param_train40_20260616_001\logs\baseline_hh__v007_active\prob_38.log,PASS objective=341740165.0 obj1=25393.0 obj2=11748 obj3=10506.0
2026-06-16T11:03:47,full_hh_v007_param_train40_20260616_001,baseline_hh,v007_active,challenge_problem_OGC2026\ogc2026\baseline\myalgorithm.py,prob_39.json,True,5,137331679.0,137331679.0,137331679.0,10223.0,2480,6790.0,11.921718,11.68338918685913,250,250,,challenge_problem_OGC2026\reports\ogc2026_benchmark\full_hh_v007_param_train40_20260616_001\solutions\baseline_hh__v007_active\prob_39.solution.json,challenge_problem_OGC2026\reports\ogc2026_benchmark\full_hh_v007_param_train40_20260616_001\logs\baseline_hh__v007_active\prob_39.log,PASS objective=137331679.0 obj1=10223.0 obj2=2480 obj3=6790.0
2026-06-16T11:03:47,full_hh_v007_param_train40_20260616_001,baseline_hh,v007_active,challenge_problem_OGC2026\ogc2026\baseline\myalgorithm.py,prob_40.json,True,5,10775714.0,10775714.0,10775714.0,15897.0,11111,12408.0,23.060154,22.764759063720703,250,250,,challenge_problem_OGC2026\reports\ogc2026_benchmark\full_hh_v007_param_train40_20260616_001\solutions\baseline_hh__v007_active\prob_40.solution.json,challenge_problem_OGC2026\reports\ogc2026_benchmark\full_hh_v007_param_train40_20260616_001\logs\baseline_hh__v007_active\prob_40.log,PASS objective=10775714.0 obj1=15897.0 obj2=11111 obj3=12408.0
2026-06-16T11:21:17,smoke_hh_v007_top2_param_20260616_001,baseline_hh,v007_active,challenge_problem_OGC2026\ogc2026\baseline\myalgorithm.py,prob_38.json,True,5,292593332.0,292593332.0,292593332.0,21770.0,6261,7738.0,20.032081,19.795393705368042,250,250,,challenge_problem_OGC2026\reports\ogc2026_benchmark\smoke_hh_v007_top2_param_20260616_001\solutions\baseline_hh__v007_active\prob_38.solution.json,challenge_problem_OGC2026\reports\ogc2026_benchmark\smoke_hh_v007_top2_param_20260616_001\logs\baseline_hh__v007_active\prob_38.log,PASS objective=292593332.0 obj1=21770.0 obj2=6261 obj3=7738.0
2026-06-16T11:21:17,smoke_hh_v007_top2_param_20260616_001,baseline_hh,v007_active,challenge_problem_OGC2026\ogc2026\baseline\myalgorithm.py,prob_40.json,True,5,12437235.0,12437235.0,12437235.0,18390.0,8917,12476.0,38.066434,37.645068407058716,250,250,,challenge_problem_OGC2026\reports\ogc2026_benchmark\smoke_hh_v007_top2_param_20260616_001\solutions\baseline_hh__v007_active\prob_40.solution.json,challenge_problem_OGC2026\reports\ogc2026_benchmark\smoke_hh_v007_top2_param_20260616_001\logs\baseline_hh__v007_active\prob_40.log,PASS objective=12437235.0 obj1=18390.0 obj2=8917 obj3=12476.0
2026-06-16T11:25:13,smoke_hh_v007_top_param_20260616_002,baseline_hh,v007_active,challenge_problem_OGC2026\ogc2026\baseline\myalgorithm.py,prob_38.json,True,5,309689735.0,309689735.0,309689735.0,23051.0,5676,7798.0,22.911595,22.6828932762146,250,250,,challenge_problem_OGC2026\reports\ogc2026_benchmark\smoke_hh_v007_top_param_20260616_002\solutions\baseline_hh__v007_active\prob_38.solution.json,challenge_problem_OGC2026\reports\ogc2026_benchmark\smoke_hh_v007_top_param_20260616_002\logs\baseline_hh__v007_active\prob_38.log,PASS objective=309689735.0 obj1=23051.0 obj2=5676 obj3=7798.0
2026-06-16T11:25:13,smoke_hh_v007_top_param_20260616_002,baseline_hh,v007_active,challenge_problem_OGC2026\ogc2026\baseline\myalgorithm.py,prob_39.json,True,5,97814402.0,97814402.0,97814402.0,7244.0,1575,8159.0,21.857340,21.55630898475647,250,250,,challenge_problem_OGC2026\reports\ogc2026_benchmark\smoke_hh_v007_top_param_20260616_002\solutions\baseline_hh__v007_active\prob_39.solution.json,challenge_problem_OGC2026\reports\ogc2026_benchmark\smoke_hh_v007_top_param_20260616_002\logs\baseline_hh__v007_active\prob_39.log,PASS objective=97814402.0 obj1=7244.0 obj2=1575 obj3=8159.0
2026-06-16T11:25:13,smoke_hh_v007_top_param_20260616_002,baseline_hh,v007_active,challenge_problem_OGC2026\ogc2026\baseline\myalgorithm.py,prob_40.json,True,5,10775714.0,10775714.0,10775714.0,15897.0,11111,12408.0,24.988504,24.40024471282959,250,250,,challenge_problem_OGC2026\reports\ogc2026_benchmark\smoke_hh_v007_top_param_20260616_002\solutions\baseline_hh__v007_active\prob_40.solution.json,challenge_problem_OGC2026\reports\ogc2026_benchmark\smoke_hh_v007_top_param_20260616_002\logs\baseline_hh__v007_active\prob_40.log,PASS objective=10775714.0 obj1=15897.0 obj2=11111 obj3=12408.0
2026-06-16T11:27:18,smoke_hh_v007_top_param_20260616_003,baseline_hh,v007_active,challenge_problem_OGC2026\ogc2026\baseline\myalgorithm.py,prob_38.json,True,5,292593332.0,292593332.0,292593332.0,21770.0,6261,7738.0,27.287726,26.919481992721558,250,250,,challenge_problem_OGC2026\reports\ogc2026_benchmark\smoke_hh_v007_top_param_20260616_003\solutions\baseline_hh__v007_active\prob_38.solution.json,challenge_problem_OGC2026\reports\ogc2026_benchmark\smoke_hh_v007_top_param_20260616_003\logs\baseline_hh__v007_active\prob_38.log,PASS objective=292593332.0 obj1=21770.0 obj2=6261 obj3=7738.0
2026-06-16T11:27:18,smoke_hh_v007_top_param_20260616_003,baseline_hh,v007_active,challenge_problem_OGC2026\ogc2026\baseline\myalgorithm.py,prob_39.json,True,5,97814402.0,97814402.0,97814402.0,7244.0,1575,8159.0,22.107282,21.82698655128479,250,250,,challenge_problem_OGC2026\reports\ogc2026_benchmark\smoke_hh_v007_top_param_20260616_003\solutions\baseline_hh__v007_active\prob_39.solution.json,challenge_problem_OGC2026\reports\ogc2026_benchmark\smoke_hh_v007_top_param_20260616_003\logs\baseline_hh__v007_active\prob_39.log,PASS objective=97814402.0 obj1=7244.0 obj2=1575 obj3=8159.0
2026-06-16T11:28:34,full_hh_v007_param_train40_20260616_002,baseline_hh,v007_active,challenge_problem_OGC2026\ogc2026\baseline\myalgorithm.py,prob_1.json,True,5,28213016.0,28213016.0,28213016.0,957.0,1047,1828.0,5.648345,5.41996955871582,100,100,,challenge_problem_OGC2026\reports\ogc2026_benchmark\full_hh_v007_param_train40_20260616_002\solutions\baseline_hh__v007_active\prob_1.solution.json,challenge_problem_OGC2026\reports\ogc2026_benchmark\full_hh_v007_param_train40_20260616_002\logs\baseline_hh__v007_active\prob_1.log,PASS objective=28213016.0 obj1=957.0 obj2=1047 obj3=1828.0
2026-06-16T11:28:34,full_hh_v007_param_train40_20260616_002,baseline_hh,v007_active,challenge_problem_OGC2026\ogc2026\baseline\myalgorithm.py,prob_2.json,True,5,5071714.0,5071714.0,5071714.0,164.0,1039,1936.0,4.405461,4.154629945755005,100,100,,challenge_problem_OGC2026\reports\ogc2026_benchmark\full_hh_v007_param_train40_20260616_002\solutions\baseline_hh__v007_active\prob_2.solution.json,challenge_problem_OGC2026\reports\ogc2026_benchmark\full_hh_v007_param_train40_20260616_002\logs\baseline_hh__v007_active\prob_2.log,PASS objective=5071714.0 obj1=164.0 obj2=1039 obj3=1936.0
2026-06-16T11:28:34,full_hh_v007_param_train40_20260616_002,baseline_hh,v007_active,challenge_problem_OGC2026\ogc2026\baseline\myalgorithm.py,prob_3.json,True,5,4359857.0,4359857.0,4359857.0,151.0,2084,2082.0,3.868018,3.6548659801483154,100,100,,challenge_problem_OGC2026\reports\ogc2026_benchmark\full_hh_v007_param_train40_20260616_002\solutions\baseline_hh__v007_active\prob_3.solution.json,challenge_problem_OGC2026\reports\ogc2026_benchmark\full_hh_v007_param_train40_20260616_002\logs\baseline_hh__v007_active\prob_3.log,PASS objective=4359857.0 obj1=151.0 obj2=2084 obj3=2082.0
2026-06-16T11:28:34,full_hh_v007_param_train40_20260616_002,baseline_hh,v007_active,challenge_problem_OGC2026\ogc2026\baseline\myalgorithm.py,prob_4.json,True,5,7776376.0,7776376.0,7776376.0,334.0,1452,2228.0,4.592669,4.38292121887207,100,100,,challenge_problem_OGC2026\reports\ogc2026_benchmark\full_hh_v007_param_train40_20260616_002\solutions\baseline_hh__v007_active\prob_4.solution.json,challenge_problem_OGC2026\reports\ogc2026_benchmark\full_hh_v007_param_train40_20260616_002\logs\baseline_hh__v007_active\prob_4.log,PASS objective=7776376.0 obj1=334.0 obj2=1452 obj3=2228.0
2026-06-16T11:28:34,full_hh_v007_param_train40_20260616_002,baseline_hh,v007_active,challenge_problem_OGC2026\ogc2026\baseline\myalgorithm.py,prob_5.json,True,5,7702074.0,7702074.0,7702074.0,451.0,9032,2819.0,4.971622,4.769163608551025,150,150,,challenge_problem_OGC2026\reports\ogc2026_benchmark\full_hh_v007_param_train40_20260616_002\solutions\baseline_hh__v007_active\prob_5.solution.json,challenge_problem_OGC2026\reports\ogc2026_benchmark\full_hh_v007_param_train40_20260616_002\logs\baseline_hh__v007_active\prob_5.log,PASS objective=7702074.0 obj1=451.0 obj2=9032 obj3=2819.0
2026-06-16T11:28:34,full_hh_v007_param_train40_20260616_002,baseline_hh,v007_active,challenge_problem_OGC2026\ogc2026\baseline\myalgorithm.py,prob_6.json,True,5,34053978.0,34053978.0,34053978.0,1131.0,3714,3443.0,6.371812,6.084367036819458,150,150,,challenge_problem_OGC2026\reports\ogc2026_benchmark\full_hh_v007_param_train40_20260616_002\solutions\baseline_hh__v007_active\prob_6.solution.json,challenge_problem_OGC2026\reports\ogc2026_benchmark\full_hh_v007_param_train40_20260616_002\logs\baseline_hh__v007_active\prob_6.log,PASS objective=34053978.0 obj1=1131.0 obj2=3714 obj3=3443.0
2026-06-16T11:28:34,full_hh_v007_param_train40_20260616_002,baseline_hh,v007_active,challenge_problem_OGC2026\ogc2026\baseline\myalgorithm.py,prob_7.json,True,5,9436227.0,9436227.0,9436227.0,503.0,6999,2966.0,6.054681,5.850637912750244,150,150,,challenge_problem_OGC2026\reports\ogc2026_benchmark\full_hh_v007_param_train40_20260616_002\solutions\baseline_hh__v007_active\prob_7.solution.json,challenge_problem_OGC2026\reports\ogc2026_benchmark\full_hh_v007_param_train40_20260616_002\logs\baseline_hh__v007_active\prob_7.log,PASS objective=9436227.0 obj1=503.0 obj2=6999 obj3=2966.0
2026-06-16T11:28:34,full_hh_v007_param_train40_20260616_002,baseline_hh,v007_active,challenge_problem_OGC2026\ogc2026\baseline\myalgorithm.py,prob_8.json,True,5,799132.0,799132.0,799132.0,42.0,2283,1850.0,4.977106,4.734082937240601,150,150,,challenge_problem_OGC2026\reports\ogc2026_benchmark\full_hh_v007_param_train40_20260616_002\solutions\baseline_hh__v007_active\prob_8.solution.json,challenge_problem_OGC2026\reports\ogc2026_benchmark\full_hh_v007_param_train40_20260616_002\logs\baseline_hh__v007_active\prob_8.log,PASS objective=799132.0 obj1=42.0 obj2=2283 obj3=1850.0
2026-06-16T11:28:34,full_hh_v007_param_train40_20260616_002,baseline_hh,v007_active,challenge_problem_OGC2026\ogc2026\baseline\myalgorithm.py,prob_9.json,True,5,12566025.0,12566025.0,12566025.0,905.0,1382,3285.0,7.990374,7.748334646224976,200,200,,challenge_problem_OGC2026\reports\ogc2026_benchmark\full_hh_v007_param_train40_20260616_002\solutions\baseline_hh__v007_active\prob_9.solution.json,challenge_problem_OGC2026\reports\ogc2026_benchmark\full_hh_v007_param_train40_20260616_002\logs\baseline_hh__v007_active\prob_9.log,PASS objective=12566025.0 obj1=905.0 obj2=1382 obj3=3285.0
2026-06-16T11:28:34,full_hh_v007_param_train40_20260616_002,baseline_hh,v007_active,challenge_problem_OGC2026\ogc2026\baseline\myalgorithm.py,prob_10.json,True,5,5667274.0,5667274.0,5667274.0,367.0,2615,2338.0,7.690050,7.296398401260376,200,200,,challenge_problem_OGC2026\reports\ogc2026_benchmark\full_hh_v007_param_train40_20260616_002\solutions\baseline_hh__v007_active\prob_10.solution.json,challenge_problem_OGC2026\reports\ogc2026_benchmark\full_hh_v007_param_train40_20260616_002\logs\baseline_hh__v007_active\prob_10.log,PASS objective=5667274.0 obj1=367.0 obj2=2615 obj3=2338.0
2026-06-16T11:28:34,full_hh_v007_param_train40_20260616_002,baseline_hh,v007_active,challenge_problem_OGC2026\ogc2026\baseline\myalgorithm.py,prob_11.json,True,5,17214296.0,17214296.0,17214296.0,739.0,406,2407.0,15.329022,14.693208694458008,200,200,,challenge_problem_OGC2026\reports\ogc2026_benchmark\full_hh_v007_param_train40_20260616_002\solutions\baseline_hh__v007_active\prob_11.solution.json,challenge_problem_OGC2026\reports\ogc2026_benchmark\full_hh_v007_param_train40_20260616_002\logs\baseline_hh__v007_active\prob_11.log,PASS objective=17214296.0 obj1=739.0 obj2=406 obj3=2407.0
2026-06-16T11:28:34,full_hh_v007_param_train40_20260616_002,baseline_hh,v007_active,challenge_problem_OGC2026\ogc2026\baseline\myalgorithm.py,prob_12.json,True,5,24481657.0,24481657.0,24481657.0,1096.0,7849,3042.0,9.681037,9.385511875152588,200,200,,challenge_problem_OGC2026\reports\ogc2026_benchmark\full_hh_v007_param_train40_20260616_002\solutions\baseline_hh__v007_active\prob_12.solution.json,challenge_problem_OGC2026\reports\ogc2026_benchmark\full_hh_v007_param_train40_20260616_002\logs\baseline_hh__v007_active\prob_12.log,PASS objective=24481657.0 obj1=1096.0 obj2=7849 obj3=3042.0
2026-06-16T11:28:34,full_hh_v007_param_train40_20260616_002,baseline_hh,v007_active,challenge_problem_OGC2026\ogc2026\baseline\myalgorithm.py,prob_13.json,True,5,17775052.0,17775052.0,17775052.0,923.0,4445,4364.0,10.334112,10.057877779006958,250,250,,challenge_problem_OGC2026\reports\ogc2026_benchmark\full_hh_v007_param_train40_20260616_002\solutions\baseline_hh__v007_active\prob_13.solution.json,challenge_problem_OGC2026\reports\ogc2026_benchmark\full_hh_v007_param_train40_20260616_002\logs\baseline_hh__v007_active\prob_13.log,PASS objective=17775052.0 obj1=923.0 obj2=4445 obj3=4364.0
2026-06-16T11:28:34,full_hh_v007_param_train40_20260616_002,baseline_hh,v007_active,challenge_problem_OGC2026\ogc2026\baseline\myalgorithm.py,prob_14.json,True,5,15772154.0,15772154.0,15772154.0,858.0,5439,3695.0,12.442198,12.113306999206543,250,250,,challenge_problem_OGC2026\reports\ogc2026_benchmark\full_hh_v007_param_train40_20260616_002\solutions\baseline_hh__v007_active\prob_14.solution.json,challenge_problem_OGC2026\reports\ogc2026_benchmark\full_hh_v007_param_train40_20260616_002\logs\baseline_hh__v007_active\prob_14.log,PASS objective=15772154.0 obj1=858.0 obj2=5439 obj3=3695.0
2026-06-16T11:28:34,full_hh_v007_param_train40_20260616_002,baseline_hh,v007_active,challenge_problem_OGC2026\ogc2026\baseline\myalgorithm.py,prob_15.json,True,5,10860947.0,10860947.0,10860947.0,698.0,7085,3644.0,9.692943,9.450138568878174,250,250,,challenge_problem_OGC2026\reports\ogc2026_benchmark\full_hh_v007_param_train40_20260616_002\solutions\baseline_hh__v007_active\prob_15.solution.json,challenge_problem_OGC2026\reports\ogc2026_benchmark\full_hh_v007_param_train40_20260616_002\logs\baseline_hh__v007_active\prob_15.log,PASS objective=10860947.0 obj1=698.0 obj2=7085 obj3=3644.0
2026-06-16T11:28:34,full_hh_v007_param_train40_20260616_002,baseline_hh,v007_active,challenge_problem_OGC2026\ogc2026\baseline\myalgorithm.py,prob_16.json,True,5,1135590.0,1135590.0,1135590.0,87.0,5577,2514.0,6.449546,6.187870502471924,250,250,,challenge_problem_OGC2026\reports\ogc2026_benchmark\full_hh_v007_param_train40_20260616_002\solutions\baseline_hh__v007_active\prob_16.solution.json,challenge_problem_OGC2026\reports\ogc2026_benchmark\full_hh_v007_param_train40_20260616_002\logs\baseline_hh__v007_active\prob_16.log,PASS objective=1135590.0 obj1=87.0 obj2=5577 obj3=2514.0
2026-06-16T11:28:34,full_hh_v007_param_train40_20260616_002,baseline_hh,v007_active,challenge_problem_OGC2026\ogc2026\baseline\myalgorithm.py,prob_17.json,True,5,5992157.0,5992157.0,5992157.0,557.0,8880,4176.0,9.068950,8.839742660522461,300,300,,challenge_problem_OGC2026\reports\ogc2026_benchmark\full_hh_v007_param_train40_20260616_002\solutions\baseline_hh__v007_active\prob_17.solution.json,challenge_problem_OGC2026\reports\ogc2026_benchmark\full_hh_v007_param_train40_20260616_002\logs\baseline_hh__v007_active\prob_17.log,PASS objective=5992157.0 obj1=557.0 obj2=8880 obj3=4176.0
2026-06-16T11:28:34,full_hh_v007_param_train40_20260616_002,baseline_hh,v007_active,challenge_problem_OGC2026\ogc2026\baseline\myalgorithm.py,prob_18.json,True,5,10869245.0,10869245.0,10869245.0,767.0,5165,4678.0,12.108556,11.829054355621338,300,300,,challenge_problem_OGC2026\reports\ogc2026_benchmark\full_hh_v007_param_train40_20260616_002\solutions\baseline_hh__v007_active\prob_18.solution.json,challenge_problem_OGC2026\reports\ogc2026_benchmark\full_hh_v007_param_train40_20260616_002\logs\baseline_hh__v007_active\prob_18.log,PASS objective=10869245.0 obj1=767.0 obj2=5165 obj3=4678.0
2026-06-16T11:28:34,full_hh_v007_param_train40_20260616_002,baseline_hh,v007_active,challenge_problem_OGC2026\ogc2026\baseline\myalgorithm.py,prob_19.json,True,5,4728163.0,4728163.0,4728163.0,389.0,6222,4164.0,10.248119,10.002373933792114,300,300,,challenge_problem_OGC2026\reports\ogc2026_benchmark\full_hh_v007_param_train40_20260616_002\solutions\baseline_hh__v007_active\prob_19.solution.json,challenge_problem_OGC2026\reports\ogc2026_benchmark\full_hh_v007_param_train40_20260616_002\logs\baseline_hh__v007_active\prob_19.log,PASS objective=4728163.0 obj1=389.0 obj2=6222 obj3=4164.0
2026-06-16T11:28:34,full_hh_v007_param_train40_20260616_002,baseline_hh,v007_active,challenge_problem_OGC2026\ogc2026\baseline\myalgorithm.py,prob_20.json,True,5,93275748.0,93275748.0,93275748.0,3478.0,6612,3906.0,11.326055,11.10733699798584,300,300,,challenge_problem_OGC2026\reports\ogc2026_benchmark\full_hh_v007_param_train40_20260616_002\solutions\baseline_hh__v007_active\prob_20.solution.json,challenge_problem_OGC2026\reports\ogc2026_benchmark\full_hh_v007_param_train40_20260616_002\logs\baseline_hh__v007_active\prob_20.log,PASS objective=93275748.0 obj1=3478.0 obj2=6612 obj3=3906.0
2026-06-16T11:28:34,full_hh_v007_param_train40_20260616_002,baseline_hh,v007_active,challenge_problem_OGC2026\ogc2026\baseline\myalgorithm.py,prob_21.json,True,5,33738372.0,33738372.0,33738372.0,2494.0,2612,3065.0,4.143691,3.952988386154175,100,100,,challenge_problem_OGC2026\reports\ogc2026_benchmark\full_hh_v007_param_train40_20260616_002\solutions\baseline_hh__v007_active\prob_21.solution.json,challenge_problem_OGC2026\reports\ogc2026_benchmark\full_hh_v007_param_train40_20260616_002\logs\baseline_hh__v007_active\prob_21.log,PASS objective=33738372.0 obj1=2494.0 obj2=2612 obj3=3065.0
2026-06-16T11:28:34,full_hh_v007_param_train40_20260616_002,baseline_hh,v007_active,challenge_problem_OGC2026\ogc2026\baseline\myalgorithm.py,prob_22.json,True,5,22087703.0,22087703.0,22087703.0,1540.0,6561,3838.0,4.271338,4.070885419845581,100,100,,challenge_problem_OGC2026\reports\ogc2026_benchmark\full_hh_v007_param_train40_20260616_002\solutions\baseline_hh__v007_active\prob_22.solution.json,challenge_problem_OGC2026\reports\ogc2026_benchmark\full_hh_v007_param_train40_20260616_002\logs\baseline_hh__v007_active\prob_22.log,PASS objective=22087703.0 obj1=1540.0 obj2=6561 obj3=3838.0
2026-06-16T11:28:34,full_hh_v007_param_train40_20260616_002,baseline_hh,v007_active,challenge_problem_OGC2026\ogc2026\baseline\myalgorithm.py,prob_23.json,True,5,51102508.0,51102508.0,51102508.0,3724.0,5256,2860.0,5.118610,4.894684314727783,100,100,,challenge_problem_OGC2026\reports\ogc2026_benchmark\full_hh_v007_param_train40_20260616_002\solutions\baseline_hh__v007_active\prob_23.solution.json,challenge_problem_OGC2026\reports\ogc2026_benchmark\full_hh_v007_param_train40_20260616_002\logs\baseline_hh__v007_active\prob_23.log,PASS objective=51102508.0 obj1=3724.0 obj2=5256 obj3=2860.0
2026-06-16T11:28:34,full_hh_v007_param_train40_20260616_002,baseline_hh,v007_active,challenge_problem_OGC2026\ogc2026\baseline\myalgorithm.py,prob_24.json,True,5,23636032.0,23636032.0,23636032.0,1724.0,2848,2119.0,6.823193,6.593739986419678,100,100,,challenge_problem_OGC2026\reports\ogc2026_benchmark\full_hh_v007_param_train40_20260616_002\solutions\baseline_hh__v007_active\prob_24.solution.json,challenge_problem_OGC2026\reports\ogc2026_benchmark\full_hh_v007_param_train40_20260616_002\logs\baseline_hh__v007_active\prob_24.log,PASS objective=23636032.0 obj1=1724.0 obj2=2848 obj3=2119.0
2026-06-16T11:28:34,full_hh_v007_param_train40_20260616_002,baseline_hh,v007_active,challenge_problem_OGC2026\ogc2026\baseline\myalgorithm.py,prob_25.json,True,5,4092045.0,4092045.0,4092045.0,6049.0,2722,2732.0,4.651617,4.470357894897461,100,100,,challenge_problem_OGC2026\reports\ogc2026_benchmark\full_hh_v007_param_train40_20260616_002\solutions\baseline_hh__v007_active\prob_25.solution.json,challenge_problem_OGC2026\reports\ogc2026_benchmark\full_hh_v007_param_train40_20260616_002\logs\baseline_hh__v007_active\prob_25.log,PASS objective=4092045.0 obj1=6049.0 obj2=2722 obj3=2732.0
2026-06-16T11:28:34,full_hh_v007_param_train40_20260616_002,baseline_hh,v007_active,challenge_problem_OGC2026\ogc2026\baseline\myalgorithm.py,prob_26.json,True,5,78506692.0,78506692.0,78506692.0,5832.0,6448,4690.0,8.306060,8.07510495185852,150,150,,challenge_problem_OGC2026\reports\ogc2026_benchmark\full_hh_v007_param_train40_20260616_002\solutions\baseline_hh__v007_active\prob_26.solution.json,challenge_problem_OGC2026\reports\ogc2026_benchmark\full_hh_v007_param_train40_20260616_002\logs\baseline_hh__v007_active\prob_26.log,PASS objective=78506692.0 obj1=5832.0 obj2=6448 obj3=4690.0
2026-06-16T11:28:34,full_hh_v007_param_train40_20260616_002,baseline_hh,v007_active,challenge_problem_OGC2026\ogc2026\baseline\myalgorithm.py,prob_27.json,True,5,112952433.0,112952433.0,112952433.0,8321.0,3870,5002.0,11.053327,10.86634612083435,150,150,,challenge_problem_OGC2026\reports\ogc2026_benchmark\full_hh_v007_param_train40_20260616_002\solutions\baseline_hh__v007_active\prob_27.solution.json,challenge_problem_OGC2026\reports\ogc2026_benchmark\full_hh_v007_param_train40_20260616_002\logs\baseline_hh__v007_active\prob_27.log,PASS objective=112952433.0 obj1=8321.0 obj2=3870 obj3=5002.0
2026-06-16T11:28:34,full_hh_v007_param_train40_20260616_002,baseline_hh,v007_active,challenge_problem_OGC2026\ogc2026\baseline\myalgorithm.py,prob_28.json,True,5,72755511.0,72755511.0,72755511.0,5364.0,4733,4077.0,13.466941,12.738415002822876,150,150,,challenge_problem_OGC2026\reports\ogc2026_benchmark\full_hh_v007_param_train40_20260616_002\solutions\baseline_hh__v007_active\prob_28.solution.json,challenge_problem_OGC2026\reports\ogc2026_benchmark\full_hh_v007_param_train40_20260616_002\logs\baseline_hh__v007_active\prob_28.log,PASS objective=72755511.0 obj1=5364.0 obj2=4733 obj3=4077.0
2026-06-16T11:28:34,full_hh_v007_param_train40_20260616_002,baseline_hh,v007_active,challenge_problem_OGC2026\ogc2026\baseline\myalgorithm.py,prob_29.json,True,5,42638448.0,42638448.0,42638448.0,3069.0,4657,5685.0,10.346204,10.033993244171143,150,150,,challenge_problem_OGC2026\reports\ogc2026_benchmark\full_hh_v007_param_train40_20260616_002\solutions\baseline_hh__v007_active\prob_29.solution.json,challenge_problem_OGC2026\reports\ogc2026_benchmark\full_hh_v007_param_train40_20260616_002\logs\baseline_hh__v007_active\prob_29.log,PASS objective=42638448.0 obj1=3069.0 obj2=4657 obj3=5685.0
2026-06-16T11:28:34,full_hh_v007_param_train40_20260616_002,baseline_hh,v007_active,challenge_problem_OGC2026\ogc2026\baseline\myalgorithm.py,prob_30.json,True,5,79766001.0,79766001.0,79766001.0,5921.0,5727,3992.0,9.212781,8.955604553222656,150,150,,challenge_problem_OGC2026\reports\ogc2026_benchmark\full_hh_v007_param_train40_20260616_002\solutions\baseline_hh__v007_active\prob_30.solution.json,challenge_problem_OGC2026\reports\ogc2026_benchmark\full_hh_v007_param_train40_20260616_002\logs\baseline_hh__v007_active\prob_30.log,PASS objective=79766001.0 obj1=5921.0 obj2=5727 obj3=3992.0
2026-06-16T11:28:34,full_hh_v007_param_train40_20260616_002,baseline_hh,v007_active,challenge_problem_OGC2026\ogc2026\baseline\myalgorithm.py,prob_31.json,True,5,111387746.0,111387746.0,111387746.0,8168.0,8778,9204.0,15.316961,15.081520080566406,200,200,,challenge_problem_OGC2026\reports\ogc2026_benchmark\full_hh_v007_param_train40_20260616_002\solutions\baseline_hh__v007_active\prob_31.solution.json,challenge_problem_OGC2026\reports\ogc2026_benchmark\full_hh_v007_param_train40_20260616_002\logs\baseline_hh__v007_active\prob_31.log,PASS objective=111387746.0 obj1=8168.0 obj2=8778 obj3=9204.0
2026-06-16T11:28:34,full_hh_v007_param_train40_20260616_002,baseline_hh,v007_active,challenge_problem_OGC2026\ogc2026\baseline\myalgorithm.py,prob_32.json,True,5,21419599.0,21419599.0,21419599.0,5783.0,2252,3556.0,18.171233,17.854180097579956,200,200,,challenge_problem_OGC2026\reports\ogc2026_benchmark\full_hh_v007_param_train40_20260616_002\solutions\baseline_hh__v007_active\prob_32.solution.json,challenge_problem_OGC2026\reports\ogc2026_benchmark\full_hh_v007_param_train40_20260616_002\logs\baseline_hh__v007_active\prob_32.log,PASS objective=21419599.0 obj1=5783.0 obj2=2252 obj3=3556.0
2026-06-16T11:28:34,full_hh_v007_param_train40_20260616_002,baseline_hh,v007_active,challenge_problem_OGC2026\ogc2026\baseline\myalgorithm.py,prob_33.json,True,5,41382938.0,41382938.0,41382938.0,6104.0,1842,4461.0,17.582885,17.355233669281006,200,200,,challenge_problem_OGC2026\reports\ogc2026_benchmark\full_hh_v007_param_train40_20260616_002\solutions\baseline_hh__v007_active\prob_33.solution.json,challenge_problem_OGC2026\reports\ogc2026_benchmark\full_hh_v007_param_train40_20260616_002\logs\baseline_hh__v007_active\prob_33.log,PASS objective=41382938.0 obj1=6104.0 obj2=1842 obj3=4461.0
2026-06-16T11:28:34,full_hh_v007_param_train40_20260616_002,baseline_hh,v007_active,challenge_problem_OGC2026\ogc2026\baseline\myalgorithm.py,prob_34.json,True,5,13609744.0,13609744.0,13609744.0,3553.0,2765,3280.0,17.988673,17.760238885879517,200,200,,challenge_problem_OGC2026\reports\ogc2026_benchmark\full_hh_v007_param_train40_20260616_002\solutions\baseline_hh__v007_active\prob_34.solution.json,challenge_problem_OGC2026\reports\ogc2026_benchmark\full_hh_v007_param_train40_20260616_002\logs\baseline_hh__v007_active\prob_34.log,PASS objective=13609744.0 obj1=3553.0 obj2=2765 obj3=3280.0
2026-06-16T11:28:34,full_hh_v007_param_train40_20260616_002,baseline_hh,v007_active,challenge_problem_OGC2026\ogc2026\baseline\myalgorithm.py,prob_35.json,True,5,44348210.0,44348210.0,44348210.0,3275.0,6417,4337.0,17.502785,17.27463698387146,200,200,,challenge_problem_OGC2026\reports\ogc2026_benchmark\full_hh_v007_param_train40_20260616_002\solutions\baseline_hh__v007_active\prob_35.solution.json,challenge_problem_OGC2026\reports\ogc2026_benchmark\full_hh_v007_param_train40_20260616_002\logs\baseline_hh__v007_active\prob_35.log,PASS objective=44348210.0 obj1=3275.0 obj2=6417 obj3=4337.0
2026-06-16T11:28:34,full_hh_v007_param_train40_20260616_002,baseline_hh,v007_active,challenge_problem_OGC2026\ogc2026\baseline\myalgorithm.py,prob_36.json,True,5,3947054.0,3947054.0,3947054.0,5732.0,4756,9158.0,20.425443,20.151339769363403,250,250,,challenge_problem_OGC2026\reports\ogc2026_benchmark\full_hh_v007_param_train40_20260616_002\solutions\baseline_hh__v007_active\prob_36.solution.json,challenge_problem_OGC2026\reports\ogc2026_benchmark\full_hh_v007_param_train40_20260616_002\logs\baseline_hh__v007_active\prob_36.log,PASS objective=3947054.0 obj1=5732.0 obj2=4756 obj3=9158.0
2026-06-16T11:28:34,full_hh_v007_param_train40_20260616_002,baseline_hh,v007_active,challenge_problem_OGC2026\ogc2026\baseline\myalgorithm.py,prob_37.json,True,5,26584160.0,26584160.0,26584160.0,7132.0,5801,4650.0,28.564044,28.317798614501953,250,250,,challenge_problem_OGC2026\reports\ogc2026_benchmark\full_hh_v007_param_train40_20260616_002\solutions\baseline_hh__v007_active\prob_37.solution.json,challenge_problem_OGC2026\reports\ogc2026_benchmark\full_hh_v007_param_train40_20260616_002\logs\baseline_hh__v007_active\prob_37.log,PASS objective=26584160.0 obj1=7132.0 obj2=5801 obj3=4650.0
2026-06-16T11:28:34,full_hh_v007_param_train40_20260616_002,baseline_hh,v007_active,challenge_problem_OGC2026\ogc2026\baseline\myalgorithm.py,prob_38.json,True,5,292593332.0,292593332.0,292593332.0,21770.0,6261,7738.0,23.630187,23.350534915924072,250,250,,challenge_problem_OGC2026\reports\ogc2026_benchmark\full_hh_v007_param_train40_20260616_002\solutions\baseline_hh__v007_active\prob_38.solution.json,challenge_problem_OGC2026\reports\ogc2026_benchmark\full_hh_v007_param_train40_20260616_002\logs\baseline_hh__v007_active\prob_38.log,PASS objective=292593332.0 obj1=21770.0 obj2=6261 obj3=7738.0
2026-06-16T11:28:34,full_hh_v007_param_train40_20260616_002,baseline_hh,v007_active,challenge_problem_OGC2026\ogc2026\baseline\myalgorithm.py,prob_39.json,True,5,97814402.0,97814402.0,97814402.0,7244.0,1575,8159.0,19.033941,18.783599376678467,250,250,,challenge_problem_OGC2026\reports\ogc2026_benchmark\full_hh_v007_param_train40_20260616_002\solutions\baseline_hh__v007_active\prob_39.solution.json,challenge_problem_OGC2026\reports\ogc2026_benchmark\full_hh_v007_param_train40_20260616_002\logs\baseline_hh__v007_active\prob_39.log,PASS objective=97814402.0 obj1=7244.0 obj2=1575 obj3=8159.0
2026-06-16T11:28:34,full_hh_v007_param_train40_20260616_002,baseline_hh,v007_active,challenge_problem_OGC2026\ogc2026\baseline\myalgorithm.py,prob_40.json,True,5,10775714.0,10775714.0,10775714.0,15897.0,11111,12408.0,25.535846,25.006945610046387,250,250,,challenge_problem_OGC2026\reports\ogc2026_benchmark\full_hh_v007_param_train40_20260616_002\solutions\baseline_hh__v007_active\prob_40.solution.json,challenge_problem_OGC2026\reports\ogc2026_benchmark\full_hh_v007_param_train40_20260616_002\logs\baseline_hh__v007_active\prob_40.log,PASS objective=10775714.0 obj1=15897.0 obj2=11111 obj3=12408.0
2026-06-16T11:52:52,smoke_hh_v007_top_param_20260616_004,baseline_hh,v007_active,challenge_problem_OGC2026\ogc2026\baseline\myalgorithm.py,prob_27.json,True,5,94636271.0,94636271.0,94636271.0,6943.0,4626,5140.0,19.177033,18.93750238418579,150,150,,challenge_problem_OGC2026\reports\ogc2026_benchmark\smoke_hh_v007_top_param_20260616_004\solutions\baseline_hh__v007_active\prob_27.solution.json,challenge_problem_OGC2026\reports\ogc2026_benchmark\smoke_hh_v007_top_param_20260616_004\logs\baseline_hh__v007_active\prob_27.log,PASS objective=94636271.0 obj1=6943.0 obj2=4626 obj3=5140.0
2026-06-16T11:52:52,smoke_hh_v007_top_param_20260616_004,baseline_hh,v007_active,challenge_problem_OGC2026\ogc2026\baseline\myalgorithm.py,prob_31.json,True,5,73371807.0,73371807.0,73371807.0,5289.0,5120,10630.0,34.840332,34.59746503829956,200,200,,challenge_problem_OGC2026\reports\ogc2026_benchmark\smoke_hh_v007_top_param_20260616_004\solutions\baseline_hh__v007_active\prob_31.solution.json,challenge_problem_OGC2026\reports\ogc2026_benchmark\smoke_hh_v007_top_param_20260616_004\logs\baseline_hh__v007_active\prob_31.log,PASS objective=73371807.0 obj1=5289.0 obj2=5120 obj3=10630.0
2026-06-16T11:52:52,smoke_hh_v007_top_param_20260616_004,baseline_hh,v007_active,challenge_problem_OGC2026\ogc2026\baseline\myalgorithm.py,prob_40.json,True,5,8702587.0,8702587.0,8702587.0,12816.0,4737,11506.0,40.024005,39.75215268135071,250,250,,challenge_problem_OGC2026\reports\ogc2026_benchmark\smoke_hh_v007_top_param_20260616_004\solutions\baseline_hh__v007_active\prob_40.solution.json,challenge_problem_OGC2026\reports\ogc2026_benchmark\smoke_hh_v007_top_param_20260616_004\logs\baseline_hh__v007_active\prob_40.log,PASS objective=8702587.0 obj1=12816.0 obj2=4737 obj3=11506.0
2026-06-16T11:55:10,full_hh_v007_param_train40_20260616_003,baseline_hh,v007_active,challenge_problem_OGC2026\ogc2026\baseline\myalgorithm.py,prob_1.json,True,5,28213016.0,28213016.0,28213016.0,957.0,1047,1828.0,6.449781,6.21163010597229,100,100,,challenge_problem_OGC2026\reports\ogc2026_benchmark\full_hh_v007_param_train40_20260616_003\solutions\baseline_hh__v007_active\prob_1.solution.json,challenge_problem_OGC2026\reports\ogc2026_benchmark\full_hh_v007_param_train40_20260616_003\logs\baseline_hh__v007_active\prob_1.log,PASS objective=28213016.0 obj1=957.0 obj2=1047 obj3=1828.0
2026-06-16T11:55:10,full_hh_v007_param_train40_20260616_003,baseline_hh,v007_active,challenge_problem_OGC2026\ogc2026\baseline\myalgorithm.py,prob_2.json,True,5,5071714.0,5071714.0,5071714.0,164.0,1039,1936.0,4.584610,4.335688829421997,100,100,,challenge_problem_OGC2026\reports\ogc2026_benchmark\full_hh_v007_param_train40_20260616_003\solutions\baseline_hh__v007_active\prob_2.solution.json,challenge_problem_OGC2026\reports\ogc2026_benchmark\full_hh_v007_param_train40_20260616_003\logs\baseline_hh__v007_active\prob_2.log,PASS objective=5071714.0 obj1=164.0 obj2=1039 obj3=1936.0
2026-06-16T11:55:10,full_hh_v007_param_train40_20260616_003,baseline_hh,v007_active,challenge_problem_OGC2026\ogc2026\baseline\myalgorithm.py,prob_3.json,True,5,4359857.0,4359857.0,4359857.0,151.0,2084,2082.0,4.099671,3.906299591064453,100,100,,challenge_problem_OGC2026\reports\ogc2026_benchmark\full_hh_v007_param_train40_20260616_003\solutions\baseline_hh__v007_active\prob_3.solution.json,challenge_problem_OGC2026\reports\ogc2026_benchmark\full_hh_v007_param_train40_20260616_003\logs\baseline_hh__v007_active\prob_3.log,PASS objective=4359857.0 obj1=151.0 obj2=2084 obj3=2082.0
2026-06-16T11:55:10,full_hh_v007_param_train40_20260616_003,baseline_hh,v007_active,challenge_problem_OGC2026\ogc2026\baseline\myalgorithm.py,prob_4.json,True,5,7776376.0,7776376.0,7776376.0,334.0,1452,2228.0,5.212458,5.005247116088867,100,100,,challenge_problem_OGC2026\reports\ogc2026_benchmark\full_hh_v007_param_train40_20260616_003\solutions\baseline_hh__v007_active\prob_4.solution.json,challenge_problem_OGC2026\reports\ogc2026_benchmark\full_hh_v007_param_train40_20260616_003\logs\baseline_hh__v007_active\prob_4.log,PASS objective=7776376.0 obj1=334.0 obj2=1452 obj3=2228.0
2026-06-16T11:55:10,full_hh_v007_param_train40_20260616_003,baseline_hh,v007_active,challenge_problem_OGC2026\ogc2026\baseline\myalgorithm.py,prob_5.json,True,5,7702074.0,7702074.0,7702074.0,451.0,9032,2819.0,4.744797,4.504855155944824,150,150,,challenge_problem_OGC2026\reports\ogc2026_benchmark\full_hh_v007_param_train40_20260616_003\solutions\baseline_hh__v007_active\prob_5.solution.json,challenge_problem_OGC2026\reports\ogc2026_benchmark\full_hh_v007_param_train40_20260616_003\logs\baseline_hh__v007_active\prob_5.log,PASS objective=7702074.0 obj1=451.0 obj2=9032 obj3=2819.0
2026-06-16T11:55:10,full_hh_v007_param_train40_20260616_003,baseline_hh,v007_active,challenge_problem_OGC2026\ogc2026\baseline\myalgorithm.py,prob_6.json,True,5,34053978.0,34053978.0,34053978.0,1131.0,3714,3443.0,6.097605,5.83496880531311,150,150,,challenge_problem_OGC2026\reports\ogc2026_benchmark\full_hh_v007_param_train40_20260616_003\solutions\baseline_hh__v007_active\prob_6.solution.json,challenge_problem_OGC2026\reports\ogc2026_benchmark\full_hh_v007_param_train40_20260616_003\logs\baseline_hh__v007_active\prob_6.log,PASS objective=34053978.0 obj1=1131.0 obj2=3714 obj3=3443.0
2026-06-16T11:55:10,full_hh_v007_param_train40_20260616_003,baseline_hh,v007_active,challenge_problem_OGC2026\ogc2026\baseline\myalgorithm.py,prob_7.json,True,5,9436227.0,9436227.0,9436227.0,503.0,6999,2966.0,5.514127,5.3090081214904785,150,150,,challenge_problem_OGC2026\reports\ogc2026_benchmark\full_hh_v007_param_train40_20260616_003\solutions\baseline_hh__v007_active\prob_7.solution.json,challenge_problem_OGC2026\reports\ogc2026_benchmark\full_hh_v007_param_train40_20260616_003\logs\baseline_hh__v007_active\prob_7.log,PASS objective=9436227.0 obj1=503.0 obj2=6999 obj3=2966.0
2026-06-16T11:55:10,full_hh_v007_param_train40_20260616_003,baseline_hh,v007_active,challenge_problem_OGC2026\ogc2026\baseline\myalgorithm.py,prob_8.json,True,5,799132.0,799132.0,799132.0,42.0,2283,1850.0,4.810923,4.614242315292358,150,150,,challenge_problem_OGC2026\reports\ogc2026_benchmark\full_hh_v007_param_train40_20260616_003\solutions\baseline_hh__v007_active\prob_8.solution.json,challenge_problem_OGC2026\reports\ogc2026_benchmark\full_hh_v007_param_train40_20260616_003\logs\baseline_hh__v007_active\prob_8.log,PASS objective=799132.0 obj1=42.0 obj2=2283 obj3=1850.0
2026-06-16T11:55:10,full_hh_v007_param_train40_20260616_003,baseline_hh,v007_active,challenge_problem_OGC2026\ogc2026\baseline\myalgorithm.py,prob_9.json,True,5,12566025.0,12566025.0,12566025.0,905.0,1382,3285.0,7.802958,7.5692994594573975,200,200,,challenge_problem_OGC2026\reports\ogc2026_benchmark\full_hh_v007_param_train40_20260616_003\solutions\baseline_hh__v007_active\prob_9.solution.json,challenge_problem_OGC2026\reports\ogc2026_benchmark\full_hh_v007_param_train40_20260616_003\logs\baseline_hh__v007_active\prob_9.log,PASS objective=12566025.0 obj1=905.0 obj2=1382 obj3=3285.0
2026-06-16T11:55:10,full_hh_v007_param_train40_20260616_003,baseline_hh,v007_active,challenge_problem_OGC2026\ogc2026\baseline\myalgorithm.py,prob_10.json,True,5,5667274.0,5667274.0,5667274.0,367.0,2615,2338.0,9.504307,9.202786922454834,200,200,,challenge_problem_OGC2026\reports\ogc2026_benchmark\full_hh_v007_param_train40_20260616_003\solutions\baseline_hh__v007_active\prob_10.solution.json,challenge_problem_OGC2026\reports\ogc2026_benchmark\full_hh_v007_param_train40_20260616_003\logs\baseline_hh__v007_active\prob_10.log,PASS objective=5667274.0 obj1=367.0 obj2=2615 obj3=2338.0
2026-06-16T11:55:10,full_hh_v007_param_train40_20260616_003,baseline_hh,v007_active,challenge_problem_OGC2026\ogc2026\baseline\myalgorithm.py,prob_11.json,True,5,17214296.0,17214296.0,17214296.0,739.0,406,2407.0,14.761051,13.801849365234375,200,200,,challenge_problem_OGC2026\reports\ogc2026_benchmark\full_hh_v007_param_train40_20260616_003\solutions\baseline_hh__v007_active\prob_11.solution.json,challenge_problem_OGC2026\reports\ogc2026_benchmark\full_hh_v007_param_train40_20260616_003\logs\baseline_hh__v007_active\prob_11.log,PASS objective=17214296.0 obj1=739.0 obj2=406 obj3=2407.0
2026-06-16T11:55:10,full_hh_v007_param_train40_20260616_003,baseline_hh,v007_active,challenge_problem_OGC2026\ogc2026\baseline\myalgorithm.py,prob_12.json,True,5,24481657.0,24481657.0,24481657.0,1096.0,7849,3042.0,9.065955,8.802421569824219,200,200,,challenge_problem_OGC2026\reports\ogc2026_benchmark\full_hh_v007_param_train40_20260616_003\solutions\baseline_hh__v007_active\prob_12.solution.json,challenge_problem_OGC2026\reports\ogc2026_benchmark\full_hh_v007_param_train40_20260616_003\logs\baseline_hh__v007_active\prob_12.log,PASS objective=24481657.0 obj1=1096.0 obj2=7849 obj3=3042.0
2026-06-16T11:55:10,full_hh_v007_param_train40_20260616_003,baseline_hh,v007_active,challenge_problem_OGC2026\ogc2026\baseline\myalgorithm.py,prob_13.json,True,5,17775052.0,17775052.0,17775052.0,923.0,4445,4364.0,9.543302,9.246151447296143,250,250,,challenge_problem_OGC2026\reports\ogc2026_benchmark\full_hh_v007_param_train40_20260616_003\solutions\baseline_hh__v007_active\prob_13.solution.json,challenge_problem_OGC2026\reports\ogc2026_benchmark\full_hh_v007_param_train40_20260616_003\logs\baseline_hh__v007_active\prob_13.log,PASS objective=17775052.0 obj1=923.0 obj2=4445 obj3=4364.0
2026-06-16T11:55:10,full_hh_v007_param_train40_20260616_003,baseline_hh,v007_active,challenge_problem_OGC2026\ogc2026\baseline\myalgorithm.py,prob_14.json,True,5,15772154.0,15772154.0,15772154.0,858.0,5439,3695.0,12.355953,12.087120532989502,250,250,,challenge_problem_OGC2026\reports\ogc2026_benchmark\full_hh_v007_param_train40_20260616_003\solutions\baseline_hh__v007_active\prob_14.solution.json,challenge_problem_OGC2026\reports\ogc2026_benchmark\full_hh_v007_param_train40_20260616_003\logs\baseline_hh__v007_active\prob_14.log,PASS objective=15772154.0 obj1=858.0 obj2=5439 obj3=3695.0
2026-06-16T11:55:10,full_hh_v007_param_train40_20260616_003,baseline_hh,v007_active,challenge_problem_OGC2026\ogc2026\baseline\myalgorithm.py,prob_15.json,True,5,10860947.0,10860947.0,10860947.0,698.0,7085,3644.0,9.437047,9.168808937072754,250,250,,challenge_problem_OGC2026\reports\ogc2026_benchmark\full_hh_v007_param_train40_20260616_003\solutions\baseline_hh__v007_active\prob_15.solution.json,challenge_problem_OGC2026\reports\ogc2026_benchmark\full_hh_v007_param_train40_20260616_003\logs\baseline_hh__v007_active\prob_15.log,PASS objective=10860947.0 obj1=698.0 obj2=7085 obj3=3644.0
2026-06-16T11:55:10,full_hh_v007_param_train40_20260616_003,baseline_hh,v007_active,challenge_problem_OGC2026\ogc2026\baseline\myalgorithm.py,prob_16.json,True,5,1135590.0,1135590.0,1135590.0,87.0,5577,2514.0,5.979659,5.73869252204895,250,250,,challenge_problem_OGC2026\reports\ogc2026_benchmark\full_hh_v007_param_train40_20260616_003\solutions\baseline_hh__v007_active\prob_16.solution.json,challenge_problem_OGC2026\reports\ogc2026_benchmark\full_hh_v007_param_train40_20260616_003\logs\baseline_hh__v007_active\prob_16.log,PASS objective=1135590.0 obj1=87.0 obj2=5577 obj3=2514.0
2026-06-16T11:55:10,full_hh_v007_param_train40_20260616_003,baseline_hh,v007_active,challenge_problem_OGC2026\ogc2026\baseline\myalgorithm.py,prob_17.json,True,5,5992157.0,5992157.0,5992157.0,557.0,8880,4176.0,8.911661,8.659209966659546,300,300,,challenge_problem_OGC2026\reports\ogc2026_benchmark\full_hh_v007_param_train40_20260616_003\solutions\baseline_hh__v007_active\prob_17.solution.json,challenge_problem_OGC2026\reports\ogc2026_benchmark\full_hh_v007_param_train40_20260616_003\logs\baseline_hh__v007_active\prob_17.log,PASS objective=5992157.0 obj1=557.0 obj2=8880 obj3=4176.0
2026-06-16T11:55:10,full_hh_v007_param_train40_20260616_003,baseline_hh,v007_active,challenge_problem_OGC2026\ogc2026\baseline\myalgorithm.py,prob_18.json,True,5,10869245.0,10869245.0,10869245.0,767.0,5165,4678.0,12.290199,12.050548553466797,300,300,,challenge_problem_OGC2026\reports\ogc2026_benchmark\full_hh_v007_param_train40_20260616_003\solutions\baseline_hh__v007_active\prob_18.solution.json,challenge_problem_OGC2026\reports\ogc2026_benchmark\full_hh_v007_param_train40_20260616_003\logs\baseline_hh__v007_active\prob_18.log,PASS objective=10869245.0 obj1=767.0 obj2=5165 obj3=4678.0
2026-06-16T11:55:10,full_hh_v007_param_train40_20260616_003,baseline_hh,v007_active,challenge_problem_OGC2026\ogc2026\baseline\myalgorithm.py,prob_19.json,True,5,4728163.0,4728163.0,4728163.0,389.0,6222,4164.0,10.162654,9.915786266326904,300,300,,challenge_problem_OGC2026\reports\ogc2026_benchmark\full_hh_v007_param_train40_20260616_003\solutions\baseline_hh__v007_active\prob_19.solution.json,challenge_problem_OGC2026\reports\ogc2026_benchmark\full_hh_v007_param_train40_20260616_003\logs\baseline_hh__v007_active\prob_19.log,PASS objective=4728163.0 obj1=389.0 obj2=6222 obj3=4164.0
2026-06-16T11:55:10,full_hh_v007_param_train40_20260616_003,baseline_hh,v007_active,challenge_problem_OGC2026\ogc2026\baseline\myalgorithm.py,prob_20.json,True,5,93275748.0,93275748.0,93275748.0,3478.0,6612,3906.0,11.342606,11.120351076126099,300,300,,challenge_problem_OGC2026\reports\ogc2026_benchmark\full_hh_v007_param_train40_20260616_003\solutions\baseline_hh__v007_active\prob_20.solution.json,challenge_problem_OGC2026\reports\ogc2026_benchmark\full_hh_v007_param_train40_20260616_003\logs\baseline_hh__v007_active\prob_20.log,PASS objective=93275748.0 obj1=3478.0 obj2=6612 obj3=3906.0
2026-06-16T11:55:10,full_hh_v007_param_train40_20260616_003,baseline_hh,v007_active,challenge_problem_OGC2026\ogc2026\baseline\myalgorithm.py,prob_21.json,True,5,33738372.0,33738372.0,33738372.0,2494.0,2612,3065.0,4.134378,3.9011664390563965,100,100,,challenge_problem_OGC2026\reports\ogc2026_benchmark\full_hh_v007_param_train40_20260616_003\solutions\baseline_hh__v007_active\prob_21.solution.json,challenge_problem_OGC2026\reports\ogc2026_benchmark\full_hh_v007_param_train40_20260616_003\logs\baseline_hh__v007_active\prob_21.log,PASS objective=33738372.0 obj1=2494.0 obj2=2612 obj3=3065.0
2026-06-16T11:55:10,full_hh_v007_param_train40_20260616_003,baseline_hh,v007_active,challenge_problem_OGC2026\ogc2026\baseline\myalgorithm.py,prob_22.json,True,5,22087703.0,22087703.0,22087703.0,1540.0,6561,3838.0,4.225516,4.04227614402771,100,100,,challenge_problem_OGC2026\reports\ogc2026_benchmark\full_hh_v007_param_train40_20260616_003\solutions\baseline_hh__v007_active\prob_22.solution.json,challenge_problem_OGC2026\reports\ogc2026_benchmark\full_hh_v007_param_train40_20260616_003\logs\baseline_hh__v007_active\prob_22.log,PASS objective=22087703.0 obj1=1540.0 obj2=6561 obj3=3838.0
2026-06-16T11:55:10,full_hh_v007_param_train40_20260616_003,baseline_hh,v007_active,challenge_problem_OGC2026\ogc2026\baseline\myalgorithm.py,prob_23.json,True,5,51102508.0,51102508.0,51102508.0,3724.0,5256,2860.0,4.588955,4.40774941444397,100,100,,challenge_problem_OGC2026\reports\ogc2026_benchmark\full_hh_v007_param_train40_20260616_003\solutions\baseline_hh__v007_active\prob_23.solution.json,challenge_problem_OGC2026\reports\ogc2026_benchmark\full_hh_v007_param_train40_20260616_003\logs\baseline_hh__v007_active\prob_23.log,PASS objective=51102508.0 obj1=3724.0 obj2=5256 obj3=2860.0
2026-06-16T11:55:10,full_hh_v007_param_train40_20260616_003,baseline_hh,v007_active,challenge_problem_OGC2026\ogc2026\baseline\myalgorithm.py,prob_24.json,True,5,23636032.0,23636032.0,23636032.0,1724.0,2848,2119.0,6.698547,6.4880712032318115,100,100,,challenge_problem_OGC2026\reports\ogc2026_benchmark\full_hh_v007_param_train40_20260616_003\solutions\baseline_hh__v007_active\prob_24.solution.json,challenge_problem_OGC2026\reports\ogc2026_benchmark\full_hh_v007_param_train40_20260616_003\logs\baseline_hh__v007_active\prob_24.log,PASS objective=23636032.0 obj1=1724.0 obj2=2848 obj3=2119.0
2026-06-16T11:55:10,full_hh_v007_param_train40_20260616_003,baseline_hh,v007_active,challenge_problem_OGC2026\ogc2026\baseline\myalgorithm.py,prob_25.json,True,5,4092045.0,4092045.0,4092045.0,6049.0,2722,2732.0,4.634377,4.424823999404907,100,100,,challenge_problem_OGC2026\reports\ogc2026_benchmark\full_hh_v007_param_train40_20260616_003\solutions\baseline_hh__v007_active\prob_25.solution.json,challenge_problem_OGC2026\reports\ogc2026_benchmark\full_hh_v007_param_train40_20260616_003\logs\baseline_hh__v007_active\prob_25.log,PASS objective=4092045.0 obj1=6049.0 obj2=2722 obj3=2732.0
2026-06-16T11:55:10,full_hh_v007_param_train40_20260616_003,baseline_hh,v007_active,challenge_problem_OGC2026\ogc2026\baseline\myalgorithm.py,prob_26.json,True,5,78506692.0,78506692.0,78506692.0,5832.0,6448,4690.0,8.382920,8.160850286483765,150,150,,challenge_problem_OGC2026\reports\ogc2026_benchmark\full_hh_v007_param_train40_20260616_003\solutions\baseline_hh__v007_active\prob_26.solution.json,challenge_problem_OGC2026\reports\ogc2026_benchmark\full_hh_v007_param_train40_20260616_003\logs\baseline_hh__v007_active\prob_26.log,PASS objective=78506692.0 obj1=5832.0 obj2=6448 obj3=4690.0
2026-06-16T11:55:10,full_hh_v007_param_train40_20260616_003,baseline_hh,v007_active,challenge_problem_OGC2026\ogc2026\baseline\myalgorithm.py,prob_27.json,True,5,94636271.0,94636271.0,94636271.0,6943.0,4626,5140.0,15.676245,15.458717823028564,150,150,,challenge_problem_OGC2026\reports\ogc2026_benchmark\full_hh_v007_param_train40_20260616_003\solutions\baseline_hh__v007_active\prob_27.solution.json,challenge_problem_OGC2026\reports\ogc2026_benchmark\full_hh_v007_param_train40_20260616_003\logs\baseline_hh__v007_active\prob_27.log,PASS objective=94636271.0 obj1=6943.0 obj2=4626 obj3=5140.0
2026-06-16T11:55:10,full_hh_v007_param_train40_20260616_003,baseline_hh,v007_active,challenge_problem_OGC2026\ogc2026\baseline\myalgorithm.py,prob_28.json,True,5,72755511.0,72755511.0,72755511.0,5364.0,4733,4077.0,5.590763,5.269179344177246,150,150,,challenge_problem_OGC2026\reports\ogc2026_benchmark\full_hh_v007_param_train40_20260616_003\solutions\baseline_hh__v007_active\prob_28.solution.json,challenge_problem_OGC2026\reports\ogc2026_benchmark\full_hh_v007_param_train40_20260616_003\logs\baseline_hh__v007_active\prob_28.log,PASS objective=72755511.0 obj1=5364.0 obj2=4733 obj3=4077.0
2026-06-16T11:55:10,full_hh_v007_param_train40_20260616_003,baseline_hh,v007_active,challenge_problem_OGC2026\ogc2026\baseline\myalgorithm.py,prob_29.json,True,5,42638448.0,42638448.0,42638448.0,3069.0,4657,5685.0,13.843129,13.201258182525635,150,150,,challenge_problem_OGC2026\reports\ogc2026_benchmark\full_hh_v007_param_train40_20260616_003\solutions\baseline_hh__v007_active\prob_29.solution.json,challenge_problem_OGC2026\reports\ogc2026_benchmark\full_hh_v007_param_train40_20260616_003\logs\baseline_hh__v007_active\prob_29.log,PASS objective=42638448.0 obj1=3069.0 obj2=4657 obj3=5685.0
2026-06-16T11:55:10,full_hh_v007_param_train40_20260616_003,baseline_hh,v007_active,challenge_problem_OGC2026\ogc2026\baseline\myalgorithm.py,prob_30.json,True,5,79766001.0,79766001.0,79766001.0,5921.0,5727,3992.0,9.819184,9.480041027069092,150,150,,challenge_problem_OGC2026\reports\ogc2026_benchmark\full_hh_v007_param_train40_20260616_003\solutions\baseline_hh__v007_active\prob_30.solution.json,challenge_problem_OGC2026\reports\ogc2026_benchmark\full_hh_v007_param_train40_20260616_003\logs\baseline_hh__v007_active\prob_30.log,PASS objective=79766001.0 obj1=5921.0 obj2=5727 obj3=3992.0
2026-06-16T11:55:10,full_hh_v007_param_train40_20260616_003,baseline_hh,v007_active,challenge_problem_OGC2026\ogc2026\baseline\myalgorithm.py,prob_31.json,True,5,73371807.0,73371807.0,73371807.0,5289.0,5120,10630.0,28.455306,28.20111894607544,200,200,,challenge_problem_OGC2026\reports\ogc2026_benchmark\full_hh_v007_param_train40_20260616_003\solutions\baseline_hh__v007_active\prob_31.solution.json,challenge_problem_OGC2026\reports\ogc2026_benchmark\full_hh_v007_param_train40_20260616_003\logs\baseline_hh__v007_active\prob_31.log,PASS objective=73371807.0 obj1=5289.0 obj2=5120 obj3=10630.0
2026-06-16T11:55:10,full_hh_v007_param_train40_20260616_003,baseline_hh,v007_active,challenge_problem_OGC2026\ogc2026\baseline\myalgorithm.py,prob_32.json,True,5,21419599.0,21419599.0,21419599.0,5783.0,2252,3556.0,18.570024,18.33522391319275,200,200,,challenge_problem_OGC2026\reports\ogc2026_benchmark\full_hh_v007_param_train40_20260616_003\solutions\baseline_hh__v007_active\prob_32.solution.json,challenge_problem_OGC2026\reports\ogc2026_benchmark\full_hh_v007_param_train40_20260616_003\logs\baseline_hh__v007_active\prob_32.log,PASS objective=21419599.0 obj1=5783.0 obj2=2252 obj3=3556.0
2026-06-16T11:55:10,full_hh_v007_param_train40_20260616_003,baseline_hh,v007_active,challenge_problem_OGC2026\ogc2026\baseline\myalgorithm.py,prob_33.json,True,5,41382938.0,41382938.0,41382938.0,6104.0,1842,4461.0,17.569784,17.335901498794556,200,200,,challenge_problem_OGC2026\reports\ogc2026_benchmark\full_hh_v007_param_train40_20260616_003\solutions\baseline_hh__v007_active\prob_33.solution.json,challenge_problem_OGC2026\reports\ogc2026_benchmark\full_hh_v007_param_train40_20260616_003\logs\baseline_hh__v007_active\prob_33.log,PASS objective=41382938.0 obj1=6104.0 obj2=1842 obj3=4461.0
2026-06-16T11:55:10,full_hh_v007_param_train40_20260616_003,baseline_hh,v007_active,challenge_problem_OGC2026\ogc2026\baseline\myalgorithm.py,prob_34.json,True,5,13609744.0,13609744.0,13609744.0,3553.0,2765,3280.0,17.524554,17.224573850631714,200,200,,challenge_problem_OGC2026\reports\ogc2026_benchmark\full_hh_v007_param_train40_20260616_003\solutions\baseline_hh__v007_active\prob_34.solution.json,challenge_problem_OGC2026\reports\ogc2026_benchmark\full_hh_v007_param_train40_20260616_003\logs\baseline_hh__v007_active\prob_34.log,PASS objective=13609744.0 obj1=3553.0 obj2=2765 obj3=3280.0
2026-06-16T11:55:10,full_hh_v007_param_train40_20260616_003,baseline_hh,v007_active,challenge_problem_OGC2026\ogc2026\baseline\myalgorithm.py,prob_35.json,True,5,44348210.0,44348210.0,44348210.0,3275.0,6417,4337.0,17.258775,17.052286624908447,200,200,,challenge_problem_OGC2026\reports\ogc2026_benchmark\full_hh_v007_param_train40_20260616_003\solutions\baseline_hh__v007_active\prob_35.solution.json,challenge_problem_OGC2026\reports\ogc2026_benchmark\full_hh_v007_param_train40_20260616_003\logs\baseline_hh__v007_active\prob_35.log,PASS objective=44348210.0 obj1=3275.0 obj2=6417 obj3=4337.0
2026-06-16T11:55:10,full_hh_v007_param_train40_20260616_003,baseline_hh,v007_active,challenge_problem_OGC2026\ogc2026\baseline\myalgorithm.py,prob_36.json,True,5,3947054.0,3947054.0,3947054.0,5732.0,4756,9158.0,20.395649,20.149040699005127,250,250,,challenge_problem_OGC2026\reports\ogc2026_benchmark\full_hh_v007_param_train40_20260616_003\solutions\baseline_hh__v007_active\prob_36.solution.json,challenge_problem_OGC2026\reports\ogc2026_benchmark\full_hh_v007_param_train40_20260616_003\logs\baseline_hh__v007_active\prob_36.log,PASS objective=3947054.0 obj1=5732.0 obj2=4756 obj3=9158.0
2026-06-16T11:55:10,full_hh_v007_param_train40_20260616_003,baseline_hh,v007_active,challenge_problem_OGC2026\ogc2026\baseline\myalgorithm.py,prob_37.json,True,5,26584160.0,26584160.0,26584160.0,7132.0,5801,4650.0,20.895043,20.612900495529175,250,250,,challenge_problem_OGC2026\reports\ogc2026_benchmark\full_hh_v007_param_train40_20260616_003\solutions\baseline_hh__v007_active\prob_37.solution.json,challenge_problem_OGC2026\reports\ogc2026_benchmark\full_hh_v007_param_train40_20260616_003\logs\baseline_hh__v007_active\prob_37.log,PASS objective=26584160.0 obj1=7132.0 obj2=5801 obj3=4650.0
2026-06-16T11:55:10,full_hh_v007_param_train40_20260616_003,baseline_hh,v007_active,challenge_problem_OGC2026\ogc2026\baseline\myalgorithm.py,prob_38.json,True,5,292593332.0,292593332.0,292593332.0,21770.0,6261,7738.0,29.103255,28.331528902053833,250,250,,challenge_problem_OGC2026\reports\ogc2026_benchmark\full_hh_v007_param_train40_20260616_003\solutions\baseline_hh__v007_active\prob_38.solution.json,challenge_problem_OGC2026\reports\ogc2026_benchmark\full_hh_v007_param_train40_20260616_003\logs\baseline_hh__v007_active\prob_38.log,PASS objective=292593332.0 obj1=21770.0 obj2=6261 obj3=7738.0
2026-06-16T11:55:10,full_hh_v007_param_train40_20260616_003,baseline_hh,v007_active,challenge_problem_OGC2026\ogc2026\baseline\myalgorithm.py,prob_39.json,True,5,97814402.0,97814402.0,97814402.0,7244.0,1575,8159.0,19.207797,18.959646701812744,250,250,,challenge_problem_OGC2026\reports\ogc2026_benchmark\full_hh_v007_param_train40_20260616_003\solutions\baseline_hh__v007_active\prob_39.solution.json,challenge_problem_OGC2026\reports\ogc2026_benchmark\full_hh_v007_param_train40_20260616_003\logs\baseline_hh__v007_active\prob_39.log,PASS objective=97814402.0 obj1=7244.0 obj2=1575 obj3=8159.0
2026-06-16T11:55:10,full_hh_v007_param_train40_20260616_003,baseline_hh,v007_active,challenge_problem_OGC2026\ogc2026\baseline\myalgorithm.py,prob_40.json,True,5,8702587.0,8702587.0,8702587.0,12816.0,4737,11506.0,36.687776,36.44737362861633,250,250,,challenge_problem_OGC2026\reports\ogc2026_benchmark\full_hh_v007_param_train40_20260616_003\solutions\baseline_hh__v007_active\prob_40.solution.json,challenge_problem_OGC2026\reports\ogc2026_benchmark\full_hh_v007_param_train40_20260616_003\logs\baseline_hh__v007_active\prob_40.log,PASS objective=8702587.0 obj1=12816.0 obj2=4737 obj3=11506.0
2026-06-16T12:26:56,smoke_hh_v007_midtop_param_20260616_001,baseline_hh,v007_active,challenge_problem_OGC2026\ogc2026\baseline\myalgorithm.py,prob_37.json,True,5,21261135.0,21261135.0,21261135.0,5555.0,5130,4543.0,28.751274,28.263265132904053,250,250,,challenge_problem_OGC2026\reports\ogc2026_benchmark\smoke_hh_v007_midtop_param_20260616_001\solutions\baseline_hh__v007_active\prob_37.solution.json,challenge_problem_OGC2026\reports\ogc2026_benchmark\smoke_hh_v007_midtop_param_20260616_001\logs\baseline_hh__v007_active\prob_37.log,PASS objective=21261135.0 obj1=5555.0 obj2=5130 obj3=4543.0
2026-06-16T12:26:56,smoke_hh_v007_midtop_param_20260616_001,baseline_hh,v007_active,challenge_problem_OGC2026\ogc2026\baseline\myalgorithm.py,prob_38.json,True,5,239592493.0,239592493.0,239592493.0,17819.0,3583,6682.0,37.220794,36.954792976379395,250,250,,challenge_problem_OGC2026\reports\ogc2026_benchmark\smoke_hh_v007_midtop_param_20260616_001\solutions\baseline_hh__v007_active\prob_38.solution.json,challenge_problem_OGC2026\reports\ogc2026_benchmark\smoke_hh_v007_midtop_param_20260616_001\logs\baseline_hh__v007_active\prob_38.log,PASS objective=239592493.0 obj1=17819.0 obj2=3583 obj3=6682.0
2026-06-16T12:26:56,smoke_hh_v007_midtop_param_20260616_001,baseline_hh,v007_active,challenge_problem_OGC2026\ogc2026\baseline\myalgorithm.py,prob_39.json,True,5,74880271.0,74880271.0,74880271.0,5533.0,4758,7265.0,35.191372,34.649115800857544,250,250,,challenge_problem_OGC2026\reports\ogc2026_benchmark\smoke_hh_v007_midtop_param_20260616_001\solutions\baseline_hh__v007_active\prob_39.solution.json,challenge_problem_OGC2026\reports\ogc2026_benchmark\smoke_hh_v007_midtop_param_20260616_001\logs\baseline_hh__v007_active\prob_39.log,PASS objective=74880271.0 obj1=5533.0 obj2=4758 obj3=7265.0
2026-06-16T12:29:40,full_hh_v007_param_train40_20260616_004,baseline_hh,v007_active,challenge_problem_OGC2026\ogc2026\baseline\myalgorithm.py,prob_1.json,True,5,28213016.0,28213016.0,28213016.0,957.0,1047,1828.0,5.400995,5.209225416183472,100,100,,challenge_problem_OGC2026\reports\ogc2026_benchmark\full_hh_v007_param_train40_20260616_004\solutions\baseline_hh__v007_active\prob_1.solution.json,challenge_problem_OGC2026\reports\ogc2026_benchmark\full_hh_v007_param_train40_20260616_004\logs\baseline_hh__v007_active\prob_1.log,PASS objective=28213016.0 obj1=957.0 obj2=1047 obj3=1828.0
2026-06-16T12:29:40,full_hh_v007_param_train40_20260616_004,baseline_hh,v007_active,challenge_problem_OGC2026\ogc2026\baseline\myalgorithm.py,prob_2.json,True,5,5071714.0,5071714.0,5071714.0,164.0,1039,1936.0,4.149308,3.965167284011841,100,100,,challenge_problem_OGC2026\reports\ogc2026_benchmark\full_hh_v007_param_train40_20260616_004\solutions\baseline_hh__v007_active\prob_2.solution.json,challenge_problem_OGC2026\reports\ogc2026_benchmark\full_hh_v007_param_train40_20260616_004\logs\baseline_hh__v007_active\prob_2.log,PASS objective=5071714.0 obj1=164.0 obj2=1039 obj3=1936.0
2026-06-16T12:29:40,full_hh_v007_param_train40_20260616_004,baseline_hh,v007_active,challenge_problem_OGC2026\ogc2026\baseline\myalgorithm.py,prob_3.json,True,5,4359857.0,4359857.0,4359857.0,151.0,2084,2082.0,4.352391,4.081042289733887,100,100,,challenge_problem_OGC2026\reports\ogc2026_benchmark\full_hh_v007_param_train40_20260616_004\solutions\baseline_hh__v007_active\prob_3.solution.json,challenge_problem_OGC2026\reports\ogc2026_benchmark\full_hh_v007_param_train40_20260616_004\logs\baseline_hh__v007_active\prob_3.log,PASS objective=4359857.0 obj1=151.0 obj2=2084 obj3=2082.0
2026-06-16T12:29:40,full_hh_v007_param_train40_20260616_004,baseline_hh,v007_active,challenge_problem_OGC2026\ogc2026\baseline\myalgorithm.py,prob_4.json,True,5,7776376.0,7776376.0,7776376.0,334.0,1452,2228.0,4.156038,3.9355363845825195,100,100,,challenge_problem_OGC2026\reports\ogc2026_benchmark\full_hh_v007_param_train40_20260616_004\solutions\baseline_hh__v007_active\prob_4.solution.json,challenge_problem_OGC2026\reports\ogc2026_benchmark\full_hh_v007_param_train40_20260616_004\logs\baseline_hh__v007_active\prob_4.log,PASS objective=7776376.0 obj1=334.0 obj2=1452 obj3=2228.0
2026-06-16T12:29:40,full_hh_v007_param_train40_20260616_004,baseline_hh,v007_active,challenge_problem_OGC2026\ogc2026\baseline\myalgorithm.py,prob_5.json,True,5,7702074.0,7702074.0,7702074.0,451.0,9032,2819.0,4.638772,4.412263631820679,150,150,,challenge_problem_OGC2026\reports\ogc2026_benchmark\full_hh_v007_param_train40_20260616_004\solutions\baseline_hh__v007_active\prob_5.solution.json,challenge_problem_OGC2026\reports\ogc2026_benchmark\full_hh_v007_param_train40_20260616_004\logs\baseline_hh__v007_active\prob_5.log,PASS objective=7702074.0 obj1=451.0 obj2=9032 obj3=2819.0
2026-06-16T12:29:40,full_hh_v007_param_train40_20260616_004,baseline_hh,v007_active,challenge_problem_OGC2026\ogc2026\baseline\myalgorithm.py,prob_6.json,True,5,34053978.0,34053978.0,34053978.0,1131.0,3714,3443.0,5.577858,5.369407415390015,150,150,,challenge_problem_OGC2026\reports\ogc2026_benchmark\full_hh_v007_param_train40_20260616_004\solutions\baseline_hh__v007_active\prob_6.solution.json,challenge_problem_OGC2026\reports\ogc2026_benchmark\full_hh_v007_param_train40_20260616_004\logs\baseline_hh__v007_active\prob_6.log,PASS objective=34053978.0 obj1=1131.0 obj2=3714 obj3=3443.0
2026-06-16T12:29:40,full_hh_v007_param_train40_20260616_004,baseline_hh,v007_active,challenge_problem_OGC2026\ogc2026\baseline\myalgorithm.py,prob_7.json,True,5,9436227.0,9436227.0,9436227.0,503.0,6999,2966.0,5.491321,5.245811223983765,150,150,,challenge_problem_OGC2026\reports\ogc2026_benchmark\full_hh_v007_param_train40_20260616_004\solutions\baseline_hh__v007_active\prob_7.solution.json,challenge_problem_OGC2026\reports\ogc2026_benchmark\full_hh_v007_param_train40_20260616_004\logs\baseline_hh__v007_active\prob_7.log,PASS objective=9436227.0 obj1=503.0 obj2=6999 obj3=2966.0
2026-06-16T12:29:40,full_hh_v007_param_train40_20260616_004,baseline_hh,v007_active,challenge_problem_OGC2026\ogc2026\baseline\myalgorithm.py,prob_8.json,True,5,799132.0,799132.0,799132.0,42.0,2283,1850.0,4.919198,4.718519449234009,150,150,,challenge_problem_OGC2026\reports\ogc2026_benchmark\full_hh_v007_param_train40_20260616_004\solutions\baseline_hh__v007_active\prob_8.solution.json,challenge_problem_OGC2026\reports\ogc2026_benchmark\full_hh_v007_param_train40_20260616_004\logs\baseline_hh__v007_active\prob_8.log,PASS objective=799132.0 obj1=42.0 obj2=2283 obj3=1850.0
2026-06-16T12:29:40,full_hh_v007_param_train40_20260616_004,baseline_hh,v007_active,challenge_problem_OGC2026\ogc2026\baseline\myalgorithm.py,prob_9.json,True,5,12566025.0,12566025.0,12566025.0,905.0,1382,3285.0,8.041890,7.81781005859375,200,200,,challenge_problem_OGC2026\reports\ogc2026_benchmark\full_hh_v007_param_train40_20260616_004\solutions\baseline_hh__v007_active\prob_9.solution.json,challenge_problem_OGC2026\reports\ogc2026_benchmark\full_hh_v007_param_train40_20260616_004\logs\baseline_hh__v007_active\prob_9.log,PASS objective=12566025.0 obj1=905.0 obj2=1382 obj3=3285.0
2026-06-16T12:29:40,full_hh_v007_param_train40_20260616_004,baseline_hh,v007_active,challenge_problem_OGC2026\ogc2026\baseline\myalgorithm.py,prob_10.json,True,5,5667274.0,5667274.0,5667274.0,367.0,2615,2338.0,6.777676,6.550613880157471,200,200,,challenge_problem_OGC2026\reports\ogc2026_benchmark\full_hh_v007_param_train40_20260616_004\solutions\baseline_hh__v007_active\prob_10.solution.json,challenge_problem_OGC2026\reports\ogc2026_benchmark\full_hh_v007_param_train40_20260616_004\logs\baseline_hh__v007_active\prob_10.log,PASS objective=5667274.0 obj1=367.0 obj2=2615 obj3=2338.0
2026-06-16T12:29:40,full_hh_v007_param_train40_20260616_004,baseline_hh,v007_active,challenge_problem_OGC2026\ogc2026\baseline\myalgorithm.py,prob_11.json,True,5,17214296.0,17214296.0,17214296.0,739.0,406,2407.0,12.305373,12.023990392684937,200,200,,challenge_problem_OGC2026\reports\ogc2026_benchmark\full_hh_v007_param_train40_20260616_004\solutions\baseline_hh__v007_active\prob_11.solution.json,challenge_problem_OGC2026\reports\ogc2026_benchmark\full_hh_v007_param_train40_20260616_004\logs\baseline_hh__v007_active\prob_11.log,PASS objective=17214296.0 obj1=739.0 obj2=406 obj3=2407.0
2026-06-16T12:29:40,full_hh_v007_param_train40_20260616_004,baseline_hh,v007_active,challenge_problem_OGC2026\ogc2026\baseline\myalgorithm.py,prob_12.json,True,5,24481657.0,24481657.0,24481657.0,1096.0,7849,3042.0,12.206823,11.683691501617432,200,200,,challenge_problem_OGC2026\reports\ogc2026_benchmark\full_hh_v007_param_train40_20260616_004\solutions\baseline_hh__v007_active\prob_12.solution.json,challenge_problem_OGC2026\reports\ogc2026_benchmark\full_hh_v007_param_train40_20260616_004\logs\baseline_hh__v007_active\prob_12.log,PASS objective=24481657.0 obj1=1096.0 obj2=7849 obj3=3042.0
2026-06-16T12:29:40,full_hh_v007_param_train40_20260616_004,baseline_hh,v007_active,challenge_problem_OGC2026\ogc2026\baseline\myalgorithm.py,prob_13.json,True,5,17775052.0,17775052.0,17775052.0,923.0,4445,4364.0,10.212523,9.951581954956055,250,250,,challenge_problem_OGC2026\reports\ogc2026_benchmark\full_hh_v007_param_train40_20260616_004\solutions\baseline_hh__v007_active\prob_13.solution.json,challenge_problem_OGC2026\reports\ogc2026_benchmark\full_hh_v007_param_train40_20260616_004\logs\baseline_hh__v007_active\prob_13.log,PASS objective=17775052.0 obj1=923.0 obj2=4445 obj3=4364.0
2026-06-16T12:29:40,full_hh_v007_param_train40_20260616_004,baseline_hh,v007_active,challenge_problem_OGC2026\ogc2026\baseline\myalgorithm.py,prob_14.json,True,5,15772154.0,15772154.0,15772154.0,858.0,5439,3695.0,12.727700,12.428069353103638,250,250,,challenge_problem_OGC2026\reports\ogc2026_benchmark\full_hh_v007_param_train40_20260616_004\solutions\baseline_hh__v007_active\prob_14.solution.json,challenge_problem_OGC2026\reports\ogc2026_benchmark\full_hh_v007_param_train40_20260616_004\logs\baseline_hh__v007_active\prob_14.log,PASS objective=15772154.0 obj1=858.0 obj2=5439 obj3=3695.0
2026-06-16T12:29:40,full_hh_v007_param_train40_20260616_004,baseline_hh,v007_active,challenge_problem_OGC2026\ogc2026\baseline\myalgorithm.py,prob_15.json,True,5,10860947.0,10860947.0,10860947.0,698.0,7085,3644.0,9.711191,9.433566331863403,250,250,,challenge_problem_OGC2026\reports\ogc2026_benchmark\full_hh_v007_param_train40_20260616_004\solutions\baseline_hh__v007_active\prob_15.solution.json,challenge_problem_OGC2026\reports\ogc2026_benchmark\full_hh_v007_param_train40_20260616_004\logs\baseline_hh__v007_active\prob_15.log,PASS objective=10860947.0 obj1=698.0 obj2=7085 obj3=3644.0
2026-06-16T12:29:40,full_hh_v007_param_train40_20260616_004,baseline_hh,v007_active,challenge_problem_OGC2026\ogc2026\baseline\myalgorithm.py,prob_16.json,True,5,1135590.0,1135590.0,1135590.0,87.0,5577,2514.0,6.071529,5.829465389251709,250,250,,challenge_problem_OGC2026\reports\ogc2026_benchmark\full_hh_v007_param_train40_20260616_004\solutions\baseline_hh__v007_active\prob_16.solution.json,challenge_problem_OGC2026\reports\ogc2026_benchmark\full_hh_v007_param_train40_20260616_004\logs\baseline_hh__v007_active\prob_16.log,PASS objective=1135590.0 obj1=87.0 obj2=5577 obj3=2514.0
2026-06-16T12:29:40,full_hh_v007_param_train40_20260616_004,baseline_hh,v007_active,challenge_problem_OGC2026\ogc2026\baseline\myalgorithm.py,prob_17.json,True,5,5992157.0,5992157.0,5992157.0,557.0,8880,4176.0,8.994705,8.743733406066895,300,300,,challenge_problem_OGC2026\reports\ogc2026_benchmark\full_hh_v007_param_train40_20260616_004\solutions\baseline_hh__v007_active\prob_17.solution.json,challenge_problem_OGC2026\reports\ogc2026_benchmark\full_hh_v007_param_train40_20260616_004\logs\baseline_hh__v007_active\prob_17.log,PASS objective=5992157.0 obj1=557.0 obj2=8880 obj3=4176.0
2026-06-16T12:29:40,full_hh_v007_param_train40_20260616_004,baseline_hh,v007_active,challenge_problem_OGC2026\ogc2026\baseline\myalgorithm.py,prob_18.json,True,5,10869245.0,10869245.0,10869245.0,767.0,5165,4678.0,12.247346,12.006493091583252,300,300,,challenge_problem_OGC2026\reports\ogc2026_benchmark\full_hh_v007_param_train40_20260616_004\solutions\baseline_hh__v007_active\prob_18.solution.json,challenge_problem_OGC2026\reports\ogc2026_benchmark\full_hh_v007_param_train40_20260616_004\logs\baseline_hh__v007_active\prob_18.log,PASS objective=10869245.0 obj1=767.0 obj2=5165 obj3=4678.0
2026-06-16T12:29:40,full_hh_v007_param_train40_20260616_004,baseline_hh,v007_active,challenge_problem_OGC2026\ogc2026\baseline\myalgorithm.py,prob_19.json,True,5,4728163.0,4728163.0,4728163.0,389.0,6222,4164.0,10.779179,10.260167598724365,300,300,,challenge_problem_OGC2026\reports\ogc2026_benchmark\full_hh_v007_param_train40_20260616_004\solutions\baseline_hh__v007_active\prob_19.solution.json,challenge_problem_OGC2026\reports\ogc2026_benchmark\full_hh_v007_param_train40_20260616_004\logs\baseline_hh__v007_active\prob_19.log,PASS objective=4728163.0 obj1=389.0 obj2=6222 obj3=4164.0
2026-06-16T12:29:40,full_hh_v007_param_train40_20260616_004,baseline_hh,v007_active,challenge_problem_OGC2026\ogc2026\baseline\myalgorithm.py,prob_20.json,True,5,93275748.0,93275748.0,93275748.0,3478.0,6612,3906.0,11.541448,11.308463335037231,300,300,,challenge_problem_OGC2026\reports\ogc2026_benchmark\full_hh_v007_param_train40_20260616_004\solutions\baseline_hh__v007_active\prob_20.solution.json,challenge_problem_OGC2026\reports\ogc2026_benchmark\full_hh_v007_param_train40_20260616_004\logs\baseline_hh__v007_active\prob_20.log,PASS objective=93275748.0 obj1=3478.0 obj2=6612 obj3=3906.0
2026-06-16T12:29:40,full_hh_v007_param_train40_20260616_004,baseline_hh,v007_active,challenge_problem_OGC2026\ogc2026\baseline\myalgorithm.py,prob_21.json,True,5,33738372.0,33738372.0,33738372.0,2494.0,2612,3065.0,4.101477,3.9130067825317383,100,100,,challenge_problem_OGC2026\reports\ogc2026_benchmark\full_hh_v007_param_train40_20260616_004\solutions\baseline_hh__v007_active\prob_21.solution.json,challenge_problem_OGC2026\reports\ogc2026_benchmark\full_hh_v007_param_train40_20260616_004\logs\baseline_hh__v007_active\prob_21.log,PASS objective=33738372.0 obj1=2494.0 obj2=2612 obj3=3065.0
2026-06-16T12:29:40,full_hh_v007_param_train40_20260616_004,baseline_hh,v007_active,challenge_problem_OGC2026\ogc2026\baseline\myalgorithm.py,prob_22.json,True,5,22087703.0,22087703.0,22087703.0,1540.0,6561,3838.0,4.454348,4.254871606826782,100,100,,challenge_problem_OGC2026\reports\ogc2026_benchmark\full_hh_v007_param_train40_20260616_004\solutions\baseline_hh__v007_active\prob_22.solution.json,challenge_problem_OGC2026\reports\ogc2026_benchmark\full_hh_v007_param_train40_20260616_004\logs\baseline_hh__v007_active\prob_22.log,PASS objective=22087703.0 obj1=1540.0 obj2=6561 obj3=3838.0
2026-06-16T12:29:40,full_hh_v007_param_train40_20260616_004,baseline_hh,v007_active,challenge_problem_OGC2026\ogc2026\baseline\myalgorithm.py,prob_23.json,True,5,51102508.0,51102508.0,51102508.0,3724.0,5256,2860.0,4.884840,4.6550188064575195,100,100,,challenge_problem_OGC2026\reports\ogc2026_benchmark\full_hh_v007_param_train40_20260616_004\solutions\baseline_hh__v007_active\prob_23.solution.json,challenge_problem_OGC2026\reports\ogc2026_benchmark\full_hh_v007_param_train40_20260616_004\logs\baseline_hh__v007_active\prob_23.log,PASS objective=51102508.0 obj1=3724.0 obj2=5256 obj3=2860.0
2026-06-16T12:29:40,full_hh_v007_param_train40_20260616_004,baseline_hh,v007_active,challenge_problem_OGC2026\ogc2026\baseline\myalgorithm.py,prob_24.json,True,5,23636032.0,23636032.0,23636032.0,1724.0,2848,2119.0,6.624084,6.4246063232421875,100,100,,challenge_problem_OGC2026\reports\ogc2026_benchmark\full_hh_v007_param_train40_20260616_004\solutions\baseline_hh__v007_active\prob_24.solution.json,challenge_problem_OGC2026\reports\ogc2026_benchmark\full_hh_v007_param_train40_20260616_004\logs\baseline_hh__v007_active\prob_24.log,PASS objective=23636032.0 obj1=1724.0 obj2=2848 obj3=2119.0
2026-06-16T12:29:40,full_hh_v007_param_train40_20260616_004,baseline_hh,v007_active,challenge_problem_OGC2026\ogc2026\baseline\myalgorithm.py,prob_25.json,True,5,4092045.0,4092045.0,4092045.0,6049.0,2722,2732.0,4.715094,4.521639585494995,100,100,,challenge_problem_OGC2026\reports\ogc2026_benchmark\full_hh_v007_param_train40_20260616_004\solutions\baseline_hh__v007_active\prob_25.solution.json,challenge_problem_OGC2026\reports\ogc2026_benchmark\full_hh_v007_param_train40_20260616_004\logs\baseline_hh__v007_active\prob_25.log,PASS objective=4092045.0 obj1=6049.0 obj2=2722 obj3=2732.0
2026-06-16T12:29:40,full_hh_v007_param_train40_20260616_004,baseline_hh,v007_active,challenge_problem_OGC2026\ogc2026\baseline\myalgorithm.py,prob_26.json,True,5,78506692.0,78506692.0,78506692.0,5832.0,6448,4690.0,8.091308,7.88184666633606,150,150,,challenge_problem_OGC2026\reports\ogc2026_benchmark\full_hh_v007_param_train40_20260616_004\solutions\baseline_hh__v007_active\prob_26.solution.json,challenge_problem_OGC2026\reports\ogc2026_benchmark\full_hh_v007_param_train40_20260616_004\logs\baseline_hh__v007_active\prob_26.log,PASS objective=78506692.0 obj1=5832.0 obj2=6448 obj3=4690.0
2026-06-16T12:29:40,full_hh_v007_param_train40_20260616_004,baseline_hh,v007_active,challenge_problem_OGC2026\ogc2026\baseline\myalgorithm.py,prob_27.json,True,5,94636271.0,94636271.0,94636271.0,6943.0,4626,5140.0,17.390649,17.131908416748047,150,150,,challenge_problem_OGC2026\reports\ogc2026_benchmark\full_hh_v007_param_train40_20260616_004\solutions\baseline_hh__v007_active\prob_27.solution.json,challenge_problem_OGC2026\reports\ogc2026_benchmark\full_hh_v007_param_train40_20260616_004\logs\baseline_hh__v007_active\prob_27.log,PASS objective=94636271.0 obj1=6943.0 obj2=4626 obj3=5140.0
2026-06-16T12:29:40,full_hh_v007_param_train40_20260616_004,baseline_hh,v007_active,challenge_problem_OGC2026\ogc2026\baseline\myalgorithm.py,prob_28.json,True,5,72755511.0,72755511.0,72755511.0,5364.0,4733,4077.0,6.533420,6.329836368560791,150,150,,challenge_problem_OGC2026\reports\ogc2026_benchmark\full_hh_v007_param_train40_20260616_004\solutions\baseline_hh__v007_active\prob_28.solution.json,challenge_problem_OGC2026\reports\ogc2026_benchmark\full_hh_v007_param_train40_20260616_004\logs\baseline_hh__v007_active\prob_28.log,PASS objective=72755511.0 obj1=5364.0 obj2=4733 obj3=4077.0
2026-06-16T12:29:40,full_hh_v007_param_train40_20260616_004,baseline_hh,v007_active,challenge_problem_OGC2026\ogc2026\baseline\myalgorithm.py,prob_29.json,True,5,42638448.0,42638448.0,42638448.0,3069.0,4657,5685.0,6.325994,6.078177452087402,150,150,,challenge_problem_OGC2026\reports\ogc2026_benchmark\full_hh_v007_param_train40_20260616_004\solutions\baseline_hh__v007_active\prob_29.solution.json,challenge_problem_OGC2026\reports\ogc2026_benchmark\full_hh_v007_param_train40_20260616_004\logs\baseline_hh__v007_active\prob_29.log,PASS objective=42638448.0 obj1=3069.0 obj2=4657 obj3=5685.0
2026-06-16T12:29:40,full_hh_v007_param_train40_20260616_004,baseline_hh,v007_active,challenge_problem_OGC2026\ogc2026\baseline\myalgorithm.py,prob_30.json,True,5,79766001.0,79766001.0,79766001.0,5921.0,5727,3992.0,5.902972,5.718372821807861,150,150,,challenge_problem_OGC2026\reports\ogc2026_benchmark\full_hh_v007_param_train40_20260616_004\solutions\baseline_hh__v007_active\prob_30.solution.json,challenge_problem_OGC2026\reports\ogc2026_benchmark\full_hh_v007_param_train40_20260616_004\logs\baseline_hh__v007_active\prob_30.log,PASS objective=79766001.0 obj1=5921.0 obj2=5727 obj3=3992.0
2026-06-16T12:29:40,full_hh_v007_param_train40_20260616_004,baseline_hh,v007_active,challenge_problem_OGC2026\ogc2026\baseline\myalgorithm.py,prob_31.json,True,5,73371807.0,73371807.0,73371807.0,5289.0,5120,10630.0,36.446249,36.23500990867615,200,200,,challenge_problem_OGC2026\reports\ogc2026_benchmark\full_hh_v007_param_train40_20260616_004\solutions\baseline_hh__v007_active\prob_31.solution.json,challenge_problem_OGC2026\reports\ogc2026_benchmark\full_hh_v007_param_train40_20260616_004\logs\baseline_hh__v007_active\prob_31.log,PASS objective=73371807.0 obj1=5289.0 obj2=5120 obj3=10630.0
2026-06-16T12:29:40,full_hh_v007_param_train40_20260616_004,baseline_hh,v007_active,challenge_problem_OGC2026\ogc2026\baseline\myalgorithm.py,prob_32.json,True,5,21419599.0,21419599.0,21419599.0,5783.0,2252,3556.0,19.071570,18.79525852203369,200,200,,challenge_problem_OGC2026\reports\ogc2026_benchmark\full_hh_v007_param_train40_20260616_004\solutions\baseline_hh__v007_active\prob_32.solution.json,challenge_problem_OGC2026\reports\ogc2026_benchmark\full_hh_v007_param_train40_20260616_004\logs\baseline_hh__v007_active\prob_32.log,PASS objective=21419599.0 obj1=5783.0 obj2=2252 obj3=3556.0
2026-06-16T12:29:40,full_hh_v007_param_train40_20260616_004,baseline_hh,v007_active,challenge_problem_OGC2026\ogc2026\baseline\myalgorithm.py,prob_33.json,True,5,41382938.0,41382938.0,41382938.0,6104.0,1842,4461.0,18.043514,17.798032999038696,200,200,,challenge_problem_OGC2026\reports\ogc2026_benchmark\full_hh_v007_param_train40_20260616_004\solutions\baseline_hh__v007_active\prob_33.solution.json,challenge_problem_OGC2026\reports\ogc2026_benchmark\full_hh_v007_param_train40_20260616_004\logs\baseline_hh__v007_active\prob_33.log,PASS objective=41382938.0 obj1=6104.0 obj2=1842 obj3=4461.0
2026-06-16T12:29:40,full_hh_v007_param_train40_20260616_004,baseline_hh,v007_active,challenge_problem_OGC2026\ogc2026\baseline\myalgorithm.py,prob_34.json,True,5,13609744.0,13609744.0,13609744.0,3553.0,2765,3280.0,18.207457,17.984063625335693,200,200,,challenge_problem_OGC2026\reports\ogc2026_benchmark\full_hh_v007_param_train40_20260616_004\solutions\baseline_hh__v007_active\prob_34.solution.json,challenge_problem_OGC2026\reports\ogc2026_benchmark\full_hh_v007_param_train40_20260616_004\logs\baseline_hh__v007_active\prob_34.log,PASS objective=13609744.0 obj1=3553.0 obj2=2765 obj3=3280.0
2026-06-16T12:29:40,full_hh_v007_param_train40_20260616_004,baseline_hh,v007_active,challenge_problem_OGC2026\ogc2026\baseline\myalgorithm.py,prob_35.json,True,5,44348210.0,44348210.0,44348210.0,3275.0,6417,4337.0,18.169286,17.957343816757202,200,200,,challenge_problem_OGC2026\reports\ogc2026_benchmark\full_hh_v007_param_train40_20260616_004\solutions\baseline_hh__v007_active\prob_35.solution.json,challenge_problem_OGC2026\reports\ogc2026_benchmark\full_hh_v007_param_train40_20260616_004\logs\baseline_hh__v007_active\prob_35.log,PASS objective=44348210.0 obj1=3275.0 obj2=6417 obj3=4337.0
2026-06-16T12:29:40,full_hh_v007_param_train40_20260616_004,baseline_hh,v007_active,challenge_problem_OGC2026\ogc2026\baseline\myalgorithm.py,prob_36.json,True,5,3947054.0,3947054.0,3947054.0,5732.0,4756,9158.0,20.602564,20.364490270614624,250,250,,challenge_problem_OGC2026\reports\ogc2026_benchmark\full_hh_v007_param_train40_20260616_004\solutions\baseline_hh__v007_active\prob_36.solution.json,challenge_problem_OGC2026\reports\ogc2026_benchmark\full_hh_v007_param_train40_20260616_004\logs\baseline_hh__v007_active\prob_36.log,PASS objective=3947054.0 obj1=5732.0 obj2=4756 obj3=9158.0
2026-06-16T12:29:40,full_hh_v007_param_train40_20260616_004,baseline_hh,v007_active,challenge_problem_OGC2026\ogc2026\baseline\myalgorithm.py,prob_37.json,True,5,21261135.0,21261135.0,21261135.0,5555.0,5130,4543.0,26.545212,26.329898834228516,250,250,,challenge_problem_OGC2026\reports\ogc2026_benchmark\full_hh_v007_param_train40_20260616_004\solutions\baseline_hh__v007_active\prob_37.solution.json,challenge_problem_OGC2026\reports\ogc2026_benchmark\full_hh_v007_param_train40_20260616_004\logs\baseline_hh__v007_active\prob_37.log,PASS objective=21261135.0 obj1=5555.0 obj2=5130 obj3=4543.0
2026-06-16T12:29:40,full_hh_v007_param_train40_20260616_004,baseline_hh,v007_active,challenge_problem_OGC2026\ogc2026\baseline\myalgorithm.py,prob_38.json,True,5,211799542.0,211799542.0,211799542.0,15738.0,4244,6521.0,37.583416,37.04159450531006,250,250,,challenge_problem_OGC2026\reports\ogc2026_benchmark\full_hh_v007_param_train40_20260616_004\solutions\baseline_hh__v007_active\prob_38.solution.json,challenge_problem_OGC2026\reports\ogc2026_benchmark\full_hh_v007_param_train40_20260616_004\logs\baseline_hh__v007_active\prob_38.log,PASS objective=211799542.0 obj1=15738.0 obj2=4244 obj3=6521.0
2026-06-16T12:29:40,full_hh_v007_param_train40_20260616_004,baseline_hh,v007_active,challenge_problem_OGC2026\ogc2026\baseline\myalgorithm.py,prob_39.json,True,5,78754867.0,78754867.0,78754867.0,5823.0,4252,7332.0,36.959364,36.65489482879639,250,250,,challenge_problem_OGC2026\reports\ogc2026_benchmark\full_hh_v007_param_train40_20260616_004\solutions\baseline_hh__v007_active\prob_39.solution.json,challenge_problem_OGC2026\reports\ogc2026_benchmark\full_hh_v007_param_train40_20260616_004\logs\baseline_hh__v007_active\prob_39.log,PASS objective=78754867.0 obj1=5823.0 obj2=4252 obj3=7332.0
2026-06-16T12:29:40,full_hh_v007_param_train40_20260616_004,baseline_hh,v007_active,challenge_problem_OGC2026\ogc2026\baseline\myalgorithm.py,prob_40.json,True,5,8702587.0,8702587.0,8702587.0,12816.0,4737,11506.0,36.820552,36.54322171211243,250,250,,challenge_problem_OGC2026\reports\ogc2026_benchmark\full_hh_v007_param_train40_20260616_004\solutions\baseline_hh__v007_active\prob_40.solution.json,challenge_problem_OGC2026\reports\ogc2026_benchmark\full_hh_v007_param_train40_20260616_004\logs\baseline_hh__v007_active\prob_40.log,PASS objective=8702587.0 obj1=12816.0 obj2=4737 obj3=11506.0
2026-06-16T12:57:30,smoke_hh_v007_width_targets_20260616_001,baseline_hh,v007_active,challenge_problem_OGC2026\ogc2026\baseline\myalgorithm.py,prob_25.json,True,5,3111196.0,3111196.0,3111196.0,4568.0,4700,2982.0,7.928344,7.741296052932739,100,100,,challenge_problem_OGC2026\reports\ogc2026_benchmark\smoke_hh_v007_width_targets_20260616_001\solutions\baseline_hh__v007_active\prob_25.solution.json,challenge_problem_OGC2026\reports\ogc2026_benchmark\smoke_hh_v007_width_targets_20260616_001\logs\baseline_hh__v007_active\prob_25.log,PASS objective=3111196.0 obj1=4568.0 obj2=4700 obj3=2982.0
2026-06-16T12:57:30,smoke_hh_v007_width_targets_20260616_001,baseline_hh,v007_active,challenge_problem_OGC2026\ogc2026\baseline\myalgorithm.py,prob_26.json,True,5,51038963.0,51038963.0,51038963.0,3759.0,3488,5972.0,14.358170,14.087295532226562,150,150,,challenge_problem_OGC2026\reports\ogc2026_benchmark\smoke_hh_v007_width_targets_20260616_001\solutions\baseline_hh__v007_active\prob_26.solution.json,challenge_problem_OGC2026\reports\ogc2026_benchmark\smoke_hh_v007_width_targets_20260616_001\logs\baseline_hh__v007_active\prob_26.log,PASS objective=51038963.0 obj1=3759.0 obj2=3488 obj3=5972.0
2026-06-16T12:57:30,smoke_hh_v007_width_targets_20260616_001,baseline_hh,v007_active,challenge_problem_OGC2026\ogc2026\baseline\myalgorithm.py,prob_30.json,True,5,42524040.0,42524040.0,42524040.0,3136.0,7338,3412.0,14.355564,14.140169620513916,150,150,,challenge_problem_OGC2026\reports\ogc2026_benchmark\smoke_hh_v007_width_targets_20260616_001\solutions\baseline_hh__v007_active\prob_30.solution.json,challenge_problem_OGC2026\reports\ogc2026_benchmark\smoke_hh_v007_width_targets_20260616_001\logs\baseline_hh__v007_active\prob_30.log,PASS objective=42524040.0 obj1=3136.0 obj2=7338 obj3=3412.0
2026-06-16T12:57:30,smoke_hh_v007_width_targets_20260616_001,baseline_hh,v007_active,challenge_problem_OGC2026\ogc2026\baseline\myalgorithm.py,prob_32.json,True,5,21419599.0,21419599.0,21419599.0,5783.0,2252,3556.0,16.170514,15.93950080871582,200,200,,challenge_problem_OGC2026\reports\ogc2026_benchmark\smoke_hh_v007_width_targets_20260616_001\solutions\baseline_hh__v007_active\prob_32.solution.json,challenge_problem_OGC2026\reports\ogc2026_benchmark\smoke_hh_v007_width_targets_20260616_001\logs\baseline_hh__v007_active\prob_32.log,PASS objective=21419599.0 obj1=5783.0 obj2=2252 obj3=3556.0
2026-06-16T12:57:30,smoke_hh_v007_width_targets_20260616_001,baseline_hh,v007_active,challenge_problem_OGC2026\ogc2026\baseline\myalgorithm.py,prob_33.json,True,5,38331189.0,38331189.0,38331189.0,5657.0,2167,3962.0,20.021134,19.811079025268555,200,200,,challenge_problem_OGC2026\reports\ogc2026_benchmark\smoke_hh_v007_width_targets_20260616_001\solutions\baseline_hh__v007_active\prob_33.solution.json,challenge_problem_OGC2026\reports\ogc2026_benchmark\smoke_hh_v007_width_targets_20260616_001\logs\baseline_hh__v007_active\prob_33.log,PASS objective=38331189.0 obj1=5657.0 obj2=2167 obj3=3962.0
2026-06-16T12:57:30,smoke_hh_v007_width_targets_20260616_001,baseline_hh,v007_active,challenge_problem_OGC2026\ogc2026\baseline\myalgorithm.py,prob_36.json,True,5,2538172.0,2538172.0,2538172.0,3626.0,3657,8921.0,39.452914,39.209755420684814,250,250,,challenge_problem_OGC2026\reports\ogc2026_benchmark\smoke_hh_v007_width_targets_20260616_001\solutions\baseline_hh__v007_active\prob_36.solution.json,challenge_problem_OGC2026\reports\ogc2026_benchmark\smoke_hh_v007_width_targets_20260616_001\logs\baseline_hh__v007_active\prob_36.log,PASS objective=2538172.0 obj1=3626.0 obj2=3657 obj3=8921.0
2026-06-16T12:57:30,smoke_hh_v007_width_targets_20260616_001,baseline_hh,v007_active,challenge_problem_OGC2026\ogc2026\baseline\myalgorithm.py,prob_40.json,True,5,7669773.0,7669773.0,7669773.0,11265.0,7506,11424.0,45.388044,45.08258128166199,250,250,,challenge_problem_OGC2026\reports\ogc2026_benchmark\smoke_hh_v007_width_targets_20260616_001\solutions\baseline_hh__v007_active\prob_40.solution.json,challenge_problem_OGC2026\reports\ogc2026_benchmark\smoke_hh_v007_width_targets_20260616_001\logs\baseline_hh__v007_active\prob_40.log,PASS objective=7669773.0 obj1=11265.0 obj2=7506 obj3=11424.0
2026-06-16T13:04:29,smoke_hh_v007_prob40_width_20260616_001,baseline_hh,v007_active,challenge_problem_OGC2026\ogc2026\baseline\myalgorithm.py,prob_40.json,True,5,7117822.0,7117822.0,7117822.0,10439.0,8486,11271.0,43.190477,42.94467806816101,250,250,,challenge_problem_OGC2026\reports\ogc2026_benchmark\smoke_hh_v007_prob40_width_20260616_001\solutions\baseline_hh__v007_active\prob_40.solution.json,challenge_problem_OGC2026\reports\ogc2026_benchmark\smoke_hh_v007_prob40_width_20260616_001\logs\baseline_hh__v007_active\prob_40.log,PASS objective=7117822.0 obj1=10439.0 obj2=8486 obj3=11271.0
2026-06-16T13:05:39,full_hh_v007_param_train40_20260616_005,baseline_hh,v007_active,challenge_problem_OGC2026\ogc2026\baseline\myalgorithm.py,prob_1.json,True,5,28213016.0,28213016.0,28213016.0,957.0,1047,1828.0,11.339986,10.077105522155762,100,100,,challenge_problem_OGC2026\reports\ogc2026_benchmark\full_hh_v007_param_train40_20260616_005\solutions\baseline_hh__v007_active\prob_1.solution.json,challenge_problem_OGC2026\reports\ogc2026_benchmark\full_hh_v007_param_train40_20260616_005\logs\baseline_hh__v007_active\prob_1.log,PASS objective=28213016.0 obj1=957.0 obj2=1047 obj3=1828.0
2026-06-16T13:05:39,full_hh_v007_param_train40_20260616_005,baseline_hh,v007_active,challenge_problem_OGC2026\ogc2026\baseline\myalgorithm.py,prob_2.json,True,5,5071714.0,5071714.0,5071714.0,164.0,1039,1936.0,6.879341,6.35167932510376,100,100,,challenge_problem_OGC2026\reports\ogc2026_benchmark\full_hh_v007_param_train40_20260616_005\solutions\baseline_hh__v007_active\prob_2.solution.json,challenge_problem_OGC2026\reports\ogc2026_benchmark\full_hh_v007_param_train40_20260616_005\logs\baseline_hh__v007_active\prob_2.log,PASS objective=5071714.0 obj1=164.0 obj2=1039 obj3=1936.0
2026-06-16T13:05:39,full_hh_v007_param_train40_20260616_005,baseline_hh,v007_active,challenge_problem_OGC2026\ogc2026\baseline\myalgorithm.py,prob_3.json,True,5,4359857.0,4359857.0,4359857.0,151.0,2084,2082.0,4.868161,4.623236417770386,100,100,,challenge_problem_OGC2026\reports\ogc2026_benchmark\full_hh_v007_param_train40_20260616_005\solutions\baseline_hh__v007_active\prob_3.solution.json,challenge_problem_OGC2026\reports\ogc2026_benchmark\full_hh_v007_param_train40_20260616_005\logs\baseline_hh__v007_active\prob_3.log,PASS objective=4359857.0 obj1=151.0 obj2=2084 obj3=2082.0
2026-06-16T13:05:39,full_hh_v007_param_train40_20260616_005,baseline_hh,v007_active,challenge_problem_OGC2026\ogc2026\baseline\myalgorithm.py,prob_4.json,True,5,7776376.0,7776376.0,7776376.0,334.0,1452,2228.0,5.884820,5.633042573928833,100,100,,challenge_problem_OGC2026\reports\ogc2026_benchmark\full_hh_v007_param_train40_20260616_005\solutions\baseline_hh__v007_active\prob_4.solution.json,challenge_problem_OGC2026\reports\ogc2026_benchmark\full_hh_v007_param_train40_20260616_005\logs\baseline_hh__v007_active\prob_4.log,PASS objective=7776376.0 obj1=334.0 obj2=1452 obj3=2228.0
2026-06-16T13:05:39,full_hh_v007_param_train40_20260616_005,baseline_hh,v007_active,challenge_problem_OGC2026\ogc2026\baseline\myalgorithm.py,prob_5.json,True,5,7702074.0,7702074.0,7702074.0,451.0,9032,2819.0,5.431350,5.193384647369385,150,150,,challenge_problem_OGC2026\reports\ogc2026_benchmark\full_hh_v007_param_train40_20260616_005\solutions\baseline_hh__v007_active\prob_5.solution.json,challenge_problem_OGC2026\reports\ogc2026_benchmark\full_hh_v007_param_train40_20260616_005\logs\baseline_hh__v007_active\prob_5.log,PASS objective=7702074.0 obj1=451.0 obj2=9032 obj3=2819.0
2026-06-16T13:05:39,full_hh_v007_param_train40_20260616_005,baseline_hh,v007_active,challenge_problem_OGC2026\ogc2026\baseline\myalgorithm.py,prob_6.json,True,5,34053978.0,34053978.0,34053978.0,1131.0,3714,3443.0,6.238013,6.006066083908081,150,150,,challenge_problem_OGC2026\reports\ogc2026_benchmark\full_hh_v007_param_train40_20260616_005\solutions\baseline_hh__v007_active\prob_6.solution.json,challenge_problem_OGC2026\reports\ogc2026_benchmark\full_hh_v007_param_train40_20260616_005\logs\baseline_hh__v007_active\prob_6.log,PASS objective=34053978.0 obj1=1131.0 obj2=3714 obj3=3443.0
2026-06-16T13:05:39,full_hh_v007_param_train40_20260616_005,baseline_hh,v007_active,challenge_problem_OGC2026\ogc2026\baseline\myalgorithm.py,prob_7.json,True,5,9436227.0,9436227.0,9436227.0,503.0,6999,2966.0,6.103877,5.8689634799957275,150,150,,challenge_problem_OGC2026\reports\ogc2026_benchmark\full_hh_v007_param_train40_20260616_005\solutions\baseline_hh__v007_active\prob_7.solution.json,challenge_problem_OGC2026\reports\ogc2026_benchmark\full_hh_v007_param_train40_20260616_005\logs\baseline_hh__v007_active\prob_7.log,PASS objective=9436227.0 obj1=503.0 obj2=6999 obj3=2966.0
2026-06-16T13:05:39,full_hh_v007_param_train40_20260616_005,baseline_hh,v007_active,challenge_problem_OGC2026\ogc2026\baseline\myalgorithm.py,prob_8.json,True,5,799132.0,799132.0,799132.0,42.0,2283,1850.0,5.500543,5.261922121047974,150,150,,challenge_problem_OGC2026\reports\ogc2026_benchmark\full_hh_v007_param_train40_20260616_005\solutions\baseline_hh__v007_active\prob_8.solution.json,challenge_problem_OGC2026\reports\ogc2026_benchmark\full_hh_v007_param_train40_20260616_005\logs\baseline_hh__v007_active\prob_8.log,PASS objective=799132.0 obj1=42.0 obj2=2283 obj3=1850.0
2026-06-16T13:05:39,full_hh_v007_param_train40_20260616_005,baseline_hh,v007_active,challenge_problem_OGC2026\ogc2026\baseline\myalgorithm.py,prob_9.json,True,5,12566025.0,12566025.0,12566025.0,905.0,1382,3285.0,8.982408,8.675060510635376,200,200,,challenge_problem_OGC2026\reports\ogc2026_benchmark\full_hh_v007_param_train40_20260616_005\solutions\baseline_hh__v007_active\prob_9.solution.json,challenge_problem_OGC2026\reports\ogc2026_benchmark\full_hh_v007_param_train40_20260616_005\logs\baseline_hh__v007_active\prob_9.log,PASS objective=12566025.0 obj1=905.0 obj2=1382 obj3=3285.0
2026-06-16T13:05:39,full_hh_v007_param_train40_20260616_005,baseline_hh,v007_active,challenge_problem_OGC2026\ogc2026\baseline\myalgorithm.py,prob_10.json,True,5,5667274.0,5667274.0,5667274.0,367.0,2615,2338.0,7.579223,7.336549282073975,200,200,,challenge_problem_OGC2026\reports\ogc2026_benchmark\full_hh_v007_param_train40_20260616_005\solutions\baseline_hh__v007_active\prob_10.solution.json,challenge_problem_OGC2026\reports\ogc2026_benchmark\full_hh_v007_param_train40_20260616_005\logs\baseline_hh__v007_active\prob_10.log,PASS objective=5667274.0 obj1=367.0 obj2=2615 obj3=2338.0
2026-06-16T13:05:39,full_hh_v007_param_train40_20260616_005,baseline_hh,v007_active,challenge_problem_OGC2026\ogc2026\baseline\myalgorithm.py,prob_11.json,True,5,17214296.0,17214296.0,17214296.0,739.0,406,2407.0,8.071759,7.825976133346558,200,200,,challenge_problem_OGC2026\reports\ogc2026_benchmark\full_hh_v007_param_train40_20260616_005\solutions\baseline_hh__v007_active\prob_11.solution.json,challenge_problem_OGC2026\reports\ogc2026_benchmark\full_hh_v007_param_train40_20260616_005\logs\baseline_hh__v007_active\prob_11.log,PASS objective=17214296.0 obj1=739.0 obj2=406 obj3=2407.0
2026-06-16T13:05:39,full_hh_v007_param_train40_20260616_005,baseline_hh,v007_active,challenge_problem_OGC2026\ogc2026\baseline\myalgorithm.py,prob_12.json,True,5,24481657.0,24481657.0,24481657.0,1096.0,7849,3042.0,7.235398,7.0111658573150635,200,200,,challenge_problem_OGC2026\reports\ogc2026_benchmark\full_hh_v007_param_train40_20260616_005\solutions\baseline_hh__v007_active\prob_12.solution.json,challenge_problem_OGC2026\reports\ogc2026_benchmark\full_hh_v007_param_train40_20260616_005\logs\baseline_hh__v007_active\prob_12.log,PASS objective=24481657.0 obj1=1096.0 obj2=7849 obj3=3042.0
2026-06-16T13:05:39,full_hh_v007_param_train40_20260616_005,baseline_hh,v007_active,challenge_problem_OGC2026\ogc2026\baseline\myalgorithm.py,prob_13.json,True,5,17775052.0,17775052.0,17775052.0,923.0,4445,4364.0,8.640323,8.41834568977356,250,250,,challenge_problem_OGC2026\reports\ogc2026_benchmark\full_hh_v007_param_train40_20260616_005\solutions\baseline_hh__v007_active\prob_13.solution.json,challenge_problem_OGC2026\reports\ogc2026_benchmark\full_hh_v007_param_train40_20260616_005\logs\baseline_hh__v007_active\prob_13.log,PASS objective=17775052.0 obj1=923.0 obj2=4445 obj3=4364.0
2026-06-16T13:05:39,full_hh_v007_param_train40_20260616_005,baseline_hh,v007_active,challenge_problem_OGC2026\ogc2026\baseline\myalgorithm.py,prob_14.json,True,5,15772154.0,15772154.0,15772154.0,858.0,5439,3695.0,11.161016,10.932929515838623,250,250,,challenge_problem_OGC2026\reports\ogc2026_benchmark\full_hh_v007_param_train40_20260616_005\solutions\baseline_hh__v007_active\prob_14.solution.json,challenge_problem_OGC2026\reports\ogc2026_benchmark\full_hh_v007_param_train40_20260616_005\logs\baseline_hh__v007_active\prob_14.log,PASS objective=15772154.0 obj1=858.0 obj2=5439 obj3=3695.0
2026-06-16T13:05:39,full_hh_v007_param_train40_20260616_005,baseline_hh,v007_active,challenge_problem_OGC2026\ogc2026\baseline\myalgorithm.py,prob_15.json,True,5,10860947.0,10860947.0,10860947.0,698.0,7085,3644.0,8.580249,8.329718828201294,250,250,,challenge_problem_OGC2026\reports\ogc2026_benchmark\full_hh_v007_param_train40_20260616_005\solutions\baseline_hh__v007_active\prob_15.solution.json,challenge_problem_OGC2026\reports\ogc2026_benchmark\full_hh_v007_param_train40_20260616_005\logs\baseline_hh__v007_active\prob_15.log,PASS objective=10860947.0 obj1=698.0 obj2=7085 obj3=3644.0
2026-06-16T13:05:39,full_hh_v007_param_train40_20260616_005,baseline_hh,v007_active,challenge_problem_OGC2026\ogc2026\baseline\myalgorithm.py,prob_16.json,True,5,1135590.0,1135590.0,1135590.0,87.0,5577,2514.0,5.545713,5.32472562789917,250,250,,challenge_problem_OGC2026\reports\ogc2026_benchmark\full_hh_v007_param_train40_20260616_005\solutions\baseline_hh__v007_active\prob_16.solution.json,challenge_problem_OGC2026\reports\ogc2026_benchmark\full_hh_v007_param_train40_20260616_005\logs\baseline_hh__v007_active\prob_16.log,PASS objective=1135590.0 obj1=87.0 obj2=5577 obj3=2514.0
2026-06-16T13:05:39,full_hh_v007_param_train40_20260616_005,baseline_hh,v007_active,challenge_problem_OGC2026\ogc2026\baseline\myalgorithm.py,prob_17.json,True,5,5992157.0,5992157.0,5992157.0,557.0,8880,4176.0,8.377781,8.127399444580078,300,300,,challenge_problem_OGC2026\reports\ogc2026_benchmark\full_hh_v007_param_train40_20260616_005\solutions\baseline_hh__v007_active\prob_17.solution.json,challenge_problem_OGC2026\reports\ogc2026_benchmark\full_hh_v007_param_train40_20260616_005\logs\baseline_hh__v007_active\prob_17.log,PASS objective=5992157.0 obj1=557.0 obj2=8880 obj3=4176.0
2026-06-16T13:05:39,full_hh_v007_param_train40_20260616_005,baseline_hh,v007_active,challenge_problem_OGC2026\ogc2026\baseline\myalgorithm.py,prob_18.json,True,5,10869245.0,10869245.0,10869245.0,767.0,5165,4678.0,11.361684,11.144614934921265,300,300,,challenge_problem_OGC2026\reports\ogc2026_benchmark\full_hh_v007_param_train40_20260616_005\solutions\baseline_hh__v007_active\prob_18.solution.json,challenge_problem_OGC2026\reports\ogc2026_benchmark\full_hh_v007_param_train40_20260616_005\logs\baseline_hh__v007_active\prob_18.log,PASS objective=10869245.0 obj1=767.0 obj2=5165 obj3=4678.0
2026-06-16T13:05:39,full_hh_v007_param_train40_20260616_005,baseline_hh,v007_active,challenge_problem_OGC2026\ogc2026\baseline\myalgorithm.py,prob_19.json,True,5,4728163.0,4728163.0,4728163.0,389.0,6222,4164.0,10.028746,9.799619197845459,300,300,,challenge_problem_OGC2026\reports\ogc2026_benchmark\full_hh_v007_param_train40_20260616_005\solutions\baseline_hh__v007_active\prob_19.solution.json,challenge_problem_OGC2026\reports\ogc2026_benchmark\full_hh_v007_param_train40_20260616_005\logs\baseline_hh__v007_active\prob_19.log,PASS objective=4728163.0 obj1=389.0 obj2=6222 obj3=4164.0
2026-06-16T13:05:39,full_hh_v007_param_train40_20260616_005,baseline_hh,v007_active,challenge_problem_OGC2026\ogc2026\baseline\myalgorithm.py,prob_20.json,True,5,93275748.0,93275748.0,93275748.0,3478.0,6612,3906.0,11.924060,11.675912380218506,300,300,,challenge_problem_OGC2026\reports\ogc2026_benchmark\full_hh_v007_param_train40_20260616_005\solutions\baseline_hh__v007_active\prob_20.solution.json,challenge_problem_OGC2026\reports\ogc2026_benchmark\full_hh_v007_param_train40_20260616_005\logs\baseline_hh__v007_active\prob_20.log,PASS objective=93275748.0 obj1=3478.0 obj2=6612 obj3=3906.0
2026-06-16T13:05:39,full_hh_v007_param_train40_20260616_005,baseline_hh,v007_active,challenge_problem_OGC2026\ogc2026\baseline\myalgorithm.py,prob_21.json,True,5,33738372.0,33738372.0,33738372.0,2494.0,2612,3065.0,4.041840,3.827590227127075,100,100,,challenge_problem_OGC2026\reports\ogc2026_benchmark\full_hh_v007_param_train40_20260616_005\solutions\baseline_hh__v007_active\prob_21.solution.json,challenge_problem_OGC2026\reports\ogc2026_benchmark\full_hh_v007_param_train40_20260616_005\logs\baseline_hh__v007_active\prob_21.log,PASS objective=33738372.0 obj1=2494.0 obj2=2612 obj3=3065.0
2026-06-16T13:05:39,full_hh_v007_param_train40_20260616_005,baseline_hh,v007_active,challenge_problem_OGC2026\ogc2026\baseline\myalgorithm.py,prob_22.json,True,5,22087703.0,22087703.0,22087703.0,1540.0,6561,3838.0,4.208359,4.02212119102478,100,100,,challenge_problem_OGC2026\reports\ogc2026_benchmark\full_hh_v007_param_train40_20260616_005\solutions\baseline_hh__v007_active\prob_22.solution.json,challenge_problem_OGC2026\reports\ogc2026_benchmark\full_hh_v007_param_train40_20260616_005\logs\baseline_hh__v007_active\prob_22.log,PASS objective=22087703.0 obj1=1540.0 obj2=6561 obj3=3838.0
2026-06-16T13:05:39,full_hh_v007_param_train40_20260616_005,baseline_hh,v007_active,challenge_problem_OGC2026\ogc2026\baseline\myalgorithm.py,prob_23.json,True,5,51102508.0,51102508.0,51102508.0,3724.0,5256,2860.0,4.690900,4.494549751281738,100,100,,challenge_problem_OGC2026\reports\ogc2026_benchmark\full_hh_v007_param_train40_20260616_005\solutions\baseline_hh__v007_active\prob_23.solution.json,challenge_problem_OGC2026\reports\ogc2026_benchmark\full_hh_v007_param_train40_20260616_005\logs\baseline_hh__v007_active\prob_23.log,PASS objective=51102508.0 obj1=3724.0 obj2=5256 obj3=2860.0
2026-06-16T13:05:39,full_hh_v007_param_train40_20260616_005,baseline_hh,v007_active,challenge_problem_OGC2026\ogc2026\baseline\myalgorithm.py,prob_24.json,True,5,23636032.0,23636032.0,23636032.0,1724.0,2848,2119.0,6.698153,6.495100021362305,100,100,,challenge_problem_OGC2026\reports\ogc2026_benchmark\full_hh_v007_param_train40_20260616_005\solutions\baseline_hh__v007_active\prob_24.solution.json,challenge_problem_OGC2026\reports\ogc2026_benchmark\full_hh_v007_param_train40_20260616_005\logs\baseline_hh__v007_active\prob_24.log,PASS objective=23636032.0 obj1=1724.0 obj2=2848 obj3=2119.0
2026-06-16T13:05:39,full_hh_v007_param_train40_20260616_005,baseline_hh,v007_active,challenge_problem_OGC2026\ogc2026\baseline\myalgorithm.py,prob_25.json,True,5,3111196.0,3111196.0,3111196.0,4568.0,4700,2982.0,13.741014,12.999850273132324,100,100,,challenge_problem_OGC2026\reports\ogc2026_benchmark\full_hh_v007_param_train40_20260616_005\solutions\baseline_hh__v007_active\prob_25.solution.json,challenge_problem_OGC2026\reports\ogc2026_benchmark\full_hh_v007_param_train40_20260616_005\logs\baseline_hh__v007_active\prob_25.log,PASS objective=3111196.0 obj1=4568.0 obj2=4700 obj3=2982.0
2026-06-16T13:05:39,full_hh_v007_param_train40_20260616_005,baseline_hh,v007_active,challenge_problem_OGC2026\ogc2026\baseline\myalgorithm.py,prob_26.json,True,5,51038963.0,51038963.0,51038963.0,3759.0,3488,5972.0,18.585406,18.25235605239868,150,150,,challenge_problem_OGC2026\reports\ogc2026_benchmark\full_hh_v007_param_train40_20260616_005\solutions\baseline_hh__v007_active\prob_26.solution.json,challenge_problem_OGC2026\reports\ogc2026_benchmark\full_hh_v007_param_train40_20260616_005\logs\baseline_hh__v007_active\prob_26.log,PASS objective=51038963.0 obj1=3759.0 obj2=3488 obj3=5972.0
2026-06-16T13:05:39,full_hh_v007_param_train40_20260616_005,baseline_hh,v007_active,challenge_problem_OGC2026\ogc2026\baseline\myalgorithm.py,prob_27.json,True,5,94636271.0,94636271.0,94636271.0,6943.0,4626,5140.0,20.374082,20.11193609237671,150,150,,challenge_problem_OGC2026\reports\ogc2026_benchmark\full_hh_v007_param_train40_20260616_005\solutions\baseline_hh__v007_active\prob_27.solution.json,challenge_problem_OGC2026\reports\ogc2026_benchmark\full_hh_v007_param_train40_20260616_005\logs\baseline_hh__v007_active\prob_27.log,PASS objective=94636271.0 obj1=6943.0 obj2=4626 obj3=5140.0
2026-06-16T13:05:39,full_hh_v007_param_train40_20260616_005,baseline_hh,v007_active,challenge_problem_OGC2026\ogc2026\baseline\myalgorithm.py,prob_28.json,True,5,72755511.0,72755511.0,72755511.0,5364.0,4733,4077.0,7.029642,6.810548543930054,150,150,,challenge_problem_OGC2026\reports\ogc2026_benchmark\full_hh_v007_param_train40_20260616_005\solutions\baseline_hh__v007_active\prob_28.solution.json,challenge_problem_OGC2026\reports\ogc2026_benchmark\full_hh_v007_param_train40_20260616_005\logs\baseline_hh__v007_active\prob_28.log,PASS objective=72755511.0 obj1=5364.0 obj2=4733 obj3=4077.0
2026-06-16T13:05:39,full_hh_v007_param_train40_20260616_005,baseline_hh,v007_active,challenge_problem_OGC2026\ogc2026\baseline\myalgorithm.py,prob_29.json,True,5,42638448.0,42638448.0,42638448.0,3069.0,4657,5685.0,7.284021,7.044041633605957,150,150,,challenge_problem_OGC2026\reports\ogc2026_benchmark\full_hh_v007_param_train40_20260616_005\solutions\baseline_hh__v007_active\prob_29.solution.json,challenge_problem_OGC2026\reports\ogc2026_benchmark\full_hh_v007_param_train40_20260616_005\logs\baseline_hh__v007_active\prob_29.log,PASS objective=42638448.0 obj1=3069.0 obj2=4657 obj3=5685.0
2026-06-16T13:05:39,full_hh_v007_param_train40_20260616_005,baseline_hh,v007_active,challenge_problem_OGC2026\ogc2026\baseline\myalgorithm.py,prob_30.json,True,5,42524040.0,42524040.0,42524040.0,3136.0,7338,3412.0,15.565006,15.354336261749268,150,150,,challenge_problem_OGC2026\reports\ogc2026_benchmark\full_hh_v007_param_train40_20260616_005\solutions\baseline_hh__v007_active\prob_30.solution.json,challenge_problem_OGC2026\reports\ogc2026_benchmark\full_hh_v007_param_train40_20260616_005\logs\baseline_hh__v007_active\prob_30.log,PASS objective=42524040.0 obj1=3136.0 obj2=7338 obj3=3412.0
2026-06-16T13:05:39,full_hh_v007_param_train40_20260616_005,baseline_hh,v007_active,challenge_problem_OGC2026\ogc2026\baseline\myalgorithm.py,prob_31.json,True,5,73371807.0,73371807.0,73371807.0,5289.0,5120,10630.0,25.034588,24.80978274345398,200,200,,challenge_problem_OGC2026\reports\ogc2026_benchmark\full_hh_v007_param_train40_20260616_005\solutions\baseline_hh__v007_active\prob_31.solution.json,challenge_problem_OGC2026\reports\ogc2026_benchmark\full_hh_v007_param_train40_20260616_005\logs\baseline_hh__v007_active\prob_31.log,PASS objective=73371807.0 obj1=5289.0 obj2=5120 obj3=10630.0
2026-06-16T13:05:39,full_hh_v007_param_train40_20260616_005,baseline_hh,v007_active,challenge_problem_OGC2026\ogc2026\baseline\myalgorithm.py,prob_32.json,True,5,21419599.0,21419599.0,21419599.0,5783.0,2252,3556.0,16.358241,16.12824320793152,200,200,,challenge_problem_OGC2026\reports\ogc2026_benchmark\full_hh_v007_param_train40_20260616_005\solutions\baseline_hh__v007_active\prob_32.solution.json,challenge_problem_OGC2026\reports\ogc2026_benchmark\full_hh_v007_param_train40_20260616_005\logs\baseline_hh__v007_active\prob_32.log,PASS objective=21419599.0 obj1=5783.0 obj2=2252 obj3=3556.0
2026-06-16T13:05:39,full_hh_v007_param_train40_20260616_005,baseline_hh,v007_active,challenge_problem_OGC2026\ogc2026\baseline\myalgorithm.py,prob_33.json,True,5,38331189.0,38331189.0,38331189.0,5657.0,2167,3962.0,19.848066,19.603599309921265,200,200,,challenge_problem_OGC2026\reports\ogc2026_benchmark\full_hh_v007_param_train40_20260616_005\solutions\baseline_hh__v007_active\prob_33.solution.json,challenge_problem_OGC2026\reports\ogc2026_benchmark\full_hh_v007_param_train40_20260616_005\logs\baseline_hh__v007_active\prob_33.log,PASS objective=38331189.0 obj1=5657.0 obj2=2167 obj3=3962.0
2026-06-16T13:05:39,full_hh_v007_param_train40_20260616_005,baseline_hh,v007_active,challenge_problem_OGC2026\ogc2026\baseline\myalgorithm.py,prob_34.json,True,5,13609744.0,13609744.0,13609744.0,3553.0,2765,3280.0,16.936909,16.714948415756226,200,200,,challenge_problem_OGC2026\reports\ogc2026_benchmark\full_hh_v007_param_train40_20260616_005\solutions\baseline_hh__v007_active\prob_34.solution.json,challenge_problem_OGC2026\reports\ogc2026_benchmark\full_hh_v007_param_train40_20260616_005\logs\baseline_hh__v007_active\prob_34.log,PASS objective=13609744.0 obj1=3553.0 obj2=2765 obj3=3280.0
2026-06-16T13:05:39,full_hh_v007_param_train40_20260616_005,baseline_hh,v007_active,challenge_problem_OGC2026\ogc2026\baseline\myalgorithm.py,prob_35.json,True,5,44348210.0,44348210.0,44348210.0,3275.0,6417,4337.0,17.482333,17.24733853340149,200,200,,challenge_problem_OGC2026\reports\ogc2026_benchmark\full_hh_v007_param_train40_20260616_005\solutions\baseline_hh__v007_active\prob_35.solution.json,challenge_problem_OGC2026\reports\ogc2026_benchmark\full_hh_v007_param_train40_20260616_005\logs\baseline_hh__v007_active\prob_35.log,PASS objective=44348210.0 obj1=3275.0 obj2=6417 obj3=4337.0
2026-06-16T13:05:39,full_hh_v007_param_train40_20260616_005,baseline_hh,v007_active,challenge_problem_OGC2026\ogc2026\baseline\myalgorithm.py,prob_36.json,True,5,2538172.0,2538172.0,2538172.0,3626.0,3657,8921.0,37.418389,37.170934200286865,250,250,,challenge_problem_OGC2026\reports\ogc2026_benchmark\full_hh_v007_param_train40_20260616_005\solutions\baseline_hh__v007_active\prob_36.solution.json,challenge_problem_OGC2026\reports\ogc2026_benchmark\full_hh_v007_param_train40_20260616_005\logs\baseline_hh__v007_active\prob_36.log,PASS objective=2538172.0 obj1=3626.0 obj2=3657 obj3=8921.0
2026-06-16T13:05:39,full_hh_v007_param_train40_20260616_005,baseline_hh,v007_active,challenge_problem_OGC2026\ogc2026\baseline\myalgorithm.py,prob_37.json,True,5,21261135.0,21261135.0,21261135.0,5555.0,5130,4543.0,32.695135,32.43292284011841,250,250,,challenge_problem_OGC2026\reports\ogc2026_benchmark\full_hh_v007_param_train40_20260616_005\solutions\baseline_hh__v007_active\prob_37.solution.json,challenge_problem_OGC2026\reports\ogc2026_benchmark\full_hh_v007_param_train40_20260616_005\logs\baseline_hh__v007_active\prob_37.log,PASS objective=21261135.0 obj1=5555.0 obj2=5130 obj3=4543.0
2026-06-16T13:05:39,full_hh_v007_param_train40_20260616_005,baseline_hh,v007_active,challenge_problem_OGC2026\ogc2026\baseline\myalgorithm.py,prob_38.json,True,5,211799542.0,211799542.0,211799542.0,15738.0,4244,6521.0,33.480152,33.22884511947632,250,250,,challenge_problem_OGC2026\reports\ogc2026_benchmark\full_hh_v007_param_train40_20260616_005\solutions\baseline_hh__v007_active\prob_38.solution.json,challenge_problem_OGC2026\reports\ogc2026_benchmark\full_hh_v007_param_train40_20260616_005\logs\baseline_hh__v007_active\prob_38.log,PASS objective=211799542.0 obj1=15738.0 obj2=4244 obj3=6521.0
2026-06-16T13:05:39,full_hh_v007_param_train40_20260616_005,baseline_hh,v007_active,challenge_problem_OGC2026\ogc2026\baseline\myalgorithm.py,prob_39.json,True,5,74880271.0,74880271.0,74880271.0,5533.0,4758,7265.0,30.090589,29.563583612442017,250,250,,challenge_problem_OGC2026\reports\ogc2026_benchmark\full_hh_v007_param_train40_20260616_005\solutions\baseline_hh__v007_active\prob_39.solution.json,challenge_problem_OGC2026\reports\ogc2026_benchmark\full_hh_v007_param_train40_20260616_005\logs\baseline_hh__v007_active\prob_39.log,PASS objective=74880271.0 obj1=5533.0 obj2=4758 obj3=7265.0
2026-06-16T13:05:39,full_hh_v007_param_train40_20260616_005,baseline_hh,v007_active,challenge_problem_OGC2026\ogc2026\baseline\myalgorithm.py,prob_40.json,True,5,7117822.0,7117822.0,7117822.0,10439.0,8486,11271.0,40.410039,40.16021680831909,250,250,,challenge_problem_OGC2026\reports\ogc2026_benchmark\full_hh_v007_param_train40_20260616_005\solutions\baseline_hh__v007_active\prob_40.solution.json,challenge_problem_OGC2026\reports\ogc2026_benchmark\full_hh_v007_param_train40_20260616_005\logs\baseline_hh__v007_active\prob_40.log,PASS objective=7117822.0 obj1=10439.0 obj2=8486 obj3=11271.0
2026-06-16T13:35:32,full_hh_v007_prob32_top3_train40_20260616_006,baseline_hh,v007_active,challenge_problem_OGC2026\ogc2026\baseline\myalgorithm.py,prob_1.json,True,5,28213016.0,28213016.0,28213016.0,957.0,1047,1828.0,8.492515,8.212277173995972,100,100,,challenge_problem_OGC2026\reports\ogc2026_benchmark\full_hh_v007_prob32_top3_train40_20260616_006\solutions\baseline_hh__v007_active\prob_1.solution.json,challenge_problem_OGC2026\reports\ogc2026_benchmark\full_hh_v007_prob32_top3_train40_20260616_006\logs\baseline_hh__v007_active\prob_1.log,PASS objective=28213016.0 obj1=957.0 obj2=1047 obj3=1828.0
2026-06-16T13:35:32,full_hh_v007_prob32_top3_train40_20260616_006,baseline_hh,v007_active,challenge_problem_OGC2026\ogc2026\baseline\myalgorithm.py,prob_2.json,True,5,5071714.0,5071714.0,5071714.0,164.0,1039,1936.0,5.896925,5.592059850692749,100,100,,challenge_problem_OGC2026\reports\ogc2026_benchmark\full_hh_v007_prob32_top3_train40_20260616_006\solutions\baseline_hh__v007_active\prob_2.solution.json,challenge_problem_OGC2026\reports\ogc2026_benchmark\full_hh_v007_prob32_top3_train40_20260616_006\logs\baseline_hh__v007_active\prob_2.log,PASS objective=5071714.0 obj1=164.0 obj2=1039 obj3=1936.0
2026-06-16T13:35:32,full_hh_v007_prob32_top3_train40_20260616_006,baseline_hh,v007_active,challenge_problem_OGC2026\ogc2026\baseline\myalgorithm.py,prob_3.json,True,5,4359857.0,4359857.0,4359857.0,151.0,2084,2082.0,4.880099,4.630640745162964,100,100,,challenge_problem_OGC2026\reports\ogc2026_benchmark\full_hh_v007_prob32_top3_train40_20260616_006\solutions\baseline_hh__v007_active\prob_3.solution.json,challenge_problem_OGC2026\reports\ogc2026_benchmark\full_hh_v007_prob32_top3_train40_20260616_006\logs\baseline_hh__v007_active\prob_3.log,PASS objective=4359857.0 obj1=151.0 obj2=2084 obj3=2082.0
2026-06-16T13:35:32,full_hh_v007_prob32_top3_train40_20260616_006,baseline_hh,v007_active,challenge_problem_OGC2026\ogc2026\baseline\myalgorithm.py,prob_4.json,True,5,7776376.0,7776376.0,7776376.0,334.0,1452,2228.0,5.173242,4.935807943344116,100,100,,challenge_problem_OGC2026\reports\ogc2026_benchmark\full_hh_v007_prob32_top3_train40_20260616_006\solutions\baseline_hh__v007_active\prob_4.solution.json,challenge_problem_OGC2026\reports\ogc2026_benchmark\full_hh_v007_prob32_top3_train40_20260616_006\logs\baseline_hh__v007_active\prob_4.log,PASS objective=7776376.0 obj1=334.0 obj2=1452 obj3=2228.0
2026-06-16T13:35:32,full_hh_v007_prob32_top3_train40_20260616_006,baseline_hh,v007_active,challenge_problem_OGC2026\ogc2026\baseline\myalgorithm.py,prob_5.json,True,5,7702074.0,7702074.0,7702074.0,451.0,9032,2819.0,5.698591,5.418039798736572,150,150,,challenge_problem_OGC2026\reports\ogc2026_benchmark\full_hh_v007_prob32_top3_train40_20260616_006\solutions\baseline_hh__v007_active\prob_5.solution.json,challenge_problem_OGC2026\reports\ogc2026_benchmark\full_hh_v007_prob32_top3_train40_20260616_006\logs\baseline_hh__v007_active\prob_5.log,PASS objective=7702074.0 obj1=451.0 obj2=9032 obj3=2819.0
2026-06-16T13:35:32,full_hh_v007_prob32_top3_train40_20260616_006,baseline_hh,v007_active,challenge_problem_OGC2026\ogc2026\baseline\myalgorithm.py,prob_6.json,True,5,34053978.0,34053978.0,34053978.0,1131.0,3714,3443.0,7.332304,7.091203451156616,150,150,,challenge_problem_OGC2026\reports\ogc2026_benchmark\full_hh_v007_prob32_top3_train40_20260616_006\solutions\baseline_hh__v007_active\prob_6.solution.json,challenge_problem_OGC2026\reports\ogc2026_benchmark\full_hh_v007_prob32_top3_train40_20260616_006\logs\baseline_hh__v007_active\prob_6.log,PASS objective=34053978.0 obj1=1131.0 obj2=3714 obj3=3443.0
2026-06-16T13:35:32,full_hh_v007_prob32_top3_train40_20260616_006,baseline_hh,v007_active,challenge_problem_OGC2026\ogc2026\baseline\myalgorithm.py,prob_7.json,True,5,9436227.0,9436227.0,9436227.0,503.0,6999,2966.0,6.887001,6.632387638092041,150,150,,challenge_problem_OGC2026\reports\ogc2026_benchmark\full_hh_v007_prob32_top3_train40_20260616_006\solutions\baseline_hh__v007_active\prob_7.solution.json,challenge_problem_OGC2026\reports\ogc2026_benchmark\full_hh_v007_prob32_top3_train40_20260616_006\logs\baseline_hh__v007_active\prob_7.log,PASS objective=9436227.0 obj1=503.0 obj2=6999 obj3=2966.0
2026-06-16T13:35:32,full_hh_v007_prob32_top3_train40_20260616_006,baseline_hh,v007_active,challenge_problem_OGC2026\ogc2026\baseline\myalgorithm.py,prob_8.json,True,5,799132.0,799132.0,799132.0,42.0,2283,1850.0,6.015211,5.7730393409729,150,150,,challenge_problem_OGC2026\reports\ogc2026_benchmark\full_hh_v007_prob32_top3_train40_20260616_006\solutions\baseline_hh__v007_active\prob_8.solution.json,challenge_problem_OGC2026\reports\ogc2026_benchmark\full_hh_v007_prob32_top3_train40_20260616_006\logs\baseline_hh__v007_active\prob_8.log,PASS objective=799132.0 obj1=42.0 obj2=2283 obj3=1850.0
2026-06-16T13:35:32,full_hh_v007_prob32_top3_train40_20260616_006,baseline_hh,v007_active,challenge_problem_OGC2026\ogc2026\baseline\myalgorithm.py,prob_9.json,True,5,12566025.0,12566025.0,12566025.0,905.0,1382,3285.0,10.120018,9.778972864151001,200,200,,challenge_problem_OGC2026\reports\ogc2026_benchmark\full_hh_v007_prob32_top3_train40_20260616_006\solutions\baseline_hh__v007_active\prob_9.solution.json,challenge_problem_OGC2026\reports\ogc2026_benchmark\full_hh_v007_prob32_top3_train40_20260616_006\logs\baseline_hh__v007_active\prob_9.log,PASS objective=12566025.0 obj1=905.0 obj2=1382 obj3=3285.0
2026-06-16T13:35:32,full_hh_v007_prob32_top3_train40_20260616_006,baseline_hh,v007_active,challenge_problem_OGC2026\ogc2026\baseline\myalgorithm.py,prob_10.json,True,5,5667274.0,5667274.0,5667274.0,367.0,2615,2338.0,8.569638,8.309732675552368,200,200,,challenge_problem_OGC2026\reports\ogc2026_benchmark\full_hh_v007_prob32_top3_train40_20260616_006\solutions\baseline_hh__v007_active\prob_10.solution.json,challenge_problem_OGC2026\reports\ogc2026_benchmark\full_hh_v007_prob32_top3_train40_20260616_006\logs\baseline_hh__v007_active\prob_10.log,PASS objective=5667274.0 obj1=367.0 obj2=2615 obj3=2338.0
2026-06-16T13:35:32,full_hh_v007_prob32_top3_train40_20260616_006,baseline_hh,v007_active,challenge_problem_OGC2026\ogc2026\baseline\myalgorithm.py,prob_11.json,True,5,17214296.0,17214296.0,17214296.0,739.0,406,2407.0,8.686521,8.44641900062561,200,200,,challenge_problem_OGC2026\reports\ogc2026_benchmark\full_hh_v007_prob32_top3_train40_20260616_006\solutions\baseline_hh__v007_active\prob_11.solution.json,challenge_problem_OGC2026\reports\ogc2026_benchmark\full_hh_v007_prob32_top3_train40_20260616_006\logs\baseline_hh__v007_active\prob_11.log,PASS objective=17214296.0 obj1=739.0 obj2=406 obj3=2407.0
2026-06-16T13:35:32,full_hh_v007_prob32_top3_train40_20260616_006,baseline_hh,v007_active,challenge_problem_OGC2026\ogc2026\baseline\myalgorithm.py,prob_12.json,True,5,24481657.0,24481657.0,24481657.0,1096.0,7849,3042.0,7.890790,7.641613721847534,200,200,,challenge_problem_OGC2026\reports\ogc2026_benchmark\full_hh_v007_prob32_top3_train40_20260616_006\solutions\baseline_hh__v007_active\prob_12.solution.json,challenge_problem_OGC2026\reports\ogc2026_benchmark\full_hh_v007_prob32_top3_train40_20260616_006\logs\baseline_hh__v007_active\prob_12.log,PASS objective=24481657.0 obj1=1096.0 obj2=7849 obj3=3042.0
2026-06-16T13:35:32,full_hh_v007_prob32_top3_train40_20260616_006,baseline_hh,v007_active,challenge_problem_OGC2026\ogc2026\baseline\myalgorithm.py,prob_13.json,True,5,17775052.0,17775052.0,17775052.0,923.0,4445,4364.0,9.337105,9.06131887435913,250,250,,challenge_problem_OGC2026\reports\ogc2026_benchmark\full_hh_v007_prob32_top3_train40_20260616_006\solutions\baseline_hh__v007_active\prob_13.solution.json,challenge_problem_OGC2026\reports\ogc2026_benchmark\full_hh_v007_prob32_top3_train40_20260616_006\logs\baseline_hh__v007_active\prob_13.log,PASS objective=17775052.0 obj1=923.0 obj2=4445 obj3=4364.0
2026-06-16T13:35:32,full_hh_v007_prob32_top3_train40_20260616_006,baseline_hh,v007_active,challenge_problem_OGC2026\ogc2026\baseline\myalgorithm.py,prob_14.json,True,5,15772154.0,15772154.0,15772154.0,858.0,5439,3695.0,12.330047,12.058756589889526,250,250,,challenge_problem_OGC2026\reports\ogc2026_benchmark\full_hh_v007_prob32_top3_train40_20260616_006\solutions\baseline_hh__v007_active\prob_14.solution.json,challenge_problem_OGC2026\reports\ogc2026_benchmark\full_hh_v007_prob32_top3_train40_20260616_006\logs\baseline_hh__v007_active\prob_14.log,PASS objective=15772154.0 obj1=858.0 obj2=5439 obj3=3695.0
2026-06-16T13:35:32,full_hh_v007_prob32_top3_train40_20260616_006,baseline_hh,v007_active,challenge_problem_OGC2026\ogc2026\baseline\myalgorithm.py,prob_15.json,True,5,10860947.0,10860947.0,10860947.0,698.0,7085,3644.0,10.258955,10.009904623031616,250,250,,challenge_problem_OGC2026\reports\ogc2026_benchmark\full_hh_v007_prob32_top3_train40_20260616_006\solutions\baseline_hh__v007_active\prob_15.solution.json,challenge_problem_OGC2026\reports\ogc2026_benchmark\full_hh_v007_prob32_top3_train40_20260616_006\logs\baseline_hh__v007_active\prob_15.log,PASS objective=10860947.0 obj1=698.0 obj2=7085 obj3=3644.0
2026-06-16T13:35:32,full_hh_v007_prob32_top3_train40_20260616_006,baseline_hh,v007_active,challenge_problem_OGC2026\ogc2026\baseline\myalgorithm.py,prob_16.json,True,5,1135590.0,1135590.0,1135590.0,87.0,5577,2514.0,6.576720,6.317335605621338,250,250,,challenge_problem_OGC2026\reports\ogc2026_benchmark\full_hh_v007_prob32_top3_train40_20260616_006\solutions\baseline_hh__v007_active\prob_16.solution.json,challenge_problem_OGC2026\reports\ogc2026_benchmark\full_hh_v007_prob32_top3_train40_20260616_006\logs\baseline_hh__v007_active\prob_16.log,PASS objective=1135590.0 obj1=87.0 obj2=5577 obj3=2514.0
2026-06-16T13:35:32,full_hh_v007_prob32_top3_train40_20260616_006,baseline_hh,v007_active,challenge_problem_OGC2026\ogc2026\baseline\myalgorithm.py,prob_17.json,True,5,5992157.0,5992157.0,5992157.0,557.0,8880,4176.0,9.129532,8.858303785324097,300,300,,challenge_problem_OGC2026\reports\ogc2026_benchmark\full_hh_v007_prob32_top3_train40_20260616_006\solutions\baseline_hh__v007_active\prob_17.solution.json,challenge_problem_OGC2026\reports\ogc2026_benchmark\full_hh_v007_prob32_top3_train40_20260616_006\logs\baseline_hh__v007_active\prob_17.log,PASS objective=5992157.0 obj1=557.0 obj2=8880 obj3=4176.0
2026-06-16T13:35:32,full_hh_v007_prob32_top3_train40_20260616_006,baseline_hh,v007_active,challenge_problem_OGC2026\ogc2026\baseline\myalgorithm.py,prob_18.json,True,5,10869245.0,10869245.0,10869245.0,767.0,5165,4678.0,12.889109,12.629345417022705,300,300,,challenge_problem_OGC2026\reports\ogc2026_benchmark\full_hh_v007_prob32_top3_train40_20260616_006\solutions\baseline_hh__v007_active\prob_18.solution.json,challenge_problem_OGC2026\reports\ogc2026_benchmark\full_hh_v007_prob32_top3_train40_20260616_006\logs\baseline_hh__v007_active\prob_18.log,PASS objective=10869245.0 obj1=767.0 obj2=5165 obj3=4678.0
2026-06-16T13:35:32,full_hh_v007_prob32_top3_train40_20260616_006,baseline_hh,v007_active,challenge_problem_OGC2026\ogc2026\baseline\myalgorithm.py,prob_19.json,True,5,4728163.0,4728163.0,4728163.0,389.0,6222,4164.0,11.495443,11.254464626312256,300,300,,challenge_problem_OGC2026\reports\ogc2026_benchmark\full_hh_v007_prob32_top3_train40_20260616_006\solutions\baseline_hh__v007_active\prob_19.solution.json,challenge_problem_OGC2026\reports\ogc2026_benchmark\full_hh_v007_prob32_top3_train40_20260616_006\logs\baseline_hh__v007_active\prob_19.log,PASS objective=4728163.0 obj1=389.0 obj2=6222 obj3=4164.0
2026-06-16T13:35:32,full_hh_v007_prob32_top3_train40_20260616_006,baseline_hh,v007_active,challenge_problem_OGC2026\ogc2026\baseline\myalgorithm.py,prob_20.json,True,5,93275748.0,93275748.0,93275748.0,3478.0,6612,3906.0,12.958866,12.718809843063354,300,300,,challenge_problem_OGC2026\reports\ogc2026_benchmark\full_hh_v007_prob32_top3_train40_20260616_006\solutions\baseline_hh__v007_active\prob_20.solution.json,challenge_problem_OGC2026\reports\ogc2026_benchmark\full_hh_v007_prob32_top3_train40_20260616_006\logs\baseline_hh__v007_active\prob_20.log,PASS objective=93275748.0 obj1=3478.0 obj2=6612 obj3=3906.0
2026-06-16T13:35:32,full_hh_v007_prob32_top3_train40_20260616_006,baseline_hh,v007_active,challenge_problem_OGC2026\ogc2026\baseline\myalgorithm.py,prob_21.json,True,5,33738372.0,33738372.0,33738372.0,2494.0,2612,3065.0,5.252770,4.621182680130005,100,100,,challenge_problem_OGC2026\reports\ogc2026_benchmark\full_hh_v007_prob32_top3_train40_20260616_006\solutions\baseline_hh__v007_active\prob_21.solution.json,challenge_problem_OGC2026\reports\ogc2026_benchmark\full_hh_v007_prob32_top3_train40_20260616_006\logs\baseline_hh__v007_active\prob_21.log,PASS objective=33738372.0 obj1=2494.0 obj2=2612 obj3=3065.0
2026-06-16T13:35:32,full_hh_v007_prob32_top3_train40_20260616_006,baseline_hh,v007_active,challenge_problem_OGC2026\ogc2026\baseline\myalgorithm.py,prob_22.json,True,5,22087703.0,22087703.0,22087703.0,1540.0,6561,3838.0,11.762719,10.748988628387451,100,100,,challenge_problem_OGC2026\reports\ogc2026_benchmark\full_hh_v007_prob32_top3_train40_20260616_006\solutions\baseline_hh__v007_active\prob_22.solution.json,challenge_problem_OGC2026\reports\ogc2026_benchmark\full_hh_v007_prob32_top3_train40_20260616_006\logs\baseline_hh__v007_active\prob_22.log,PASS objective=22087703.0 obj1=1540.0 obj2=6561 obj3=3838.0
2026-06-16T13:35:32,full_hh_v007_prob32_top3_train40_20260616_006,baseline_hh,v007_active,challenge_problem_OGC2026\ogc2026\baseline\myalgorithm.py,prob_23.json,True,5,51102508.0,51102508.0,51102508.0,3724.0,5256,2860.0,11.471641,10.28145456314087,100,100,,challenge_problem_OGC2026\reports\ogc2026_benchmark\full_hh_v007_prob32_top3_train40_20260616_006\solutions\baseline_hh__v007_active\prob_23.solution.json,challenge_problem_OGC2026\reports\ogc2026_benchmark\full_hh_v007_prob32_top3_train40_20260616_006\logs\baseline_hh__v007_active\prob_23.log,PASS objective=51102508.0 obj1=3724.0 obj2=5256 obj3=2860.0
2026-06-16T13:35:32,full_hh_v007_prob32_top3_train40_20260616_006,baseline_hh,v007_active,challenge_problem_OGC2026\ogc2026\baseline\myalgorithm.py,prob_24.json,True,5,23636032.0,23636032.0,23636032.0,1724.0,2848,2119.0,10.524008,10.210099220275879,100,100,,challenge_problem_OGC2026\reports\ogc2026_benchmark\full_hh_v007_prob32_top3_train40_20260616_006\solutions\baseline_hh__v007_active\prob_24.solution.json,challenge_problem_OGC2026\reports\ogc2026_benchmark\full_hh_v007_prob32_top3_train40_20260616_006\logs\baseline_hh__v007_active\prob_24.log,PASS objective=23636032.0 obj1=1724.0 obj2=2848 obj3=2119.0
2026-06-16T13:35:32,full_hh_v007_prob32_top3_train40_20260616_006,baseline_hh,v007_active,challenge_problem_OGC2026\ogc2026\baseline\myalgorithm.py,prob_25.json,True,5,3111196.0,3111196.0,3111196.0,4568.0,4700,2982.0,9.943370,9.63239336013794,100,100,,challenge_problem_OGC2026\reports\ogc2026_benchmark\full_hh_v007_prob32_top3_train40_20260616_006\solutions\baseline_hh__v007_active\prob_25.solution.json,challenge_problem_OGC2026\reports\ogc2026_benchmark\full_hh_v007_prob32_top3_train40_20260616_006\logs\baseline_hh__v007_active\prob_25.log,PASS objective=3111196.0 obj1=4568.0 obj2=4700 obj3=2982.0
2026-06-16T13:35:32,full_hh_v007_prob32_top3_train40_20260616_006,baseline_hh,v007_active,challenge_problem_OGC2026\ogc2026\baseline\myalgorithm.py,prob_26.json,True,5,51038963.0,51038963.0,51038963.0,3759.0,3488,5972.0,17.204469,16.940387725830078,150,150,,challenge_problem_OGC2026\reports\ogc2026_benchmark\full_hh_v007_prob32_top3_train40_20260616_006\solutions\baseline_hh__v007_active\prob_26.solution.json,challenge_problem_OGC2026\reports\ogc2026_benchmark\full_hh_v007_prob32_top3_train40_20260616_006\logs\baseline_hh__v007_active\prob_26.log,PASS objective=51038963.0 obj1=3759.0 obj2=3488 obj3=5972.0
2026-06-16T13:35:32,full_hh_v007_prob32_top3_train40_20260616_006,baseline_hh,v007_active,challenge_problem_OGC2026\ogc2026\baseline\myalgorithm.py,prob_27.json,True,5,94636271.0,94636271.0,94636271.0,6943.0,4626,5140.0,23.578511,23.32982611656189,150,150,,challenge_problem_OGC2026\reports\ogc2026_benchmark\full_hh_v007_prob32_top3_train40_20260616_006\solutions\baseline_hh__v007_active\prob_27.solution.json,challenge_problem_OGC2026\reports\ogc2026_benchmark\full_hh_v007_prob32_top3_train40_20260616_006\logs\baseline_hh__v007_active\prob_27.log,PASS objective=94636271.0 obj1=6943.0 obj2=4626 obj3=5140.0
2026-06-16T13:35:32,full_hh_v007_prob32_top3_train40_20260616_006,baseline_hh,v007_active,challenge_problem_OGC2026\ogc2026\baseline\myalgorithm.py,prob_28.json,True,5,72755511.0,72755511.0,72755511.0,5364.0,4733,4077.0,9.338007,9.031841278076172,150,150,,challenge_problem_OGC2026\reports\ogc2026_benchmark\full_hh_v007_prob32_top3_train40_20260616_006\solutions\baseline_hh__v007_active\prob_28.solution.json,challenge_problem_OGC2026\reports\ogc2026_benchmark\full_hh_v007_prob32_top3_train40_20260616_006\logs\baseline_hh__v007_active\prob_28.log,PASS objective=72755511.0 obj1=5364.0 obj2=4733 obj3=4077.0
2026-06-16T13:35:32,full_hh_v007_prob32_top3_train40_20260616_006,baseline_hh,v007_active,challenge_problem_OGC2026\ogc2026\baseline\myalgorithm.py,prob_29.json,True,5,42638448.0,42638448.0,42638448.0,3069.0,4657,5685.0,8.855087,8.592825651168823,150,150,,challenge_problem_OGC2026\reports\ogc2026_benchmark\full_hh_v007_prob32_top3_train40_20260616_006\solutions\baseline_hh__v007_active\prob_29.solution.json,challenge_problem_OGC2026\reports\ogc2026_benchmark\full_hh_v007_prob32_top3_train40_20260616_006\logs\baseline_hh__v007_active\prob_29.log,PASS objective=42638448.0 obj1=3069.0 obj2=4657 obj3=5685.0
2026-06-16T13:35:32,full_hh_v007_prob32_top3_train40_20260616_006,baseline_hh,v007_active,challenge_problem_OGC2026\ogc2026\baseline\myalgorithm.py,prob_30.json,True,5,42524040.0,42524040.0,42524040.0,3136.0,7338,3412.0,16.910919,16.67953896522522,150,150,,challenge_problem_OGC2026\reports\ogc2026_benchmark\full_hh_v007_prob32_top3_train40_20260616_006\solutions\baseline_hh__v007_active\prob_30.solution.json,challenge_problem_OGC2026\reports\ogc2026_benchmark\full_hh_v007_prob32_top3_train40_20260616_006\logs\baseline_hh__v007_active\prob_30.log,PASS objective=42524040.0 obj1=3136.0 obj2=7338 obj3=3412.0
2026-06-16T13:35:32,full_hh_v007_prob32_top3_train40_20260616_006,baseline_hh,v007_active,challenge_problem_OGC2026\ogc2026\baseline\myalgorithm.py,prob_31.json,True,5,73371807.0,73371807.0,73371807.0,5289.0,5120,10630.0,31.160539,30.91623282432556,200,200,,challenge_problem_OGC2026\reports\ogc2026_benchmark\full_hh_v007_prob32_top3_train40_20260616_006\solutions\baseline_hh__v007_active\prob_31.solution.json,challenge_problem_OGC2026\reports\ogc2026_benchmark\full_hh_v007_prob32_top3_train40_20260616_006\logs\baseline_hh__v007_active\prob_31.log,PASS objective=73371807.0 obj1=5289.0 obj2=5120 obj3=10630.0
2026-06-16T13:35:32,full_hh_v007_prob32_top3_train40_20260616_006,baseline_hh,v007_active,challenge_problem_OGC2026\ogc2026\baseline\myalgorithm.py,prob_32.json,True,5,17419650.0,17419650.0,17419650.0,4190.0,876,5750.0,28.714835,28.46298050880432,200,200,,challenge_problem_OGC2026\reports\ogc2026_benchmark\full_hh_v007_prob32_top3_train40_20260616_006\solutions\baseline_hh__v007_active\prob_32.solution.json,challenge_problem_OGC2026\reports\ogc2026_benchmark\full_hh_v007_prob32_top3_train40_20260616_006\logs\baseline_hh__v007_active\prob_32.log,PASS objective=17419650.0 obj1=4190.0 obj2=876 obj3=5750.0
2026-06-16T13:35:32,full_hh_v007_prob32_top3_train40_20260616_006,baseline_hh,v007_active,challenge_problem_OGC2026\ogc2026\baseline\myalgorithm.py,prob_33.json,True,5,38331189.0,38331189.0,38331189.0,5657.0,2167,3962.0,23.136636,22.632100582122803,200,200,,challenge_problem_OGC2026\reports\ogc2026_benchmark\full_hh_v007_prob32_top3_train40_20260616_006\solutions\baseline_hh__v007_active\prob_33.solution.json,challenge_problem_OGC2026\reports\ogc2026_benchmark\full_hh_v007_prob32_top3_train40_20260616_006\logs\baseline_hh__v007_active\prob_33.log,PASS objective=38331189.0 obj1=5657.0 obj2=2167 obj3=3962.0
2026-06-16T13:35:32,full_hh_v007_prob32_top3_train40_20260616_006,baseline_hh,v007_active,challenge_problem_OGC2026\ogc2026\baseline\myalgorithm.py,prob_34.json,True,5,13609744.0,13609744.0,13609744.0,3553.0,2765,3280.0,24.639685,24.335786819458008,200,200,,challenge_problem_OGC2026\reports\ogc2026_benchmark\full_hh_v007_prob32_top3_train40_20260616_006\solutions\baseline_hh__v007_active\prob_34.solution.json,challenge_problem_OGC2026\reports\ogc2026_benchmark\full_hh_v007_prob32_top3_train40_20260616_006\logs\baseline_hh__v007_active\prob_34.log,PASS objective=13609744.0 obj1=3553.0 obj2=2765 obj3=3280.0
2026-06-16T13:35:32,full_hh_v007_prob32_top3_train40_20260616_006,baseline_hh,v007_active,challenge_problem_OGC2026\ogc2026\baseline\myalgorithm.py,prob_35.json,True,5,44969773.0,44969773.0,44969773.0,3321.0,6716,4382.0,29.935700,29.436199188232422,200,200,,challenge_problem_OGC2026\reports\ogc2026_benchmark\full_hh_v007_prob32_top3_train40_20260616_006\solutions\baseline_hh__v007_active\prob_35.solution.json,challenge_problem_OGC2026\reports\ogc2026_benchmark\full_hh_v007_prob32_top3_train40_20260616_006\logs\baseline_hh__v007_active\prob_35.log,PASS objective=44969773.0 obj1=3321.0 obj2=6716 obj3=4382.0
2026-06-16T13:35:32,full_hh_v007_prob32_top3_train40_20260616_006,baseline_hh,v007_active,challenge_problem_OGC2026\ogc2026\baseline\myalgorithm.py,prob_36.json,True,5,11213814.0,11213814.0,11213814.0,16605.0,2468,10447.0,43.084300,42.13925647735596,250,250,,challenge_problem_OGC2026\reports\ogc2026_benchmark\full_hh_v007_prob32_top3_train40_20260616_006\solutions\baseline_hh__v007_active\prob_36.solution.json,challenge_problem_OGC2026\reports\ogc2026_benchmark\full_hh_v007_prob32_top3_train40_20260616_006\logs\baseline_hh__v007_active\prob_36.log,PASS objective=11213814.0 obj1=16605.0 obj2=2468 obj3=10447.0
2026-06-16T13:35:32,full_hh_v007_prob32_top3_train40_20260616_006,baseline_hh,v007_active,challenge_problem_OGC2026\ogc2026\baseline\myalgorithm.py,prob_37.json,True,5,32352721.0,32352721.0,32352721.0,8789.0,7996,5045.0,36.974338,36.63274598121643,250,250,,challenge_problem_OGC2026\reports\ogc2026_benchmark\full_hh_v007_prob32_top3_train40_20260616_006\solutions\baseline_hh__v007_active\prob_37.solution.json,challenge_problem_OGC2026\reports\ogc2026_benchmark\full_hh_v007_prob32_top3_train40_20260616_006\logs\baseline_hh__v007_active\prob_37.log,PASS objective=32352721.0 obj1=8789.0 obj2=7996 obj3=5045.0
2026-06-16T13:35:32,full_hh_v007_prob32_top3_train40_20260616_006,baseline_hh,v007_active,challenge_problem_OGC2026\ogc2026\baseline\myalgorithm.py,prob_38.json,True,5,234734229.0,234734229.0,234734229.0,17451.0,3873,6841.0,36.932806,36.66359901428223,250,250,,challenge_problem_OGC2026\reports\ogc2026_benchmark\full_hh_v007_prob32_top3_train40_20260616_006\solutions\baseline_hh__v007_active\prob_38.solution.json,challenge_problem_OGC2026\reports\ogc2026_benchmark\full_hh_v007_prob32_top3_train40_20260616_006\logs\baseline_hh__v007_active\prob_38.log,PASS objective=234734229.0 obj1=17451.0 obj2=3873 obj3=6841.0
2026-06-16T13:35:32,full_hh_v007_prob32_top3_train40_20260616_006,baseline_hh,v007_active,challenge_problem_OGC2026\ogc2026\baseline\myalgorithm.py,prob_39.json,True,5,74880271.0,74880271.0,74880271.0,5533.0,4758,7265.0,36.343179,36.08470368385315,250,250,,challenge_problem_OGC2026\reports\ogc2026_benchmark\full_hh_v007_prob32_top3_train40_20260616_006\solutions\baseline_hh__v007_active\prob_39.solution.json,challenge_problem_OGC2026\reports\ogc2026_benchmark\full_hh_v007_prob32_top3_train40_20260616_006\logs\baseline_hh__v007_active\prob_39.log,PASS objective=74880271.0 obj1=5533.0 obj2=4758 obj3=7265.0
2026-06-16T13:35:32,full_hh_v007_prob32_top3_train40_20260616_006,baseline_hh,v007_active,challenge_problem_OGC2026\ogc2026\baseline\myalgorithm.py,prob_40.json,True,5,7277306.0,7277306.0,7277306.0,10677.0,7872,11375.0,49.789870,49.48481845855713,250,250,,challenge_problem_OGC2026\reports\ogc2026_benchmark\full_hh_v007_prob32_top3_train40_20260616_006\solutions\baseline_hh__v007_active\prob_40.solution.json,challenge_problem_OGC2026\reports\ogc2026_benchmark\full_hh_v007_prob32_top3_train40_20260616_006\logs\baseline_hh__v007_active\prob_40.log,PASS objective=7277306.0 obj1=10677.0 obj2=7872 obj3=11375.0
