timestamp,run_id,algorithm_name,algorithm_version,algorithm_path,algorithm_sha256,checker_sha256,git_branch,git_head,git_dirty,instance_name,requested_timelimit,official_limit,timeout_grace,watchdog_timeout_sec,checker_feasible,timed_out,valid_under_time_limit,accepted_for_score,feasible,stage,objective,score,cost,obj1,obj2,obj3,runtime_sec,runner_elapsed_sec,assigned_blocks,total_blocks,total_bays,error_message,solution_file,log_file,tester_summary,benchmark_command
2026-06-30T10:03:36,full_compare_v317_vs_active_train40_20260630_001,active,v315_active_surface,ogc2026\baseline\myalgorithm.py,e8301f4bc5d70955e26d2be1648358902ddae5fffcb1b17584a4e57b9dfc895c,9dfaa0ac5fa3e0f16fdfb0890e11b4cb64ea59b8edee029a9c4f13a2c52538b0,hh_algorithm_loop,b8716301,True,prob_1.json,60.000000,60.000000,20.000000,90.000000,true,false,true,true,true,5,606628.0,606628.0,606628.0,8.0,1700,1810.0,26.512450,26.320497035980225,100,100,2,,reports\ogc2026_reboot_v001\full_compare_v317_vs_active_train40_20260630_001\solutions\active__v315_active_surface\prob_1.solution.json,reports\ogc2026_reboot_v001\full_compare_v317_vs_active_train40_20260630_001\logs\active__v315_active_surface\prob_1.log,PASS objective=606628.0 obj1=8.0 obj2=1700 obj3=1810.0,"C:\Python314\python.exe ogc2026/batchrunner/benchmark.py --algorithm name=active,version=v315_active_surface,path=ogc2026/baseline --algorithm name=hh,version=v317_prob13_only_window_multiblock,path=ogc2026/baseline/alg_versions/reboot_v317_20260630_trackA_prob13_only_window_multiblock_on_v314.py --problems train/prob_*.json --timelimit 60 --run-id full_compare_v317_vs_active_train40_20260630_001 --out-dir reports/ogc2026_reboot_v001/full_compare_v317_vs_active_train40_20260630_001 --cumulative-csv reports/ogc2026_reboot_v001/benchmark_results_reboot_v317_full.csv --require-fresh-cumulative"
2026-06-30T10:03:36,full_compare_v317_vs_active_train40_20260630_001,active,v315_active_surface,ogc2026\baseline\myalgorithm.py,e8301f4bc5d70955e26d2be1648358902ddae5fffcb1b17584a4e57b9dfc895c,9dfaa0ac5fa3e0f16fdfb0890e11b4cb64ea59b8edee029a9c4f13a2c52538b0,hh_algorithm_loop,b8716301,True,prob_2.json,60.000000,60.000000,20.000000,90.000000,true,false,true,true,true,5,51940.0,51940.0,51940.0,0.0,814,292.0,16.132991,15.975859642028809,100,100,3,,reports\ogc2026_reboot_v001\full_compare_v317_vs_active_train40_20260630_001\solutions\active__v315_active_surface\prob_2.solution.json,reports\ogc2026_reboot_v001\full_compare_v317_vs_active_train40_20260630_001\logs\active__v315_active_surface\prob_2.log,PASS objective=51940.0 obj1=0.0 obj2=814 obj3=292.0,"C:\Python314\python.exe ogc2026/batchrunner/benchmark.py --algorithm name=active,version=v315_active_surface,path=ogc2026/baseline --algorithm name=hh,version=v317_prob13_only_window_multiblock,path=ogc2026/baseline/alg_versions/reboot_v317_20260630_trackA_prob13_only_window_multiblock_on_v314.py --problems train/prob_*.json --timelimit 60 --run-id full_compare_v317_vs_active_train40_20260630_001 --out-dir reports/ogc2026_reboot_v001/full_compare_v317_vs_active_train40_20260630_001 --cumulative-csv reports/ogc2026_reboot_v001/benchmark_results_reboot_v317_full.csv --require-fresh-cumulative"
2026-06-30T10:03:36,full_compare_v317_vs_active_train40_20260630_001,active,v315_active_surface,ogc2026\baseline\myalgorithm.py,e8301f4bc5d70955e26d2be1648358902ddae5fffcb1b17584a4e57b9dfc895c,9dfaa0ac5fa3e0f16fdfb0890e11b4cb64ea59b8edee029a9c4f13a2c52538b0,hh_algorithm_loop,b8716301,True,prob_3.json,60.000000,60.000000,20.000000,90.000000,true,false,true,true,true,5,156780.0,156780.0,156780.0,0.0,1998,912.0,14.346768,14.192119121551514,100,100,3,,reports\ogc2026_reboot_v001\full_compare_v317_vs_active_train40_20260630_001\solutions\active__v315_active_surface\prob_3.solution.json,reports\ogc2026_reboot_v001\full_compare_v317_vs_active_train40_20260630_001\logs\active__v315_active_surface\prob_3.log,PASS objective=156780.0 obj1=0.0 obj2=1998 obj3=912.0,"C:\Python314\python.exe ogc2026/batchrunner/benchmark.py --algorithm name=active,version=v315_active_surface,path=ogc2026/baseline --algorithm name=hh,version=v317_prob13_only_window_multiblock,path=ogc2026/baseline/alg_versions/reboot_v317_20260630_trackA_prob13_only_window_multiblock_on_v314.py --problems train/prob_*.json --timelimit 60 --run-id full_compare_v317_vs_active_train40_20260630_001 --out-dir reports/ogc2026_reboot_v001/full_compare_v317_vs_active_train40_20260630_001 --cumulative-csv reports/ogc2026_reboot_v001/benchmark_results_reboot_v317_full.csv --require-fresh-cumulative"
2026-06-30T10:03:36,full_compare_v317_vs_active_train40_20260630_001,active,v315_active_surface,ogc2026\baseline\myalgorithm.py,e8301f4bc5d70955e26d2be1648358902ddae5fffcb1b17584a4e57b9dfc895c,9dfaa0ac5fa3e0f16fdfb0890e11b4cb64ea59b8edee029a9c4f13a2c52538b0,hh_algorithm_loop,b8716301,True,prob_4.json,60.000000,60.000000,20.000000,90.000000,true,false,true,true,true,5,331591.0,331591.0,331591.0,6.0,1669,942.0,17.846084,17.696994304656982,100,100,2,,reports\ogc2026_reboot_v001\full_compare_v317_vs_active_train40_20260630_001\solutions\active__v315_active_surface\prob_4.solution.json,reports\ogc2026_reboot_v001\full_compare_v317_vs_active_train40_20260630_001\logs\active__v315_active_surface\prob_4.log,PASS objective=331591.0 obj1=6.0 obj2=1669 obj3=942.0,"C:\Python314\python.exe ogc2026/batchrunner/benchmark.py --algorithm name=active,version=v315_active_surface,path=ogc2026/baseline --algorithm name=hh,version=v317_prob13_only_window_multiblock,path=ogc2026/baseline/alg_versions/reboot_v317_20260630_trackA_prob13_only_window_multiblock_on_v314.py --problems train/prob_*.json --timelimit 60 --run-id full_compare_v317_vs_active_train40_20260630_001 --out-dir reports/ogc2026_reboot_v001/full_compare_v317_vs_active_train40_20260630_001 --cumulative-csv reports/ogc2026_reboot_v001/benchmark_results_reboot_v317_full.csv --require-fresh-cumulative"
2026-06-30T10:03:36,full_compare_v317_vs_active_train40_20260630_001,active,v315_active_surface,ogc2026\baseline\myalgorithm.py,e8301f4bc5d70955e26d2be1648358902ddae5fffcb1b17584a4e57b9dfc895c,9dfaa0ac5fa3e0f16fdfb0890e11b4cb64ea59b8edee029a9c4f13a2c52538b0,hh_algorithm_loop,b8716301,True,prob_5.json,60.000000,60.000000,20.000000,90.000000,true,false,true,true,true,5,139455.0,139455.0,139455.0,0.0,1065,880.0,18.357768,18.207005739212036,150,150,3,,reports\ogc2026_reboot_v001\full_compare_v317_vs_active_train40_20260630_001\solutions\active__v315_active_surface\prob_5.solution.json,reports\ogc2026_reboot_v001\full_compare_v317_vs_active_train40_20260630_001\logs\active__v315_active_surface\prob_5.log,PASS objective=139455.0 obj1=0.0 obj2=1065 obj3=880.0,"C:\Python314\python.exe ogc2026/batchrunner/benchmark.py --algorithm name=active,version=v315_active_surface,path=ogc2026/baseline --algorithm name=hh,version=v317_prob13_only_window_multiblock,path=ogc2026/baseline/alg_versions/reboot_v317_20260630_trackA_prob13_only_window_multiblock_on_v314.py --problems train/prob_*.json --timelimit 60 --run-id full_compare_v317_vs_active_train40_20260630_001 --out-dir reports/ogc2026_reboot_v001/full_compare_v317_vs_active_train40_20260630_001 --cumulative-csv reports/ogc2026_reboot_v001/benchmark_results_reboot_v317_full.csv --require-fresh-cumulative"
2026-06-30T10:03:36,full_compare_v317_vs_active_train40_20260630_001,active,v315_active_surface,ogc2026\baseline\myalgorithm.py,e8301f4bc5d70955e26d2be1648358902ddae5fffcb1b17584a4e57b9dfc895c,9dfaa0ac5fa3e0f16fdfb0890e11b4cb64ea59b8edee029a9c4f13a2c52538b0,hh_algorithm_loop,b8716301,True,prob_6.json,60.000000,60.000000,20.000000,90.000000,true,false,true,true,true,5,577115.0,577115.0,577115.0,7.0,1815,2380.0,31.529171,31.376372575759888,150,150,3,,reports\ogc2026_reboot_v001\full_compare_v317_vs_active_train40_20260630_001\solutions\active__v315_active_surface\prob_6.solution.json,reports\ogc2026_reboot_v001\full_compare_v317_vs_active_train40_20260630_001\logs\active__v315_active_surface\prob_6.log,PASS objective=577115.0 obj1=7.0 obj2=1815 obj3=2380.0,"C:\Python314\python.exe ogc2026/batchrunner/benchmark.py --algorithm name=active,version=v315_active_surface,path=ogc2026/baseline --algorithm name=hh,version=v317_prob13_only_window_multiblock,path=ogc2026/baseline/alg_versions/reboot_v317_20260630_trackA_prob13_only_window_multiblock_on_v314.py --problems train/prob_*.json --timelimit 60 --run-id full_compare_v317_vs_active_train40_20260630_001 --out-dir reports/ogc2026_reboot_v001/full_compare_v317_vs_active_train40_20260630_001 --cumulative-csv reports/ogc2026_reboot_v001/benchmark_results_reboot_v317_full.csv --require-fresh-cumulative"
2026-06-30T10:03:36,full_compare_v317_vs_active_train40_20260630_001,active,v315_active_surface,ogc2026\baseline\myalgorithm.py,e8301f4bc5d70955e26d2be1648358902ddae5fffcb1b17584a4e57b9dfc895c,9dfaa0ac5fa3e0f16fdfb0890e11b4cb64ea59b8edee029a9c4f13a2c52538b0,hh_algorithm_loop,b8716301,True,prob_7.json,60.000000,60.000000,20.000000,90.000000,true,false,true,true,true,5,131191.0,131191.0,131191.0,0.0,3013,734.0,21.186474,21.02554965019226,150,150,3,,reports\ogc2026_reboot_v001\full_compare_v317_vs_active_train40_20260630_001\solutions\active__v315_active_surface\prob_7.solution.json,reports\ogc2026_reboot_v001\full_compare_v317_vs_active_train40_20260630_001\logs\active__v315_active_surface\prob_7.log,PASS objective=131191.0 obj1=0.0 obj2=3013 obj3=734.0,"C:\Python314\python.exe ogc2026/batchrunner/benchmark.py --algorithm name=active,version=v315_active_surface,path=ogc2026/baseline --algorithm name=hh,version=v317_prob13_only_window_multiblock,path=ogc2026/baseline/alg_versions/reboot_v317_20260630_trackA_prob13_only_window_multiblock_on_v314.py --problems train/prob_*.json --timelimit 60 --run-id full_compare_v317_vs_active_train40_20260630_001 --out-dir reports/ogc2026_reboot_v001/full_compare_v317_vs_active_train40_20260630_001 --cumulative-csv reports/ogc2026_reboot_v001/benchmark_results_reboot_v317_full.csv --require-fresh-cumulative"
2026-06-30T10:03:36,full_compare_v317_vs_active_train40_20260630_001,active,v315_active_surface,ogc2026\baseline\myalgorithm.py,e8301f4bc5d70955e26d2be1648358902ddae5fffcb1b17584a4e57b9dfc895c,9dfaa0ac5fa3e0f16fdfb0890e11b4cb64ea59b8edee029a9c4f13a2c52538b0,hh_algorithm_loop,b8716301,True,prob_8.json,60.000000,60.000000,20.000000,90.000000,true,false,true,true,true,5,74968.0,74968.0,74968.0,0.0,1142,352.0,12.551816,12.39044189453125,150,150,2,,reports\ogc2026_reboot_v001\full_compare_v317_vs_active_train40_20260630_001\solutions\active__v315_active_surface\prob_8.solution.json,reports\ogc2026_reboot_v001\full_compare_v317_vs_active_train40_20260630_001\logs\active__v315_active_surface\prob_8.log,PASS objective=74968.0 obj1=0.0 obj2=1142 obj3=352.0,"C:\Python314\python.exe ogc2026/batchrunner/benchmark.py --algorithm name=active,version=v315_active_surface,path=ogc2026/baseline --algorithm name=hh,version=v317_prob13_only_window_multiblock,path=ogc2026/baseline/alg_versions/reboot_v317_20260630_trackA_prob13_only_window_multiblock_on_v314.py --problems train/prob_*.json --timelimit 60 --run-id full_compare_v317_vs_active_train40_20260630_001 --out-dir reports/ogc2026_reboot_v001/full_compare_v317_vs_active_train40_20260630_001 --cumulative-csv reports/ogc2026_reboot_v001/benchmark_results_reboot_v317_full.csv --require-fresh-cumulative"
2026-06-30T10:03:36,full_compare_v317_vs_active_train40_20260630_001,active,v315_active_surface,ogc2026\baseline\myalgorithm.py,e8301f4bc5d70955e26d2be1648358902ddae5fffcb1b17584a4e57b9dfc895c,9dfaa0ac5fa3e0f16fdfb0890e11b4cb64ea59b8edee029a9c4f13a2c52538b0,hh_algorithm_loop,b8716301,True,prob_9.json,60.000000,60.000000,20.000000,90.000000,true,false,true,true,true,5,237200.0,237200.0,237200.0,0.0,1090,1545.0,28.010474,27.562358140945435,200,200,3,,reports\ogc2026_reboot_v001\full_compare_v317_vs_active_train40_20260630_001\solutions\active__v315_active_surface\prob_9.solution.json,reports\ogc2026_reboot_v001\full_compare_v317_vs_active_train40_20260630_001\logs\active__v315_active_surface\prob_9.log,PASS objective=237200.0 obj1=0.0 obj2=1090 obj3=1545.0,"C:\Python314\python.exe ogc2026/batchrunner/benchmark.py --algorithm name=active,version=v315_active_surface,path=ogc2026/baseline --algorithm name=hh,version=v317_prob13_only_window_multiblock,path=ogc2026/baseline/alg_versions/reboot_v317_20260630_trackA_prob13_only_window_multiblock_on_v314.py --problems train/prob_*.json --timelimit 60 --run-id full_compare_v317_vs_active_train40_20260630_001 --out-dir reports/ogc2026_reboot_v001/full_compare_v317_vs_active_train40_20260630_001 --cumulative-csv reports/ogc2026_reboot_v001/benchmark_results_reboot_v317_full.csv --require-fresh-cumulative"
2026-06-30T10:03:36,full_compare_v317_vs_active_train40_20260630_001,active,v315_active_surface,ogc2026\baseline\myalgorithm.py,e8301f4bc5d70955e26d2be1648358902ddae5fffcb1b17584a4e57b9dfc895c,9dfaa0ac5fa3e0f16fdfb0890e11b4cb64ea59b8edee029a9c4f13a2c52538b0,hh_algorithm_loop,b8716301,True,prob_10.json,60.000000,60.000000,20.000000,90.000000,true,false,true,true,true,5,943557.0,943557.0,943557.0,43.0,2601,2255.0,34.697529,34.525121450424194,200,200,4,,reports\ogc2026_reboot_v001\full_compare_v317_vs_active_train40_20260630_001\solutions\active__v315_active_surface\prob_10.solution.json,reports\ogc2026_reboot_v001\full_compare_v317_vs_active_train40_20260630_001\logs\active__v315_active_surface\prob_10.log,PASS objective=943557.0 obj1=43.0 obj2=2601 obj3=2255.0,"C:\Python314\python.exe ogc2026/batchrunner/benchmark.py --algorithm name=active,version=v315_active_surface,path=ogc2026/baseline --algorithm name=hh,version=v317_prob13_only_window_multiblock,path=ogc2026/baseline/alg_versions/reboot_v317_20260630_trackA_prob13_only_window_multiblock_on_v314.py --problems train/prob_*.json --timelimit 60 --run-id full_compare_v317_vs_active_train40_20260630_001 --out-dir reports/ogc2026_reboot_v001/full_compare_v317_vs_active_train40_20260630_001 --cumulative-csv reports/ogc2026_reboot_v001/benchmark_results_reboot_v317_full.csv --require-fresh-cumulative"
2026-06-30T10:03:36,full_compare_v317_vs_active_train40_20260630_001,active,v315_active_surface,ogc2026\baseline\myalgorithm.py,e8301f4bc5d70955e26d2be1648358902ddae5fffcb1b17584a4e57b9dfc895c,9dfaa0ac5fa3e0f16fdfb0890e11b4cb64ea59b8edee029a9c4f13a2c52538b0,hh_algorithm_loop,b8716301,True,prob_11.json,60.000000,60.000000,20.000000,90.000000,true,false,true,true,true,5,8501698.0,8501698.0,8501698.0,358.0,317,2381.0,57.823869,57.65355587005615,200,200,4,,reports\ogc2026_reboot_v001\full_compare_v317_vs_active_train40_20260630_001\solutions\active__v315_active_surface\prob_11.solution.json,reports\ogc2026_reboot_v001\full_compare_v317_vs_active_train40_20260630_001\logs\active__v315_active_surface\prob_11.log,PASS objective=8501698.0 obj1=358.0 obj2=317 obj3=2381.0,"C:\Python314\python.exe ogc2026/batchrunner/benchmark.py --algorithm name=active,version=v315_active_surface,path=ogc2026/baseline --algorithm name=hh,version=v317_prob13_only_window_multiblock,path=ogc2026/baseline/alg_versions/reboot_v317_20260630_trackA_prob13_only_window_multiblock_on_v314.py --problems train/prob_*.json --timelimit 60 --run-id full_compare_v317_vs_active_train40_20260630_001 --out-dir reports/ogc2026_reboot_v001/full_compare_v317_vs_active_train40_20260630_001 --cumulative-csv reports/ogc2026_reboot_v001/benchmark_results_reboot_v317_full.csv --require-fresh-cumulative"
2026-06-30T10:03:36,full_compare_v317_vs_active_train40_20260630_001,active,v315_active_surface,ogc2026\baseline\myalgorithm.py,e8301f4bc5d70955e26d2be1648358902ddae5fffcb1b17584a4e57b9dfc895c,9dfaa0ac5fa3e0f16fdfb0890e11b4cb64ea59b8edee029a9c4f13a2c52538b0,hh_algorithm_loop,b8716301,True,prob_12.json,60.000000,60.000000,20.000000,90.000000,true,false,true,true,true,5,553078.0,553078.0,553078.0,8.0,6633,2491.0,26.041556,25.868234157562256,200,200,4,,reports\ogc2026_reboot_v001\full_compare_v317_vs_active_train40_20260630_001\solutions\active__v315_active_surface\prob_12.solution.json,reports\ogc2026_reboot_v001\full_compare_v317_vs_active_train40_20260630_001\logs\active__v315_active_surface\prob_12.log,PASS objective=553078.0 obj1=8.0 obj2=6633 obj3=2491.0,"C:\Python314\python.exe ogc2026/batchrunner/benchmark.py --algorithm name=active,version=v315_active_surface,path=ogc2026/baseline --algorithm name=hh,version=v317_prob13_only_window_multiblock,path=ogc2026/baseline/alg_versions/reboot_v317_20260630_trackA_prob13_only_window_multiblock_on_v314.py --problems train/prob_*.json --timelimit 60 --run-id full_compare_v317_vs_active_train40_20260630_001 --out-dir reports/ogc2026_reboot_v001/full_compare_v317_vs_active_train40_20260630_001 --cumulative-csv reports/ogc2026_reboot_v001/benchmark_results_reboot_v317_full.csv --require-fresh-cumulative"
2026-06-30T10:03:36,full_compare_v317_vs_active_train40_20260630_001,active,v315_active_surface,ogc2026\baseline\myalgorithm.py,e8301f4bc5d70955e26d2be1648358902ddae5fffcb1b17584a4e57b9dfc895c,9dfaa0ac5fa3e0f16fdfb0890e11b4cb64ea59b8edee029a9c4f13a2c52538b0,hh_algorithm_loop,b8716301,True,prob_13.json,60.000000,60.000000,20.000000,90.000000,true,false,true,true,true,5,9583645.0,9583645.0,9583645.0,482.0,4438,4465.0,40.015198,39.575777530670166,250,250,4,,reports\ogc2026_reboot_v001\full_compare_v317_vs_active_train40_20260630_001\solutions\active__v315_active_surface\prob_13.solution.json,reports\ogc2026_reboot_v001\full_compare_v317_vs_active_train40_20260630_001\logs\active__v315_active_surface\prob_13.log,PASS objective=9583645.0 obj1=482.0 obj2=4438 obj3=4465.0,"C:\Python314\python.exe ogc2026/batchrunner/benchmark.py --algorithm name=active,version=v315_active_surface,path=ogc2026/baseline --algorithm name=hh,version=v317_prob13_only_window_multiblock,path=ogc2026/baseline/alg_versions/reboot_v317_20260630_trackA_prob13_only_window_multiblock_on_v314.py --problems train/prob_*.json --timelimit 60 --run-id full_compare_v317_vs_active_train40_20260630_001 --out-dir reports/ogc2026_reboot_v001/full_compare_v317_vs_active_train40_20260630_001 --cumulative-csv reports/ogc2026_reboot_v001/benchmark_results_reboot_v317_full.csv --require-fresh-cumulative"
2026-06-30T10:03:36,full_compare_v317_vs_active_train40_20260630_001,active,v315_active_surface,ogc2026\baseline\myalgorithm.py,e8301f4bc5d70955e26d2be1648358902ddae5fffcb1b17584a4e57b9dfc895c,9dfaa0ac5fa3e0f16fdfb0890e11b4cb64ea59b8edee029a9c4f13a2c52538b0,hh_algorithm_loop,b8716301,True,prob_14.json,60.000000,60.000000,20.000000,90.000000,true,false,true,true,true,5,3795716.0,3795716.0,3795716.0,181.0,3301,4221.0,54.313015,54.130995988845825,250,250,4,,reports\ogc2026_reboot_v001\full_compare_v317_vs_active_train40_20260630_001\solutions\active__v315_active_surface\prob_14.solution.json,reports\ogc2026_reboot_v001\full_compare_v317_vs_active_train40_20260630_001\logs\active__v315_active_surface\prob_14.log,PASS objective=3795716.0 obj1=181.0 obj2=3301 obj3=4221.0,"C:\Python314\python.exe ogc2026/batchrunner/benchmark.py --algorithm name=active,version=v315_active_surface,path=ogc2026/baseline --algorithm name=hh,version=v317_prob13_only_window_multiblock,path=ogc2026/baseline/alg_versions/reboot_v317_20260630_trackA_prob13_only_window_multiblock_on_v314.py --problems train/prob_*.json --timelimit 60 --run-id full_compare_v317_vs_active_train40_20260630_001 --out-dir reports/ogc2026_reboot_v001/full_compare_v317_vs_active_train40_20260630_001 --cumulative-csv reports/ogc2026_reboot_v001/benchmark_results_reboot_v317_full.csv --require-fresh-cumulative"
2026-06-30T10:03:36,full_compare_v317_vs_active_train40_20260630_001,active,v315_active_surface,ogc2026\baseline\myalgorithm.py,e8301f4bc5d70955e26d2be1648358902ddae5fffcb1b17584a4e57b9dfc895c,9dfaa0ac5fa3e0f16fdfb0890e11b4cb64ea59b8edee029a9c4f13a2c52538b0,hh_algorithm_loop,b8716301,True,prob_15.json,60.000000,60.000000,20.000000,90.000000,true,false,true,true,true,5,844023.0,844023.0,844023.0,25.0,3465,3431.0,38.191132,38.02080512046814,250,250,4,,reports\ogc2026_reboot_v001\full_compare_v317_vs_active_train40_20260630_001\solutions\active__v315_active_surface\prob_15.solution.json,reports\ogc2026_reboot_v001\full_compare_v317_vs_active_train40_20260630_001\logs\active__v315_active_surface\prob_15.log,PASS objective=844023.0 obj1=25.0 obj2=3465 obj3=3431.0,"C:\Python314\python.exe ogc2026/batchrunner/benchmark.py --algorithm name=active,version=v315_active_surface,path=ogc2026/baseline --algorithm name=hh,version=v317_prob13_only_window_multiblock,path=ogc2026/baseline/alg_versions/reboot_v317_20260630_trackA_prob13_only_window_multiblock_on_v314.py --problems train/prob_*.json --timelimit 60 --run-id full_compare_v317_vs_active_train40_20260630_001 --out-dir reports/ogc2026_reboot_v001/full_compare_v317_vs_active_train40_20260630_001 --cumulative-csv reports/ogc2026_reboot_v001/benchmark_results_reboot_v317_full.csv --require-fresh-cumulative"
2026-06-30T10:03:36,full_compare_v317_vs_active_train40_20260630_001,active,v315_active_surface,ogc2026\baseline\myalgorithm.py,e8301f4bc5d70955e26d2be1648358902ddae5fffcb1b17584a4e57b9dfc895c,9dfaa0ac5fa3e0f16fdfb0890e11b4cb64ea59b8edee029a9c4f13a2c52538b0,hh_algorithm_loop,b8716301,True,prob_16.json,60.000000,60.000000,20.000000,90.000000,true,false,true,true,true,5,176817.0,176817.0,176817.0,0.0,2938,1219.0,13.042012,12.870800733566284,250,250,4,,reports\ogc2026_reboot_v001\full_compare_v317_vs_active_train40_20260630_001\solutions\active__v315_active_surface\prob_16.solution.json,reports\ogc2026_reboot_v001\full_compare_v317_vs_active_train40_20260630_001\logs\active__v315_active_surface\prob_16.log,PASS objective=176817.0 obj1=0.0 obj2=2938 obj3=1219.0,"C:\Python314\python.exe ogc2026/batchrunner/benchmark.py --algorithm name=active,version=v315_active_surface,path=ogc2026/baseline --algorithm name=hh,version=v317_prob13_only_window_multiblock,path=ogc2026/baseline/alg_versions/reboot_v317_20260630_trackA_prob13_only_window_multiblock_on_v314.py --problems train/prob_*.json --timelimit 60 --run-id full_compare_v317_vs_active_train40_20260630_001 --out-dir reports/ogc2026_reboot_v001/full_compare_v317_vs_active_train40_20260630_001 --cumulative-csv reports/ogc2026_reboot_v001/benchmark_results_reboot_v317_full.csv --require-fresh-cumulative"
2026-06-30T10:03:36,full_compare_v317_vs_active_train40_20260630_001,active,v315_active_surface,ogc2026\baseline\myalgorithm.py,e8301f4bc5d70955e26d2be1648358902ddae5fffcb1b17584a4e57b9dfc895c,9dfaa0ac5fa3e0f16fdfb0890e11b4cb64ea59b8edee029a9c4f13a2c52538b0,hh_algorithm_loop,b8716301,True,prob_17.json,60.000000,60.000000,20.000000,90.000000,true,false,true,true,true,5,338183.0,338183.0,338183.0,13.0,5749,1422.0,20.725544,20.51914644241333,300,300,4,,reports\ogc2026_reboot_v001\full_compare_v317_vs_active_train40_20260630_001\solutions\active__v315_active_surface\prob_17.solution.json,reports\ogc2026_reboot_v001\full_compare_v317_vs_active_train40_20260630_001\logs\active__v315_active_surface\prob_17.log,PASS objective=338183.0 obj1=13.0 obj2=5749 obj3=1422.0,"C:\Python314\python.exe ogc2026/batchrunner/benchmark.py --algorithm name=active,version=v315_active_surface,path=ogc2026/baseline --algorithm name=hh,version=v317_prob13_only_window_multiblock,path=ogc2026/baseline/alg_versions/reboot_v317_20260630_trackA_prob13_only_window_multiblock_on_v314.py --problems train/prob_*.json --timelimit 60 --run-id full_compare_v317_vs_active_train40_20260630_001 --out-dir reports/ogc2026_reboot_v001/full_compare_v317_vs_active_train40_20260630_001 --cumulative-csv reports/ogc2026_reboot_v001/benchmark_results_reboot_v317_full.csv --require-fresh-cumulative"
2026-06-30T10:03:36,full_compare_v317_vs_active_train40_20260630_001,active,v315_active_surface,ogc2026\baseline\myalgorithm.py,e8301f4bc5d70955e26d2be1648358902ddae5fffcb1b17584a4e57b9dfc895c,9dfaa0ac5fa3e0f16fdfb0890e11b4cb64ea59b8edee029a9c4f13a2c52538b0,hh_algorithm_loop,b8716301,True,prob_18.json,60.000000,60.000000,20.000000,90.000000,true,false,true,true,true,5,264994.0,264994.0,264994.0,0.0,3406,1890.0,25.436357,25.250194787979126,300,300,4,,reports\ogc2026_reboot_v001\full_compare_v317_vs_active_train40_20260630_001\solutions\active__v315_active_surface\prob_18.solution.json,reports\ogc2026_reboot_v001\full_compare_v317_vs_active_train40_20260630_001\logs\active__v315_active_surface\prob_18.log,PASS objective=264994.0 obj1=0.0 obj2=3406 obj3=1890.0,"C:\Python314\python.exe ogc2026/batchrunner/benchmark.py --algorithm name=active,version=v315_active_surface,path=ogc2026/baseline --algorithm name=hh,version=v317_prob13_only_window_multiblock,path=ogc2026/baseline/alg_versions/reboot_v317_20260630_trackA_prob13_only_window_multiblock_on_v314.py --problems train/prob_*.json --timelimit 60 --run-id full_compare_v317_vs_active_train40_20260630_001 --out-dir reports/ogc2026_reboot_v001/full_compare_v317_vs_active_train40_20260630_001 --cumulative-csv reports/ogc2026_reboot_v001/benchmark_results_reboot_v317_full.csv --require-fresh-cumulative"
2026-06-30T10:03:36,full_compare_v317_vs_active_train40_20260630_001,active,v315_active_surface,ogc2026\baseline\myalgorithm.py,e8301f4bc5d70955e26d2be1648358902ddae5fffcb1b17584a4e57b9dfc895c,9dfaa0ac5fa3e0f16fdfb0890e11b4cb64ea59b8edee029a9c4f13a2c52538b0,hh_algorithm_loop,b8716301,True,prob_19.json,60.000000,60.000000,20.000000,90.000000,true,false,true,true,true,5,1896684.0,1896684.0,1896684.0,123.0,6544,4199.0,41.170899,40.99020195007324,300,300,4,,reports\ogc2026_reboot_v001\full_compare_v317_vs_active_train40_20260630_001\solutions\active__v315_active_surface\prob_19.solution.json,reports\ogc2026_reboot_v001\full_compare_v317_vs_active_train40_20260630_001\logs\active__v315_active_surface\prob_19.log,PASS objective=1896684.0 obj1=123.0 obj2=6544 obj3=4199.0,"C:\Python314\python.exe ogc2026/batchrunner/benchmark.py --algorithm name=active,version=v315_active_surface,path=ogc2026/baseline --algorithm name=hh,version=v317_prob13_only_window_multiblock,path=ogc2026/baseline/alg_versions/reboot_v317_20260630_trackA_prob13_only_window_multiblock_on_v314.py --problems train/prob_*.json --timelimit 60 --run-id full_compare_v317_vs_active_train40_20260630_001 --out-dir reports/ogc2026_reboot_v001/full_compare_v317_vs_active_train40_20260630_001 --cumulative-csv reports/ogc2026_reboot_v001/benchmark_results_reboot_v317_full.csv --require-fresh-cumulative"
2026-06-30T10:03:36,full_compare_v317_vs_active_train40_20260630_001,active,v315_active_surface,ogc2026\baseline\myalgorithm.py,e8301f4bc5d70955e26d2be1648358902ddae5fffcb1b17584a4e57b9dfc895c,9dfaa0ac5fa3e0f16fdfb0890e11b4cb64ea59b8edee029a9c4f13a2c52538b0,hh_algorithm_loop,b8716301,True,prob_20.json,60.000000,60.000000,20.000000,90.000000,true,false,true,true,true,5,5199740.0,5199740.0,5199740.0,164.0,3642,6436.0,47.027988,46.854864835739136,300,300,5,,reports\ogc2026_reboot_v001\full_compare_v317_vs_active_train40_20260630_001\solutions\active__v315_active_surface\prob_20.solution.json,reports\ogc2026_reboot_v001\full_compare_v317_vs_active_train40_20260630_001\logs\active__v315_active_surface\prob_20.log,PASS objective=5199740.0 obj1=164.0 obj2=3642 obj3=6436.0,"C:\Python314\python.exe ogc2026/batchrunner/benchmark.py --algorithm name=active,version=v315_active_surface,path=ogc2026/baseline --algorithm name=hh,version=v317_prob13_only_window_multiblock,path=ogc2026/baseline/alg_versions/reboot_v317_20260630_trackA_prob13_only_window_multiblock_on_v314.py --problems train/prob_*.json --timelimit 60 --run-id full_compare_v317_vs_active_train40_20260630_001 --out-dir reports/ogc2026_reboot_v001/full_compare_v317_vs_active_train40_20260630_001 --cumulative-csv reports/ogc2026_reboot_v001/benchmark_results_reboot_v317_full.csv --require-fresh-cumulative"
2026-06-30T10:03:36,full_compare_v317_vs_active_train40_20260630_001,active,v315_active_surface,ogc2026\baseline\myalgorithm.py,e8301f4bc5d70955e26d2be1648358902ddae5fffcb1b17584a4e57b9dfc895c,9dfaa0ac5fa3e0f16fdfb0890e11b4cb64ea59b8edee029a9c4f13a2c52538b0,hh_algorithm_loop,b8716301,True,prob_21.json,60.000000,60.000000,20.000000,90.000000,true,false,true,true,true,5,9383482.0,9383482.0,9383482.0,664.0,522,3501.0,10.655111,10.49594497680664,100,100,3,,reports\ogc2026_reboot_v001\full_compare_v317_vs_active_train40_20260630_001\solutions\active__v315_active_surface\prob_21.solution.json,reports\ogc2026_reboot_v001\full_compare_v317_vs_active_train40_20260630_001\logs\active__v315_active_surface\prob_21.log,PASS objective=9383482.0 obj1=664.0 obj2=522 obj3=3501.0,"C:\Python314\python.exe ogc2026/batchrunner/benchmark.py --algorithm name=active,version=v315_active_surface,path=ogc2026/baseline --algorithm name=hh,version=v317_prob13_only_window_multiblock,path=ogc2026/baseline/alg_versions/reboot_v317_20260630_trackA_prob13_only_window_multiblock_on_v314.py --problems train/prob_*.json --timelimit 60 --run-id full_compare_v317_vs_active_train40_20260630_001 --out-dir reports/ogc2026_reboot_v001/full_compare_v317_vs_active_train40_20260630_001 --cumulative-csv reports/ogc2026_reboot_v001/benchmark_results_reboot_v317_full.csv --require-fresh-cumulative"
2026-06-30T10:03:36,full_compare_v317_vs_active_train40_20260630_001,active,v315_active_surface,ogc2026\baseline\myalgorithm.py,e8301f4bc5d70955e26d2be1648358902ddae5fffcb1b17584a4e57b9dfc895c,9dfaa0ac5fa3e0f16fdfb0890e11b4cb64ea59b8edee029a9c4f13a2c52538b0,hh_algorithm_loop,b8716301,True,prob_22.json,60.000000,60.000000,20.000000,90.000000,true,false,true,true,true,5,1837996.0,1837996.0,1837996.0,26.0,2446,3710.0,19.395290,19.23954701423645,100,100,2,,reports\ogc2026_reboot_v001\full_compare_v317_vs_active_train40_20260630_001\solutions\active__v315_active_surface\prob_22.solution.json,reports\ogc2026_reboot_v001\full_compare_v317_vs_active_train40_20260630_001\logs\active__v315_active_surface\prob_22.log,PASS objective=1837996.0 obj1=26.0 obj2=2446 obj3=3710.0,"C:\Python314\python.exe ogc2026/batchrunner/benchmark.py --algorithm name=active,version=v315_active_surface,path=ogc2026/baseline --algorithm name=hh,version=v317_prob13_only_window_multiblock,path=ogc2026/baseline/alg_versions/reboot_v317_20260630_trackA_prob13_only_window_multiblock_on_v314.py --problems train/prob_*.json --timelimit 60 --run-id full_compare_v317_vs_active_train40_20260630_001 --out-dir reports/ogc2026_reboot_v001/full_compare_v317_vs_active_train40_20260630_001 --cumulative-csv reports/ogc2026_reboot_v001/benchmark_results_reboot_v317_full.csv --require-fresh-cumulative"
2026-06-30T10:03:36,full_compare_v317_vs_active_train40_20260630_001,active,v315_active_surface,ogc2026\baseline\myalgorithm.py,e8301f4bc5d70955e26d2be1648358902ddae5fffcb1b17584a4e57b9dfc895c,9dfaa0ac5fa3e0f16fdfb0890e11b4cb64ea59b8edee029a9c4f13a2c52538b0,hh_algorithm_loop,b8716301,True,prob_23.json,60.000000,60.000000,20.000000,90.000000,true,false,true,true,true,5,20686068.0,20686068.0,20686068.0,1497.0,35,1940.0,25.761276,25.603981494903564,100,100,2,,reports\ogc2026_reboot_v001\full_compare_v317_vs_active_train40_20260630_001\solutions\active__v315_active_surface\prob_23.solution.json,reports\ogc2026_reboot_v001\full_compare_v317_vs_active_train40_20260630_001\logs\active__v315_active_surface\prob_23.log,PASS objective=20686068.0 obj1=1497.0 obj2=35 obj3=1940.0,"C:\Python314\python.exe ogc2026/batchrunner/benchmark.py --algorithm name=active,version=v315_active_surface,path=ogc2026/baseline --algorithm name=hh,version=v317_prob13_only_window_multiblock,path=ogc2026/baseline/alg_versions/reboot_v317_20260630_trackA_prob13_only_window_multiblock_on_v314.py --problems train/prob_*.json --timelimit 60 --run-id full_compare_v317_vs_active_train40_20260630_001 --out-dir reports/ogc2026_reboot_v001/full_compare_v317_vs_active_train40_20260630_001 --cumulative-csv reports/ogc2026_reboot_v001/benchmark_results_reboot_v317_full.csv --require-fresh-cumulative"
2026-06-30T10:03:36,full_compare_v317_vs_active_train40_20260630_001,active,v315_active_surface,ogc2026\baseline\myalgorithm.py,e8301f4bc5d70955e26d2be1648358902ddae5fffcb1b17584a4e57b9dfc895c,9dfaa0ac5fa3e0f16fdfb0890e11b4cb64ea59b8edee029a9c4f13a2c52538b0,hh_algorithm_loop,b8716301,True,prob_24.json,60.000000,60.000000,20.000000,90.000000,true,false,true,true,true,5,2981583.0,2981583.0,2981583.0,166.0,1381,2538.0,36.908645,36.74036002159119,100,100,3,,reports\ogc2026_reboot_v001\full_compare_v317_vs_active_train40_20260630_001\solutions\active__v315_active_surface\prob_24.solution.json,reports\ogc2026_reboot_v001\full_compare_v317_vs_active_train40_20260630_001\logs\active__v315_active_surface\prob_24.log,PASS objective=2981583.0 obj1=166.0 obj2=1381 obj3=2538.0,"C:\Python314\python.exe ogc2026/batchrunner/benchmark.py --algorithm name=active,version=v315_active_surface,path=ogc2026/baseline --algorithm name=hh,version=v317_prob13_only_window_multiblock,path=ogc2026/baseline/alg_versions/reboot_v317_20260630_trackA_prob13_only_window_multiblock_on_v314.py --problems train/prob_*.json --timelimit 60 --run-id full_compare_v317_vs_active_train40_20260630_001 --out-dir reports/ogc2026_reboot_v001/full_compare_v317_vs_active_train40_20260630_001 --cumulative-csv reports/ogc2026_reboot_v001/benchmark_results_reboot_v317_full.csv --require-fresh-cumulative"
2026-06-30T10:03:36,full_compare_v317_vs_active_train40_20260630_001,active,v315_active_surface,ogc2026\baseline\myalgorithm.py,e8301f4bc5d70955e26d2be1648358902ddae5fffcb1b17584a4e57b9dfc895c,9dfaa0ac5fa3e0f16fdfb0890e11b4cb64ea59b8edee029a9c4f13a2c52538b0,hh_algorithm_loop,b8716301,True,prob_25.json,60.000000,60.000000,20.000000,90.000000,true,false,true,true,true,5,1454484.0,1454484.0,1454484.0,2089.0,241,3044.0,31.797417,31.631354570388794,100,100,2,,reports\ogc2026_reboot_v001\full_compare_v317_vs_active_train40_20260630_001\solutions\active__v315_active_surface\prob_25.solution.json,reports\ogc2026_reboot_v001\full_compare_v317_vs_active_train40_20260630_001\logs\active__v315_active_surface\prob_25.log,PASS objective=1454484.0 obj1=2089.0 obj2=241 obj3=3044.0,"C:\Python314\python.exe ogc2026/batchrunner/benchmark.py --algorithm name=active,version=v315_active_surface,path=ogc2026/baseline --algorithm name=hh,version=v317_prob13_only_window_multiblock,path=ogc2026/baseline/alg_versions/reboot_v317_20260630_trackA_prob13_only_window_multiblock_on_v314.py --problems train/prob_*.json --timelimit 60 --run-id full_compare_v317_vs_active_train40_20260630_001 --out-dir reports/ogc2026_reboot_v001/full_compare_v317_vs_active_train40_20260630_001 --cumulative-csv reports/ogc2026_reboot_v001/benchmark_results_reboot_v317_full.csv --require-fresh-cumulative"
2026-06-30T10:03:36,full_compare_v317_vs_active_train40_20260630_001,active,v315_active_surface,ogc2026\baseline\myalgorithm.py,e8301f4bc5d70955e26d2be1648358902ddae5fffcb1b17584a4e57b9dfc895c,9dfaa0ac5fa3e0f16fdfb0890e11b4cb64ea59b8edee029a9c4f13a2c52538b0,hh_algorithm_loop,b8716301,True,prob_26.json,60.000000,60.000000,20.000000,90.000000,true,false,true,true,true,5,31708207.0,31708207.0,31708207.0,2305.0,2556,6385.0,27.307141,27.14776873588562,150,150,3,,reports\ogc2026_reboot_v001\full_compare_v317_vs_active_train40_20260630_001\solutions\active__v315_active_surface\prob_26.solution.json,reports\ogc2026_reboot_v001\full_compare_v317_vs_active_train40_20260630_001\logs\active__v315_active_surface\prob_26.log,PASS objective=31708207.0 obj1=2305.0 obj2=2556 obj3=6385.0,"C:\Python314\python.exe ogc2026/batchrunner/benchmark.py --algorithm name=active,version=v315_active_surface,path=ogc2026/baseline --algorithm name=hh,version=v317_prob13_only_window_multiblock,path=ogc2026/baseline/alg_versions/reboot_v317_20260630_trackA_prob13_only_window_multiblock_on_v314.py --problems train/prob_*.json --timelimit 60 --run-id full_compare_v317_vs_active_train40_20260630_001 --out-dir reports/ogc2026_reboot_v001/full_compare_v317_vs_active_train40_20260630_001 --cumulative-csv reports/ogc2026_reboot_v001/benchmark_results_reboot_v317_full.csv --require-fresh-cumulative"
2026-06-30T10:03:36,full_compare_v317_vs_active_train40_20260630_001,active,v315_active_surface,ogc2026\baseline\myalgorithm.py,e8301f4bc5d70955e26d2be1648358902ddae5fffcb1b17584a4e57b9dfc895c,9dfaa0ac5fa3e0f16fdfb0890e11b4cb64ea59b8edee029a9c4f13a2c52538b0,hh_algorithm_loop,b8716301,True,prob_27.json,60.000000,60.000000,20.000000,90.000000,true,false,true,true,true,5,75028700.0,75028700.0,75028700.0,5456.0,1926,5700.0,46.742427,46.581897258758545,150,150,2,,reports\ogc2026_reboot_v001\full_compare_v317_vs_active_train40_20260630_001\solutions\active__v315_active_surface\prob_27.solution.json,reports\ogc2026_reboot_v001\full_compare_v317_vs_active_train40_20260630_001\logs\active__v315_active_surface\prob_27.log,PASS objective=75028700.0 obj1=5456.0 obj2=1926 obj3=5700.0,"C:\Python314\python.exe ogc2026/batchrunner/benchmark.py --algorithm name=active,version=v315_active_surface,path=ogc2026/baseline --algorithm name=hh,version=v317_prob13_only_window_multiblock,path=ogc2026/baseline/alg_versions/reboot_v317_20260630_trackA_prob13_only_window_multiblock_on_v314.py --problems train/prob_*.json --timelimit 60 --run-id full_compare_v317_vs_active_train40_20260630_001 --out-dir reports/ogc2026_reboot_v001/full_compare_v317_vs_active_train40_20260630_001 --cumulative-csv reports/ogc2026_reboot_v001/benchmark_results_reboot_v317_full.csv --require-fresh-cumulative"
2026-06-30T10:03:36,full_compare_v317_vs_active_train40_20260630_001,active,v315_active_surface,ogc2026\baseline\myalgorithm.py,e8301f4bc5d70955e26d2be1648358902ddae5fffcb1b17584a4e57b9dfc895c,9dfaa0ac5fa3e0f16fdfb0890e11b4cb64ea59b8edee029a9c4f13a2c52538b0,hh_algorithm_loop,b8716301,True,prob_28.json,60.000000,60.000000,20.000000,90.000000,true,false,true,true,true,5,18836666.0,18836666.0,18836666.0,1310.0,1012,4558.0,26.503057,26.349141120910645,150,150,3,,reports\ogc2026_reboot_v001\full_compare_v317_vs_active_train40_20260630_001\solutions\active__v315_active_surface\prob_28.solution.json,reports\ogc2026_reboot_v001\full_compare_v317_vs_active_train40_20260630_001\logs\active__v315_active_surface\prob_28.log,PASS objective=18836666.0 obj1=1310.0 obj2=1012 obj3=4558.0,"C:\Python314\python.exe ogc2026/batchrunner/benchmark.py --algorithm name=active,version=v315_active_surface,path=ogc2026/baseline --algorithm name=hh,version=v317_prob13_only_window_multiblock,path=ogc2026/baseline/alg_versions/reboot_v317_20260630_trackA_prob13_only_window_multiblock_on_v314.py --problems train/prob_*.json --timelimit 60 --run-id full_compare_v317_vs_active_train40_20260630_001 --out-dir reports/ogc2026_reboot_v001/full_compare_v317_vs_active_train40_20260630_001 --cumulative-csv reports/ogc2026_reboot_v001/benchmark_results_reboot_v317_full.csv --require-fresh-cumulative"
2026-06-30T10:03:36,full_compare_v317_vs_active_train40_20260630_001,active,v315_active_surface,ogc2026\baseline\myalgorithm.py,e8301f4bc5d70955e26d2be1648358902ddae5fffcb1b17584a4e57b9dfc895c,9dfaa0ac5fa3e0f16fdfb0890e11b4cb64ea59b8edee029a9c4f13a2c52538b0,hh_algorithm_loop,b8716301,True,prob_29.json,60.000000,60.000000,20.000000,90.000000,true,false,true,true,true,5,7782572.0,7782572.0,7782572.0,446.0,3918,6081.0,32.609070,32.17759466171265,150,150,3,,reports\ogc2026_reboot_v001\full_compare_v317_vs_active_train40_20260630_001\solutions\active__v315_active_surface\prob_29.solution.json,reports\ogc2026_reboot_v001\full_compare_v317_vs_active_train40_20260630_001\logs\active__v315_active_surface\prob_29.log,PASS objective=7782572.0 obj1=446.0 obj2=3918 obj3=6081.0,"C:\Python314\python.exe ogc2026/batchrunner/benchmark.py --algorithm name=active,version=v315_active_surface,path=ogc2026/baseline --algorithm name=hh,version=v317_prob13_only_window_multiblock,path=ogc2026/baseline/alg_versions/reboot_v317_20260630_trackA_prob13_only_window_multiblock_on_v314.py --problems train/prob_*.json --timelimit 60 --run-id full_compare_v317_vs_active_train40_20260630_001 --out-dir reports/ogc2026_reboot_v001/full_compare_v317_vs_active_train40_20260630_001 --cumulative-csv reports/ogc2026_reboot_v001/benchmark_results_reboot_v317_full.csv --require-fresh-cumulative"
2026-06-30T10:03:36,full_compare_v317_vs_active_train40_20260630_001,active,v315_active_surface,ogc2026\baseline\myalgorithm.py,e8301f4bc5d70955e26d2be1648358902ddae5fffcb1b17584a4e57b9dfc895c,9dfaa0ac5fa3e0f16fdfb0890e11b4cb64ea59b8edee029a9c4f13a2c52538b0,hh_algorithm_loop,b8716301,True,prob_30.json,60.000000,60.000000,20.000000,90.000000,true,false,true,true,true,5,31302610.0,31302610.0,31302610.0,2302.0,3211,2986.0,17.923915,17.765430688858032,150,150,2,,reports\ogc2026_reboot_v001\full_compare_v317_vs_active_train40_20260630_001\solutions\active__v315_active_surface\prob_30.solution.json,reports\ogc2026_reboot_v001\full_compare_v317_vs_active_train40_20260630_001\logs\active__v315_active_surface\prob_30.log,PASS objective=31302610.0 obj1=2302.0 obj2=3211 obj3=2986.0,"C:\Python314\python.exe ogc2026/batchrunner/benchmark.py --algorithm name=active,version=v315_active_surface,path=ogc2026/baseline --algorithm name=hh,version=v317_prob13_only_window_multiblock,path=ogc2026/baseline/alg_versions/reboot_v317_20260630_trackA_prob13_only_window_multiblock_on_v314.py --problems train/prob_*.json --timelimit 60 --run-id full_compare_v317_vs_active_train40_20260630_001 --out-dir reports/ogc2026_reboot_v001/full_compare_v317_vs_active_train40_20260630_001 --cumulative-csv reports/ogc2026_reboot_v001/benchmark_results_reboot_v317_full.csv --require-fresh-cumulative"
2026-06-30T10:03:36,full_compare_v317_vs_active_train40_20260630_001,active,v315_active_surface,ogc2026\baseline\myalgorithm.py,e8301f4bc5d70955e26d2be1648358902ddae5fffcb1b17584a4e57b9dfc895c,9dfaa0ac5fa3e0f16fdfb0890e11b4cb64ea59b8edee029a9c4f13a2c52538b0,hh_algorithm_loop,b8716301,True,prob_31.json,60.000000,60.000000,20.000000,90.000000,true,false,true,true,true,5,39589844.0,39589844.0,39589844.0,2735.0,1843,11680.0,54.505703,54.06969594955444,200,200,4,,reports\ogc2026_reboot_v001\full_compare_v317_vs_active_train40_20260630_001\solutions\active__v315_active_surface\prob_31.solution.json,reports\ogc2026_reboot_v001\full_compare_v317_vs_active_train40_20260630_001\logs\active__v315_active_surface\prob_31.log,PASS objective=39589844.0 obj1=2735.0 obj2=1843 obj3=11680.0,"C:\Python314\python.exe ogc2026/batchrunner/benchmark.py --algorithm name=active,version=v315_active_surface,path=ogc2026/baseline --algorithm name=hh,version=v317_prob13_only_window_multiblock,path=ogc2026/baseline/alg_versions/reboot_v317_20260630_trackA_prob13_only_window_multiblock_on_v314.py --problems train/prob_*.json --timelimit 60 --run-id full_compare_v317_vs_active_train40_20260630_001 --out-dir reports/ogc2026_reboot_v001/full_compare_v317_vs_active_train40_20260630_001 --cumulative-csv reports/ogc2026_reboot_v001/benchmark_results_reboot_v317_full.csv --require-fresh-cumulative"
2026-06-30T10:03:36,full_compare_v317_vs_active_train40_20260630_001,active,v315_active_surface,ogc2026\baseline\myalgorithm.py,e8301f4bc5d70955e26d2be1648358902ddae5fffcb1b17584a4e57b9dfc895c,9dfaa0ac5fa3e0f16fdfb0890e11b4cb64ea59b8edee029a9c4f13a2c52538b0,hh_algorithm_loop,b8716301,True,prob_32.json,60.000000,60.000000,20.000000,90.000000,true,false,true,true,true,5,12781706.0,12781706.0,12781706.0,2992.0,2434,4662.0,49.990142,49.81605362892151,200,200,3,,reports\ogc2026_reboot_v001\full_compare_v317_vs_active_train40_20260630_001\solutions\active__v315_active_surface\prob_32.solution.json,reports\ogc2026_reboot_v001\full_compare_v317_vs_active_train40_20260630_001\logs\active__v315_active_surface\prob_32.log,PASS objective=12781706.0 obj1=2992.0 obj2=2434 obj3=4662.0,"C:\Python314\python.exe ogc2026/batchrunner/benchmark.py --algorithm name=active,version=v315_active_surface,path=ogc2026/baseline --algorithm name=hh,version=v317_prob13_only_window_multiblock,path=ogc2026/baseline/alg_versions/reboot_v317_20260630_trackA_prob13_only_window_multiblock_on_v314.py --problems train/prob_*.json --timelimit 60 --run-id full_compare_v317_vs_active_train40_20260630_001 --out-dir reports/ogc2026_reboot_v001/full_compare_v317_vs_active_train40_20260630_001 --cumulative-csv reports/ogc2026_reboot_v001/benchmark_results_reboot_v317_full.csv --require-fresh-cumulative"
2026-06-30T10:03:36,full_compare_v317_vs_active_train40_20260630_001,active,v315_active_surface,ogc2026\baseline\myalgorithm.py,e8301f4bc5d70955e26d2be1648358902ddae5fffcb1b17584a4e57b9dfc895c,9dfaa0ac5fa3e0f16fdfb0890e11b4cb64ea59b8edee029a9c4f13a2c52538b0,hh_algorithm_loop,b8716301,True,prob_33.json,60.000000,60.000000,20.000000,90.000000,true,false,true,true,true,5,26172225.0,26172225.0,26172225.0,3805.0,1094,5289.0,39.652995,39.482177734375,200,200,3,,reports\ogc2026_reboot_v001\full_compare_v317_vs_active_train40_20260630_001\solutions\active__v315_active_surface\prob_33.solution.json,reports\ogc2026_reboot_v001\full_compare_v317_vs_active_train40_20260630_001\logs\active__v315_active_surface\prob_33.log,PASS objective=26172225.0 obj1=3805.0 obj2=1094 obj3=5289.0,"C:\Python314\python.exe ogc2026/batchrunner/benchmark.py --algorithm name=active,version=v315_active_surface,path=ogc2026/baseline --algorithm name=hh,version=v317_prob13_only_window_multiblock,path=ogc2026/baseline/alg_versions/reboot_v317_20260630_trackA_prob13_only_window_multiblock_on_v314.py --problems train/prob_*.json --timelimit 60 --run-id full_compare_v317_vs_active_train40_20260630_001 --out-dir reports/ogc2026_reboot_v001/full_compare_v317_vs_active_train40_20260630_001 --cumulative-csv reports/ogc2026_reboot_v001/benchmark_results_reboot_v317_full.csv --require-fresh-cumulative"
2026-06-30T10:03:36,full_compare_v317_vs_active_train40_20260630_001,active,v315_active_surface,ogc2026\baseline\myalgorithm.py,e8301f4bc5d70955e26d2be1648358902ddae5fffcb1b17584a4e57b9dfc895c,9dfaa0ac5fa3e0f16fdfb0890e11b4cb64ea59b8edee029a9c4f13a2c52538b0,hh_algorithm_loop,b8716301,True,prob_34.json,60.000000,60.000000,20.000000,90.000000,true,false,true,true,true,5,8002714.0,8002714.0,8002714.0,1595.0,2702,5005.0,29.201375,29.038529872894287,200,200,4,,reports\ogc2026_reboot_v001\full_compare_v317_vs_active_train40_20260630_001\solutions\active__v315_active_surface\prob_34.solution.json,reports\ogc2026_reboot_v001\full_compare_v317_vs_active_train40_20260630_001\logs\active__v315_active_surface\prob_34.log,PASS objective=8002714.0 obj1=1595.0 obj2=2702 obj3=5005.0,"C:\Python314\python.exe ogc2026/batchrunner/benchmark.py --algorithm name=active,version=v315_active_surface,path=ogc2026/baseline --algorithm name=hh,version=v317_prob13_only_window_multiblock,path=ogc2026/baseline/alg_versions/reboot_v317_20260630_trackA_prob13_only_window_multiblock_on_v314.py --problems train/prob_*.json --timelimit 60 --run-id full_compare_v317_vs_active_train40_20260630_001 --out-dir reports/ogc2026_reboot_v001/full_compare_v317_vs_active_train40_20260630_001 --cumulative-csv reports/ogc2026_reboot_v001/benchmark_results_reboot_v317_full.csv --require-fresh-cumulative"
2026-06-30T10:03:36,full_compare_v317_vs_active_train40_20260630_001,active,v315_active_surface,ogc2026\baseline\myalgorithm.py,e8301f4bc5d70955e26d2be1648358902ddae5fffcb1b17584a4e57b9dfc895c,9dfaa0ac5fa3e0f16fdfb0890e11b4cb64ea59b8edee029a9c4f13a2c52538b0,hh_algorithm_loop,b8716301,True,prob_35.json,60.000000,60.000000,20.000000,90.000000,true,false,true,true,true,5,22037108.0,22037108.0,22037108.0,1591.0,8081,5226.0,36.740321,36.57985830307007,200,200,3,,reports\ogc2026_reboot_v001\full_compare_v317_vs_active_train40_20260630_001\solutions\active__v315_active_surface\prob_35.solution.json,reports\ogc2026_reboot_v001\full_compare_v317_vs_active_train40_20260630_001\logs\active__v315_active_surface\prob_35.log,PASS objective=22037108.0 obj1=1591.0 obj2=8081 obj3=5226.0,"C:\Python314\python.exe ogc2026/batchrunner/benchmark.py --algorithm name=active,version=v315_active_surface,path=ogc2026/baseline --algorithm name=hh,version=v317_prob13_only_window_multiblock,path=ogc2026/baseline/alg_versions/reboot_v317_20260630_trackA_prob13_only_window_multiblock_on_v314.py --problems train/prob_*.json --timelimit 60 --run-id full_compare_v317_vs_active_train40_20260630_001 --out-dir reports/ogc2026_reboot_v001/full_compare_v317_vs_active_train40_20260630_001 --cumulative-csv reports/ogc2026_reboot_v001/benchmark_results_reboot_v317_full.csv --require-fresh-cumulative"
2026-06-30T10:03:36,full_compare_v317_vs_active_train40_20260630_001,active,v315_active_surface,ogc2026\baseline\myalgorithm.py,e8301f4bc5d70955e26d2be1648358902ddae5fffcb1b17584a4e57b9dfc895c,9dfaa0ac5fa3e0f16fdfb0890e11b4cb64ea59b8edee029a9c4f13a2c52538b0,hh_algorithm_loop,b8716301,True,prob_36.json,60.000000,60.000000,20.000000,90.000000,true,false,true,true,true,5,1499988.0,1499988.0,1499988.0,2010.0,1381,12149.0,50.430388,50.2596275806427,250,250,4,,reports\ogc2026_reboot_v001\full_compare_v317_vs_active_train40_20260630_001\solutions\active__v315_active_surface\prob_36.solution.json,reports\ogc2026_reboot_v001\full_compare_v317_vs_active_train40_20260630_001\logs\active__v315_active_surface\prob_36.log,PASS objective=1499988.0 obj1=2010.0 obj2=1381 obj3=12149.0,"C:\Python314\python.exe ogc2026/batchrunner/benchmark.py --algorithm name=active,version=v315_active_surface,path=ogc2026/baseline --algorithm name=hh,version=v317_prob13_only_window_multiblock,path=ogc2026/baseline/alg_versions/reboot_v317_20260630_trackA_prob13_only_window_multiblock_on_v314.py --problems train/prob_*.json --timelimit 60 --run-id full_compare_v317_vs_active_train40_20260630_001 --out-dir reports/ogc2026_reboot_v001/full_compare_v317_vs_active_train40_20260630_001 --cumulative-csv reports/ogc2026_reboot_v001/benchmark_results_reboot_v317_full.csv --require-fresh-cumulative"
2026-06-30T10:03:36,full_compare_v317_vs_active_train40_20260630_001,active,v315_active_surface,ogc2026\baseline\myalgorithm.py,e8301f4bc5d70955e26d2be1648358902ddae5fffcb1b17584a4e57b9dfc895c,9dfaa0ac5fa3e0f16fdfb0890e11b4cb64ea59b8edee029a9c4f13a2c52538b0,hh_algorithm_loop,b8716301,True,prob_37.json,60.000000,60.000000,20.000000,90.000000,true,false,true,true,true,5,17644653.0,17644653.0,17644653.0,3961.0,3660,7380.0,53.138198,52.97107005119324,250,250,3,,reports\ogc2026_reboot_v001\full_compare_v317_vs_active_train40_20260630_001\solutions\active__v315_active_surface\prob_37.solution.json,reports\ogc2026_reboot_v001\full_compare_v317_vs_active_train40_20260630_001\logs\active__v315_active_surface\prob_37.log,PASS objective=17644653.0 obj1=3961.0 obj2=3660 obj3=7380.0,"C:\Python314\python.exe ogc2026/batchrunner/benchmark.py --algorithm name=active,version=v315_active_surface,path=ogc2026/baseline --algorithm name=hh,version=v317_prob13_only_window_multiblock,path=ogc2026/baseline/alg_versions/reboot_v317_20260630_trackA_prob13_only_window_multiblock_on_v314.py --problems train/prob_*.json --timelimit 60 --run-id full_compare_v317_vs_active_train40_20260630_001 --out-dir reports/ogc2026_reboot_v001/full_compare_v317_vs_active_train40_20260630_001 --cumulative-csv reports/ogc2026_reboot_v001/benchmark_results_reboot_v317_full.csv --require-fresh-cumulative"
2026-06-30T10:03:36,full_compare_v317_vs_active_train40_20260630_001,active,v315_active_surface,ogc2026\baseline\myalgorithm.py,e8301f4bc5d70955e26d2be1648358902ddae5fffcb1b17584a4e57b9dfc895c,9dfaa0ac5fa3e0f16fdfb0890e11b4cb64ea59b8edee029a9c4f13a2c52538b0,hh_algorithm_loop,b8716301,True,prob_38.json,60.000000,60.000000,20.000000,90.000000,true,false,true,true,true,5,151254848.0,151254848.0,151254848.0,11120.0,3894,9947.0,57.089459,56.6379759311676,250,250,3,,reports\ogc2026_reboot_v001\full_compare_v317_vs_active_train40_20260630_001\solutions\active__v315_active_surface\prob_38.solution.json,reports\ogc2026_reboot_v001\full_compare_v317_vs_active_train40_20260630_001\logs\active__v315_active_surface\prob_38.log,PASS objective=151254848.0 obj1=11120.0 obj2=3894 obj3=9947.0,"C:\Python314\python.exe ogc2026/batchrunner/benchmark.py --algorithm name=active,version=v315_active_surface,path=ogc2026/baseline --algorithm name=hh,version=v317_prob13_only_window_multiblock,path=ogc2026/baseline/alg_versions/reboot_v317_20260630_trackA_prob13_only_window_multiblock_on_v314.py --problems train/prob_*.json --timelimit 60 --run-id full_compare_v317_vs_active_train40_20260630_001 --out-dir reports/ogc2026_reboot_v001/full_compare_v317_vs_active_train40_20260630_001 --cumulative-csv reports/ogc2026_reboot_v001/benchmark_results_reboot_v317_full.csv --require-fresh-cumulative"
2026-06-30T10:03:36,full_compare_v317_vs_active_train40_20260630_001,active,v315_active_surface,ogc2026\baseline\myalgorithm.py,e8301f4bc5d70955e26d2be1648358902ddae5fffcb1b17584a4e57b9dfc895c,9dfaa0ac5fa3e0f16fdfb0890e11b4cb64ea59b8edee029a9c4f13a2c52538b0,hh_algorithm_loop,b8716301,True,prob_39.json,60.000000,60.000000,20.000000,90.000000,true,false,true,true,true,5,48160369.0,48160369.0,48160369.0,3521.0,194,8094.0,58.763735,58.59393239021301,250,250,3,,reports\ogc2026_reboot_v001\full_compare_v317_vs_active_train40_20260630_001\solutions\active__v315_active_surface\prob_39.solution.json,reports\ogc2026_reboot_v001\full_compare_v317_vs_active_train40_20260630_001\logs\active__v315_active_surface\prob_39.log,PASS objective=48160369.0 obj1=3521.0 obj2=194 obj3=8094.0,"C:\Python314\python.exe ogc2026/batchrunner/benchmark.py --algorithm name=active,version=v315_active_surface,path=ogc2026/baseline --algorithm name=hh,version=v317_prob13_only_window_multiblock,path=ogc2026/baseline/alg_versions/reboot_v317_20260630_trackA_prob13_only_window_multiblock_on_v314.py --problems train/prob_*.json --timelimit 60 --run-id full_compare_v317_vs_active_train40_20260630_001 --out-dir reports/ogc2026_reboot_v001/full_compare_v317_vs_active_train40_20260630_001 --cumulative-csv reports/ogc2026_reboot_v001/benchmark_results_reboot_v317_full.csv --require-fresh-cumulative"
2026-06-30T10:03:36,full_compare_v317_vs_active_train40_20260630_001,active,v315_active_surface,ogc2026\baseline\myalgorithm.py,e8301f4bc5d70955e26d2be1648358902ddae5fffcb1b17584a4e57b9dfc895c,9dfaa0ac5fa3e0f16fdfb0890e11b4cb64ea59b8edee029a9c4f13a2c52538b0,hh_algorithm_loop,b8716301,True,prob_40.json,60.000000,60.000000,20.000000,90.000000,true,false,true,true,true,5,5780789.0,5780789.0,5780789.0,8429.0,4947,11823.0,56.677154,56.49185395240784,250,250,4,,reports\ogc2026_reboot_v001\full_compare_v317_vs_active_train40_20260630_001\solutions\active__v315_active_surface\prob_40.solution.json,reports\ogc2026_reboot_v001\full_compare_v317_vs_active_train40_20260630_001\logs\active__v315_active_surface\prob_40.log,PASS objective=5780789.0 obj1=8429.0 obj2=4947 obj3=11823.0,"C:\Python314\python.exe ogc2026/batchrunner/benchmark.py --algorithm name=active,version=v315_active_surface,path=ogc2026/baseline --algorithm name=hh,version=v317_prob13_only_window_multiblock,path=ogc2026/baseline/alg_versions/reboot_v317_20260630_trackA_prob13_only_window_multiblock_on_v314.py --problems train/prob_*.json --timelimit 60 --run-id full_compare_v317_vs_active_train40_20260630_001 --out-dir reports/ogc2026_reboot_v001/full_compare_v317_vs_active_train40_20260630_001 --cumulative-csv reports/ogc2026_reboot_v001/benchmark_results_reboot_v317_full.csv --require-fresh-cumulative"
2026-06-30T10:03:36,full_compare_v317_vs_active_train40_20260630_001,hh,v317_prob13_only_window_multiblock,ogc2026\baseline\alg_versions\reboot_v317_20260630_trackA_prob13_only_window_multiblock_on_v314.py,7c15bb2c71af03054c188559cd9b58859b5b0a5a989dfc7562021763f2ed031a,9dfaa0ac5fa3e0f16fdfb0890e11b4cb64ea59b8edee029a9c4f13a2c52538b0,hh_algorithm_loop,b8716301,True,prob_1.json,60.000000,60.000000,20.000000,90.000000,true,false,true,true,true,5,606628.0,606628.0,606628.0,8.0,1700,1810.0,22.708538,22.250720024108887,100,100,2,,reports\ogc2026_reboot_v001\full_compare_v317_vs_active_train40_20260630_001\solutions\hh__v317_prob13_only_window_multiblock\prob_1.solution.json,reports\ogc2026_reboot_v001\full_compare_v317_vs_active_train40_20260630_001\logs\hh__v317_prob13_only_window_multiblock\prob_1.log,PASS objective=606628.0 obj1=8.0 obj2=1700 obj3=1810.0,"C:\Python314\python.exe ogc2026/batchrunner/benchmark.py --algorithm name=active,version=v315_active_surface,path=ogc2026/baseline --algorithm name=hh,version=v317_prob13_only_window_multiblock,path=ogc2026/baseline/alg_versions/reboot_v317_20260630_trackA_prob13_only_window_multiblock_on_v314.py --problems train/prob_*.json --timelimit 60 --run-id full_compare_v317_vs_active_train40_20260630_001 --out-dir reports/ogc2026_reboot_v001/full_compare_v317_vs_active_train40_20260630_001 --cumulative-csv reports/ogc2026_reboot_v001/benchmark_results_reboot_v317_full.csv --require-fresh-cumulative"
2026-06-30T10:03:36,full_compare_v317_vs_active_train40_20260630_001,hh,v317_prob13_only_window_multiblock,ogc2026\baseline\alg_versions\reboot_v317_20260630_trackA_prob13_only_window_multiblock_on_v314.py,7c15bb2c71af03054c188559cd9b58859b5b0a5a989dfc7562021763f2ed031a,9dfaa0ac5fa3e0f16fdfb0890e11b4cb64ea59b8edee029a9c4f13a2c52538b0,hh_algorithm_loop,b8716301,True,prob_2.json,60.000000,60.000000,20.000000,90.000000,true,false,true,true,true,5,51940.0,51940.0,51940.0,0.0,814,292.0,16.132275,15.64254379272461,100,100,3,,reports\ogc2026_reboot_v001\full_compare_v317_vs_active_train40_20260630_001\solutions\hh__v317_prob13_only_window_multiblock\prob_2.solution.json,reports\ogc2026_reboot_v001\full_compare_v317_vs_active_train40_20260630_001\logs\hh__v317_prob13_only_window_multiblock\prob_2.log,PASS objective=51940.0 obj1=0.0 obj2=814 obj3=292.0,"C:\Python314\python.exe ogc2026/batchrunner/benchmark.py --algorithm name=active,version=v315_active_surface,path=ogc2026/baseline --algorithm name=hh,version=v317_prob13_only_window_multiblock,path=ogc2026/baseline/alg_versions/reboot_v317_20260630_trackA_prob13_only_window_multiblock_on_v314.py --problems train/prob_*.json --timelimit 60 --run-id full_compare_v317_vs_active_train40_20260630_001 --out-dir reports/ogc2026_reboot_v001/full_compare_v317_vs_active_train40_20260630_001 --cumulative-csv reports/ogc2026_reboot_v001/benchmark_results_reboot_v317_full.csv --require-fresh-cumulative"
2026-06-30T10:03:36,full_compare_v317_vs_active_train40_20260630_001,hh,v317_prob13_only_window_multiblock,ogc2026\baseline\alg_versions\reboot_v317_20260630_trackA_prob13_only_window_multiblock_on_v314.py,7c15bb2c71af03054c188559cd9b58859b5b0a5a989dfc7562021763f2ed031a,9dfaa0ac5fa3e0f16fdfb0890e11b4cb64ea59b8edee029a9c4f13a2c52538b0,hh_algorithm_loop,b8716301,True,prob_3.json,60.000000,60.000000,20.000000,90.000000,true,false,true,true,true,5,156780.0,156780.0,156780.0,0.0,1998,912.0,14.714793,14.269095659255981,100,100,3,,reports\ogc2026_reboot_v001\full_compare_v317_vs_active_train40_20260630_001\solutions\hh__v317_prob13_only_window_multiblock\prob_3.solution.json,reports\ogc2026_reboot_v001\full_compare_v317_vs_active_train40_20260630_001\logs\hh__v317_prob13_only_window_multiblock\prob_3.log,PASS objective=156780.0 obj1=0.0 obj2=1998 obj3=912.0,"C:\Python314\python.exe ogc2026/batchrunner/benchmark.py --algorithm name=active,version=v315_active_surface,path=ogc2026/baseline --algorithm name=hh,version=v317_prob13_only_window_multiblock,path=ogc2026/baseline/alg_versions/reboot_v317_20260630_trackA_prob13_only_window_multiblock_on_v314.py --problems train/prob_*.json --timelimit 60 --run-id full_compare_v317_vs_active_train40_20260630_001 --out-dir reports/ogc2026_reboot_v001/full_compare_v317_vs_active_train40_20260630_001 --cumulative-csv reports/ogc2026_reboot_v001/benchmark_results_reboot_v317_full.csv --require-fresh-cumulative"
2026-06-30T10:03:36,full_compare_v317_vs_active_train40_20260630_001,hh,v317_prob13_only_window_multiblock,ogc2026\baseline\alg_versions\reboot_v317_20260630_trackA_prob13_only_window_multiblock_on_v314.py,7c15bb2c71af03054c188559cd9b58859b5b0a5a989dfc7562021763f2ed031a,9dfaa0ac5fa3e0f16fdfb0890e11b4cb64ea59b8edee029a9c4f13a2c52538b0,hh_algorithm_loop,b8716301,True,prob_4.json,60.000000,60.000000,20.000000,90.000000,true,false,true,true,true,5,331591.0,331591.0,331591.0,6.0,1669,942.0,17.497153,17.040128707885742,100,100,2,,reports\ogc2026_reboot_v001\full_compare_v317_vs_active_train40_20260630_001\solutions\hh__v317_prob13_only_window_multiblock\prob_4.solution.json,reports\ogc2026_reboot_v001\full_compare_v317_vs_active_train40_20260630_001\logs\hh__v317_prob13_only_window_multiblock\prob_4.log,PASS objective=331591.0 obj1=6.0 obj2=1669 obj3=942.0,"C:\Python314\python.exe ogc2026/batchrunner/benchmark.py --algorithm name=active,version=v315_active_surface,path=ogc2026/baseline --algorithm name=hh,version=v317_prob13_only_window_multiblock,path=ogc2026/baseline/alg_versions/reboot_v317_20260630_trackA_prob13_only_window_multiblock_on_v314.py --problems train/prob_*.json --timelimit 60 --run-id full_compare_v317_vs_active_train40_20260630_001 --out-dir reports/ogc2026_reboot_v001/full_compare_v317_vs_active_train40_20260630_001 --cumulative-csv reports/ogc2026_reboot_v001/benchmark_results_reboot_v317_full.csv --require-fresh-cumulative"
2026-06-30T10:03:36,full_compare_v317_vs_active_train40_20260630_001,hh,v317_prob13_only_window_multiblock,ogc2026\baseline\alg_versions\reboot_v317_20260630_trackA_prob13_only_window_multiblock_on_v314.py,7c15bb2c71af03054c188559cd9b58859b5b0a5a989dfc7562021763f2ed031a,9dfaa0ac5fa3e0f16fdfb0890e11b4cb64ea59b8edee029a9c4f13a2c52538b0,hh_algorithm_loop,b8716301,True,prob_5.json,60.000000,60.000000,20.000000,90.000000,true,false,true,true,true,5,139455.0,139455.0,139455.0,0.0,1065,880.0,17.685676,17.235554933547974,150,150,3,,reports\ogc2026_reboot_v001\full_compare_v317_vs_active_train40_20260630_001\solutions\hh__v317_prob13_only_window_multiblock\prob_5.solution.json,reports\ogc2026_reboot_v001\full_compare_v317_vs_active_train40_20260630_001\logs\hh__v317_prob13_only_window_multiblock\prob_5.log,PASS objective=139455.0 obj1=0.0 obj2=1065 obj3=880.0,"C:\Python314\python.exe ogc2026/batchrunner/benchmark.py --algorithm name=active,version=v315_active_surface,path=ogc2026/baseline --algorithm name=hh,version=v317_prob13_only_window_multiblock,path=ogc2026/baseline/alg_versions/reboot_v317_20260630_trackA_prob13_only_window_multiblock_on_v314.py --problems train/prob_*.json --timelimit 60 --run-id full_compare_v317_vs_active_train40_20260630_001 --out-dir reports/ogc2026_reboot_v001/full_compare_v317_vs_active_train40_20260630_001 --cumulative-csv reports/ogc2026_reboot_v001/benchmark_results_reboot_v317_full.csv --require-fresh-cumulative"
2026-06-30T10:03:36,full_compare_v317_vs_active_train40_20260630_001,hh,v317_prob13_only_window_multiblock,ogc2026\baseline\alg_versions\reboot_v317_20260630_trackA_prob13_only_window_multiblock_on_v314.py,7c15bb2c71af03054c188559cd9b58859b5b0a5a989dfc7562021763f2ed031a,9dfaa0ac5fa3e0f16fdfb0890e11b4cb64ea59b8edee029a9c4f13a2c52538b0,hh_algorithm_loop,b8716301,True,prob_6.json,60.000000,60.000000,20.000000,90.000000,true,false,true,true,true,5,577115.0,577115.0,577115.0,7.0,1815,2380.0,30.129736,29.41278338432312,150,150,3,,reports\ogc2026_reboot_v001\full_compare_v317_vs_active_train40_20260630_001\solutions\hh__v317_prob13_only_window_multiblock\prob_6.solution.json,reports\ogc2026_reboot_v001\full_compare_v317_vs_active_train40_20260630_001\logs\hh__v317_prob13_only_window_multiblock\prob_6.log,PASS objective=577115.0 obj1=7.0 obj2=1815 obj3=2380.0,"C:\Python314\python.exe ogc2026/batchrunner/benchmark.py --algorithm name=active,version=v315_active_surface,path=ogc2026/baseline --algorithm name=hh,version=v317_prob13_only_window_multiblock,path=ogc2026/baseline/alg_versions/reboot_v317_20260630_trackA_prob13_only_window_multiblock_on_v314.py --problems train/prob_*.json --timelimit 60 --run-id full_compare_v317_vs_active_train40_20260630_001 --out-dir reports/ogc2026_reboot_v001/full_compare_v317_vs_active_train40_20260630_001 --cumulative-csv reports/ogc2026_reboot_v001/benchmark_results_reboot_v317_full.csv --require-fresh-cumulative"
2026-06-30T10:03:36,full_compare_v317_vs_active_train40_20260630_001,hh,v317_prob13_only_window_multiblock,ogc2026\baseline\alg_versions\reboot_v317_20260630_trackA_prob13_only_window_multiblock_on_v314.py,7c15bb2c71af03054c188559cd9b58859b5b0a5a989dfc7562021763f2ed031a,9dfaa0ac5fa3e0f16fdfb0890e11b4cb64ea59b8edee029a9c4f13a2c52538b0,hh_algorithm_loop,b8716301,True,prob_7.json,60.000000,60.000000,20.000000,90.000000,true,false,true,true,true,5,131191.0,131191.0,131191.0,0.0,3013,734.0,20.900914,20.44888710975647,150,150,3,,reports\ogc2026_reboot_v001\full_compare_v317_vs_active_train40_20260630_001\solutions\hh__v317_prob13_only_window_multiblock\prob_7.solution.json,reports\ogc2026_reboot_v001\full_compare_v317_vs_active_train40_20260630_001\logs\hh__v317_prob13_only_window_multiblock\prob_7.log,PASS objective=131191.0 obj1=0.0 obj2=3013 obj3=734.0,"C:\Python314\python.exe ogc2026/batchrunner/benchmark.py --algorithm name=active,version=v315_active_surface,path=ogc2026/baseline --algorithm name=hh,version=v317_prob13_only_window_multiblock,path=ogc2026/baseline/alg_versions/reboot_v317_20260630_trackA_prob13_only_window_multiblock_on_v314.py --problems train/prob_*.json --timelimit 60 --run-id full_compare_v317_vs_active_train40_20260630_001 --out-dir reports/ogc2026_reboot_v001/full_compare_v317_vs_active_train40_20260630_001 --cumulative-csv reports/ogc2026_reboot_v001/benchmark_results_reboot_v317_full.csv --require-fresh-cumulative"
2026-06-30T10:03:36,full_compare_v317_vs_active_train40_20260630_001,hh,v317_prob13_only_window_multiblock,ogc2026\baseline\alg_versions\reboot_v317_20260630_trackA_prob13_only_window_multiblock_on_v314.py,7c15bb2c71af03054c188559cd9b58859b5b0a5a989dfc7562021763f2ed031a,9dfaa0ac5fa3e0f16fdfb0890e11b4cb64ea59b8edee029a9c4f13a2c52538b0,hh_algorithm_loop,b8716301,True,prob_8.json,60.000000,60.000000,20.000000,90.000000,true,false,true,true,true,5,74968.0,74968.0,74968.0,0.0,1142,352.0,12.532645,12.066856622695923,150,150,2,,reports\ogc2026_reboot_v001\full_compare_v317_vs_active_train40_20260630_001\solutions\hh__v317_prob13_only_window_multiblock\prob_8.solution.json,reports\ogc2026_reboot_v001\full_compare_v317_vs_active_train40_20260630_001\logs\hh__v317_prob13_only_window_multiblock\prob_8.log,PASS objective=74968.0 obj1=0.0 obj2=1142 obj3=352.0,"C:\Python314\python.exe ogc2026/batchrunner/benchmark.py --algorithm name=active,version=v315_active_surface,path=ogc2026/baseline --algorithm name=hh,version=v317_prob13_only_window_multiblock,path=ogc2026/baseline/alg_versions/reboot_v317_20260630_trackA_prob13_only_window_multiblock_on_v314.py --problems train/prob_*.json --timelimit 60 --run-id full_compare_v317_vs_active_train40_20260630_001 --out-dir reports/ogc2026_reboot_v001/full_compare_v317_vs_active_train40_20260630_001 --cumulative-csv reports/ogc2026_reboot_v001/benchmark_results_reboot_v317_full.csv --require-fresh-cumulative"
2026-06-30T10:03:36,full_compare_v317_vs_active_train40_20260630_001,hh,v317_prob13_only_window_multiblock,ogc2026\baseline\alg_versions\reboot_v317_20260630_trackA_prob13_only_window_multiblock_on_v314.py,7c15bb2c71af03054c188559cd9b58859b5b0a5a989dfc7562021763f2ed031a,9dfaa0ac5fa3e0f16fdfb0890e11b4cb64ea59b8edee029a9c4f13a2c52538b0,hh_algorithm_loop,b8716301,True,prob_9.json,60.000000,60.000000,20.000000,90.000000,true,false,true,true,true,5,237200.0,237200.0,237200.0,0.0,1090,1545.0,27.897552,27.43177628517151,200,200,3,,reports\ogc2026_reboot_v001\full_compare_v317_vs_active_train40_20260630_001\solutions\hh__v317_prob13_only_window_multiblock\prob_9.solution.json,reports\ogc2026_reboot_v001\full_compare_v317_vs_active_train40_20260630_001\logs\hh__v317_prob13_only_window_multiblock\prob_9.log,PASS objective=237200.0 obj1=0.0 obj2=1090 obj3=1545.0,"C:\Python314\python.exe ogc2026/batchrunner/benchmark.py --algorithm name=active,version=v315_active_surface,path=ogc2026/baseline --algorithm name=hh,version=v317_prob13_only_window_multiblock,path=ogc2026/baseline/alg_versions/reboot_v317_20260630_trackA_prob13_only_window_multiblock_on_v314.py --problems train/prob_*.json --timelimit 60 --run-id full_compare_v317_vs_active_train40_20260630_001 --out-dir reports/ogc2026_reboot_v001/full_compare_v317_vs_active_train40_20260630_001 --cumulative-csv reports/ogc2026_reboot_v001/benchmark_results_reboot_v317_full.csv --require-fresh-cumulative"
2026-06-30T10:03:36,full_compare_v317_vs_active_train40_20260630_001,hh,v317_prob13_only_window_multiblock,ogc2026\baseline\alg_versions\reboot_v317_20260630_trackA_prob13_only_window_multiblock_on_v314.py,7c15bb2c71af03054c188559cd9b58859b5b0a5a989dfc7562021763f2ed031a,9dfaa0ac5fa3e0f16fdfb0890e11b4cb64ea59b8edee029a9c4f13a2c52538b0,hh_algorithm_loop,b8716301,True,prob_10.json,60.000000,60.000000,20.000000,90.000000,true,false,true,true,true,5,943557.0,943557.0,943557.0,43.0,2601,2255.0,34.388670,33.63731551170349,200,200,4,,reports\ogc2026_reboot_v001\full_compare_v317_vs_active_train40_20260630_001\solutions\hh__v317_prob13_only_window_multiblock\prob_10.solution.json,reports\ogc2026_reboot_v001\full_compare_v317_vs_active_train40_20260630_001\logs\hh__v317_prob13_only_window_multiblock\prob_10.log,PASS objective=943557.0 obj1=43.0 obj2=2601 obj3=2255.0,"C:\Python314\python.exe ogc2026/batchrunner/benchmark.py --algorithm name=active,version=v315_active_surface,path=ogc2026/baseline --algorithm name=hh,version=v317_prob13_only_window_multiblock,path=ogc2026/baseline/alg_versions/reboot_v317_20260630_trackA_prob13_only_window_multiblock_on_v314.py --problems train/prob_*.json --timelimit 60 --run-id full_compare_v317_vs_active_train40_20260630_001 --out-dir reports/ogc2026_reboot_v001/full_compare_v317_vs_active_train40_20260630_001 --cumulative-csv reports/ogc2026_reboot_v001/benchmark_results_reboot_v317_full.csv --require-fresh-cumulative"
2026-06-30T10:03:36,full_compare_v317_vs_active_train40_20260630_001,hh,v317_prob13_only_window_multiblock,ogc2026\baseline\alg_versions\reboot_v317_20260630_trackA_prob13_only_window_multiblock_on_v314.py,7c15bb2c71af03054c188559cd9b58859b5b0a5a989dfc7562021763f2ed031a,9dfaa0ac5fa3e0f16fdfb0890e11b4cb64ea59b8edee029a9c4f13a2c52538b0,hh_algorithm_loop,b8716301,True,prob_11.json,60.000000,60.000000,20.000000,90.000000,true,false,true,true,true,5,7986128.0,7986128.0,7986128.0,334.0,414,2624.0,55.898137,55.42305111885071,200,200,4,,reports\ogc2026_reboot_v001\full_compare_v317_vs_active_train40_20260630_001\solutions\hh__v317_prob13_only_window_multiblock\prob_11.solution.json,reports\ogc2026_reboot_v001\full_compare_v317_vs_active_train40_20260630_001\logs\hh__v317_prob13_only_window_multiblock\prob_11.log,PASS objective=7986128.0 obj1=334.0 obj2=414 obj3=2624.0,"C:\Python314\python.exe ogc2026/batchrunner/benchmark.py --algorithm name=active,version=v315_active_surface,path=ogc2026/baseline --algorithm name=hh,version=v317_prob13_only_window_multiblock,path=ogc2026/baseline/alg_versions/reboot_v317_20260630_trackA_prob13_only_window_multiblock_on_v314.py --problems train/prob_*.json --timelimit 60 --run-id full_compare_v317_vs_active_train40_20260630_001 --out-dir reports/ogc2026_reboot_v001/full_compare_v317_vs_active_train40_20260630_001 --cumulative-csv reports/ogc2026_reboot_v001/benchmark_results_reboot_v317_full.csv --require-fresh-cumulative"
2026-06-30T10:03:36,full_compare_v317_vs_active_train40_20260630_001,hh,v317_prob13_only_window_multiblock,ogc2026\baseline\alg_versions\reboot_v317_20260630_trackA_prob13_only_window_multiblock_on_v314.py,7c15bb2c71af03054c188559cd9b58859b5b0a5a989dfc7562021763f2ed031a,9dfaa0ac5fa3e0f16fdfb0890e11b4cb64ea59b8edee029a9c4f13a2c52538b0,hh_algorithm_loop,b8716301,True,prob_12.json,60.000000,60.000000,20.000000,90.000000,true,false,true,true,true,5,553078.0,553078.0,553078.0,8.0,6633,2491.0,25.014909,24.572340726852417,200,200,4,,reports\ogc2026_reboot_v001\full_compare_v317_vs_active_train40_20260630_001\solutions\hh__v317_prob13_only_window_multiblock\prob_12.solution.json,reports\ogc2026_reboot_v001\full_compare_v317_vs_active_train40_20260630_001\logs\hh__v317_prob13_only_window_multiblock\prob_12.log,PASS objective=553078.0 obj1=8.0 obj2=6633 obj3=2491.0,"C:\Python314\python.exe ogc2026/batchrunner/benchmark.py --algorithm name=active,version=v315_active_surface,path=ogc2026/baseline --algorithm name=hh,version=v317_prob13_only_window_multiblock,path=ogc2026/baseline/alg_versions/reboot_v317_20260630_trackA_prob13_only_window_multiblock_on_v314.py --problems train/prob_*.json --timelimit 60 --run-id full_compare_v317_vs_active_train40_20260630_001 --out-dir reports/ogc2026_reboot_v001/full_compare_v317_vs_active_train40_20260630_001 --cumulative-csv reports/ogc2026_reboot_v001/benchmark_results_reboot_v317_full.csv --require-fresh-cumulative"
2026-06-30T10:03:36,full_compare_v317_vs_active_train40_20260630_001,hh,v317_prob13_only_window_multiblock,ogc2026\baseline\alg_versions\reboot_v317_20260630_trackA_prob13_only_window_multiblock_on_v314.py,7c15bb2c71af03054c188559cd9b58859b5b0a5a989dfc7562021763f2ed031a,9dfaa0ac5fa3e0f16fdfb0890e11b4cb64ea59b8edee029a9c4f13a2c52538b0,hh_algorithm_loop,b8716301,True,prob_13.json,60.000000,60.000000,20.000000,90.000000,true,false,true,true,true,5,8863902.0,8863902.0,8863902.0,443.0,4438,4509.0,55.124493,54.648725509643555,250,250,4,,reports\ogc2026_reboot_v001\full_compare_v317_vs_active_train40_20260630_001\solutions\hh__v317_prob13_only_window_multiblock\prob_13.solution.json,reports\ogc2026_reboot_v001\full_compare_v317_vs_active_train40_20260630_001\logs\hh__v317_prob13_only_window_multiblock\prob_13.log,PASS objective=8863902.0 obj1=443.0 obj2=4438 obj3=4509.0,"C:\Python314\python.exe ogc2026/batchrunner/benchmark.py --algorithm name=active,version=v315_active_surface,path=ogc2026/baseline --algorithm name=hh,version=v317_prob13_only_window_multiblock,path=ogc2026/baseline/alg_versions/reboot_v317_20260630_trackA_prob13_only_window_multiblock_on_v314.py --problems train/prob_*.json --timelimit 60 --run-id full_compare_v317_vs_active_train40_20260630_001 --out-dir reports/ogc2026_reboot_v001/full_compare_v317_vs_active_train40_20260630_001 --cumulative-csv reports/ogc2026_reboot_v001/benchmark_results_reboot_v317_full.csv --require-fresh-cumulative"
2026-06-30T10:03:36,full_compare_v317_vs_active_train40_20260630_001,hh,v317_prob13_only_window_multiblock,ogc2026\baseline\alg_versions\reboot_v317_20260630_trackA_prob13_only_window_multiblock_on_v314.py,7c15bb2c71af03054c188559cd9b58859b5b0a5a989dfc7562021763f2ed031a,9dfaa0ac5fa3e0f16fdfb0890e11b4cb64ea59b8edee029a9c4f13a2c52538b0,hh_algorithm_loop,b8716301,True,prob_14.json,60.000000,60.000000,20.000000,90.000000,true,false,true,true,true,5,3795716.0,3795716.0,3795716.0,181.0,3301,4221.0,56.126110,55.36277198791504,250,250,4,,reports\ogc2026_reboot_v001\full_compare_v317_vs_active_train40_20260630_001\solutions\hh__v317_prob13_only_window_multiblock\prob_14.solution.json,reports\ogc2026_reboot_v001\full_compare_v317_vs_active_train40_20260630_001\logs\hh__v317_prob13_only_window_multiblock\prob_14.log,PASS objective=3795716.0 obj1=181.0 obj2=3301 obj3=4221.0,"C:\Python314\python.exe ogc2026/batchrunner/benchmark.py --algorithm name=active,version=v315_active_surface,path=ogc2026/baseline --algorithm name=hh,version=v317_prob13_only_window_multiblock,path=ogc2026/baseline/alg_versions/reboot_v317_20260630_trackA_prob13_only_window_multiblock_on_v314.py --problems train/prob_*.json --timelimit 60 --run-id full_compare_v317_vs_active_train40_20260630_001 --out-dir reports/ogc2026_reboot_v001/full_compare_v317_vs_active_train40_20260630_001 --cumulative-csv reports/ogc2026_reboot_v001/benchmark_results_reboot_v317_full.csv --require-fresh-cumulative"
2026-06-30T10:03:36,full_compare_v317_vs_active_train40_20260630_001,hh,v317_prob13_only_window_multiblock,ogc2026\baseline\alg_versions\reboot_v317_20260630_trackA_prob13_only_window_multiblock_on_v314.py,7c15bb2c71af03054c188559cd9b58859b5b0a5a989dfc7562021763f2ed031a,9dfaa0ac5fa3e0f16fdfb0890e11b4cb64ea59b8edee029a9c4f13a2c52538b0,hh_algorithm_loop,b8716301,True,prob_15.json,60.000000,60.000000,20.000000,90.000000,true,false,true,true,true,5,844023.0,844023.0,844023.0,25.0,3465,3431.0,38.067964,37.5992488861084,250,250,4,,reports\ogc2026_reboot_v001\full_compare_v317_vs_active_train40_20260630_001\solutions\hh__v317_prob13_only_window_multiblock\prob_15.solution.json,reports\ogc2026_reboot_v001\full_compare_v317_vs_active_train40_20260630_001\logs\hh__v317_prob13_only_window_multiblock\prob_15.log,PASS objective=844023.0 obj1=25.0 obj2=3465 obj3=3431.0,"C:\Python314\python.exe ogc2026/batchrunner/benchmark.py --algorithm name=active,version=v315_active_surface,path=ogc2026/baseline --algorithm name=hh,version=v317_prob13_only_window_multiblock,path=ogc2026/baseline/alg_versions/reboot_v317_20260630_trackA_prob13_only_window_multiblock_on_v314.py --problems train/prob_*.json --timelimit 60 --run-id full_compare_v317_vs_active_train40_20260630_001 --out-dir reports/ogc2026_reboot_v001/full_compare_v317_vs_active_train40_20260630_001 --cumulative-csv reports/ogc2026_reboot_v001/benchmark_results_reboot_v317_full.csv --require-fresh-cumulative"
2026-06-30T10:03:36,full_compare_v317_vs_active_train40_20260630_001,hh,v317_prob13_only_window_multiblock,ogc2026\baseline\alg_versions\reboot_v317_20260630_trackA_prob13_only_window_multiblock_on_v314.py,7c15bb2c71af03054c188559cd9b58859b5b0a5a989dfc7562021763f2ed031a,9dfaa0ac5fa3e0f16fdfb0890e11b4cb64ea59b8edee029a9c4f13a2c52538b0,hh_algorithm_loop,b8716301,True,prob_16.json,60.000000,60.000000,20.000000,90.000000,true,false,true,true,true,5,176817.0,176817.0,176817.0,0.0,2938,1219.0,13.011847,12.540399551391602,250,250,4,,reports\ogc2026_reboot_v001\full_compare_v317_vs_active_train40_20260630_001\solutions\hh__v317_prob13_only_window_multiblock\prob_16.solution.json,reports\ogc2026_reboot_v001\full_compare_v317_vs_active_train40_20260630_001\logs\hh__v317_prob13_only_window_multiblock\prob_16.log,PASS objective=176817.0 obj1=0.0 obj2=2938 obj3=1219.0,"C:\Python314\python.exe ogc2026/batchrunner/benchmark.py --algorithm name=active,version=v315_active_surface,path=ogc2026/baseline --algorithm name=hh,version=v317_prob13_only_window_multiblock,path=ogc2026/baseline/alg_versions/reboot_v317_20260630_trackA_prob13_only_window_multiblock_on_v314.py --problems train/prob_*.json --timelimit 60 --run-id full_compare_v317_vs_active_train40_20260630_001 --out-dir reports/ogc2026_reboot_v001/full_compare_v317_vs_active_train40_20260630_001 --cumulative-csv reports/ogc2026_reboot_v001/benchmark_results_reboot_v317_full.csv --require-fresh-cumulative"
2026-06-30T10:03:36,full_compare_v317_vs_active_train40_20260630_001,hh,v317_prob13_only_window_multiblock,ogc2026\baseline\alg_versions\reboot_v317_20260630_trackA_prob13_only_window_multiblock_on_v314.py,7c15bb2c71af03054c188559cd9b58859b5b0a5a989dfc7562021763f2ed031a,9dfaa0ac5fa3e0f16fdfb0890e11b4cb64ea59b8edee029a9c4f13a2c52538b0,hh_algorithm_loop,b8716301,True,prob_17.json,60.000000,60.000000,20.000000,90.000000,true,false,true,true,true,5,338183.0,338183.0,338183.0,13.0,5749,1422.0,19.372967,18.878010511398315,300,300,4,,reports\ogc2026_reboot_v001\full_compare_v317_vs_active_train40_20260630_001\solutions\hh__v317_prob13_only_window_multiblock\prob_17.solution.json,reports\ogc2026_reboot_v001\full_compare_v317_vs_active_train40_20260630_001\logs\hh__v317_prob13_only_window_multiblock\prob_17.log,PASS objective=338183.0 obj1=13.0 obj2=5749 obj3=1422.0,"C:\Python314\python.exe ogc2026/batchrunner/benchmark.py --algorithm name=active,version=v315_active_surface,path=ogc2026/baseline --algorithm name=hh,version=v317_prob13_only_window_multiblock,path=ogc2026/baseline/alg_versions/reboot_v317_20260630_trackA_prob13_only_window_multiblock_on_v314.py --problems train/prob_*.json --timelimit 60 --run-id full_compare_v317_vs_active_train40_20260630_001 --out-dir reports/ogc2026_reboot_v001/full_compare_v317_vs_active_train40_20260630_001 --cumulative-csv reports/ogc2026_reboot_v001/benchmark_results_reboot_v317_full.csv --require-fresh-cumulative"
2026-06-30T10:03:36,full_compare_v317_vs_active_train40_20260630_001,hh,v317_prob13_only_window_multiblock,ogc2026\baseline\alg_versions\reboot_v317_20260630_trackA_prob13_only_window_multiblock_on_v314.py,7c15bb2c71af03054c188559cd9b58859b5b0a5a989dfc7562021763f2ed031a,9dfaa0ac5fa3e0f16fdfb0890e11b4cb64ea59b8edee029a9c4f13a2c52538b0,hh_algorithm_loop,b8716301,True,prob_18.json,60.000000,60.000000,20.000000,90.000000,true,false,true,true,true,5,264994.0,264994.0,264994.0,0.0,3406,1890.0,24.028416,23.48234724998474,300,300,4,,reports\ogc2026_reboot_v001\full_compare_v317_vs_active_train40_20260630_001\solutions\hh__v317_prob13_only_window_multiblock\prob_18.solution.json,reports\ogc2026_reboot_v001\full_compare_v317_vs_active_train40_20260630_001\logs\hh__v317_prob13_only_window_multiblock\prob_18.log,PASS objective=264994.0 obj1=0.0 obj2=3406 obj3=1890.0,"C:\Python314\python.exe ogc2026/batchrunner/benchmark.py --algorithm name=active,version=v315_active_surface,path=ogc2026/baseline --algorithm name=hh,version=v317_prob13_only_window_multiblock,path=ogc2026/baseline/alg_versions/reboot_v317_20260630_trackA_prob13_only_window_multiblock_on_v314.py --problems train/prob_*.json --timelimit 60 --run-id full_compare_v317_vs_active_train40_20260630_001 --out-dir reports/ogc2026_reboot_v001/full_compare_v317_vs_active_train40_20260630_001 --cumulative-csv reports/ogc2026_reboot_v001/benchmark_results_reboot_v317_full.csv --require-fresh-cumulative"
2026-06-30T10:03:36,full_compare_v317_vs_active_train40_20260630_001,hh,v317_prob13_only_window_multiblock,ogc2026\baseline\alg_versions\reboot_v317_20260630_trackA_prob13_only_window_multiblock_on_v314.py,7c15bb2c71af03054c188559cd9b58859b5b0a5a989dfc7562021763f2ed031a,9dfaa0ac5fa3e0f16fdfb0890e11b4cb64ea59b8edee029a9c4f13a2c52538b0,hh_algorithm_loop,b8716301,True,prob_19.json,60.000000,60.000000,20.000000,90.000000,true,false,true,true,true,5,1896684.0,1896684.0,1896684.0,123.0,6544,4199.0,41.048446,40.56461977958679,300,300,4,,reports\ogc2026_reboot_v001\full_compare_v317_vs_active_train40_20260630_001\solutions\hh__v317_prob13_only_window_multiblock\prob_19.solution.json,reports\ogc2026_reboot_v001\full_compare_v317_vs_active_train40_20260630_001\logs\hh__v317_prob13_only_window_multiblock\prob_19.log,PASS objective=1896684.0 obj1=123.0 obj2=6544 obj3=4199.0,"C:\Python314\python.exe ogc2026/batchrunner/benchmark.py --algorithm name=active,version=v315_active_surface,path=ogc2026/baseline --algorithm name=hh,version=v317_prob13_only_window_multiblock,path=ogc2026/baseline/alg_versions/reboot_v317_20260630_trackA_prob13_only_window_multiblock_on_v314.py --problems train/prob_*.json --timelimit 60 --run-id full_compare_v317_vs_active_train40_20260630_001 --out-dir reports/ogc2026_reboot_v001/full_compare_v317_vs_active_train40_20260630_001 --cumulative-csv reports/ogc2026_reboot_v001/benchmark_results_reboot_v317_full.csv --require-fresh-cumulative"
2026-06-30T10:03:36,full_compare_v317_vs_active_train40_20260630_001,hh,v317_prob13_only_window_multiblock,ogc2026\baseline\alg_versions\reboot_v317_20260630_trackA_prob13_only_window_multiblock_on_v314.py,7c15bb2c71af03054c188559cd9b58859b5b0a5a989dfc7562021763f2ed031a,9dfaa0ac5fa3e0f16fdfb0890e11b4cb64ea59b8edee029a9c4f13a2c52538b0,hh_algorithm_loop,b8716301,True,prob_20.json,60.000000,60.000000,20.000000,90.000000,true,false,true,true,true,5,5199740.0,5199740.0,5199740.0,164.0,3642,6436.0,46.500825,46.03540372848511,300,300,5,,reports\ogc2026_reboot_v001\full_compare_v317_vs_active_train40_20260630_001\solutions\hh__v317_prob13_only_window_multiblock\prob_20.solution.json,reports\ogc2026_reboot_v001\full_compare_v317_vs_active_train40_20260630_001\logs\hh__v317_prob13_only_window_multiblock\prob_20.log,PASS objective=5199740.0 obj1=164.0 obj2=3642 obj3=6436.0,"C:\Python314\python.exe ogc2026/batchrunner/benchmark.py --algorithm name=active,version=v315_active_surface,path=ogc2026/baseline --algorithm name=hh,version=v317_prob13_only_window_multiblock,path=ogc2026/baseline/alg_versions/reboot_v317_20260630_trackA_prob13_only_window_multiblock_on_v314.py --problems train/prob_*.json --timelimit 60 --run-id full_compare_v317_vs_active_train40_20260630_001 --out-dir reports/ogc2026_reboot_v001/full_compare_v317_vs_active_train40_20260630_001 --cumulative-csv reports/ogc2026_reboot_v001/benchmark_results_reboot_v317_full.csv --require-fresh-cumulative"
2026-06-30T10:03:36,full_compare_v317_vs_active_train40_20260630_001,hh,v317_prob13_only_window_multiblock,ogc2026\baseline\alg_versions\reboot_v317_20260630_trackA_prob13_only_window_multiblock_on_v314.py,7c15bb2c71af03054c188559cd9b58859b5b0a5a989dfc7562021763f2ed031a,9dfaa0ac5fa3e0f16fdfb0890e11b4cb64ea59b8edee029a9c4f13a2c52538b0,hh_algorithm_loop,b8716301,True,prob_21.json,60.000000,60.000000,20.000000,90.000000,true,false,true,true,true,5,9383482.0,9383482.0,9383482.0,664.0,522,3501.0,10.908959,10.463343858718872,100,100,3,,reports\ogc2026_reboot_v001\full_compare_v317_vs_active_train40_20260630_001\solutions\hh__v317_prob13_only_window_multiblock\prob_21.solution.json,reports\ogc2026_reboot_v001\full_compare_v317_vs_active_train40_20260630_001\logs\hh__v317_prob13_only_window_multiblock\prob_21.log,PASS objective=9383482.0 obj1=664.0 obj2=522 obj3=3501.0,"C:\Python314\python.exe ogc2026/batchrunner/benchmark.py --algorithm name=active,version=v315_active_surface,path=ogc2026/baseline --algorithm name=hh,version=v317_prob13_only_window_multiblock,path=ogc2026/baseline/alg_versions/reboot_v317_20260630_trackA_prob13_only_window_multiblock_on_v314.py --problems train/prob_*.json --timelimit 60 --run-id full_compare_v317_vs_active_train40_20260630_001 --out-dir reports/ogc2026_reboot_v001/full_compare_v317_vs_active_train40_20260630_001 --cumulative-csv reports/ogc2026_reboot_v001/benchmark_results_reboot_v317_full.csv --require-fresh-cumulative"
2026-06-30T10:03:36,full_compare_v317_vs_active_train40_20260630_001,hh,v317_prob13_only_window_multiblock,ogc2026\baseline\alg_versions\reboot_v317_20260630_trackA_prob13_only_window_multiblock_on_v314.py,7c15bb2c71af03054c188559cd9b58859b5b0a5a989dfc7562021763f2ed031a,9dfaa0ac5fa3e0f16fdfb0890e11b4cb64ea59b8edee029a9c4f13a2c52538b0,hh_algorithm_loop,b8716301,True,prob_22.json,60.000000,60.000000,20.000000,90.000000,true,false,true,true,true,5,1837996.0,1837996.0,1837996.0,26.0,2446,3710.0,19.338150,18.86171007156372,100,100,2,,reports\ogc2026_reboot_v001\full_compare_v317_vs_active_train40_20260630_001\solutions\hh__v317_prob13_only_window_multiblock\prob_22.solution.json,reports\ogc2026_reboot_v001\full_compare_v317_vs_active_train40_20260630_001\logs\hh__v317_prob13_only_window_multiblock\prob_22.log,PASS objective=1837996.0 obj1=26.0 obj2=2446 obj3=3710.0,"C:\Python314\python.exe ogc2026/batchrunner/benchmark.py --algorithm name=active,version=v315_active_surface,path=ogc2026/baseline --algorithm name=hh,version=v317_prob13_only_window_multiblock,path=ogc2026/baseline/alg_versions/reboot_v317_20260630_trackA_prob13_only_window_multiblock_on_v314.py --problems train/prob_*.json --timelimit 60 --run-id full_compare_v317_vs_active_train40_20260630_001 --out-dir reports/ogc2026_reboot_v001/full_compare_v317_vs_active_train40_20260630_001 --cumulative-csv reports/ogc2026_reboot_v001/benchmark_results_reboot_v317_full.csv --require-fresh-cumulative"
2026-06-30T10:03:36,full_compare_v317_vs_active_train40_20260630_001,hh,v317_prob13_only_window_multiblock,ogc2026\baseline\alg_versions\reboot_v317_20260630_trackA_prob13_only_window_multiblock_on_v314.py,7c15bb2c71af03054c188559cd9b58859b5b0a5a989dfc7562021763f2ed031a,9dfaa0ac5fa3e0f16fdfb0890e11b4cb64ea59b8edee029a9c4f13a2c52538b0,hh_algorithm_loop,b8716301,True,prob_23.json,60.000000,60.000000,20.000000,90.000000,true,false,true,true,true,5,20686068.0,20686068.0,20686068.0,1497.0,35,1940.0,25.605636,25.159801721572876,100,100,2,,reports\ogc2026_reboot_v001\full_compare_v317_vs_active_train40_20260630_001\solutions\hh__v317_prob13_only_window_multiblock\prob_23.solution.json,reports\ogc2026_reboot_v001\full_compare_v317_vs_active_train40_20260630_001\logs\hh__v317_prob13_only_window_multiblock\prob_23.log,PASS objective=20686068.0 obj1=1497.0 obj2=35 obj3=1940.0,"C:\Python314\python.exe ogc2026/batchrunner/benchmark.py --algorithm name=active,version=v315_active_surface,path=ogc2026/baseline --algorithm name=hh,version=v317_prob13_only_window_multiblock,path=ogc2026/baseline/alg_versions/reboot_v317_20260630_trackA_prob13_only_window_multiblock_on_v314.py --problems train/prob_*.json --timelimit 60 --run-id full_compare_v317_vs_active_train40_20260630_001 --out-dir reports/ogc2026_reboot_v001/full_compare_v317_vs_active_train40_20260630_001 --cumulative-csv reports/ogc2026_reboot_v001/benchmark_results_reboot_v317_full.csv --require-fresh-cumulative"
2026-06-30T10:03:36,full_compare_v317_vs_active_train40_20260630_001,hh,v317_prob13_only_window_multiblock,ogc2026\baseline\alg_versions\reboot_v317_20260630_trackA_prob13_only_window_multiblock_on_v314.py,7c15bb2c71af03054c188559cd9b58859b5b0a5a989dfc7562021763f2ed031a,9dfaa0ac5fa3e0f16fdfb0890e11b4cb64ea59b8edee029a9c4f13a2c52538b0,hh_algorithm_loop,b8716301,True,prob_24.json,60.000000,60.000000,20.000000,90.000000,true,false,true,true,true,5,2981583.0,2981583.0,2981583.0,166.0,1381,2538.0,37.103273,36.64897441864014,100,100,3,,reports\ogc2026_reboot_v001\full_compare_v317_vs_active_train40_20260630_001\solutions\hh__v317_prob13_only_window_multiblock\prob_24.solution.json,reports\ogc2026_reboot_v001\full_compare_v317_vs_active_train40_20260630_001\logs\hh__v317_prob13_only_window_multiblock\prob_24.log,PASS objective=2981583.0 obj1=166.0 obj2=1381 obj3=2538.0,"C:\Python314\python.exe ogc2026/batchrunner/benchmark.py --algorithm name=active,version=v315_active_surface,path=ogc2026/baseline --algorithm name=hh,version=v317_prob13_only_window_multiblock,path=ogc2026/baseline/alg_versions/reboot_v317_20260630_trackA_prob13_only_window_multiblock_on_v314.py --problems train/prob_*.json --timelimit 60 --run-id full_compare_v317_vs_active_train40_20260630_001 --out-dir reports/ogc2026_reboot_v001/full_compare_v317_vs_active_train40_20260630_001 --cumulative-csv reports/ogc2026_reboot_v001/benchmark_results_reboot_v317_full.csv --require-fresh-cumulative"
2026-06-30T10:03:36,full_compare_v317_vs_active_train40_20260630_001,hh,v317_prob13_only_window_multiblock,ogc2026\baseline\alg_versions\reboot_v317_20260630_trackA_prob13_only_window_multiblock_on_v314.py,7c15bb2c71af03054c188559cd9b58859b5b0a5a989dfc7562021763f2ed031a,9dfaa0ac5fa3e0f16fdfb0890e11b4cb64ea59b8edee029a9c4f13a2c52538b0,hh_algorithm_loop,b8716301,True,prob_25.json,60.000000,60.000000,20.000000,90.000000,true,false,true,true,true,5,1454484.0,1454484.0,1454484.0,2089.0,241,3044.0,32.155545,31.691455364227295,100,100,2,,reports\ogc2026_reboot_v001\full_compare_v317_vs_active_train40_20260630_001\solutions\hh__v317_prob13_only_window_multiblock\prob_25.solution.json,reports\ogc2026_reboot_v001\full_compare_v317_vs_active_train40_20260630_001\logs\hh__v317_prob13_only_window_multiblock\prob_25.log,PASS objective=1454484.0 obj1=2089.0 obj2=241 obj3=3044.0,"C:\Python314\python.exe ogc2026/batchrunner/benchmark.py --algorithm name=active,version=v315_active_surface,path=ogc2026/baseline --algorithm name=hh,version=v317_prob13_only_window_multiblock,path=ogc2026/baseline/alg_versions/reboot_v317_20260630_trackA_prob13_only_window_multiblock_on_v314.py --problems train/prob_*.json --timelimit 60 --run-id full_compare_v317_vs_active_train40_20260630_001 --out-dir reports/ogc2026_reboot_v001/full_compare_v317_vs_active_train40_20260630_001 --cumulative-csv reports/ogc2026_reboot_v001/benchmark_results_reboot_v317_full.csv --require-fresh-cumulative"
2026-06-30T10:03:36,full_compare_v317_vs_active_train40_20260630_001,hh,v317_prob13_only_window_multiblock,ogc2026\baseline\alg_versions\reboot_v317_20260630_trackA_prob13_only_window_multiblock_on_v314.py,7c15bb2c71af03054c188559cd9b58859b5b0a5a989dfc7562021763f2ed031a,9dfaa0ac5fa3e0f16fdfb0890e11b4cb64ea59b8edee029a9c4f13a2c52538b0,hh_algorithm_loop,b8716301,True,prob_26.json,60.000000,60.000000,20.000000,90.000000,true,false,true,true,true,5,31708207.0,31708207.0,31708207.0,2305.0,2556,6385.0,26.606128,25.86590886116028,150,150,3,,reports\ogc2026_reboot_v001\full_compare_v317_vs_active_train40_20260630_001\solutions\hh__v317_prob13_only_window_multiblock\prob_26.solution.json,reports\ogc2026_reboot_v001\full_compare_v317_vs_active_train40_20260630_001\logs\hh__v317_prob13_only_window_multiblock\prob_26.log,PASS objective=31708207.0 obj1=2305.0 obj2=2556 obj3=6385.0,"C:\Python314\python.exe ogc2026/batchrunner/benchmark.py --algorithm name=active,version=v315_active_surface,path=ogc2026/baseline --algorithm name=hh,version=v317_prob13_only_window_multiblock,path=ogc2026/baseline/alg_versions/reboot_v317_20260630_trackA_prob13_only_window_multiblock_on_v314.py --problems train/prob_*.json --timelimit 60 --run-id full_compare_v317_vs_active_train40_20260630_001 --out-dir reports/ogc2026_reboot_v001/full_compare_v317_vs_active_train40_20260630_001 --cumulative-csv reports/ogc2026_reboot_v001/benchmark_results_reboot_v317_full.csv --require-fresh-cumulative"
2026-06-30T10:03:36,full_compare_v317_vs_active_train40_20260630_001,hh,v317_prob13_only_window_multiblock,ogc2026\baseline\alg_versions\reboot_v317_20260630_trackA_prob13_only_window_multiblock_on_v314.py,7c15bb2c71af03054c188559cd9b58859b5b0a5a989dfc7562021763f2ed031a,9dfaa0ac5fa3e0f16fdfb0890e11b4cb64ea59b8edee029a9c4f13a2c52538b0,hh_algorithm_loop,b8716301,True,prob_27.json,60.000000,60.000000,20.000000,90.000000,true,false,true,true,true,5,75028700.0,75028700.0,75028700.0,5456.0,1926,5700.0,46.988451,46.52950954437256,150,150,2,,reports\ogc2026_reboot_v001\full_compare_v317_vs_active_train40_20260630_001\solutions\hh__v317_prob13_only_window_multiblock\prob_27.solution.json,reports\ogc2026_reboot_v001\full_compare_v317_vs_active_train40_20260630_001\logs\hh__v317_prob13_only_window_multiblock\prob_27.log,PASS objective=75028700.0 obj1=5456.0 obj2=1926 obj3=5700.0,"C:\Python314\python.exe ogc2026/batchrunner/benchmark.py --algorithm name=active,version=v315_active_surface,path=ogc2026/baseline --algorithm name=hh,version=v317_prob13_only_window_multiblock,path=ogc2026/baseline/alg_versions/reboot_v317_20260630_trackA_prob13_only_window_multiblock_on_v314.py --problems train/prob_*.json --timelimit 60 --run-id full_compare_v317_vs_active_train40_20260630_001 --out-dir reports/ogc2026_reboot_v001/full_compare_v317_vs_active_train40_20260630_001 --cumulative-csv reports/ogc2026_reboot_v001/benchmark_results_reboot_v317_full.csv --require-fresh-cumulative"
2026-06-30T10:03:36,full_compare_v317_vs_active_train40_20260630_001,hh,v317_prob13_only_window_multiblock,ogc2026\baseline\alg_versions\reboot_v317_20260630_trackA_prob13_only_window_multiblock_on_v314.py,7c15bb2c71af03054c188559cd9b58859b5b0a5a989dfc7562021763f2ed031a,9dfaa0ac5fa3e0f16fdfb0890e11b4cb64ea59b8edee029a9c4f13a2c52538b0,hh_algorithm_loop,b8716301,True,prob_28.json,60.000000,60.000000,20.000000,90.000000,true,false,true,true,true,5,18836666.0,18836666.0,18836666.0,1310.0,1012,4558.0,26.081529,25.60111379623413,150,150,3,,reports\ogc2026_reboot_v001\full_compare_v317_vs_active_train40_20260630_001\solutions\hh__v317_prob13_only_window_multiblock\prob_28.solution.json,reports\ogc2026_reboot_v001\full_compare_v317_vs_active_train40_20260630_001\logs\hh__v317_prob13_only_window_multiblock\prob_28.log,PASS objective=18836666.0 obj1=1310.0 obj2=1012 obj3=4558.0,"C:\Python314\python.exe ogc2026/batchrunner/benchmark.py --algorithm name=active,version=v315_active_surface,path=ogc2026/baseline --algorithm name=hh,version=v317_prob13_only_window_multiblock,path=ogc2026/baseline/alg_versions/reboot_v317_20260630_trackA_prob13_only_window_multiblock_on_v314.py --problems train/prob_*.json --timelimit 60 --run-id full_compare_v317_vs_active_train40_20260630_001 --out-dir reports/ogc2026_reboot_v001/full_compare_v317_vs_active_train40_20260630_001 --cumulative-csv reports/ogc2026_reboot_v001/benchmark_results_reboot_v317_full.csv --require-fresh-cumulative"
2026-06-30T10:03:36,full_compare_v317_vs_active_train40_20260630_001,hh,v317_prob13_only_window_multiblock,ogc2026\baseline\alg_versions\reboot_v317_20260630_trackA_prob13_only_window_multiblock_on_v314.py,7c15bb2c71af03054c188559cd9b58859b5b0a5a989dfc7562021763f2ed031a,9dfaa0ac5fa3e0f16fdfb0890e11b4cb64ea59b8edee029a9c4f13a2c52538b0,hh_algorithm_loop,b8716301,True,prob_29.json,60.000000,60.000000,20.000000,90.000000,true,false,true,true,true,5,7782572.0,7782572.0,7782572.0,446.0,3918,6081.0,33.006839,32.55388259887695,150,150,3,,reports\ogc2026_reboot_v001\full_compare_v317_vs_active_train40_20260630_001\solutions\hh__v317_prob13_only_window_multiblock\prob_29.solution.json,reports\ogc2026_reboot_v001\full_compare_v317_vs_active_train40_20260630_001\logs\hh__v317_prob13_only_window_multiblock\prob_29.log,PASS objective=7782572.0 obj1=446.0 obj2=3918 obj3=6081.0,"C:\Python314\python.exe ogc2026/batchrunner/benchmark.py --algorithm name=active,version=v315_active_surface,path=ogc2026/baseline --algorithm name=hh,version=v317_prob13_only_window_multiblock,path=ogc2026/baseline/alg_versions/reboot_v317_20260630_trackA_prob13_only_window_multiblock_on_v314.py --problems train/prob_*.json --timelimit 60 --run-id full_compare_v317_vs_active_train40_20260630_001 --out-dir reports/ogc2026_reboot_v001/full_compare_v317_vs_active_train40_20260630_001 --cumulative-csv reports/ogc2026_reboot_v001/benchmark_results_reboot_v317_full.csv --require-fresh-cumulative"
2026-06-30T10:03:36,full_compare_v317_vs_active_train40_20260630_001,hh,v317_prob13_only_window_multiblock,ogc2026\baseline\alg_versions\reboot_v317_20260630_trackA_prob13_only_window_multiblock_on_v314.py,7c15bb2c71af03054c188559cd9b58859b5b0a5a989dfc7562021763f2ed031a,9dfaa0ac5fa3e0f16fdfb0890e11b4cb64ea59b8edee029a9c4f13a2c52538b0,hh_algorithm_loop,b8716301,True,prob_30.json,60.000000,60.000000,20.000000,90.000000,true,false,true,true,true,5,31302610.0,31302610.0,31302610.0,2302.0,3211,2986.0,17.592044,17.105949878692627,150,150,2,,reports\ogc2026_reboot_v001\full_compare_v317_vs_active_train40_20260630_001\solutions\hh__v317_prob13_only_window_multiblock\prob_30.solution.json,reports\ogc2026_reboot_v001\full_compare_v317_vs_active_train40_20260630_001\logs\hh__v317_prob13_only_window_multiblock\prob_30.log,PASS objective=31302610.0 obj1=2302.0 obj2=3211 obj3=2986.0,"C:\Python314\python.exe ogc2026/batchrunner/benchmark.py --algorithm name=active,version=v315_active_surface,path=ogc2026/baseline --algorithm name=hh,version=v317_prob13_only_window_multiblock,path=ogc2026/baseline/alg_versions/reboot_v317_20260630_trackA_prob13_only_window_multiblock_on_v314.py --problems train/prob_*.json --timelimit 60 --run-id full_compare_v317_vs_active_train40_20260630_001 --out-dir reports/ogc2026_reboot_v001/full_compare_v317_vs_active_train40_20260630_001 --cumulative-csv reports/ogc2026_reboot_v001/benchmark_results_reboot_v317_full.csv --require-fresh-cumulative"
2026-06-30T10:03:36,full_compare_v317_vs_active_train40_20260630_001,hh,v317_prob13_only_window_multiblock,ogc2026\baseline\alg_versions\reboot_v317_20260630_trackA_prob13_only_window_multiblock_on_v314.py,7c15bb2c71af03054c188559cd9b58859b5b0a5a989dfc7562021763f2ed031a,9dfaa0ac5fa3e0f16fdfb0890e11b4cb64ea59b8edee029a9c4f13a2c52538b0,hh_algorithm_loop,b8716301,True,prob_31.json,60.000000,60.000000,20.000000,90.000000,true,false,true,true,true,5,39589844.0,39589844.0,39589844.0,2735.0,1843,11680.0,53.584084,53.11387491226196,200,200,4,,reports\ogc2026_reboot_v001\full_compare_v317_vs_active_train40_20260630_001\solutions\hh__v317_prob13_only_window_multiblock\prob_31.solution.json,reports\ogc2026_reboot_v001\full_compare_v317_vs_active_train40_20260630_001\logs\hh__v317_prob13_only_window_multiblock\prob_31.log,PASS objective=39589844.0 obj1=2735.0 obj2=1843 obj3=11680.0,"C:\Python314\python.exe ogc2026/batchrunner/benchmark.py --algorithm name=active,version=v315_active_surface,path=ogc2026/baseline --algorithm name=hh,version=v317_prob13_only_window_multiblock,path=ogc2026/baseline/alg_versions/reboot_v317_20260630_trackA_prob13_only_window_multiblock_on_v314.py --problems train/prob_*.json --timelimit 60 --run-id full_compare_v317_vs_active_train40_20260630_001 --out-dir reports/ogc2026_reboot_v001/full_compare_v317_vs_active_train40_20260630_001 --cumulative-csv reports/ogc2026_reboot_v001/benchmark_results_reboot_v317_full.csv --require-fresh-cumulative"
2026-06-30T10:03:36,full_compare_v317_vs_active_train40_20260630_001,hh,v317_prob13_only_window_multiblock,ogc2026\baseline\alg_versions\reboot_v317_20260630_trackA_prob13_only_window_multiblock_on_v314.py,7c15bb2c71af03054c188559cd9b58859b5b0a5a989dfc7562021763f2ed031a,9dfaa0ac5fa3e0f16fdfb0890e11b4cb64ea59b8edee029a9c4f13a2c52538b0,hh_algorithm_loop,b8716301,True,prob_32.json,60.000000,60.000000,20.000000,90.000000,true,false,true,true,true,5,12781706.0,12781706.0,12781706.0,2992.0,2434,4662.0,50.645088,49.896141052246094,200,200,3,,reports\ogc2026_reboot_v001\full_compare_v317_vs_active_train40_20260630_001\solutions\hh__v317_prob13_only_window_multiblock\prob_32.solution.json,reports\ogc2026_reboot_v001\full_compare_v317_vs_active_train40_20260630_001\logs\hh__v317_prob13_only_window_multiblock\prob_32.log,PASS objective=12781706.0 obj1=2992.0 obj2=2434 obj3=4662.0,"C:\Python314\python.exe ogc2026/batchrunner/benchmark.py --algorithm name=active,version=v315_active_surface,path=ogc2026/baseline --algorithm name=hh,version=v317_prob13_only_window_multiblock,path=ogc2026/baseline/alg_versions/reboot_v317_20260630_trackA_prob13_only_window_multiblock_on_v314.py --problems train/prob_*.json --timelimit 60 --run-id full_compare_v317_vs_active_train40_20260630_001 --out-dir reports/ogc2026_reboot_v001/full_compare_v317_vs_active_train40_20260630_001 --cumulative-csv reports/ogc2026_reboot_v001/benchmark_results_reboot_v317_full.csv --require-fresh-cumulative"
2026-06-30T10:03:36,full_compare_v317_vs_active_train40_20260630_001,hh,v317_prob13_only_window_multiblock,ogc2026\baseline\alg_versions\reboot_v317_20260630_trackA_prob13_only_window_multiblock_on_v314.py,7c15bb2c71af03054c188559cd9b58859b5b0a5a989dfc7562021763f2ed031a,9dfaa0ac5fa3e0f16fdfb0890e11b4cb64ea59b8edee029a9c4f13a2c52538b0,hh_algorithm_loop,b8716301,True,prob_33.json,60.000000,60.000000,20.000000,90.000000,true,false,true,true,true,5,26172225.0,26172225.0,26172225.0,3805.0,1094,5289.0,39.323266,38.84674525260925,200,200,3,,reports\ogc2026_reboot_v001\full_compare_v317_vs_active_train40_20260630_001\solutions\hh__v317_prob13_only_window_multiblock\prob_33.solution.json,reports\ogc2026_reboot_v001\full_compare_v317_vs_active_train40_20260630_001\logs\hh__v317_prob13_only_window_multiblock\prob_33.log,PASS objective=26172225.0 obj1=3805.0 obj2=1094 obj3=5289.0,"C:\Python314\python.exe ogc2026/batchrunner/benchmark.py --algorithm name=active,version=v315_active_surface,path=ogc2026/baseline --algorithm name=hh,version=v317_prob13_only_window_multiblock,path=ogc2026/baseline/alg_versions/reboot_v317_20260630_trackA_prob13_only_window_multiblock_on_v314.py --problems train/prob_*.json --timelimit 60 --run-id full_compare_v317_vs_active_train40_20260630_001 --out-dir reports/ogc2026_reboot_v001/full_compare_v317_vs_active_train40_20260630_001 --cumulative-csv reports/ogc2026_reboot_v001/benchmark_results_reboot_v317_full.csv --require-fresh-cumulative"
2026-06-30T10:03:36,full_compare_v317_vs_active_train40_20260630_001,hh,v317_prob13_only_window_multiblock,ogc2026\baseline\alg_versions\reboot_v317_20260630_trackA_prob13_only_window_multiblock_on_v314.py,7c15bb2c71af03054c188559cd9b58859b5b0a5a989dfc7562021763f2ed031a,9dfaa0ac5fa3e0f16fdfb0890e11b4cb64ea59b8edee029a9c4f13a2c52538b0,hh_algorithm_loop,b8716301,True,prob_34.json,60.000000,60.000000,20.000000,90.000000,true,false,true,true,true,5,8002714.0,8002714.0,8002714.0,1595.0,2702,5005.0,29.364442,28.905930280685425,200,200,4,,reports\ogc2026_reboot_v001\full_compare_v317_vs_active_train40_20260630_001\solutions\hh__v317_prob13_only_window_multiblock\prob_34.solution.json,reports\ogc2026_reboot_v001\full_compare_v317_vs_active_train40_20260630_001\logs\hh__v317_prob13_only_window_multiblock\prob_34.log,PASS objective=8002714.0 obj1=1595.0 obj2=2702 obj3=5005.0,"C:\Python314\python.exe ogc2026/batchrunner/benchmark.py --algorithm name=active,version=v315_active_surface,path=ogc2026/baseline --algorithm name=hh,version=v317_prob13_only_window_multiblock,path=ogc2026/baseline/alg_versions/reboot_v317_20260630_trackA_prob13_only_window_multiblock_on_v314.py --problems train/prob_*.json --timelimit 60 --run-id full_compare_v317_vs_active_train40_20260630_001 --out-dir reports/ogc2026_reboot_v001/full_compare_v317_vs_active_train40_20260630_001 --cumulative-csv reports/ogc2026_reboot_v001/benchmark_results_reboot_v317_full.csv --require-fresh-cumulative"
2026-06-30T10:03:36,full_compare_v317_vs_active_train40_20260630_001,hh,v317_prob13_only_window_multiblock,ogc2026\baseline\alg_versions\reboot_v317_20260630_trackA_prob13_only_window_multiblock_on_v314.py,7c15bb2c71af03054c188559cd9b58859b5b0a5a989dfc7562021763f2ed031a,9dfaa0ac5fa3e0f16fdfb0890e11b4cb64ea59b8edee029a9c4f13a2c52538b0,hh_algorithm_loop,b8716301,True,prob_35.json,60.000000,60.000000,20.000000,90.000000,true,false,true,true,true,5,22037108.0,22037108.0,22037108.0,1591.0,8081,5226.0,37.365322,36.90375232696533,200,200,3,,reports\ogc2026_reboot_v001\full_compare_v317_vs_active_train40_20260630_001\solutions\hh__v317_prob13_only_window_multiblock\prob_35.solution.json,reports\ogc2026_reboot_v001\full_compare_v317_vs_active_train40_20260630_001\logs\hh__v317_prob13_only_window_multiblock\prob_35.log,PASS objective=22037108.0 obj1=1591.0 obj2=8081 obj3=5226.0,"C:\Python314\python.exe ogc2026/batchrunner/benchmark.py --algorithm name=active,version=v315_active_surface,path=ogc2026/baseline --algorithm name=hh,version=v317_prob13_only_window_multiblock,path=ogc2026/baseline/alg_versions/reboot_v317_20260630_trackA_prob13_only_window_multiblock_on_v314.py --problems train/prob_*.json --timelimit 60 --run-id full_compare_v317_vs_active_train40_20260630_001 --out-dir reports/ogc2026_reboot_v001/full_compare_v317_vs_active_train40_20260630_001 --cumulative-csv reports/ogc2026_reboot_v001/benchmark_results_reboot_v317_full.csv --require-fresh-cumulative"
2026-06-30T10:03:36,full_compare_v317_vs_active_train40_20260630_001,hh,v317_prob13_only_window_multiblock,ogc2026\baseline\alg_versions\reboot_v317_20260630_trackA_prob13_only_window_multiblock_on_v314.py,7c15bb2c71af03054c188559cd9b58859b5b0a5a989dfc7562021763f2ed031a,9dfaa0ac5fa3e0f16fdfb0890e11b4cb64ea59b8edee029a9c4f13a2c52538b0,hh_algorithm_loop,b8716301,True,prob_36.json,60.000000,60.000000,20.000000,90.000000,true,false,true,true,true,5,1499988.0,1499988.0,1499988.0,2010.0,1381,12149.0,50.591935,50.12299633026123,250,250,4,,reports\ogc2026_reboot_v001\full_compare_v317_vs_active_train40_20260630_001\solutions\hh__v317_prob13_only_window_multiblock\prob_36.solution.json,reports\ogc2026_reboot_v001\full_compare_v317_vs_active_train40_20260630_001\logs\hh__v317_prob13_only_window_multiblock\prob_36.log,PASS objective=1499988.0 obj1=2010.0 obj2=1381 obj3=12149.0,"C:\Python314\python.exe ogc2026/batchrunner/benchmark.py --algorithm name=active,version=v315_active_surface,path=ogc2026/baseline --algorithm name=hh,version=v317_prob13_only_window_multiblock,path=ogc2026/baseline/alg_versions/reboot_v317_20260630_trackA_prob13_only_window_multiblock_on_v314.py --problems train/prob_*.json --timelimit 60 --run-id full_compare_v317_vs_active_train40_20260630_001 --out-dir reports/ogc2026_reboot_v001/full_compare_v317_vs_active_train40_20260630_001 --cumulative-csv reports/ogc2026_reboot_v001/benchmark_results_reboot_v317_full.csv --require-fresh-cumulative"
2026-06-30T10:03:36,full_compare_v317_vs_active_train40_20260630_001,hh,v317_prob13_only_window_multiblock,ogc2026\baseline\alg_versions\reboot_v317_20260630_trackA_prob13_only_window_multiblock_on_v314.py,7c15bb2c71af03054c188559cd9b58859b5b0a5a989dfc7562021763f2ed031a,9dfaa0ac5fa3e0f16fdfb0890e11b4cb64ea59b8edee029a9c4f13a2c52538b0,hh_algorithm_loop,b8716301,True,prob_37.json,60.000000,60.000000,20.000000,90.000000,true,false,true,true,true,5,17644653.0,17644653.0,17644653.0,3961.0,3660,7380.0,52.865004,52.400455474853516,250,250,3,,reports\ogc2026_reboot_v001\full_compare_v317_vs_active_train40_20260630_001\solutions\hh__v317_prob13_only_window_multiblock\prob_37.solution.json,reports\ogc2026_reboot_v001\full_compare_v317_vs_active_train40_20260630_001\logs\hh__v317_prob13_only_window_multiblock\prob_37.log,PASS objective=17644653.0 obj1=3961.0 obj2=3660 obj3=7380.0,"C:\Python314\python.exe ogc2026/batchrunner/benchmark.py --algorithm name=active,version=v315_active_surface,path=ogc2026/baseline --algorithm name=hh,version=v317_prob13_only_window_multiblock,path=ogc2026/baseline/alg_versions/reboot_v317_20260630_trackA_prob13_only_window_multiblock_on_v314.py --problems train/prob_*.json --timelimit 60 --run-id full_compare_v317_vs_active_train40_20260630_001 --out-dir reports/ogc2026_reboot_v001/full_compare_v317_vs_active_train40_20260630_001 --cumulative-csv reports/ogc2026_reboot_v001/benchmark_results_reboot_v317_full.csv --require-fresh-cumulative"
2026-06-30T10:03:36,full_compare_v317_vs_active_train40_20260630_001,hh,v317_prob13_only_window_multiblock,ogc2026\baseline\alg_versions\reboot_v317_20260630_trackA_prob13_only_window_multiblock_on_v314.py,7c15bb2c71af03054c188559cd9b58859b5b0a5a989dfc7562021763f2ed031a,9dfaa0ac5fa3e0f16fdfb0890e11b4cb64ea59b8edee029a9c4f13a2c52538b0,hh_algorithm_loop,b8716301,True,prob_38.json,60.000000,60.000000,20.000000,90.000000,true,false,true,true,true,5,151254848.0,151254848.0,151254848.0,11120.0,3894,9947.0,56.866058,56.394070625305176,250,250,3,,reports\ogc2026_reboot_v001\full_compare_v317_vs_active_train40_20260630_001\solutions\hh__v317_prob13_only_window_multiblock\prob_38.solution.json,reports\ogc2026_reboot_v001\full_compare_v317_vs_active_train40_20260630_001\logs\hh__v317_prob13_only_window_multiblock\prob_38.log,PASS objective=151254848.0 obj1=11120.0 obj2=3894 obj3=9947.0,"C:\Python314\python.exe ogc2026/batchrunner/benchmark.py --algorithm name=active,version=v315_active_surface,path=ogc2026/baseline --algorithm name=hh,version=v317_prob13_only_window_multiblock,path=ogc2026/baseline/alg_versions/reboot_v317_20260630_trackA_prob13_only_window_multiblock_on_v314.py --problems train/prob_*.json --timelimit 60 --run-id full_compare_v317_vs_active_train40_20260630_001 --out-dir reports/ogc2026_reboot_v001/full_compare_v317_vs_active_train40_20260630_001 --cumulative-csv reports/ogc2026_reboot_v001/benchmark_results_reboot_v317_full.csv --require-fresh-cumulative"
2026-06-30T10:03:36,full_compare_v317_vs_active_train40_20260630_001,hh,v317_prob13_only_window_multiblock,ogc2026\baseline\alg_versions\reboot_v317_20260630_trackA_prob13_only_window_multiblock_on_v314.py,7c15bb2c71af03054c188559cd9b58859b5b0a5a989dfc7562021763f2ed031a,9dfaa0ac5fa3e0f16fdfb0890e11b4cb64ea59b8edee029a9c4f13a2c52538b0,hh_algorithm_loop,b8716301,True,prob_39.json,60.000000,60.000000,20.000000,90.000000,true,false,true,true,true,5,48160369.0,48160369.0,48160369.0,3521.0,194,8094.0,58.054089,57.598323822021484,250,250,3,,reports\ogc2026_reboot_v001\full_compare_v317_vs_active_train40_20260630_001\solutions\hh__v317_prob13_only_window_multiblock\prob_39.solution.json,reports\ogc2026_reboot_v001\full_compare_v317_vs_active_train40_20260630_001\logs\hh__v317_prob13_only_window_multiblock\prob_39.log,PASS objective=48160369.0 obj1=3521.0 obj2=194 obj3=8094.0,"C:\Python314\python.exe ogc2026/batchrunner/benchmark.py --algorithm name=active,version=v315_active_surface,path=ogc2026/baseline --algorithm name=hh,version=v317_prob13_only_window_multiblock,path=ogc2026/baseline/alg_versions/reboot_v317_20260630_trackA_prob13_only_window_multiblock_on_v314.py --problems train/prob_*.json --timelimit 60 --run-id full_compare_v317_vs_active_train40_20260630_001 --out-dir reports/ogc2026_reboot_v001/full_compare_v317_vs_active_train40_20260630_001 --cumulative-csv reports/ogc2026_reboot_v001/benchmark_results_reboot_v317_full.csv --require-fresh-cumulative"
2026-06-30T10:03:36,full_compare_v317_vs_active_train40_20260630_001,hh,v317_prob13_only_window_multiblock,ogc2026\baseline\alg_versions\reboot_v317_20260630_trackA_prob13_only_window_multiblock_on_v314.py,7c15bb2c71af03054c188559cd9b58859b5b0a5a989dfc7562021763f2ed031a,9dfaa0ac5fa3e0f16fdfb0890e11b4cb64ea59b8edee029a9c4f13a2c52538b0,hh_algorithm_loop,b8716301,True,prob_40.json,60.000000,60.000000,20.000000,90.000000,true,false,true,true,true,5,5780789.0,5780789.0,5780789.0,8429.0,4947,11823.0,57.498696,56.74183225631714,250,250,4,,reports\ogc2026_reboot_v001\full_compare_v317_vs_active_train40_20260630_001\solutions\hh__v317_prob13_only_window_multiblock\prob_40.solution.json,reports\ogc2026_reboot_v001\full_compare_v317_vs_active_train40_20260630_001\logs\hh__v317_prob13_only_window_multiblock\prob_40.log,PASS objective=5780789.0 obj1=8429.0 obj2=4947 obj3=11823.0,"C:\Python314\python.exe ogc2026/batchrunner/benchmark.py --algorithm name=active,version=v315_active_surface,path=ogc2026/baseline --algorithm name=hh,version=v317_prob13_only_window_multiblock,path=ogc2026/baseline/alg_versions/reboot_v317_20260630_trackA_prob13_only_window_multiblock_on_v314.py --problems train/prob_*.json --timelimit 60 --run-id full_compare_v317_vs_active_train40_20260630_001 --out-dir reports/ogc2026_reboot_v001/full_compare_v317_vs_active_train40_20260630_001 --cumulative-csv reports/ogc2026_reboot_v001/benchmark_results_reboot_v317_full.csv --require-fresh-cumulative"
