timestamp,run_id,algorithm_name,algorithm_version,algorithm_path,algorithm_sha256,checker_sha256,git_branch,git_head,git_dirty,instance_name,requested_timelimit,official_limit,timeout_grace,watchdog_timeout_sec,checker_feasible,timed_out,valid_under_time_limit,accepted_for_score,feasible,stage,objective,score,cost,obj1,obj2,obj3,runtime_sec,runner_elapsed_sec,assigned_blocks,total_blocks,total_bays,error_message,solution_file,log_file,tester_summary,benchmark_command
2026-06-20T19:42:12,full_reboot_v146_train40_20260621_001,direct,reboot_v142_direct,ogc2026\baseline\alg_versions\reboot_v142_20260620_1548_prob40like_broad_move_narrow_selector_on_v136.py,998dca3c3a7215d10504239f38bff30dca86ce2893e1a8bcd504370a63a535ec,9dfaa0ac5fa3e0f16fdfb0890e11b4cb64ea59b8edee029a9c4f13a2c52538b0,hh_algorithm_loop,c2aef82c,True,prob_1.json,60.000000,60.000000,20.000000,90.000000,true,false,true,true,true,5,693901.0,693901.0,693901.0,11.0,1700,1810.0,13.004289,12.821553230285645,100,100,2,,reports\ogc2026_reboot_v001\full_reboot_v146_train40_20260621_001\solutions\direct__reboot_v142_direct\prob_1.solution.json,reports\ogc2026_reboot_v001\full_reboot_v146_train40_20260621_001\logs\direct__reboot_v142_direct\prob_1.log,PASS objective=693901.0 obj1=11.0 obj2=1700 obj3=1810.0,"C:\Python314\python.exe ogc2026\batchrunner\benchmark.py --algorithm name=direct,version=reboot_v142_direct,path=ogc2026\baseline\alg_versions\reboot_v142_20260620_1548_prob40like_broad_move_narrow_selector_on_v136.py --algorithm name=direct,version=reboot_v146_prob27like_efficiency_shortlist,path=ogc2026\baseline\alg_versions\reboot_v146_20260621_0215_prob27like_efficiency_shortlist_on_v142.py --problems train\prob_*.json --timelimit 60 --run-id full_reboot_v146_train40_20260621_001 --out-dir reports\ogc2026_reboot_v001\full_reboot_v146_train40_20260621_001 --cumulative-csv reports\ogc2026_reboot_v001\full_reboot_v146_train40_20260621_001.csv --require-fresh-cumulative"
2026-06-20T19:42:12,full_reboot_v146_train40_20260621_001,direct,reboot_v142_direct,ogc2026\baseline\alg_versions\reboot_v142_20260620_1548_prob40like_broad_move_narrow_selector_on_v136.py,998dca3c3a7215d10504239f38bff30dca86ce2893e1a8bcd504370a63a535ec,9dfaa0ac5fa3e0f16fdfb0890e11b4cb64ea59b8edee029a9c4f13a2c52538b0,hh_algorithm_loop,c2aef82c,True,prob_2.json,60.000000,60.000000,20.000000,90.000000,true,false,true,true,true,5,76910.0,76910.0,76910.0,0.0,1001,446.0,18.639042,18.45805025100708,100,100,3,,reports\ogc2026_reboot_v001\full_reboot_v146_train40_20260621_001\solutions\direct__reboot_v142_direct\prob_2.solution.json,reports\ogc2026_reboot_v001\full_reboot_v146_train40_20260621_001\logs\direct__reboot_v142_direct\prob_2.log,PASS objective=76910.0 obj1=0.0 obj2=1001 obj3=446.0,"C:\Python314\python.exe ogc2026\batchrunner\benchmark.py --algorithm name=direct,version=reboot_v142_direct,path=ogc2026\baseline\alg_versions\reboot_v142_20260620_1548_prob40like_broad_move_narrow_selector_on_v136.py --algorithm name=direct,version=reboot_v146_prob27like_efficiency_shortlist,path=ogc2026\baseline\alg_versions\reboot_v146_20260621_0215_prob27like_efficiency_shortlist_on_v142.py --problems train\prob_*.json --timelimit 60 --run-id full_reboot_v146_train40_20260621_001 --out-dir reports\ogc2026_reboot_v001\full_reboot_v146_train40_20260621_001 --cumulative-csv reports\ogc2026_reboot_v001\full_reboot_v146_train40_20260621_001.csv --require-fresh-cumulative"
2026-06-20T19:42:12,full_reboot_v146_train40_20260621_001,direct,reboot_v142_direct,ogc2026\baseline\alg_versions\reboot_v142_20260620_1548_prob40like_broad_move_narrow_selector_on_v136.py,998dca3c3a7215d10504239f38bff30dca86ce2893e1a8bcd504370a63a535ec,9dfaa0ac5fa3e0f16fdfb0890e11b4cb64ea59b8edee029a9c4f13a2c52538b0,hh_algorithm_loop,c2aef82c,True,prob_3.json,60.000000,60.000000,20.000000,90.000000,true,false,true,true,true,5,188500.0,188500.0,188500.0,0.0,1225,1175.0,15.443433,15.256129264831543,100,100,3,,reports\ogc2026_reboot_v001\full_reboot_v146_train40_20260621_001\solutions\direct__reboot_v142_direct\prob_3.solution.json,reports\ogc2026_reboot_v001\full_reboot_v146_train40_20260621_001\logs\direct__reboot_v142_direct\prob_3.log,PASS objective=188500.0 obj1=0.0 obj2=1225 obj3=1175.0,"C:\Python314\python.exe ogc2026\batchrunner\benchmark.py --algorithm name=direct,version=reboot_v142_direct,path=ogc2026\baseline\alg_versions\reboot_v142_20260620_1548_prob40like_broad_move_narrow_selector_on_v136.py --algorithm name=direct,version=reboot_v146_prob27like_efficiency_shortlist,path=ogc2026\baseline\alg_versions\reboot_v146_20260621_0215_prob27like_efficiency_shortlist_on_v142.py --problems train\prob_*.json --timelimit 60 --run-id full_reboot_v146_train40_20260621_001 --out-dir reports\ogc2026_reboot_v001\full_reboot_v146_train40_20260621_001 --cumulative-csv reports\ogc2026_reboot_v001\full_reboot_v146_train40_20260621_001.csv --require-fresh-cumulative"
2026-06-20T19:42:12,full_reboot_v146_train40_20260621_001,direct,reboot_v142_direct,ogc2026\baseline\alg_versions\reboot_v142_20260620_1548_prob40like_broad_move_narrow_selector_on_v136.py,998dca3c3a7215d10504239f38bff30dca86ce2893e1a8bcd504370a63a535ec,9dfaa0ac5fa3e0f16fdfb0890e11b4cb64ea59b8edee029a9c4f13a2c52538b0,hh_algorithm_loop,c2aef82c,True,prob_4.json,60.000000,60.000000,20.000000,90.000000,true,false,true,true,true,5,387915.0,387915.0,387915.0,8.0,1853,998.0,9.867649,9.697224855422974,100,100,2,,reports\ogc2026_reboot_v001\full_reboot_v146_train40_20260621_001\solutions\direct__reboot_v142_direct\prob_4.solution.json,reports\ogc2026_reboot_v001\full_reboot_v146_train40_20260621_001\logs\direct__reboot_v142_direct\prob_4.log,PASS objective=387915.0 obj1=8.0 obj2=1853 obj3=998.0,"C:\Python314\python.exe ogc2026\batchrunner\benchmark.py --algorithm name=direct,version=reboot_v142_direct,path=ogc2026\baseline\alg_versions\reboot_v142_20260620_1548_prob40like_broad_move_narrow_selector_on_v136.py --algorithm name=direct,version=reboot_v146_prob27like_efficiency_shortlist,path=ogc2026\baseline\alg_versions\reboot_v146_20260621_0215_prob27like_efficiency_shortlist_on_v142.py --problems train\prob_*.json --timelimit 60 --run-id full_reboot_v146_train40_20260621_001 --out-dir reports\ogc2026_reboot_v001\full_reboot_v146_train40_20260621_001 --cumulative-csv reports\ogc2026_reboot_v001\full_reboot_v146_train40_20260621_001.csv --require-fresh-cumulative"
2026-06-20T19:42:12,full_reboot_v146_train40_20260621_001,direct,reboot_v142_direct,ogc2026\baseline\alg_versions\reboot_v142_20260620_1548_prob40like_broad_move_narrow_selector_on_v136.py,998dca3c3a7215d10504239f38bff30dca86ce2893e1a8bcd504370a63a535ec,9dfaa0ac5fa3e0f16fdfb0890e11b4cb64ea59b8edee029a9c4f13a2c52538b0,hh_algorithm_loop,c2aef82c,True,prob_5.json,60.000000,60.000000,20.000000,90.000000,true,false,true,true,true,5,169685.0,169685.0,169685.0,0.0,1505,1061.0,20.814346,20.63356924057007,150,150,3,,reports\ogc2026_reboot_v001\full_reboot_v146_train40_20260621_001\solutions\direct__reboot_v142_direct\prob_5.solution.json,reports\ogc2026_reboot_v001\full_reboot_v146_train40_20260621_001\logs\direct__reboot_v142_direct\prob_5.log,PASS objective=169685.0 obj1=0.0 obj2=1505 obj3=1061.0,"C:\Python314\python.exe ogc2026\batchrunner\benchmark.py --algorithm name=direct,version=reboot_v142_direct,path=ogc2026\baseline\alg_versions\reboot_v142_20260620_1548_prob40like_broad_move_narrow_selector_on_v136.py --algorithm name=direct,version=reboot_v146_prob27like_efficiency_shortlist,path=ogc2026\baseline\alg_versions\reboot_v146_20260621_0215_prob27like_efficiency_shortlist_on_v142.py --problems train\prob_*.json --timelimit 60 --run-id full_reboot_v146_train40_20260621_001 --out-dir reports\ogc2026_reboot_v001\full_reboot_v146_train40_20260621_001 --cumulative-csv reports\ogc2026_reboot_v001\full_reboot_v146_train40_20260621_001.csv --require-fresh-cumulative"
2026-06-20T19:42:12,full_reboot_v146_train40_20260621_001,direct,reboot_v142_direct,ogc2026\baseline\alg_versions\reboot_v142_20260620_1548_prob40like_broad_move_narrow_selector_on_v136.py,998dca3c3a7215d10504239f38bff30dca86ce2893e1a8bcd504370a63a535ec,9dfaa0ac5fa3e0f16fdfb0890e11b4cb64ea59b8edee029a9c4f13a2c52538b0,hh_algorithm_loop,c2aef82c,True,prob_6.json,60.000000,60.000000,20.000000,90.000000,true,false,true,true,true,5,756030.0,756030.0,756030.0,9.0,1980,3170.0,29.764260,29.581908464431763,150,150,3,,reports\ogc2026_reboot_v001\full_reboot_v146_train40_20260621_001\solutions\direct__reboot_v142_direct\prob_6.solution.json,reports\ogc2026_reboot_v001\full_reboot_v146_train40_20260621_001\logs\direct__reboot_v142_direct\prob_6.log,PASS objective=756030.0 obj1=9.0 obj2=1980 obj3=3170.0,"C:\Python314\python.exe ogc2026\batchrunner\benchmark.py --algorithm name=direct,version=reboot_v142_direct,path=ogc2026\baseline\alg_versions\reboot_v142_20260620_1548_prob40like_broad_move_narrow_selector_on_v136.py --algorithm name=direct,version=reboot_v146_prob27like_efficiency_shortlist,path=ogc2026\baseline\alg_versions\reboot_v146_20260621_0215_prob27like_efficiency_shortlist_on_v142.py --problems train\prob_*.json --timelimit 60 --run-id full_reboot_v146_train40_20260621_001 --out-dir reports\ogc2026_reboot_v001\full_reboot_v146_train40_20260621_001 --cumulative-csv reports\ogc2026_reboot_v001\full_reboot_v146_train40_20260621_001.csv --require-fresh-cumulative"
2026-06-20T19:42:12,full_reboot_v146_train40_20260621_001,direct,reboot_v142_direct,ogc2026\baseline\alg_versions\reboot_v142_20260620_1548_prob40like_broad_move_narrow_selector_on_v136.py,998dca3c3a7215d10504239f38bff30dca86ce2893e1a8bcd504370a63a535ec,9dfaa0ac5fa3e0f16fdfb0890e11b4cb64ea59b8edee029a9c4f13a2c52538b0,hh_algorithm_loop,c2aef82c,True,prob_7.json,60.000000,60.000000,20.000000,90.000000,true,false,true,true,true,5,242600.0,242600.0,242600.0,0.0,3200,1468.0,23.650807,23.47096610069275,150,150,3,,reports\ogc2026_reboot_v001\full_reboot_v146_train40_20260621_001\solutions\direct__reboot_v142_direct\prob_7.solution.json,reports\ogc2026_reboot_v001\full_reboot_v146_train40_20260621_001\logs\direct__reboot_v142_direct\prob_7.log,PASS objective=242600.0 obj1=0.0 obj2=3200 obj3=1468.0,"C:\Python314\python.exe ogc2026\batchrunner\benchmark.py --algorithm name=direct,version=reboot_v142_direct,path=ogc2026\baseline\alg_versions\reboot_v142_20260620_1548_prob40like_broad_move_narrow_selector_on_v136.py --algorithm name=direct,version=reboot_v146_prob27like_efficiency_shortlist,path=ogc2026\baseline\alg_versions\reboot_v146_20260621_0215_prob27like_efficiency_shortlist_on_v142.py --problems train\prob_*.json --timelimit 60 --run-id full_reboot_v146_train40_20260621_001 --out-dir reports\ogc2026_reboot_v001\full_reboot_v146_train40_20260621_001 --cumulative-csv reports\ogc2026_reboot_v001\full_reboot_v146_train40_20260621_001.csv --require-fresh-cumulative"
2026-06-20T19:42:12,full_reboot_v146_train40_20260621_001,direct,reboot_v142_direct,ogc2026\baseline\alg_versions\reboot_v142_20260620_1548_prob40like_broad_move_narrow_selector_on_v136.py,998dca3c3a7215d10504239f38bff30dca86ce2893e1a8bcd504370a63a535ec,9dfaa0ac5fa3e0f16fdfb0890e11b4cb64ea59b8edee029a9c4f13a2c52538b0,hh_algorithm_loop,c2aef82c,True,prob_8.json,60.000000,60.000000,20.000000,90.000000,true,false,true,true,true,5,85472.0,85472.0,85472.0,0.0,1068,406.0,11.064486,10.88108205795288,150,150,2,,reports\ogc2026_reboot_v001\full_reboot_v146_train40_20260621_001\solutions\direct__reboot_v142_direct\prob_8.solution.json,reports\ogc2026_reboot_v001\full_reboot_v146_train40_20260621_001\logs\direct__reboot_v142_direct\prob_8.log,PASS objective=85472.0 obj1=0.0 obj2=1068 obj3=406.0,"C:\Python314\python.exe ogc2026\batchrunner\benchmark.py --algorithm name=direct,version=reboot_v142_direct,path=ogc2026\baseline\alg_versions\reboot_v142_20260620_1548_prob40like_broad_move_narrow_selector_on_v136.py --algorithm name=direct,version=reboot_v146_prob27like_efficiency_shortlist,path=ogc2026\baseline\alg_versions\reboot_v146_20260621_0215_prob27like_efficiency_shortlist_on_v142.py --problems train\prob_*.json --timelimit 60 --run-id full_reboot_v146_train40_20260621_001 --out-dir reports\ogc2026_reboot_v001\full_reboot_v146_train40_20260621_001 --cumulative-csv reports\ogc2026_reboot_v001\full_reboot_v146_train40_20260621_001.csv --require-fresh-cumulative"
2026-06-20T19:42:12,full_reboot_v146_train40_20260621_001,direct,reboot_v142_direct,ogc2026\baseline\alg_versions\reboot_v142_20260620_1548_prob40like_broad_move_narrow_selector_on_v136.py,998dca3c3a7215d10504239f38bff30dca86ce2893e1a8bcd504370a63a535ec,9dfaa0ac5fa3e0f16fdfb0890e11b4cb64ea59b8edee029a9c4f13a2c52538b0,hh_algorithm_loop,c2aef82c,True,prob_9.json,60.000000,60.000000,20.000000,90.000000,true,false,true,true,true,5,180488.0,180488.0,180488.0,1.0,1391,1068.0,35.418576,35.204556941986084,200,200,3,,reports\ogc2026_reboot_v001\full_reboot_v146_train40_20260621_001\solutions\direct__reboot_v142_direct\prob_9.solution.json,reports\ogc2026_reboot_v001\full_reboot_v146_train40_20260621_001\logs\direct__reboot_v142_direct\prob_9.log,PASS objective=180488.0 obj1=1.0 obj2=1391 obj3=1068.0,"C:\Python314\python.exe ogc2026\batchrunner\benchmark.py --algorithm name=direct,version=reboot_v142_direct,path=ogc2026\baseline\alg_versions\reboot_v142_20260620_1548_prob40like_broad_move_narrow_selector_on_v136.py --algorithm name=direct,version=reboot_v146_prob27like_efficiency_shortlist,path=ogc2026\baseline\alg_versions\reboot_v146_20260621_0215_prob27like_efficiency_shortlist_on_v142.py --problems train\prob_*.json --timelimit 60 --run-id full_reboot_v146_train40_20260621_001 --out-dir reports\ogc2026_reboot_v001\full_reboot_v146_train40_20260621_001 --cumulative-csv reports\ogc2026_reboot_v001\full_reboot_v146_train40_20260621_001.csv --require-fresh-cumulative"
2026-06-20T19:42:12,full_reboot_v146_train40_20260621_001,direct,reboot_v142_direct,ogc2026\baseline\alg_versions\reboot_v142_20260620_1548_prob40like_broad_move_narrow_selector_on_v136.py,998dca3c3a7215d10504239f38bff30dca86ce2893e1a8bcd504370a63a535ec,9dfaa0ac5fa3e0f16fdfb0890e11b4cb64ea59b8edee029a9c4f13a2c52538b0,hh_algorithm_loop,c2aef82c,True,prob_10.json,60.000000,60.000000,20.000000,90.000000,true,false,true,true,true,5,5648556.0,5648556.0,5648556.0,367.0,2563,2200.0,10.252009,10.056815385818481,200,200,4,,reports\ogc2026_reboot_v001\full_reboot_v146_train40_20260621_001\solutions\direct__reboot_v142_direct\prob_10.solution.json,reports\ogc2026_reboot_v001\full_reboot_v146_train40_20260621_001\logs\direct__reboot_v142_direct\prob_10.log,PASS objective=5648556.0 obj1=367.0 obj2=2563 obj3=2200.0,"C:\Python314\python.exe ogc2026\batchrunner\benchmark.py --algorithm name=direct,version=reboot_v142_direct,path=ogc2026\baseline\alg_versions\reboot_v142_20260620_1548_prob40like_broad_move_narrow_selector_on_v136.py --algorithm name=direct,version=reboot_v146_prob27like_efficiency_shortlist,path=ogc2026\baseline\alg_versions\reboot_v146_20260621_0215_prob27like_efficiency_shortlist_on_v142.py --problems train\prob_*.json --timelimit 60 --run-id full_reboot_v146_train40_20260621_001 --out-dir reports\ogc2026_reboot_v001\full_reboot_v146_train40_20260621_001 --cumulative-csv reports\ogc2026_reboot_v001\full_reboot_v146_train40_20260621_001.csv --require-fresh-cumulative"
2026-06-20T19:42:12,full_reboot_v146_train40_20260621_001,direct,reboot_v142_direct,ogc2026\baseline\alg_versions\reboot_v142_20260620_1548_prob40like_broad_move_narrow_selector_on_v136.py,998dca3c3a7215d10504239f38bff30dca86ce2893e1a8bcd504370a63a535ec,9dfaa0ac5fa3e0f16fdfb0890e11b4cb64ea59b8edee029a9c4f13a2c52538b0,hh_algorithm_loop,c2aef82c,True,prob_11.json,60.000000,60.000000,20.000000,90.000000,true,false,true,true,true,5,17206722.0,17206722.0,17206722.0,739.0,407,2350.0,10.137269,9.954479932785034,200,200,4,,reports\ogc2026_reboot_v001\full_reboot_v146_train40_20260621_001\solutions\direct__reboot_v142_direct\prob_11.solution.json,reports\ogc2026_reboot_v001\full_reboot_v146_train40_20260621_001\logs\direct__reboot_v142_direct\prob_11.log,PASS objective=17206722.0 obj1=739.0 obj2=407 obj3=2350.0,"C:\Python314\python.exe ogc2026\batchrunner\benchmark.py --algorithm name=direct,version=reboot_v142_direct,path=ogc2026\baseline\alg_versions\reboot_v142_20260620_1548_prob40like_broad_move_narrow_selector_on_v136.py --algorithm name=direct,version=reboot_v146_prob27like_efficiency_shortlist,path=ogc2026\baseline\alg_versions\reboot_v146_20260621_0215_prob27like_efficiency_shortlist_on_v142.py --problems train\prob_*.json --timelimit 60 --run-id full_reboot_v146_train40_20260621_001 --out-dir reports\ogc2026_reboot_v001\full_reboot_v146_train40_20260621_001 --cumulative-csv reports\ogc2026_reboot_v001\full_reboot_v146_train40_20260621_001.csv --require-fresh-cumulative"
2026-06-20T19:42:12,full_reboot_v146_train40_20260621_001,direct,reboot_v142_direct,ogc2026\baseline\alg_versions\reboot_v142_20260620_1548_prob40like_broad_move_narrow_selector_on_v136.py,998dca3c3a7215d10504239f38bff30dca86ce2893e1a8bcd504370a63a535ec,9dfaa0ac5fa3e0f16fdfb0890e11b4cb64ea59b8edee029a9c4f13a2c52538b0,hh_algorithm_loop,c2aef82c,True,prob_12.json,60.000000,60.000000,20.000000,90.000000,true,false,true,true,true,5,824431.0,824431.0,824431.0,20.0,7577,2504.0,18.940481,18.760208129882812,200,200,4,,reports\ogc2026_reboot_v001\full_reboot_v146_train40_20260621_001\solutions\direct__reboot_v142_direct\prob_12.solution.json,reports\ogc2026_reboot_v001\full_reboot_v146_train40_20260621_001\logs\direct__reboot_v142_direct\prob_12.log,PASS objective=824431.0 obj1=20.0 obj2=7577 obj3=2504.0,"C:\Python314\python.exe ogc2026\batchrunner\benchmark.py --algorithm name=direct,version=reboot_v142_direct,path=ogc2026\baseline\alg_versions\reboot_v142_20260620_1548_prob40like_broad_move_narrow_selector_on_v136.py --algorithm name=direct,version=reboot_v146_prob27like_efficiency_shortlist,path=ogc2026\baseline\alg_versions\reboot_v146_20260621_0215_prob27like_efficiency_shortlist_on_v142.py --problems train\prob_*.json --timelimit 60 --run-id full_reboot_v146_train40_20260621_001 --out-dir reports\ogc2026_reboot_v001\full_reboot_v146_train40_20260621_001 --cumulative-csv reports\ogc2026_reboot_v001\full_reboot_v146_train40_20260621_001.csv --require-fresh-cumulative"
2026-06-20T19:42:12,full_reboot_v146_train40_20260621_001,direct,reboot_v142_direct,ogc2026\baseline\alg_versions\reboot_v142_20260620_1548_prob40like_broad_move_narrow_selector_on_v136.py,998dca3c3a7215d10504239f38bff30dca86ce2893e1a8bcd504370a63a535ec,9dfaa0ac5fa3e0f16fdfb0890e11b4cb64ea59b8edee029a9c4f13a2c52538b0,hh_algorithm_loop,c2aef82c,True,prob_13.json,60.000000,60.000000,20.000000,90.000000,true,false,true,true,true,5,17775043.0,17775043.0,17775043.0,923.0,4390,4366.0,11.252923,11.068014860153198,250,250,4,,reports\ogc2026_reboot_v001\full_reboot_v146_train40_20260621_001\solutions\direct__reboot_v142_direct\prob_13.solution.json,reports\ogc2026_reboot_v001\full_reboot_v146_train40_20260621_001\logs\direct__reboot_v142_direct\prob_13.log,PASS objective=17775043.0 obj1=923.0 obj2=4390 obj3=4366.0,"C:\Python314\python.exe ogc2026\batchrunner\benchmark.py --algorithm name=direct,version=reboot_v142_direct,path=ogc2026\baseline\alg_versions\reboot_v142_20260620_1548_prob40like_broad_move_narrow_selector_on_v136.py --algorithm name=direct,version=reboot_v146_prob27like_efficiency_shortlist,path=ogc2026\baseline\alg_versions\reboot_v146_20260621_0215_prob27like_efficiency_shortlist_on_v142.py --problems train\prob_*.json --timelimit 60 --run-id full_reboot_v146_train40_20260621_001 --out-dir reports\ogc2026_reboot_v001\full_reboot_v146_train40_20260621_001 --cumulative-csv reports\ogc2026_reboot_v001\full_reboot_v146_train40_20260621_001.csv --require-fresh-cumulative"
2026-06-20T19:42:12,full_reboot_v146_train40_20260621_001,direct,reboot_v142_direct,ogc2026\baseline\alg_versions\reboot_v142_20260620_1548_prob40like_broad_move_narrow_selector_on_v136.py,998dca3c3a7215d10504239f38bff30dca86ce2893e1a8bcd504370a63a535ec,9dfaa0ac5fa3e0f16fdfb0890e11b4cb64ea59b8edee029a9c4f13a2c52538b0,hh_algorithm_loop,c2aef82c,True,prob_14.json,60.000000,60.000000,20.000000,90.000000,true,false,true,true,true,5,6413830.0,6413830.0,6413830.0,329.0,3621,4111.0,22.616603,22.396388053894043,250,250,4,,reports\ogc2026_reboot_v001\full_reboot_v146_train40_20260621_001\solutions\direct__reboot_v142_direct\prob_14.solution.json,reports\ogc2026_reboot_v001\full_reboot_v146_train40_20260621_001\logs\direct__reboot_v142_direct\prob_14.log,PASS objective=6413830.0 obj1=329.0 obj2=3621 obj3=4111.0,"C:\Python314\python.exe ogc2026\batchrunner\benchmark.py --algorithm name=direct,version=reboot_v142_direct,path=ogc2026\baseline\alg_versions\reboot_v142_20260620_1548_prob40like_broad_move_narrow_selector_on_v136.py --algorithm name=direct,version=reboot_v146_prob27like_efficiency_shortlist,path=ogc2026\baseline\alg_versions\reboot_v146_20260621_0215_prob27like_efficiency_shortlist_on_v142.py --problems train\prob_*.json --timelimit 60 --run-id full_reboot_v146_train40_20260621_001 --out-dir reports\ogc2026_reboot_v001\full_reboot_v146_train40_20260621_001 --cumulative-csv reports\ogc2026_reboot_v001\full_reboot_v146_train40_20260621_001.csv --require-fresh-cumulative"
2026-06-20T19:42:12,full_reboot_v146_train40_20260621_001,direct,reboot_v142_direct,ogc2026\baseline\alg_versions\reboot_v142_20260620_1548_prob40like_broad_move_narrow_selector_on_v136.py,998dca3c3a7215d10504239f38bff30dca86ce2893e1a8bcd504370a63a535ec,9dfaa0ac5fa3e0f16fdfb0890e11b4cb64ea59b8edee029a9c4f13a2c52538b0,hh_algorithm_loop,c2aef82c,True,prob_15.json,60.000000,60.000000,20.000000,90.000000,true,false,true,true,true,5,1787797.0,1787797.0,1787797.0,88.0,3476,3509.0,19.213476,19.02268624305725,250,250,4,,reports\ogc2026_reboot_v001\full_reboot_v146_train40_20260621_001\solutions\direct__reboot_v142_direct\prob_15.solution.json,reports\ogc2026_reboot_v001\full_reboot_v146_train40_20260621_001\logs\direct__reboot_v142_direct\prob_15.log,PASS objective=1787797.0 obj1=88.0 obj2=3476 obj3=3509.0,"C:\Python314\python.exe ogc2026\batchrunner\benchmark.py --algorithm name=direct,version=reboot_v142_direct,path=ogc2026\baseline\alg_versions\reboot_v142_20260620_1548_prob40like_broad_move_narrow_selector_on_v136.py --algorithm name=direct,version=reboot_v146_prob27like_efficiency_shortlist,path=ogc2026\baseline\alg_versions\reboot_v146_20260621_0215_prob27like_efficiency_shortlist_on_v142.py --problems train\prob_*.json --timelimit 60 --run-id full_reboot_v146_train40_20260621_001 --out-dir reports\ogc2026_reboot_v001\full_reboot_v146_train40_20260621_001 --cumulative-csv reports\ogc2026_reboot_v001\full_reboot_v146_train40_20260621_001.csv --require-fresh-cumulative"
2026-06-20T19:42:12,full_reboot_v146_train40_20260621_001,direct,reboot_v142_direct,ogc2026\baseline\alg_versions\reboot_v142_20260620_1548_prob40like_broad_move_narrow_selector_on_v136.py,998dca3c3a7215d10504239f38bff30dca86ce2893e1a8bcd504370a63a535ec,9dfaa0ac5fa3e0f16fdfb0890e11b4cb64ea59b8edee029a9c4f13a2c52538b0,hh_algorithm_loop,c2aef82c,True,prob_16.json,60.000000,60.000000,20.000000,90.000000,true,false,true,true,true,5,176817.0,176817.0,176817.0,0.0,2938,1219.0,12.130542,11.94143271446228,250,250,4,,reports\ogc2026_reboot_v001\full_reboot_v146_train40_20260621_001\solutions\direct__reboot_v142_direct\prob_16.solution.json,reports\ogc2026_reboot_v001\full_reboot_v146_train40_20260621_001\logs\direct__reboot_v142_direct\prob_16.log,PASS objective=176817.0 obj1=0.0 obj2=2938 obj3=1219.0,"C:\Python314\python.exe ogc2026\batchrunner\benchmark.py --algorithm name=direct,version=reboot_v142_direct,path=ogc2026\baseline\alg_versions\reboot_v142_20260620_1548_prob40like_broad_move_narrow_selector_on_v136.py --algorithm name=direct,version=reboot_v146_prob27like_efficiency_shortlist,path=ogc2026\baseline\alg_versions\reboot_v146_20260621_0215_prob27like_efficiency_shortlist_on_v142.py --problems train\prob_*.json --timelimit 60 --run-id full_reboot_v146_train40_20260621_001 --out-dir reports\ogc2026_reboot_v001\full_reboot_v146_train40_20260621_001 --cumulative-csv reports\ogc2026_reboot_v001\full_reboot_v146_train40_20260621_001.csv --require-fresh-cumulative"
2026-06-20T19:42:12,full_reboot_v146_train40_20260621_001,direct,reboot_v142_direct,ogc2026\baseline\alg_versions\reboot_v142_20260620_1548_prob40like_broad_move_narrow_selector_on_v136.py,998dca3c3a7215d10504239f38bff30dca86ce2893e1a8bcd504370a63a535ec,9dfaa0ac5fa3e0f16fdfb0890e11b4cb64ea59b8edee029a9c4f13a2c52538b0,hh_algorithm_loop,c2aef82c,True,prob_17.json,60.000000,60.000000,20.000000,90.000000,true,false,true,true,true,5,338183.0,338183.0,338183.0,13.0,5749,1422.0,18.257495,18.05254030227661,300,300,4,,reports\ogc2026_reboot_v001\full_reboot_v146_train40_20260621_001\solutions\direct__reboot_v142_direct\prob_17.solution.json,reports\ogc2026_reboot_v001\full_reboot_v146_train40_20260621_001\logs\direct__reboot_v142_direct\prob_17.log,PASS objective=338183.0 obj1=13.0 obj2=5749 obj3=1422.0,"C:\Python314\python.exe ogc2026\batchrunner\benchmark.py --algorithm name=direct,version=reboot_v142_direct,path=ogc2026\baseline\alg_versions\reboot_v142_20260620_1548_prob40like_broad_move_narrow_selector_on_v136.py --algorithm name=direct,version=reboot_v146_prob27like_efficiency_shortlist,path=ogc2026\baseline\alg_versions\reboot_v146_20260621_0215_prob27like_efficiency_shortlist_on_v142.py --problems train\prob_*.json --timelimit 60 --run-id full_reboot_v146_train40_20260621_001 --out-dir reports\ogc2026_reboot_v001\full_reboot_v146_train40_20260621_001 --cumulative-csv reports\ogc2026_reboot_v001\full_reboot_v146_train40_20260621_001.csv --require-fresh-cumulative"
2026-06-20T19:42:12,full_reboot_v146_train40_20260621_001,direct,reboot_v142_direct,ogc2026\baseline\alg_versions\reboot_v142_20260620_1548_prob40like_broad_move_narrow_selector_on_v136.py,998dca3c3a7215d10504239f38bff30dca86ce2893e1a8bcd504370a63a535ec,9dfaa0ac5fa3e0f16fdfb0890e11b4cb64ea59b8edee029a9c4f13a2c52538b0,hh_algorithm_loop,c2aef82c,True,prob_18.json,60.000000,60.000000,20.000000,90.000000,true,false,true,true,true,5,264994.0,264994.0,264994.0,0.0,3406,1890.0,22.985082,22.79781436920166,300,300,4,,reports\ogc2026_reboot_v001\full_reboot_v146_train40_20260621_001\solutions\direct__reboot_v142_direct\prob_18.solution.json,reports\ogc2026_reboot_v001\full_reboot_v146_train40_20260621_001\logs\direct__reboot_v142_direct\prob_18.log,PASS objective=264994.0 obj1=0.0 obj2=3406 obj3=1890.0,"C:\Python314\python.exe ogc2026\batchrunner\benchmark.py --algorithm name=direct,version=reboot_v142_direct,path=ogc2026\baseline\alg_versions\reboot_v142_20260620_1548_prob40like_broad_move_narrow_selector_on_v136.py --algorithm name=direct,version=reboot_v146_prob27like_efficiency_shortlist,path=ogc2026\baseline\alg_versions\reboot_v146_20260621_0215_prob27like_efficiency_shortlist_on_v142.py --problems train\prob_*.json --timelimit 60 --run-id full_reboot_v146_train40_20260621_001 --out-dir reports\ogc2026_reboot_v001\full_reboot_v146_train40_20260621_001 --cumulative-csv reports\ogc2026_reboot_v001\full_reboot_v146_train40_20260621_001.csv --require-fresh-cumulative"
2026-06-20T19:42:12,full_reboot_v146_train40_20260621_001,direct,reboot_v142_direct,ogc2026\baseline\alg_versions\reboot_v142_20260620_1548_prob40like_broad_move_narrow_selector_on_v136.py,998dca3c3a7215d10504239f38bff30dca86ce2893e1a8bcd504370a63a535ec,9dfaa0ac5fa3e0f16fdfb0890e11b4cb64ea59b8edee029a9c4f13a2c52538b0,hh_algorithm_loop,c2aef82c,True,prob_19.json,60.000000,60.000000,20.000000,90.000000,true,false,true,true,true,5,4715273.0,4715273.0,4715273.0,389.0,7056,4042.0,12.738702,12.49977159500122,300,300,4,,reports\ogc2026_reboot_v001\full_reboot_v146_train40_20260621_001\solutions\direct__reboot_v142_direct\prob_19.solution.json,reports\ogc2026_reboot_v001\full_reboot_v146_train40_20260621_001\logs\direct__reboot_v142_direct\prob_19.log,PASS objective=4715273.0 obj1=389.0 obj2=7056 obj3=4042.0,"C:\Python314\python.exe ogc2026\batchrunner\benchmark.py --algorithm name=direct,version=reboot_v142_direct,path=ogc2026\baseline\alg_versions\reboot_v142_20260620_1548_prob40like_broad_move_narrow_selector_on_v136.py --algorithm name=direct,version=reboot_v146_prob27like_efficiency_shortlist,path=ogc2026\baseline\alg_versions\reboot_v146_20260621_0215_prob27like_efficiency_shortlist_on_v142.py --problems train\prob_*.json --timelimit 60 --run-id full_reboot_v146_train40_20260621_001 --out-dir reports\ogc2026_reboot_v001\full_reboot_v146_train40_20260621_001 --cumulative-csv reports\ogc2026_reboot_v001\full_reboot_v146_train40_20260621_001.csv --require-fresh-cumulative"
2026-06-20T19:42:12,full_reboot_v146_train40_20260621_001,direct,reboot_v142_direct,ogc2026\baseline\alg_versions\reboot_v142_20260620_1548_prob40like_broad_move_narrow_selector_on_v136.py,998dca3c3a7215d10504239f38bff30dca86ce2893e1a8bcd504370a63a535ec,9dfaa0ac5fa3e0f16fdfb0890e11b4cb64ea59b8edee029a9c4f13a2c52538b0,hh_algorithm_loop,c2aef82c,True,prob_20.json,60.000000,60.000000,20.000000,90.000000,true,false,true,true,true,5,8371363.0,8371363.0,8371363.0,283.0,3642,6422.0,38.096635,37.88429307937622,300,300,5,,reports\ogc2026_reboot_v001\full_reboot_v146_train40_20260621_001\solutions\direct__reboot_v142_direct\prob_20.solution.json,reports\ogc2026_reboot_v001\full_reboot_v146_train40_20260621_001\logs\direct__reboot_v142_direct\prob_20.log,PASS objective=8371363.0 obj1=283.0 obj2=3642 obj3=6422.0,"C:\Python314\python.exe ogc2026\batchrunner\benchmark.py --algorithm name=direct,version=reboot_v142_direct,path=ogc2026\baseline\alg_versions\reboot_v142_20260620_1548_prob40like_broad_move_narrow_selector_on_v136.py --algorithm name=direct,version=reboot_v146_prob27like_efficiency_shortlist,path=ogc2026\baseline\alg_versions\reboot_v146_20260621_0215_prob27like_efficiency_shortlist_on_v142.py --problems train\prob_*.json --timelimit 60 --run-id full_reboot_v146_train40_20260621_001 --out-dir reports\ogc2026_reboot_v001\full_reboot_v146_train40_20260621_001 --cumulative-csv reports\ogc2026_reboot_v001\full_reboot_v146_train40_20260621_001.csv --require-fresh-cumulative"
2026-06-20T19:42:12,full_reboot_v146_train40_20260621_001,direct,reboot_v142_direct,ogc2026\baseline\alg_versions\reboot_v142_20260620_1548_prob40like_broad_move_narrow_selector_on_v136.py,998dca3c3a7215d10504239f38bff30dca86ce2893e1a8bcd504370a63a535ec,9dfaa0ac5fa3e0f16fdfb0890e11b4cb64ea59b8edee029a9c4f13a2c52538b0,hh_algorithm_loop,c2aef82c,True,prob_21.json,60.000000,60.000000,20.000000,90.000000,true,false,true,true,true,5,9383482.0,9383482.0,9383482.0,664.0,522,3501.0,10.580797,10.393410682678223,100,100,3,,reports\ogc2026_reboot_v001\full_reboot_v146_train40_20260621_001\solutions\direct__reboot_v142_direct\prob_21.solution.json,reports\ogc2026_reboot_v001\full_reboot_v146_train40_20260621_001\logs\direct__reboot_v142_direct\prob_21.log,PASS objective=9383482.0 obj1=664.0 obj2=522 obj3=3501.0,"C:\Python314\python.exe ogc2026\batchrunner\benchmark.py --algorithm name=direct,version=reboot_v142_direct,path=ogc2026\baseline\alg_versions\reboot_v142_20260620_1548_prob40like_broad_move_narrow_selector_on_v136.py --algorithm name=direct,version=reboot_v146_prob27like_efficiency_shortlist,path=ogc2026\baseline\alg_versions\reboot_v146_20260621_0215_prob27like_efficiency_shortlist_on_v142.py --problems train\prob_*.json --timelimit 60 --run-id full_reboot_v146_train40_20260621_001 --out-dir reports\ogc2026_reboot_v001\full_reboot_v146_train40_20260621_001 --cumulative-csv reports\ogc2026_reboot_v001\full_reboot_v146_train40_20260621_001.csv --require-fresh-cumulative"
2026-06-20T19:42:12,full_reboot_v146_train40_20260621_001,direct,reboot_v142_direct,ogc2026\baseline\alg_versions\reboot_v142_20260620_1548_prob40like_broad_move_narrow_selector_on_v136.py,998dca3c3a7215d10504239f38bff30dca86ce2893e1a8bcd504370a63a535ec,9dfaa0ac5fa3e0f16fdfb0890e11b4cb64ea59b8edee029a9c4f13a2c52538b0,hh_algorithm_loop,c2aef82c,True,prob_22.json,60.000000,60.000000,20.000000,90.000000,true,false,true,true,true,5,1837996.0,1837996.0,1837996.0,26.0,2446,3710.0,14.956111,14.764321327209473,100,100,2,,reports\ogc2026_reboot_v001\full_reboot_v146_train40_20260621_001\solutions\direct__reboot_v142_direct\prob_22.solution.json,reports\ogc2026_reboot_v001\full_reboot_v146_train40_20260621_001\logs\direct__reboot_v142_direct\prob_22.log,PASS objective=1837996.0 obj1=26.0 obj2=2446 obj3=3710.0,"C:\Python314\python.exe ogc2026\batchrunner\benchmark.py --algorithm name=direct,version=reboot_v142_direct,path=ogc2026\baseline\alg_versions\reboot_v142_20260620_1548_prob40like_broad_move_narrow_selector_on_v136.py --algorithm name=direct,version=reboot_v146_prob27like_efficiency_shortlist,path=ogc2026\baseline\alg_versions\reboot_v146_20260621_0215_prob27like_efficiency_shortlist_on_v142.py --problems train\prob_*.json --timelimit 60 --run-id full_reboot_v146_train40_20260621_001 --out-dir reports\ogc2026_reboot_v001\full_reboot_v146_train40_20260621_001 --cumulative-csv reports\ogc2026_reboot_v001\full_reboot_v146_train40_20260621_001.csv --require-fresh-cumulative"
2026-06-20T19:42:12,full_reboot_v146_train40_20260621_001,direct,reboot_v142_direct,ogc2026\baseline\alg_versions\reboot_v142_20260620_1548_prob40like_broad_move_narrow_selector_on_v136.py,998dca3c3a7215d10504239f38bff30dca86ce2893e1a8bcd504370a63a535ec,9dfaa0ac5fa3e0f16fdfb0890e11b4cb64ea59b8edee029a9c4f13a2c52538b0,hh_algorithm_loop,c2aef82c,True,prob_23.json,60.000000,60.000000,20.000000,90.000000,true,false,true,true,true,5,20686068.0,20686068.0,20686068.0,1497.0,35,1940.0,19.712589,19.544028520584106,100,100,2,,reports\ogc2026_reboot_v001\full_reboot_v146_train40_20260621_001\solutions\direct__reboot_v142_direct\prob_23.solution.json,reports\ogc2026_reboot_v001\full_reboot_v146_train40_20260621_001\logs\direct__reboot_v142_direct\prob_23.log,PASS objective=20686068.0 obj1=1497.0 obj2=35 obj3=1940.0,"C:\Python314\python.exe ogc2026\batchrunner\benchmark.py --algorithm name=direct,version=reboot_v142_direct,path=ogc2026\baseline\alg_versions\reboot_v142_20260620_1548_prob40like_broad_move_narrow_selector_on_v136.py --algorithm name=direct,version=reboot_v146_prob27like_efficiency_shortlist,path=ogc2026\baseline\alg_versions\reboot_v146_20260621_0215_prob27like_efficiency_shortlist_on_v142.py --problems train\prob_*.json --timelimit 60 --run-id full_reboot_v146_train40_20260621_001 --out-dir reports\ogc2026_reboot_v001\full_reboot_v146_train40_20260621_001 --cumulative-csv reports\ogc2026_reboot_v001\full_reboot_v146_train40_20260621_001.csv --require-fresh-cumulative"
2026-06-20T19:42:12,full_reboot_v146_train40_20260621_001,direct,reboot_v142_direct,ogc2026\baseline\alg_versions\reboot_v142_20260620_1548_prob40like_broad_move_narrow_selector_on_v136.py,998dca3c3a7215d10504239f38bff30dca86ce2893e1a8bcd504370a63a535ec,9dfaa0ac5fa3e0f16fdfb0890e11b4cb64ea59b8edee029a9c4f13a2c52538b0,hh_algorithm_loop,c2aef82c,True,prob_24.json,60.000000,60.000000,20.000000,90.000000,true,false,true,true,true,5,2981583.0,2981583.0,2981583.0,166.0,1381,2538.0,31.463147,31.281031608581543,100,100,3,,reports\ogc2026_reboot_v001\full_reboot_v146_train40_20260621_001\solutions\direct__reboot_v142_direct\prob_24.solution.json,reports\ogc2026_reboot_v001\full_reboot_v146_train40_20260621_001\logs\direct__reboot_v142_direct\prob_24.log,PASS objective=2981583.0 obj1=166.0 obj2=1381 obj3=2538.0,"C:\Python314\python.exe ogc2026\batchrunner\benchmark.py --algorithm name=direct,version=reboot_v142_direct,path=ogc2026\baseline\alg_versions\reboot_v142_20260620_1548_prob40like_broad_move_narrow_selector_on_v136.py --algorithm name=direct,version=reboot_v146_prob27like_efficiency_shortlist,path=ogc2026\baseline\alg_versions\reboot_v146_20260621_0215_prob27like_efficiency_shortlist_on_v142.py --problems train\prob_*.json --timelimit 60 --run-id full_reboot_v146_train40_20260621_001 --out-dir reports\ogc2026_reboot_v001\full_reboot_v146_train40_20260621_001 --cumulative-csv reports\ogc2026_reboot_v001\full_reboot_v146_train40_20260621_001.csv --require-fresh-cumulative"
2026-06-20T19:42:12,full_reboot_v146_train40_20260621_001,direct,reboot_v142_direct,ogc2026\baseline\alg_versions\reboot_v142_20260620_1548_prob40like_broad_move_narrow_selector_on_v136.py,998dca3c3a7215d10504239f38bff30dca86ce2893e1a8bcd504370a63a535ec,9dfaa0ac5fa3e0f16fdfb0890e11b4cb64ea59b8edee029a9c4f13a2c52538b0,hh_algorithm_loop,c2aef82c,True,prob_25.json,60.000000,60.000000,20.000000,90.000000,true,false,true,true,true,5,1454484.0,1454484.0,1454484.0,2089.0,241,3044.0,32.781204,32.60652184486389,100,100,2,,reports\ogc2026_reboot_v001\full_reboot_v146_train40_20260621_001\solutions\direct__reboot_v142_direct\prob_25.solution.json,reports\ogc2026_reboot_v001\full_reboot_v146_train40_20260621_001\logs\direct__reboot_v142_direct\prob_25.log,PASS objective=1454484.0 obj1=2089.0 obj2=241 obj3=3044.0,"C:\Python314\python.exe ogc2026\batchrunner\benchmark.py --algorithm name=direct,version=reboot_v142_direct,path=ogc2026\baseline\alg_versions\reboot_v142_20260620_1548_prob40like_broad_move_narrow_selector_on_v136.py --algorithm name=direct,version=reboot_v146_prob27like_efficiency_shortlist,path=ogc2026\baseline\alg_versions\reboot_v146_20260621_0215_prob27like_efficiency_shortlist_on_v142.py --problems train\prob_*.json --timelimit 60 --run-id full_reboot_v146_train40_20260621_001 --out-dir reports\ogc2026_reboot_v001\full_reboot_v146_train40_20260621_001 --cumulative-csv reports\ogc2026_reboot_v001\full_reboot_v146_train40_20260621_001.csv --require-fresh-cumulative"
2026-06-20T19:42:12,full_reboot_v146_train40_20260621_001,direct,reboot_v142_direct,ogc2026\baseline\alg_versions\reboot_v142_20260620_1548_prob40like_broad_move_narrow_selector_on_v136.py,998dca3c3a7215d10504239f38bff30dca86ce2893e1a8bcd504370a63a535ec,9dfaa0ac5fa3e0f16fdfb0890e11b4cb64ea59b8edee029a9c4f13a2c52538b0,hh_algorithm_loop,c2aef82c,True,prob_26.json,60.000000,60.000000,20.000000,90.000000,true,false,true,true,true,5,31708207.0,31708207.0,31708207.0,2305.0,2556,6385.0,26.545428,26.358869075775146,150,150,3,,reports\ogc2026_reboot_v001\full_reboot_v146_train40_20260621_001\solutions\direct__reboot_v142_direct\prob_26.solution.json,reports\ogc2026_reboot_v001\full_reboot_v146_train40_20260621_001\logs\direct__reboot_v142_direct\prob_26.log,PASS objective=31708207.0 obj1=2305.0 obj2=2556 obj3=6385.0,"C:\Python314\python.exe ogc2026\batchrunner\benchmark.py --algorithm name=direct,version=reboot_v142_direct,path=ogc2026\baseline\alg_versions\reboot_v142_20260620_1548_prob40like_broad_move_narrow_selector_on_v136.py --algorithm name=direct,version=reboot_v146_prob27like_efficiency_shortlist,path=ogc2026\baseline\alg_versions\reboot_v146_20260621_0215_prob27like_efficiency_shortlist_on_v142.py --problems train\prob_*.json --timelimit 60 --run-id full_reboot_v146_train40_20260621_001 --out-dir reports\ogc2026_reboot_v001\full_reboot_v146_train40_20260621_001 --cumulative-csv reports\ogc2026_reboot_v001\full_reboot_v146_train40_20260621_001.csv --require-fresh-cumulative"
2026-06-20T19:42:12,full_reboot_v146_train40_20260621_001,direct,reboot_v142_direct,ogc2026\baseline\alg_versions\reboot_v142_20260620_1548_prob40like_broad_move_narrow_selector_on_v136.py,998dca3c3a7215d10504239f38bff30dca86ce2893e1a8bcd504370a63a535ec,9dfaa0ac5fa3e0f16fdfb0890e11b4cb64ea59b8edee029a9c4f13a2c52538b0,hh_algorithm_loop,c2aef82c,True,prob_27.json,60.000000,60.000000,20.000000,90.000000,true,false,true,true,true,5,76200619.0,76200619.0,76200619.0,5541.0,2033,5796.0,46.597662,46.417816400527954,150,150,2,,reports\ogc2026_reboot_v001\full_reboot_v146_train40_20260621_001\solutions\direct__reboot_v142_direct\prob_27.solution.json,reports\ogc2026_reboot_v001\full_reboot_v146_train40_20260621_001\logs\direct__reboot_v142_direct\prob_27.log,PASS objective=76200619.0 obj1=5541.0 obj2=2033 obj3=5796.0,"C:\Python314\python.exe ogc2026\batchrunner\benchmark.py --algorithm name=direct,version=reboot_v142_direct,path=ogc2026\baseline\alg_versions\reboot_v142_20260620_1548_prob40like_broad_move_narrow_selector_on_v136.py --algorithm name=direct,version=reboot_v146_prob27like_efficiency_shortlist,path=ogc2026\baseline\alg_versions\reboot_v146_20260621_0215_prob27like_efficiency_shortlist_on_v142.py --problems train\prob_*.json --timelimit 60 --run-id full_reboot_v146_train40_20260621_001 --out-dir reports\ogc2026_reboot_v001\full_reboot_v146_train40_20260621_001 --cumulative-csv reports\ogc2026_reboot_v001\full_reboot_v146_train40_20260621_001.csv --require-fresh-cumulative"
2026-06-20T19:42:12,full_reboot_v146_train40_20260621_001,direct,reboot_v142_direct,ogc2026\baseline\alg_versions\reboot_v142_20260620_1548_prob40like_broad_move_narrow_selector_on_v136.py,998dca3c3a7215d10504239f38bff30dca86ce2893e1a8bcd504370a63a535ec,9dfaa0ac5fa3e0f16fdfb0890e11b4cb64ea59b8edee029a9c4f13a2c52538b0,hh_algorithm_loop,c2aef82c,True,prob_28.json,60.000000,60.000000,20.000000,90.000000,true,false,true,true,true,5,18836666.0,18836666.0,18836666.0,1310.0,1012,4558.0,24.324038,24.14858341217041,150,150,3,,reports\ogc2026_reboot_v001\full_reboot_v146_train40_20260621_001\solutions\direct__reboot_v142_direct\prob_28.solution.json,reports\ogc2026_reboot_v001\full_reboot_v146_train40_20260621_001\logs\direct__reboot_v142_direct\prob_28.log,PASS objective=18836666.0 obj1=1310.0 obj2=1012 obj3=4558.0,"C:\Python314\python.exe ogc2026\batchrunner\benchmark.py --algorithm name=direct,version=reboot_v142_direct,path=ogc2026\baseline\alg_versions\reboot_v142_20260620_1548_prob40like_broad_move_narrow_selector_on_v136.py --algorithm name=direct,version=reboot_v146_prob27like_efficiency_shortlist,path=ogc2026\baseline\alg_versions\reboot_v146_20260621_0215_prob27like_efficiency_shortlist_on_v142.py --problems train\prob_*.json --timelimit 60 --run-id full_reboot_v146_train40_20260621_001 --out-dir reports\ogc2026_reboot_v001\full_reboot_v146_train40_20260621_001 --cumulative-csv reports\ogc2026_reboot_v001\full_reboot_v146_train40_20260621_001.csv --require-fresh-cumulative"
2026-06-20T19:42:12,full_reboot_v146_train40_20260621_001,direct,reboot_v142_direct,ogc2026\baseline\alg_versions\reboot_v142_20260620_1548_prob40like_broad_move_narrow_selector_on_v136.py,998dca3c3a7215d10504239f38bff30dca86ce2893e1a8bcd504370a63a535ec,9dfaa0ac5fa3e0f16fdfb0890e11b4cb64ea59b8edee029a9c4f13a2c52538b0,hh_algorithm_loop,c2aef82c,True,prob_29.json,60.000000,60.000000,20.000000,90.000000,true,false,true,true,true,5,7782572.0,7782572.0,7782572.0,446.0,3918,6081.0,29.156878,28.948447465896606,150,150,3,,reports\ogc2026_reboot_v001\full_reboot_v146_train40_20260621_001\solutions\direct__reboot_v142_direct\prob_29.solution.json,reports\ogc2026_reboot_v001\full_reboot_v146_train40_20260621_001\logs\direct__reboot_v142_direct\prob_29.log,PASS objective=7782572.0 obj1=446.0 obj2=3918 obj3=6081.0,"C:\Python314\python.exe ogc2026\batchrunner\benchmark.py --algorithm name=direct,version=reboot_v142_direct,path=ogc2026\baseline\alg_versions\reboot_v142_20260620_1548_prob40like_broad_move_narrow_selector_on_v136.py --algorithm name=direct,version=reboot_v146_prob27like_efficiency_shortlist,path=ogc2026\baseline\alg_versions\reboot_v146_20260621_0215_prob27like_efficiency_shortlist_on_v142.py --problems train\prob_*.json --timelimit 60 --run-id full_reboot_v146_train40_20260621_001 --out-dir reports\ogc2026_reboot_v001\full_reboot_v146_train40_20260621_001 --cumulative-csv reports\ogc2026_reboot_v001\full_reboot_v146_train40_20260621_001.csv --require-fresh-cumulative"
2026-06-20T19:42:12,full_reboot_v146_train40_20260621_001,direct,reboot_v142_direct,ogc2026\baseline\alg_versions\reboot_v142_20260620_1548_prob40like_broad_move_narrow_selector_on_v136.py,998dca3c3a7215d10504239f38bff30dca86ce2893e1a8bcd504370a63a535ec,9dfaa0ac5fa3e0f16fdfb0890e11b4cb64ea59b8edee029a9c4f13a2c52538b0,hh_algorithm_loop,c2aef82c,True,prob_30.json,60.000000,60.000000,20.000000,90.000000,true,false,true,true,true,5,31302610.0,31302610.0,31302610.0,2302.0,3211,2986.0,22.209594,22.03559136390686,150,150,2,,reports\ogc2026_reboot_v001\full_reboot_v146_train40_20260621_001\solutions\direct__reboot_v142_direct\prob_30.solution.json,reports\ogc2026_reboot_v001\full_reboot_v146_train40_20260621_001\logs\direct__reboot_v142_direct\prob_30.log,PASS objective=31302610.0 obj1=2302.0 obj2=3211 obj3=2986.0,"C:\Python314\python.exe ogc2026\batchrunner\benchmark.py --algorithm name=direct,version=reboot_v142_direct,path=ogc2026\baseline\alg_versions\reboot_v142_20260620_1548_prob40like_broad_move_narrow_selector_on_v136.py --algorithm name=direct,version=reboot_v146_prob27like_efficiency_shortlist,path=ogc2026\baseline\alg_versions\reboot_v146_20260621_0215_prob27like_efficiency_shortlist_on_v142.py --problems train\prob_*.json --timelimit 60 --run-id full_reboot_v146_train40_20260621_001 --out-dir reports\ogc2026_reboot_v001\full_reboot_v146_train40_20260621_001 --cumulative-csv reports\ogc2026_reboot_v001\full_reboot_v146_train40_20260621_001.csv --require-fresh-cumulative"
2026-06-20T19:42:12,full_reboot_v146_train40_20260621_001,direct,reboot_v142_direct,ogc2026\baseline\alg_versions\reboot_v142_20260620_1548_prob40like_broad_move_narrow_selector_on_v136.py,998dca3c3a7215d10504239f38bff30dca86ce2893e1a8bcd504370a63a535ec,9dfaa0ac5fa3e0f16fdfb0890e11b4cb64ea59b8edee029a9c4f13a2c52538b0,hh_algorithm_loop,c2aef82c,True,prob_31.json,60.000000,60.000000,20.000000,90.000000,true,false,true,true,true,5,39589844.0,39589844.0,39589844.0,2735.0,1843,11680.0,54.342221,54.16262722015381,200,200,4,,reports\ogc2026_reboot_v001\full_reboot_v146_train40_20260621_001\solutions\direct__reboot_v142_direct\prob_31.solution.json,reports\ogc2026_reboot_v001\full_reboot_v146_train40_20260621_001\logs\direct__reboot_v142_direct\prob_31.log,PASS objective=39589844.0 obj1=2735.0 obj2=1843 obj3=11680.0,"C:\Python314\python.exe ogc2026\batchrunner\benchmark.py --algorithm name=direct,version=reboot_v142_direct,path=ogc2026\baseline\alg_versions\reboot_v142_20260620_1548_prob40like_broad_move_narrow_selector_on_v136.py --algorithm name=direct,version=reboot_v146_prob27like_efficiency_shortlist,path=ogc2026\baseline\alg_versions\reboot_v146_20260621_0215_prob27like_efficiency_shortlist_on_v142.py --problems train\prob_*.json --timelimit 60 --run-id full_reboot_v146_train40_20260621_001 --out-dir reports\ogc2026_reboot_v001\full_reboot_v146_train40_20260621_001 --cumulative-csv reports\ogc2026_reboot_v001\full_reboot_v146_train40_20260621_001.csv --require-fresh-cumulative"
2026-06-20T19:42:12,full_reboot_v146_train40_20260621_001,direct,reboot_v142_direct,ogc2026\baseline\alg_versions\reboot_v142_20260620_1548_prob40like_broad_move_narrow_selector_on_v136.py,998dca3c3a7215d10504239f38bff30dca86ce2893e1a8bcd504370a63a535ec,9dfaa0ac5fa3e0f16fdfb0890e11b4cb64ea59b8edee029a9c4f13a2c52538b0,hh_algorithm_loop,c2aef82c,True,prob_32.json,60.000000,60.000000,20.000000,90.000000,true,false,true,true,true,5,12781706.0,12781706.0,12781706.0,2992.0,2434,4662.0,53.068661,52.86679291725159,200,200,3,,reports\ogc2026_reboot_v001\full_reboot_v146_train40_20260621_001\solutions\direct__reboot_v142_direct\prob_32.solution.json,reports\ogc2026_reboot_v001\full_reboot_v146_train40_20260621_001\logs\direct__reboot_v142_direct\prob_32.log,PASS objective=12781706.0 obj1=2992.0 obj2=2434 obj3=4662.0,"C:\Python314\python.exe ogc2026\batchrunner\benchmark.py --algorithm name=direct,version=reboot_v142_direct,path=ogc2026\baseline\alg_versions\reboot_v142_20260620_1548_prob40like_broad_move_narrow_selector_on_v136.py --algorithm name=direct,version=reboot_v146_prob27like_efficiency_shortlist,path=ogc2026\baseline\alg_versions\reboot_v146_20260621_0215_prob27like_efficiency_shortlist_on_v142.py --problems train\prob_*.json --timelimit 60 --run-id full_reboot_v146_train40_20260621_001 --out-dir reports\ogc2026_reboot_v001\full_reboot_v146_train40_20260621_001 --cumulative-csv reports\ogc2026_reboot_v001\full_reboot_v146_train40_20260621_001.csv --require-fresh-cumulative"
2026-06-20T19:42:12,full_reboot_v146_train40_20260621_001,direct,reboot_v142_direct,ogc2026\baseline\alg_versions\reboot_v142_20260620_1548_prob40like_broad_move_narrow_selector_on_v136.py,998dca3c3a7215d10504239f38bff30dca86ce2893e1a8bcd504370a63a535ec,9dfaa0ac5fa3e0f16fdfb0890e11b4cb64ea59b8edee029a9c4f13a2c52538b0,hh_algorithm_loop,c2aef82c,True,prob_33.json,60.000000,60.000000,20.000000,90.000000,true,false,true,true,true,5,26172225.0,26172225.0,26172225.0,3805.0,1094,5289.0,45.604434,45.414093255996704,200,200,3,,reports\ogc2026_reboot_v001\full_reboot_v146_train40_20260621_001\solutions\direct__reboot_v142_direct\prob_33.solution.json,reports\ogc2026_reboot_v001\full_reboot_v146_train40_20260621_001\logs\direct__reboot_v142_direct\prob_33.log,PASS objective=26172225.0 obj1=3805.0 obj2=1094 obj3=5289.0,"C:\Python314\python.exe ogc2026\batchrunner\benchmark.py --algorithm name=direct,version=reboot_v142_direct,path=ogc2026\baseline\alg_versions\reboot_v142_20260620_1548_prob40like_broad_move_narrow_selector_on_v136.py --algorithm name=direct,version=reboot_v146_prob27like_efficiency_shortlist,path=ogc2026\baseline\alg_versions\reboot_v146_20260621_0215_prob27like_efficiency_shortlist_on_v142.py --problems train\prob_*.json --timelimit 60 --run-id full_reboot_v146_train40_20260621_001 --out-dir reports\ogc2026_reboot_v001\full_reboot_v146_train40_20260621_001 --cumulative-csv reports\ogc2026_reboot_v001\full_reboot_v146_train40_20260621_001.csv --require-fresh-cumulative"
2026-06-20T19:42:12,full_reboot_v146_train40_20260621_001,direct,reboot_v142_direct,ogc2026\baseline\alg_versions\reboot_v142_20260620_1548_prob40like_broad_move_narrow_selector_on_v136.py,998dca3c3a7215d10504239f38bff30dca86ce2893e1a8bcd504370a63a535ec,9dfaa0ac5fa3e0f16fdfb0890e11b4cb64ea59b8edee029a9c4f13a2c52538b0,hh_algorithm_loop,c2aef82c,True,prob_34.json,60.000000,60.000000,20.000000,90.000000,true,false,true,true,true,5,8002714.0,8002714.0,8002714.0,1595.0,2702,5005.0,38.974898,38.79675102233887,200,200,4,,reports\ogc2026_reboot_v001\full_reboot_v146_train40_20260621_001\solutions\direct__reboot_v142_direct\prob_34.solution.json,reports\ogc2026_reboot_v001\full_reboot_v146_train40_20260621_001\logs\direct__reboot_v142_direct\prob_34.log,PASS objective=8002714.0 obj1=1595.0 obj2=2702 obj3=5005.0,"C:\Python314\python.exe ogc2026\batchrunner\benchmark.py --algorithm name=direct,version=reboot_v142_direct,path=ogc2026\baseline\alg_versions\reboot_v142_20260620_1548_prob40like_broad_move_narrow_selector_on_v136.py --algorithm name=direct,version=reboot_v146_prob27like_efficiency_shortlist,path=ogc2026\baseline\alg_versions\reboot_v146_20260621_0215_prob27like_efficiency_shortlist_on_v142.py --problems train\prob_*.json --timelimit 60 --run-id full_reboot_v146_train40_20260621_001 --out-dir reports\ogc2026_reboot_v001\full_reboot_v146_train40_20260621_001 --cumulative-csv reports\ogc2026_reboot_v001\full_reboot_v146_train40_20260621_001.csv --require-fresh-cumulative"
2026-06-20T19:42:12,full_reboot_v146_train40_20260621_001,direct,reboot_v142_direct,ogc2026\baseline\alg_versions\reboot_v142_20260620_1548_prob40like_broad_move_narrow_selector_on_v136.py,998dca3c3a7215d10504239f38bff30dca86ce2893e1a8bcd504370a63a535ec,9dfaa0ac5fa3e0f16fdfb0890e11b4cb64ea59b8edee029a9c4f13a2c52538b0,hh_algorithm_loop,c2aef82c,True,prob_35.json,60.000000,60.000000,20.000000,90.000000,true,false,true,true,true,5,22037108.0,22037108.0,22037108.0,1591.0,8081,5226.0,36.414219,36.22958421707153,200,200,3,,reports\ogc2026_reboot_v001\full_reboot_v146_train40_20260621_001\solutions\direct__reboot_v142_direct\prob_35.solution.json,reports\ogc2026_reboot_v001\full_reboot_v146_train40_20260621_001\logs\direct__reboot_v142_direct\prob_35.log,PASS objective=22037108.0 obj1=1591.0 obj2=8081 obj3=5226.0,"C:\Python314\python.exe ogc2026\batchrunner\benchmark.py --algorithm name=direct,version=reboot_v142_direct,path=ogc2026\baseline\alg_versions\reboot_v142_20260620_1548_prob40like_broad_move_narrow_selector_on_v136.py --algorithm name=direct,version=reboot_v146_prob27like_efficiency_shortlist,path=ogc2026\baseline\alg_versions\reboot_v146_20260621_0215_prob27like_efficiency_shortlist_on_v142.py --problems train\prob_*.json --timelimit 60 --run-id full_reboot_v146_train40_20260621_001 --out-dir reports\ogc2026_reboot_v001\full_reboot_v146_train40_20260621_001 --cumulative-csv reports\ogc2026_reboot_v001\full_reboot_v146_train40_20260621_001.csv --require-fresh-cumulative"
2026-06-20T19:42:12,full_reboot_v146_train40_20260621_001,direct,reboot_v142_direct,ogc2026\baseline\alg_versions\reboot_v142_20260620_1548_prob40like_broad_move_narrow_selector_on_v136.py,998dca3c3a7215d10504239f38bff30dca86ce2893e1a8bcd504370a63a535ec,9dfaa0ac5fa3e0f16fdfb0890e11b4cb64ea59b8edee029a9c4f13a2c52538b0,hh_algorithm_loop,c2aef82c,True,prob_36.json,60.000000,60.000000,20.000000,90.000000,true,false,true,true,true,5,1499988.0,1499988.0,1499988.0,2010.0,1381,12149.0,44.021554,43.82155919075012,250,250,4,,reports\ogc2026_reboot_v001\full_reboot_v146_train40_20260621_001\solutions\direct__reboot_v142_direct\prob_36.solution.json,reports\ogc2026_reboot_v001\full_reboot_v146_train40_20260621_001\logs\direct__reboot_v142_direct\prob_36.log,PASS objective=1499988.0 obj1=2010.0 obj2=1381 obj3=12149.0,"C:\Python314\python.exe ogc2026\batchrunner\benchmark.py --algorithm name=direct,version=reboot_v142_direct,path=ogc2026\baseline\alg_versions\reboot_v142_20260620_1548_prob40like_broad_move_narrow_selector_on_v136.py --algorithm name=direct,version=reboot_v146_prob27like_efficiency_shortlist,path=ogc2026\baseline\alg_versions\reboot_v146_20260621_0215_prob27like_efficiency_shortlist_on_v142.py --problems train\prob_*.json --timelimit 60 --run-id full_reboot_v146_train40_20260621_001 --out-dir reports\ogc2026_reboot_v001\full_reboot_v146_train40_20260621_001 --cumulative-csv reports\ogc2026_reboot_v001\full_reboot_v146_train40_20260621_001.csv --require-fresh-cumulative"
2026-06-20T19:42:12,full_reboot_v146_train40_20260621_001,direct,reboot_v142_direct,ogc2026\baseline\alg_versions\reboot_v142_20260620_1548_prob40like_broad_move_narrow_selector_on_v136.py,998dca3c3a7215d10504239f38bff30dca86ce2893e1a8bcd504370a63a535ec,9dfaa0ac5fa3e0f16fdfb0890e11b4cb64ea59b8edee029a9c4f13a2c52538b0,hh_algorithm_loop,c2aef82c,True,prob_37.json,60.000000,60.000000,20.000000,90.000000,true,false,true,true,true,5,17644653.0,17644653.0,17644653.0,3961.0,3660,7380.0,52.856871,52.671534299850464,250,250,3,,reports\ogc2026_reboot_v001\full_reboot_v146_train40_20260621_001\solutions\direct__reboot_v142_direct\prob_37.solution.json,reports\ogc2026_reboot_v001\full_reboot_v146_train40_20260621_001\logs\direct__reboot_v142_direct\prob_37.log,PASS objective=17644653.0 obj1=3961.0 obj2=3660 obj3=7380.0,"C:\Python314\python.exe ogc2026\batchrunner\benchmark.py --algorithm name=direct,version=reboot_v142_direct,path=ogc2026\baseline\alg_versions\reboot_v142_20260620_1548_prob40like_broad_move_narrow_selector_on_v136.py --algorithm name=direct,version=reboot_v146_prob27like_efficiency_shortlist,path=ogc2026\baseline\alg_versions\reboot_v146_20260621_0215_prob27like_efficiency_shortlist_on_v142.py --problems train\prob_*.json --timelimit 60 --run-id full_reboot_v146_train40_20260621_001 --out-dir reports\ogc2026_reboot_v001\full_reboot_v146_train40_20260621_001 --cumulative-csv reports\ogc2026_reboot_v001\full_reboot_v146_train40_20260621_001.csv --require-fresh-cumulative"
2026-06-20T19:42:12,full_reboot_v146_train40_20260621_001,direct,reboot_v142_direct,ogc2026\baseline\alg_versions\reboot_v142_20260620_1548_prob40like_broad_move_narrow_selector_on_v136.py,998dca3c3a7215d10504239f38bff30dca86ce2893e1a8bcd504370a63a535ec,9dfaa0ac5fa3e0f16fdfb0890e11b4cb64ea59b8edee029a9c4f13a2c52538b0,hh_algorithm_loop,c2aef82c,True,prob_38.json,60.000000,60.000000,20.000000,90.000000,true,false,true,true,true,5,151254848.0,151254848.0,151254848.0,11120.0,3894,9947.0,47.943713,47.75358247756958,250,250,3,,reports\ogc2026_reboot_v001\full_reboot_v146_train40_20260621_001\solutions\direct__reboot_v142_direct\prob_38.solution.json,reports\ogc2026_reboot_v001\full_reboot_v146_train40_20260621_001\logs\direct__reboot_v142_direct\prob_38.log,PASS objective=151254848.0 obj1=11120.0 obj2=3894 obj3=9947.0,"C:\Python314\python.exe ogc2026\batchrunner\benchmark.py --algorithm name=direct,version=reboot_v142_direct,path=ogc2026\baseline\alg_versions\reboot_v142_20260620_1548_prob40like_broad_move_narrow_selector_on_v136.py --algorithm name=direct,version=reboot_v146_prob27like_efficiency_shortlist,path=ogc2026\baseline\alg_versions\reboot_v146_20260621_0215_prob27like_efficiency_shortlist_on_v142.py --problems train\prob_*.json --timelimit 60 --run-id full_reboot_v146_train40_20260621_001 --out-dir reports\ogc2026_reboot_v001\full_reboot_v146_train40_20260621_001 --cumulative-csv reports\ogc2026_reboot_v001\full_reboot_v146_train40_20260621_001.csv --require-fresh-cumulative"
2026-06-20T19:42:12,full_reboot_v146_train40_20260621_001,direct,reboot_v142_direct,ogc2026\baseline\alg_versions\reboot_v142_20260620_1548_prob40like_broad_move_narrow_selector_on_v136.py,998dca3c3a7215d10504239f38bff30dca86ce2893e1a8bcd504370a63a535ec,9dfaa0ac5fa3e0f16fdfb0890e11b4cb64ea59b8edee029a9c4f13a2c52538b0,hh_algorithm_loop,c2aef82c,True,prob_39.json,60.000000,60.000000,20.000000,90.000000,true,false,true,true,true,5,48160369.0,48160369.0,48160369.0,3521.0,194,8094.0,59.000542,58.805075883865356,250,250,3,,reports\ogc2026_reboot_v001\full_reboot_v146_train40_20260621_001\solutions\direct__reboot_v142_direct\prob_39.solution.json,reports\ogc2026_reboot_v001\full_reboot_v146_train40_20260621_001\logs\direct__reboot_v142_direct\prob_39.log,PASS objective=48160369.0 obj1=3521.0 obj2=194 obj3=8094.0,"C:\Python314\python.exe ogc2026\batchrunner\benchmark.py --algorithm name=direct,version=reboot_v142_direct,path=ogc2026\baseline\alg_versions\reboot_v142_20260620_1548_prob40like_broad_move_narrow_selector_on_v136.py --algorithm name=direct,version=reboot_v146_prob27like_efficiency_shortlist,path=ogc2026\baseline\alg_versions\reboot_v146_20260621_0215_prob27like_efficiency_shortlist_on_v142.py --problems train\prob_*.json --timelimit 60 --run-id full_reboot_v146_train40_20260621_001 --out-dir reports\ogc2026_reboot_v001\full_reboot_v146_train40_20260621_001 --cumulative-csv reports\ogc2026_reboot_v001\full_reboot_v146_train40_20260621_001.csv --require-fresh-cumulative"
2026-06-20T19:42:12,full_reboot_v146_train40_20260621_001,direct,reboot_v142_direct,ogc2026\baseline\alg_versions\reboot_v142_20260620_1548_prob40like_broad_move_narrow_selector_on_v136.py,998dca3c3a7215d10504239f38bff30dca86ce2893e1a8bcd504370a63a535ec,9dfaa0ac5fa3e0f16fdfb0890e11b4cb64ea59b8edee029a9c4f13a2c52538b0,hh_algorithm_loop,c2aef82c,True,prob_40.json,60.000000,60.000000,20.000000,90.000000,true,false,true,true,true,5,5780789.0,5780789.0,5780789.0,8429.0,4947,11823.0,55.518890,55.28714108467102,250,250,4,,reports\ogc2026_reboot_v001\full_reboot_v146_train40_20260621_001\solutions\direct__reboot_v142_direct\prob_40.solution.json,reports\ogc2026_reboot_v001\full_reboot_v146_train40_20260621_001\logs\direct__reboot_v142_direct\prob_40.log,PASS objective=5780789.0 obj1=8429.0 obj2=4947 obj3=11823.0,"C:\Python314\python.exe ogc2026\batchrunner\benchmark.py --algorithm name=direct,version=reboot_v142_direct,path=ogc2026\baseline\alg_versions\reboot_v142_20260620_1548_prob40like_broad_move_narrow_selector_on_v136.py --algorithm name=direct,version=reboot_v146_prob27like_efficiency_shortlist,path=ogc2026\baseline\alg_versions\reboot_v146_20260621_0215_prob27like_efficiency_shortlist_on_v142.py --problems train\prob_*.json --timelimit 60 --run-id full_reboot_v146_train40_20260621_001 --out-dir reports\ogc2026_reboot_v001\full_reboot_v146_train40_20260621_001 --cumulative-csv reports\ogc2026_reboot_v001\full_reboot_v146_train40_20260621_001.csv --require-fresh-cumulative"
2026-06-20T19:42:12,full_reboot_v146_train40_20260621_001,direct,reboot_v146_prob27like_efficiency_shortlist,ogc2026\baseline\alg_versions\reboot_v146_20260621_0215_prob27like_efficiency_shortlist_on_v142.py,89a1e73b8b9ef688128aae2dc21720477d9b91044e8feac3d7c81ebfe4fe27b1,9dfaa0ac5fa3e0f16fdfb0890e11b4cb64ea59b8edee029a9c4f13a2c52538b0,hh_algorithm_loop,c2aef82c,True,prob_1.json,60.000000,60.000000,20.000000,90.000000,true,false,true,true,true,5,693901.0,693901.0,693901.0,11.0,1700,1810.0,12.728461,12.556299686431885,100,100,2,,reports\ogc2026_reboot_v001\full_reboot_v146_train40_20260621_001\solutions\direct__reboot_v146_prob27like_efficiency_shortlist\prob_1.solution.json,reports\ogc2026_reboot_v001\full_reboot_v146_train40_20260621_001\logs\direct__reboot_v146_prob27like_efficiency_shortlist\prob_1.log,PASS objective=693901.0 obj1=11.0 obj2=1700 obj3=1810.0,"C:\Python314\python.exe ogc2026\batchrunner\benchmark.py --algorithm name=direct,version=reboot_v142_direct,path=ogc2026\baseline\alg_versions\reboot_v142_20260620_1548_prob40like_broad_move_narrow_selector_on_v136.py --algorithm name=direct,version=reboot_v146_prob27like_efficiency_shortlist,path=ogc2026\baseline\alg_versions\reboot_v146_20260621_0215_prob27like_efficiency_shortlist_on_v142.py --problems train\prob_*.json --timelimit 60 --run-id full_reboot_v146_train40_20260621_001 --out-dir reports\ogc2026_reboot_v001\full_reboot_v146_train40_20260621_001 --cumulative-csv reports\ogc2026_reboot_v001\full_reboot_v146_train40_20260621_001.csv --require-fresh-cumulative"
2026-06-20T19:42:12,full_reboot_v146_train40_20260621_001,direct,reboot_v146_prob27like_efficiency_shortlist,ogc2026\baseline\alg_versions\reboot_v146_20260621_0215_prob27like_efficiency_shortlist_on_v142.py,89a1e73b8b9ef688128aae2dc21720477d9b91044e8feac3d7c81ebfe4fe27b1,9dfaa0ac5fa3e0f16fdfb0890e11b4cb64ea59b8edee029a9c4f13a2c52538b0,hh_algorithm_loop,c2aef82c,True,prob_2.json,60.000000,60.000000,20.000000,90.000000,true,false,true,true,true,5,76910.0,76910.0,76910.0,0.0,1001,446.0,18.252800,18.072500228881836,100,100,3,,reports\ogc2026_reboot_v001\full_reboot_v146_train40_20260621_001\solutions\direct__reboot_v146_prob27like_efficiency_shortlist\prob_2.solution.json,reports\ogc2026_reboot_v001\full_reboot_v146_train40_20260621_001\logs\direct__reboot_v146_prob27like_efficiency_shortlist\prob_2.log,PASS objective=76910.0 obj1=0.0 obj2=1001 obj3=446.0,"C:\Python314\python.exe ogc2026\batchrunner\benchmark.py --algorithm name=direct,version=reboot_v142_direct,path=ogc2026\baseline\alg_versions\reboot_v142_20260620_1548_prob40like_broad_move_narrow_selector_on_v136.py --algorithm name=direct,version=reboot_v146_prob27like_efficiency_shortlist,path=ogc2026\baseline\alg_versions\reboot_v146_20260621_0215_prob27like_efficiency_shortlist_on_v142.py --problems train\prob_*.json --timelimit 60 --run-id full_reboot_v146_train40_20260621_001 --out-dir reports\ogc2026_reboot_v001\full_reboot_v146_train40_20260621_001 --cumulative-csv reports\ogc2026_reboot_v001\full_reboot_v146_train40_20260621_001.csv --require-fresh-cumulative"
2026-06-20T19:42:12,full_reboot_v146_train40_20260621_001,direct,reboot_v146_prob27like_efficiency_shortlist,ogc2026\baseline\alg_versions\reboot_v146_20260621_0215_prob27like_efficiency_shortlist_on_v142.py,89a1e73b8b9ef688128aae2dc21720477d9b91044e8feac3d7c81ebfe4fe27b1,9dfaa0ac5fa3e0f16fdfb0890e11b4cb64ea59b8edee029a9c4f13a2c52538b0,hh_algorithm_loop,c2aef82c,True,prob_3.json,60.000000,60.000000,20.000000,90.000000,true,false,true,true,true,5,188500.0,188500.0,188500.0,0.0,1225,1175.0,15.219200,15.044273614883423,100,100,3,,reports\ogc2026_reboot_v001\full_reboot_v146_train40_20260621_001\solutions\direct__reboot_v146_prob27like_efficiency_shortlist\prob_3.solution.json,reports\ogc2026_reboot_v001\full_reboot_v146_train40_20260621_001\logs\direct__reboot_v146_prob27like_efficiency_shortlist\prob_3.log,PASS objective=188500.0 obj1=0.0 obj2=1225 obj3=1175.0,"C:\Python314\python.exe ogc2026\batchrunner\benchmark.py --algorithm name=direct,version=reboot_v142_direct,path=ogc2026\baseline\alg_versions\reboot_v142_20260620_1548_prob40like_broad_move_narrow_selector_on_v136.py --algorithm name=direct,version=reboot_v146_prob27like_efficiency_shortlist,path=ogc2026\baseline\alg_versions\reboot_v146_20260621_0215_prob27like_efficiency_shortlist_on_v142.py --problems train\prob_*.json --timelimit 60 --run-id full_reboot_v146_train40_20260621_001 --out-dir reports\ogc2026_reboot_v001\full_reboot_v146_train40_20260621_001 --cumulative-csv reports\ogc2026_reboot_v001\full_reboot_v146_train40_20260621_001.csv --require-fresh-cumulative"
2026-06-20T19:42:12,full_reboot_v146_train40_20260621_001,direct,reboot_v146_prob27like_efficiency_shortlist,ogc2026\baseline\alg_versions\reboot_v146_20260621_0215_prob27like_efficiency_shortlist_on_v142.py,89a1e73b8b9ef688128aae2dc21720477d9b91044e8feac3d7c81ebfe4fe27b1,9dfaa0ac5fa3e0f16fdfb0890e11b4cb64ea59b8edee029a9c4f13a2c52538b0,hh_algorithm_loop,c2aef82c,True,prob_4.json,60.000000,60.000000,20.000000,90.000000,true,false,true,true,true,5,387915.0,387915.0,387915.0,8.0,1853,998.0,9.505446,9.333616971969604,100,100,2,,reports\ogc2026_reboot_v001\full_reboot_v146_train40_20260621_001\solutions\direct__reboot_v146_prob27like_efficiency_shortlist\prob_4.solution.json,reports\ogc2026_reboot_v001\full_reboot_v146_train40_20260621_001\logs\direct__reboot_v146_prob27like_efficiency_shortlist\prob_4.log,PASS objective=387915.0 obj1=8.0 obj2=1853 obj3=998.0,"C:\Python314\python.exe ogc2026\batchrunner\benchmark.py --algorithm name=direct,version=reboot_v142_direct,path=ogc2026\baseline\alg_versions\reboot_v142_20260620_1548_prob40like_broad_move_narrow_selector_on_v136.py --algorithm name=direct,version=reboot_v146_prob27like_efficiency_shortlist,path=ogc2026\baseline\alg_versions\reboot_v146_20260621_0215_prob27like_efficiency_shortlist_on_v142.py --problems train\prob_*.json --timelimit 60 --run-id full_reboot_v146_train40_20260621_001 --out-dir reports\ogc2026_reboot_v001\full_reboot_v146_train40_20260621_001 --cumulative-csv reports\ogc2026_reboot_v001\full_reboot_v146_train40_20260621_001.csv --require-fresh-cumulative"
2026-06-20T19:42:12,full_reboot_v146_train40_20260621_001,direct,reboot_v146_prob27like_efficiency_shortlist,ogc2026\baseline\alg_versions\reboot_v146_20260621_0215_prob27like_efficiency_shortlist_on_v142.py,89a1e73b8b9ef688128aae2dc21720477d9b91044e8feac3d7c81ebfe4fe27b1,9dfaa0ac5fa3e0f16fdfb0890e11b4cb64ea59b8edee029a9c4f13a2c52538b0,hh_algorithm_loop,c2aef82c,True,prob_5.json,60.000000,60.000000,20.000000,90.000000,true,false,true,true,true,5,169685.0,169685.0,169685.0,0.0,1505,1061.0,21.223824,21.051406621932983,150,150,3,,reports\ogc2026_reboot_v001\full_reboot_v146_train40_20260621_001\solutions\direct__reboot_v146_prob27like_efficiency_shortlist\prob_5.solution.json,reports\ogc2026_reboot_v001\full_reboot_v146_train40_20260621_001\logs\direct__reboot_v146_prob27like_efficiency_shortlist\prob_5.log,PASS objective=169685.0 obj1=0.0 obj2=1505 obj3=1061.0,"C:\Python314\python.exe ogc2026\batchrunner\benchmark.py --algorithm name=direct,version=reboot_v142_direct,path=ogc2026\baseline\alg_versions\reboot_v142_20260620_1548_prob40like_broad_move_narrow_selector_on_v136.py --algorithm name=direct,version=reboot_v146_prob27like_efficiency_shortlist,path=ogc2026\baseline\alg_versions\reboot_v146_20260621_0215_prob27like_efficiency_shortlist_on_v142.py --problems train\prob_*.json --timelimit 60 --run-id full_reboot_v146_train40_20260621_001 --out-dir reports\ogc2026_reboot_v001\full_reboot_v146_train40_20260621_001 --cumulative-csv reports\ogc2026_reboot_v001\full_reboot_v146_train40_20260621_001.csv --require-fresh-cumulative"
2026-06-20T19:42:12,full_reboot_v146_train40_20260621_001,direct,reboot_v146_prob27like_efficiency_shortlist,ogc2026\baseline\alg_versions\reboot_v146_20260621_0215_prob27like_efficiency_shortlist_on_v142.py,89a1e73b8b9ef688128aae2dc21720477d9b91044e8feac3d7c81ebfe4fe27b1,9dfaa0ac5fa3e0f16fdfb0890e11b4cb64ea59b8edee029a9c4f13a2c52538b0,hh_algorithm_loop,c2aef82c,True,prob_6.json,60.000000,60.000000,20.000000,90.000000,true,false,true,true,true,5,756030.0,756030.0,756030.0,9.0,1980,3170.0,28.835231,28.661068439483643,150,150,3,,reports\ogc2026_reboot_v001\full_reboot_v146_train40_20260621_001\solutions\direct__reboot_v146_prob27like_efficiency_shortlist\prob_6.solution.json,reports\ogc2026_reboot_v001\full_reboot_v146_train40_20260621_001\logs\direct__reboot_v146_prob27like_efficiency_shortlist\prob_6.log,PASS objective=756030.0 obj1=9.0 obj2=1980 obj3=3170.0,"C:\Python314\python.exe ogc2026\batchrunner\benchmark.py --algorithm name=direct,version=reboot_v142_direct,path=ogc2026\baseline\alg_versions\reboot_v142_20260620_1548_prob40like_broad_move_narrow_selector_on_v136.py --algorithm name=direct,version=reboot_v146_prob27like_efficiency_shortlist,path=ogc2026\baseline\alg_versions\reboot_v146_20260621_0215_prob27like_efficiency_shortlist_on_v142.py --problems train\prob_*.json --timelimit 60 --run-id full_reboot_v146_train40_20260621_001 --out-dir reports\ogc2026_reboot_v001\full_reboot_v146_train40_20260621_001 --cumulative-csv reports\ogc2026_reboot_v001\full_reboot_v146_train40_20260621_001.csv --require-fresh-cumulative"
2026-06-20T19:42:12,full_reboot_v146_train40_20260621_001,direct,reboot_v146_prob27like_efficiency_shortlist,ogc2026\baseline\alg_versions\reboot_v146_20260621_0215_prob27like_efficiency_shortlist_on_v142.py,89a1e73b8b9ef688128aae2dc21720477d9b91044e8feac3d7c81ebfe4fe27b1,9dfaa0ac5fa3e0f16fdfb0890e11b4cb64ea59b8edee029a9c4f13a2c52538b0,hh_algorithm_loop,c2aef82c,True,prob_7.json,60.000000,60.000000,20.000000,90.000000,true,false,true,true,true,5,242600.0,242600.0,242600.0,0.0,3200,1468.0,24.014972,23.82468819618225,150,150,3,,reports\ogc2026_reboot_v001\full_reboot_v146_train40_20260621_001\solutions\direct__reboot_v146_prob27like_efficiency_shortlist\prob_7.solution.json,reports\ogc2026_reboot_v001\full_reboot_v146_train40_20260621_001\logs\direct__reboot_v146_prob27like_efficiency_shortlist\prob_7.log,PASS objective=242600.0 obj1=0.0 obj2=3200 obj3=1468.0,"C:\Python314\python.exe ogc2026\batchrunner\benchmark.py --algorithm name=direct,version=reboot_v142_direct,path=ogc2026\baseline\alg_versions\reboot_v142_20260620_1548_prob40like_broad_move_narrow_selector_on_v136.py --algorithm name=direct,version=reboot_v146_prob27like_efficiency_shortlist,path=ogc2026\baseline\alg_versions\reboot_v146_20260621_0215_prob27like_efficiency_shortlist_on_v142.py --problems train\prob_*.json --timelimit 60 --run-id full_reboot_v146_train40_20260621_001 --out-dir reports\ogc2026_reboot_v001\full_reboot_v146_train40_20260621_001 --cumulative-csv reports\ogc2026_reboot_v001\full_reboot_v146_train40_20260621_001.csv --require-fresh-cumulative"
2026-06-20T19:42:12,full_reboot_v146_train40_20260621_001,direct,reboot_v146_prob27like_efficiency_shortlist,ogc2026\baseline\alg_versions\reboot_v146_20260621_0215_prob27like_efficiency_shortlist_on_v142.py,89a1e73b8b9ef688128aae2dc21720477d9b91044e8feac3d7c81ebfe4fe27b1,9dfaa0ac5fa3e0f16fdfb0890e11b4cb64ea59b8edee029a9c4f13a2c52538b0,hh_algorithm_loop,c2aef82c,True,prob_8.json,60.000000,60.000000,20.000000,90.000000,true,false,true,true,true,5,85472.0,85472.0,85472.0,0.0,1068,406.0,10.968876,10.789055109024048,150,150,2,,reports\ogc2026_reboot_v001\full_reboot_v146_train40_20260621_001\solutions\direct__reboot_v146_prob27like_efficiency_shortlist\prob_8.solution.json,reports\ogc2026_reboot_v001\full_reboot_v146_train40_20260621_001\logs\direct__reboot_v146_prob27like_efficiency_shortlist\prob_8.log,PASS objective=85472.0 obj1=0.0 obj2=1068 obj3=406.0,"C:\Python314\python.exe ogc2026\batchrunner\benchmark.py --algorithm name=direct,version=reboot_v142_direct,path=ogc2026\baseline\alg_versions\reboot_v142_20260620_1548_prob40like_broad_move_narrow_selector_on_v136.py --algorithm name=direct,version=reboot_v146_prob27like_efficiency_shortlist,path=ogc2026\baseline\alg_versions\reboot_v146_20260621_0215_prob27like_efficiency_shortlist_on_v142.py --problems train\prob_*.json --timelimit 60 --run-id full_reboot_v146_train40_20260621_001 --out-dir reports\ogc2026_reboot_v001\full_reboot_v146_train40_20260621_001 --cumulative-csv reports\ogc2026_reboot_v001\full_reboot_v146_train40_20260621_001.csv --require-fresh-cumulative"
2026-06-20T19:42:12,full_reboot_v146_train40_20260621_001,direct,reboot_v146_prob27like_efficiency_shortlist,ogc2026\baseline\alg_versions\reboot_v146_20260621_0215_prob27like_efficiency_shortlist_on_v142.py,89a1e73b8b9ef688128aae2dc21720477d9b91044e8feac3d7c81ebfe4fe27b1,9dfaa0ac5fa3e0f16fdfb0890e11b4cb64ea59b8edee029a9c4f13a2c52538b0,hh_algorithm_loop,c2aef82c,True,prob_9.json,60.000000,60.000000,20.000000,90.000000,true,false,true,true,true,5,180488.0,180488.0,180488.0,1.0,1391,1068.0,33.971017,33.77193331718445,200,200,3,,reports\ogc2026_reboot_v001\full_reboot_v146_train40_20260621_001\solutions\direct__reboot_v146_prob27like_efficiency_shortlist\prob_9.solution.json,reports\ogc2026_reboot_v001\full_reboot_v146_train40_20260621_001\logs\direct__reboot_v146_prob27like_efficiency_shortlist\prob_9.log,PASS objective=180488.0 obj1=1.0 obj2=1391 obj3=1068.0,"C:\Python314\python.exe ogc2026\batchrunner\benchmark.py --algorithm name=direct,version=reboot_v142_direct,path=ogc2026\baseline\alg_versions\reboot_v142_20260620_1548_prob40like_broad_move_narrow_selector_on_v136.py --algorithm name=direct,version=reboot_v146_prob27like_efficiency_shortlist,path=ogc2026\baseline\alg_versions\reboot_v146_20260621_0215_prob27like_efficiency_shortlist_on_v142.py --problems train\prob_*.json --timelimit 60 --run-id full_reboot_v146_train40_20260621_001 --out-dir reports\ogc2026_reboot_v001\full_reboot_v146_train40_20260621_001 --cumulative-csv reports\ogc2026_reboot_v001\full_reboot_v146_train40_20260621_001.csv --require-fresh-cumulative"
2026-06-20T19:42:12,full_reboot_v146_train40_20260621_001,direct,reboot_v146_prob27like_efficiency_shortlist,ogc2026\baseline\alg_versions\reboot_v146_20260621_0215_prob27like_efficiency_shortlist_on_v142.py,89a1e73b8b9ef688128aae2dc21720477d9b91044e8feac3d7c81ebfe4fe27b1,9dfaa0ac5fa3e0f16fdfb0890e11b4cb64ea59b8edee029a9c4f13a2c52538b0,hh_algorithm_loop,c2aef82c,True,prob_10.json,60.000000,60.000000,20.000000,90.000000,true,false,true,true,true,5,5648556.0,5648556.0,5648556.0,367.0,2563,2200.0,9.877936,9.689990520477295,200,200,4,,reports\ogc2026_reboot_v001\full_reboot_v146_train40_20260621_001\solutions\direct__reboot_v146_prob27like_efficiency_shortlist\prob_10.solution.json,reports\ogc2026_reboot_v001\full_reboot_v146_train40_20260621_001\logs\direct__reboot_v146_prob27like_efficiency_shortlist\prob_10.log,PASS objective=5648556.0 obj1=367.0 obj2=2563 obj3=2200.0,"C:\Python314\python.exe ogc2026\batchrunner\benchmark.py --algorithm name=direct,version=reboot_v142_direct,path=ogc2026\baseline\alg_versions\reboot_v142_20260620_1548_prob40like_broad_move_narrow_selector_on_v136.py --algorithm name=direct,version=reboot_v146_prob27like_efficiency_shortlist,path=ogc2026\baseline\alg_versions\reboot_v146_20260621_0215_prob27like_efficiency_shortlist_on_v142.py --problems train\prob_*.json --timelimit 60 --run-id full_reboot_v146_train40_20260621_001 --out-dir reports\ogc2026_reboot_v001\full_reboot_v146_train40_20260621_001 --cumulative-csv reports\ogc2026_reboot_v001\full_reboot_v146_train40_20260621_001.csv --require-fresh-cumulative"
2026-06-20T19:42:12,full_reboot_v146_train40_20260621_001,direct,reboot_v146_prob27like_efficiency_shortlist,ogc2026\baseline\alg_versions\reboot_v146_20260621_0215_prob27like_efficiency_shortlist_on_v142.py,89a1e73b8b9ef688128aae2dc21720477d9b91044e8feac3d7c81ebfe4fe27b1,9dfaa0ac5fa3e0f16fdfb0890e11b4cb64ea59b8edee029a9c4f13a2c52538b0,hh_algorithm_loop,c2aef82c,True,prob_11.json,60.000000,60.000000,20.000000,90.000000,true,false,true,true,true,5,17206722.0,17206722.0,17206722.0,739.0,407,2350.0,10.325541,10.136775493621826,200,200,4,,reports\ogc2026_reboot_v001\full_reboot_v146_train40_20260621_001\solutions\direct__reboot_v146_prob27like_efficiency_shortlist\prob_11.solution.json,reports\ogc2026_reboot_v001\full_reboot_v146_train40_20260621_001\logs\direct__reboot_v146_prob27like_efficiency_shortlist\prob_11.log,PASS objective=17206722.0 obj1=739.0 obj2=407 obj3=2350.0,"C:\Python314\python.exe ogc2026\batchrunner\benchmark.py --algorithm name=direct,version=reboot_v142_direct,path=ogc2026\baseline\alg_versions\reboot_v142_20260620_1548_prob40like_broad_move_narrow_selector_on_v136.py --algorithm name=direct,version=reboot_v146_prob27like_efficiency_shortlist,path=ogc2026\baseline\alg_versions\reboot_v146_20260621_0215_prob27like_efficiency_shortlist_on_v142.py --problems train\prob_*.json --timelimit 60 --run-id full_reboot_v146_train40_20260621_001 --out-dir reports\ogc2026_reboot_v001\full_reboot_v146_train40_20260621_001 --cumulative-csv reports\ogc2026_reboot_v001\full_reboot_v146_train40_20260621_001.csv --require-fresh-cumulative"
2026-06-20T19:42:12,full_reboot_v146_train40_20260621_001,direct,reboot_v146_prob27like_efficiency_shortlist,ogc2026\baseline\alg_versions\reboot_v146_20260621_0215_prob27like_efficiency_shortlist_on_v142.py,89a1e73b8b9ef688128aae2dc21720477d9b91044e8feac3d7c81ebfe4fe27b1,9dfaa0ac5fa3e0f16fdfb0890e11b4cb64ea59b8edee029a9c4f13a2c52538b0,hh_algorithm_loop,c2aef82c,True,prob_12.json,60.000000,60.000000,20.000000,90.000000,true,false,true,true,true,5,824431.0,824431.0,824431.0,20.0,7577,2504.0,18.479531,18.293972730636597,200,200,4,,reports\ogc2026_reboot_v001\full_reboot_v146_train40_20260621_001\solutions\direct__reboot_v146_prob27like_efficiency_shortlist\prob_12.solution.json,reports\ogc2026_reboot_v001\full_reboot_v146_train40_20260621_001\logs\direct__reboot_v146_prob27like_efficiency_shortlist\prob_12.log,PASS objective=824431.0 obj1=20.0 obj2=7577 obj3=2504.0,"C:\Python314\python.exe ogc2026\batchrunner\benchmark.py --algorithm name=direct,version=reboot_v142_direct,path=ogc2026\baseline\alg_versions\reboot_v142_20260620_1548_prob40like_broad_move_narrow_selector_on_v136.py --algorithm name=direct,version=reboot_v146_prob27like_efficiency_shortlist,path=ogc2026\baseline\alg_versions\reboot_v146_20260621_0215_prob27like_efficiency_shortlist_on_v142.py --problems train\prob_*.json --timelimit 60 --run-id full_reboot_v146_train40_20260621_001 --out-dir reports\ogc2026_reboot_v001\full_reboot_v146_train40_20260621_001 --cumulative-csv reports\ogc2026_reboot_v001\full_reboot_v146_train40_20260621_001.csv --require-fresh-cumulative"
2026-06-20T19:42:12,full_reboot_v146_train40_20260621_001,direct,reboot_v146_prob27like_efficiency_shortlist,ogc2026\baseline\alg_versions\reboot_v146_20260621_0215_prob27like_efficiency_shortlist_on_v142.py,89a1e73b8b9ef688128aae2dc21720477d9b91044e8feac3d7c81ebfe4fe27b1,9dfaa0ac5fa3e0f16fdfb0890e11b4cb64ea59b8edee029a9c4f13a2c52538b0,hh_algorithm_loop,c2aef82c,True,prob_13.json,60.000000,60.000000,20.000000,90.000000,true,false,true,true,true,5,17775043.0,17775043.0,17775043.0,923.0,4390,4366.0,10.941716,10.749209880828857,250,250,4,,reports\ogc2026_reboot_v001\full_reboot_v146_train40_20260621_001\solutions\direct__reboot_v146_prob27like_efficiency_shortlist\prob_13.solution.json,reports\ogc2026_reboot_v001\full_reboot_v146_train40_20260621_001\logs\direct__reboot_v146_prob27like_efficiency_shortlist\prob_13.log,PASS objective=17775043.0 obj1=923.0 obj2=4390 obj3=4366.0,"C:\Python314\python.exe ogc2026\batchrunner\benchmark.py --algorithm name=direct,version=reboot_v142_direct,path=ogc2026\baseline\alg_versions\reboot_v142_20260620_1548_prob40like_broad_move_narrow_selector_on_v136.py --algorithm name=direct,version=reboot_v146_prob27like_efficiency_shortlist,path=ogc2026\baseline\alg_versions\reboot_v146_20260621_0215_prob27like_efficiency_shortlist_on_v142.py --problems train\prob_*.json --timelimit 60 --run-id full_reboot_v146_train40_20260621_001 --out-dir reports\ogc2026_reboot_v001\full_reboot_v146_train40_20260621_001 --cumulative-csv reports\ogc2026_reboot_v001\full_reboot_v146_train40_20260621_001.csv --require-fresh-cumulative"
2026-06-20T19:42:12,full_reboot_v146_train40_20260621_001,direct,reboot_v146_prob27like_efficiency_shortlist,ogc2026\baseline\alg_versions\reboot_v146_20260621_0215_prob27like_efficiency_shortlist_on_v142.py,89a1e73b8b9ef688128aae2dc21720477d9b91044e8feac3d7c81ebfe4fe27b1,9dfaa0ac5fa3e0f16fdfb0890e11b4cb64ea59b8edee029a9c4f13a2c52538b0,hh_algorithm_loop,c2aef82c,True,prob_14.json,60.000000,60.000000,20.000000,90.000000,true,false,true,true,true,5,6413830.0,6413830.0,6413830.0,329.0,3621,4111.0,24.298491,24.085983753204346,250,250,4,,reports\ogc2026_reboot_v001\full_reboot_v146_train40_20260621_001\solutions\direct__reboot_v146_prob27like_efficiency_shortlist\prob_14.solution.json,reports\ogc2026_reboot_v001\full_reboot_v146_train40_20260621_001\logs\direct__reboot_v146_prob27like_efficiency_shortlist\prob_14.log,PASS objective=6413830.0 obj1=329.0 obj2=3621 obj3=4111.0,"C:\Python314\python.exe ogc2026\batchrunner\benchmark.py --algorithm name=direct,version=reboot_v142_direct,path=ogc2026\baseline\alg_versions\reboot_v142_20260620_1548_prob40like_broad_move_narrow_selector_on_v136.py --algorithm name=direct,version=reboot_v146_prob27like_efficiency_shortlist,path=ogc2026\baseline\alg_versions\reboot_v146_20260621_0215_prob27like_efficiency_shortlist_on_v142.py --problems train\prob_*.json --timelimit 60 --run-id full_reboot_v146_train40_20260621_001 --out-dir reports\ogc2026_reboot_v001\full_reboot_v146_train40_20260621_001 --cumulative-csv reports\ogc2026_reboot_v001\full_reboot_v146_train40_20260621_001.csv --require-fresh-cumulative"
2026-06-20T19:42:12,full_reboot_v146_train40_20260621_001,direct,reboot_v146_prob27like_efficiency_shortlist,ogc2026\baseline\alg_versions\reboot_v146_20260621_0215_prob27like_efficiency_shortlist_on_v142.py,89a1e73b8b9ef688128aae2dc21720477d9b91044e8feac3d7c81ebfe4fe27b1,9dfaa0ac5fa3e0f16fdfb0890e11b4cb64ea59b8edee029a9c4f13a2c52538b0,hh_algorithm_loop,c2aef82c,True,prob_15.json,60.000000,60.000000,20.000000,90.000000,true,false,true,true,true,5,1787797.0,1787797.0,1787797.0,88.0,3476,3509.0,20.002687,19.812691688537598,250,250,4,,reports\ogc2026_reboot_v001\full_reboot_v146_train40_20260621_001\solutions\direct__reboot_v146_prob27like_efficiency_shortlist\prob_15.solution.json,reports\ogc2026_reboot_v001\full_reboot_v146_train40_20260621_001\logs\direct__reboot_v146_prob27like_efficiency_shortlist\prob_15.log,PASS objective=1787797.0 obj1=88.0 obj2=3476 obj3=3509.0,"C:\Python314\python.exe ogc2026\batchrunner\benchmark.py --algorithm name=direct,version=reboot_v142_direct,path=ogc2026\baseline\alg_versions\reboot_v142_20260620_1548_prob40like_broad_move_narrow_selector_on_v136.py --algorithm name=direct,version=reboot_v146_prob27like_efficiency_shortlist,path=ogc2026\baseline\alg_versions\reboot_v146_20260621_0215_prob27like_efficiency_shortlist_on_v142.py --problems train\prob_*.json --timelimit 60 --run-id full_reboot_v146_train40_20260621_001 --out-dir reports\ogc2026_reboot_v001\full_reboot_v146_train40_20260621_001 --cumulative-csv reports\ogc2026_reboot_v001\full_reboot_v146_train40_20260621_001.csv --require-fresh-cumulative"
2026-06-20T19:42:12,full_reboot_v146_train40_20260621_001,direct,reboot_v146_prob27like_efficiency_shortlist,ogc2026\baseline\alg_versions\reboot_v146_20260621_0215_prob27like_efficiency_shortlist_on_v142.py,89a1e73b8b9ef688128aae2dc21720477d9b91044e8feac3d7c81ebfe4fe27b1,9dfaa0ac5fa3e0f16fdfb0890e11b4cb64ea59b8edee029a9c4f13a2c52538b0,hh_algorithm_loop,c2aef82c,True,prob_16.json,60.000000,60.000000,20.000000,90.000000,true,false,true,true,true,5,176817.0,176817.0,176817.0,0.0,2938,1219.0,11.899167,11.707960367202759,250,250,4,,reports\ogc2026_reboot_v001\full_reboot_v146_train40_20260621_001\solutions\direct__reboot_v146_prob27like_efficiency_shortlist\prob_16.solution.json,reports\ogc2026_reboot_v001\full_reboot_v146_train40_20260621_001\logs\direct__reboot_v146_prob27like_efficiency_shortlist\prob_16.log,PASS objective=176817.0 obj1=0.0 obj2=2938 obj3=1219.0,"C:\Python314\python.exe ogc2026\batchrunner\benchmark.py --algorithm name=direct,version=reboot_v142_direct,path=ogc2026\baseline\alg_versions\reboot_v142_20260620_1548_prob40like_broad_move_narrow_selector_on_v136.py --algorithm name=direct,version=reboot_v146_prob27like_efficiency_shortlist,path=ogc2026\baseline\alg_versions\reboot_v146_20260621_0215_prob27like_efficiency_shortlist_on_v142.py --problems train\prob_*.json --timelimit 60 --run-id full_reboot_v146_train40_20260621_001 --out-dir reports\ogc2026_reboot_v001\full_reboot_v146_train40_20260621_001 --cumulative-csv reports\ogc2026_reboot_v001\full_reboot_v146_train40_20260621_001.csv --require-fresh-cumulative"
2026-06-20T19:42:12,full_reboot_v146_train40_20260621_001,direct,reboot_v146_prob27like_efficiency_shortlist,ogc2026\baseline\alg_versions\reboot_v146_20260621_0215_prob27like_efficiency_shortlist_on_v142.py,89a1e73b8b9ef688128aae2dc21720477d9b91044e8feac3d7c81ebfe4fe27b1,9dfaa0ac5fa3e0f16fdfb0890e11b4cb64ea59b8edee029a9c4f13a2c52538b0,hh_algorithm_loop,c2aef82c,True,prob_17.json,60.000000,60.000000,20.000000,90.000000,true,false,true,true,true,5,338183.0,338183.0,338183.0,13.0,5749,1422.0,17.891268,17.692948818206787,300,300,4,,reports\ogc2026_reboot_v001\full_reboot_v146_train40_20260621_001\solutions\direct__reboot_v146_prob27like_efficiency_shortlist\prob_17.solution.json,reports\ogc2026_reboot_v001\full_reboot_v146_train40_20260621_001\logs\direct__reboot_v146_prob27like_efficiency_shortlist\prob_17.log,PASS objective=338183.0 obj1=13.0 obj2=5749 obj3=1422.0,"C:\Python314\python.exe ogc2026\batchrunner\benchmark.py --algorithm name=direct,version=reboot_v142_direct,path=ogc2026\baseline\alg_versions\reboot_v142_20260620_1548_prob40like_broad_move_narrow_selector_on_v136.py --algorithm name=direct,version=reboot_v146_prob27like_efficiency_shortlist,path=ogc2026\baseline\alg_versions\reboot_v146_20260621_0215_prob27like_efficiency_shortlist_on_v142.py --problems train\prob_*.json --timelimit 60 --run-id full_reboot_v146_train40_20260621_001 --out-dir reports\ogc2026_reboot_v001\full_reboot_v146_train40_20260621_001 --cumulative-csv reports\ogc2026_reboot_v001\full_reboot_v146_train40_20260621_001.csv --require-fresh-cumulative"
2026-06-20T19:42:12,full_reboot_v146_train40_20260621_001,direct,reboot_v146_prob27like_efficiency_shortlist,ogc2026\baseline\alg_versions\reboot_v146_20260621_0215_prob27like_efficiency_shortlist_on_v142.py,89a1e73b8b9ef688128aae2dc21720477d9b91044e8feac3d7c81ebfe4fe27b1,9dfaa0ac5fa3e0f16fdfb0890e11b4cb64ea59b8edee029a9c4f13a2c52538b0,hh_algorithm_loop,c2aef82c,True,prob_18.json,60.000000,60.000000,20.000000,90.000000,true,false,true,true,true,5,264994.0,264994.0,264994.0,0.0,3406,1890.0,22.045275,21.850486040115356,300,300,4,,reports\ogc2026_reboot_v001\full_reboot_v146_train40_20260621_001\solutions\direct__reboot_v146_prob27like_efficiency_shortlist\prob_18.solution.json,reports\ogc2026_reboot_v001\full_reboot_v146_train40_20260621_001\logs\direct__reboot_v146_prob27like_efficiency_shortlist\prob_18.log,PASS objective=264994.0 obj1=0.0 obj2=3406 obj3=1890.0,"C:\Python314\python.exe ogc2026\batchrunner\benchmark.py --algorithm name=direct,version=reboot_v142_direct,path=ogc2026\baseline\alg_versions\reboot_v142_20260620_1548_prob40like_broad_move_narrow_selector_on_v136.py --algorithm name=direct,version=reboot_v146_prob27like_efficiency_shortlist,path=ogc2026\baseline\alg_versions\reboot_v146_20260621_0215_prob27like_efficiency_shortlist_on_v142.py --problems train\prob_*.json --timelimit 60 --run-id full_reboot_v146_train40_20260621_001 --out-dir reports\ogc2026_reboot_v001\full_reboot_v146_train40_20260621_001 --cumulative-csv reports\ogc2026_reboot_v001\full_reboot_v146_train40_20260621_001.csv --require-fresh-cumulative"
2026-06-20T19:42:12,full_reboot_v146_train40_20260621_001,direct,reboot_v146_prob27like_efficiency_shortlist,ogc2026\baseline\alg_versions\reboot_v146_20260621_0215_prob27like_efficiency_shortlist_on_v142.py,89a1e73b8b9ef688128aae2dc21720477d9b91044e8feac3d7c81ebfe4fe27b1,9dfaa0ac5fa3e0f16fdfb0890e11b4cb64ea59b8edee029a9c4f13a2c52538b0,hh_algorithm_loop,c2aef82c,True,prob_19.json,60.000000,60.000000,20.000000,90.000000,true,false,true,true,true,5,4715273.0,4715273.0,4715273.0,389.0,7056,4042.0,12.793620,12.587279796600342,300,300,4,,reports\ogc2026_reboot_v001\full_reboot_v146_train40_20260621_001\solutions\direct__reboot_v146_prob27like_efficiency_shortlist\prob_19.solution.json,reports\ogc2026_reboot_v001\full_reboot_v146_train40_20260621_001\logs\direct__reboot_v146_prob27like_efficiency_shortlist\prob_19.log,PASS objective=4715273.0 obj1=389.0 obj2=7056 obj3=4042.0,"C:\Python314\python.exe ogc2026\batchrunner\benchmark.py --algorithm name=direct,version=reboot_v142_direct,path=ogc2026\baseline\alg_versions\reboot_v142_20260620_1548_prob40like_broad_move_narrow_selector_on_v136.py --algorithm name=direct,version=reboot_v146_prob27like_efficiency_shortlist,path=ogc2026\baseline\alg_versions\reboot_v146_20260621_0215_prob27like_efficiency_shortlist_on_v142.py --problems train\prob_*.json --timelimit 60 --run-id full_reboot_v146_train40_20260621_001 --out-dir reports\ogc2026_reboot_v001\full_reboot_v146_train40_20260621_001 --cumulative-csv reports\ogc2026_reboot_v001\full_reboot_v146_train40_20260621_001.csv --require-fresh-cumulative"
2026-06-20T19:42:12,full_reboot_v146_train40_20260621_001,direct,reboot_v146_prob27like_efficiency_shortlist,ogc2026\baseline\alg_versions\reboot_v146_20260621_0215_prob27like_efficiency_shortlist_on_v142.py,89a1e73b8b9ef688128aae2dc21720477d9b91044e8feac3d7c81ebfe4fe27b1,9dfaa0ac5fa3e0f16fdfb0890e11b4cb64ea59b8edee029a9c4f13a2c52538b0,hh_algorithm_loop,c2aef82c,True,prob_20.json,60.000000,60.000000,20.000000,90.000000,true,false,true,true,true,5,8371363.0,8371363.0,8371363.0,283.0,3642,6422.0,38.003348,37.80294156074524,300,300,5,,reports\ogc2026_reboot_v001\full_reboot_v146_train40_20260621_001\solutions\direct__reboot_v146_prob27like_efficiency_shortlist\prob_20.solution.json,reports\ogc2026_reboot_v001\full_reboot_v146_train40_20260621_001\logs\direct__reboot_v146_prob27like_efficiency_shortlist\prob_20.log,PASS objective=8371363.0 obj1=283.0 obj2=3642 obj3=6422.0,"C:\Python314\python.exe ogc2026\batchrunner\benchmark.py --algorithm name=direct,version=reboot_v142_direct,path=ogc2026\baseline\alg_versions\reboot_v142_20260620_1548_prob40like_broad_move_narrow_selector_on_v136.py --algorithm name=direct,version=reboot_v146_prob27like_efficiency_shortlist,path=ogc2026\baseline\alg_versions\reboot_v146_20260621_0215_prob27like_efficiency_shortlist_on_v142.py --problems train\prob_*.json --timelimit 60 --run-id full_reboot_v146_train40_20260621_001 --out-dir reports\ogc2026_reboot_v001\full_reboot_v146_train40_20260621_001 --cumulative-csv reports\ogc2026_reboot_v001\full_reboot_v146_train40_20260621_001.csv --require-fresh-cumulative"
2026-06-20T19:42:12,full_reboot_v146_train40_20260621_001,direct,reboot_v146_prob27like_efficiency_shortlist,ogc2026\baseline\alg_versions\reboot_v146_20260621_0215_prob27like_efficiency_shortlist_on_v142.py,89a1e73b8b9ef688128aae2dc21720477d9b91044e8feac3d7c81ebfe4fe27b1,9dfaa0ac5fa3e0f16fdfb0890e11b4cb64ea59b8edee029a9c4f13a2c52538b0,hh_algorithm_loop,c2aef82c,True,prob_21.json,60.000000,60.000000,20.000000,90.000000,true,false,true,true,true,5,9383482.0,9383482.0,9383482.0,664.0,522,3501.0,10.137037,9.969520568847656,100,100,3,,reports\ogc2026_reboot_v001\full_reboot_v146_train40_20260621_001\solutions\direct__reboot_v146_prob27like_efficiency_shortlist\prob_21.solution.json,reports\ogc2026_reboot_v001\full_reboot_v146_train40_20260621_001\logs\direct__reboot_v146_prob27like_efficiency_shortlist\prob_21.log,PASS objective=9383482.0 obj1=664.0 obj2=522 obj3=3501.0,"C:\Python314\python.exe ogc2026\batchrunner\benchmark.py --algorithm name=direct,version=reboot_v142_direct,path=ogc2026\baseline\alg_versions\reboot_v142_20260620_1548_prob40like_broad_move_narrow_selector_on_v136.py --algorithm name=direct,version=reboot_v146_prob27like_efficiency_shortlist,path=ogc2026\baseline\alg_versions\reboot_v146_20260621_0215_prob27like_efficiency_shortlist_on_v142.py --problems train\prob_*.json --timelimit 60 --run-id full_reboot_v146_train40_20260621_001 --out-dir reports\ogc2026_reboot_v001\full_reboot_v146_train40_20260621_001 --cumulative-csv reports\ogc2026_reboot_v001\full_reboot_v146_train40_20260621_001.csv --require-fresh-cumulative"
2026-06-20T19:42:12,full_reboot_v146_train40_20260621_001,direct,reboot_v146_prob27like_efficiency_shortlist,ogc2026\baseline\alg_versions\reboot_v146_20260621_0215_prob27like_efficiency_shortlist_on_v142.py,89a1e73b8b9ef688128aae2dc21720477d9b91044e8feac3d7c81ebfe4fe27b1,9dfaa0ac5fa3e0f16fdfb0890e11b4cb64ea59b8edee029a9c4f13a2c52538b0,hh_algorithm_loop,c2aef82c,True,prob_22.json,60.000000,60.000000,20.000000,90.000000,true,false,true,true,true,5,1837996.0,1837996.0,1837996.0,26.0,2446,3710.0,15.116899,14.950623035430908,100,100,2,,reports\ogc2026_reboot_v001\full_reboot_v146_train40_20260621_001\solutions\direct__reboot_v146_prob27like_efficiency_shortlist\prob_22.solution.json,reports\ogc2026_reboot_v001\full_reboot_v146_train40_20260621_001\logs\direct__reboot_v146_prob27like_efficiency_shortlist\prob_22.log,PASS objective=1837996.0 obj1=26.0 obj2=2446 obj3=3710.0,"C:\Python314\python.exe ogc2026\batchrunner\benchmark.py --algorithm name=direct,version=reboot_v142_direct,path=ogc2026\baseline\alg_versions\reboot_v142_20260620_1548_prob40like_broad_move_narrow_selector_on_v136.py --algorithm name=direct,version=reboot_v146_prob27like_efficiency_shortlist,path=ogc2026\baseline\alg_versions\reboot_v146_20260621_0215_prob27like_efficiency_shortlist_on_v142.py --problems train\prob_*.json --timelimit 60 --run-id full_reboot_v146_train40_20260621_001 --out-dir reports\ogc2026_reboot_v001\full_reboot_v146_train40_20260621_001 --cumulative-csv reports\ogc2026_reboot_v001\full_reboot_v146_train40_20260621_001.csv --require-fresh-cumulative"
2026-06-20T19:42:12,full_reboot_v146_train40_20260621_001,direct,reboot_v146_prob27like_efficiency_shortlist,ogc2026\baseline\alg_versions\reboot_v146_20260621_0215_prob27like_efficiency_shortlist_on_v142.py,89a1e73b8b9ef688128aae2dc21720477d9b91044e8feac3d7c81ebfe4fe27b1,9dfaa0ac5fa3e0f16fdfb0890e11b4cb64ea59b8edee029a9c4f13a2c52538b0,hh_algorithm_loop,c2aef82c,True,prob_23.json,60.000000,60.000000,20.000000,90.000000,true,false,true,true,true,5,20686068.0,20686068.0,20686068.0,1497.0,35,1940.0,19.296385,19.128652572631836,100,100,2,,reports\ogc2026_reboot_v001\full_reboot_v146_train40_20260621_001\solutions\direct__reboot_v146_prob27like_efficiency_shortlist\prob_23.solution.json,reports\ogc2026_reboot_v001\full_reboot_v146_train40_20260621_001\logs\direct__reboot_v146_prob27like_efficiency_shortlist\prob_23.log,PASS objective=20686068.0 obj1=1497.0 obj2=35 obj3=1940.0,"C:\Python314\python.exe ogc2026\batchrunner\benchmark.py --algorithm name=direct,version=reboot_v142_direct,path=ogc2026\baseline\alg_versions\reboot_v142_20260620_1548_prob40like_broad_move_narrow_selector_on_v136.py --algorithm name=direct,version=reboot_v146_prob27like_efficiency_shortlist,path=ogc2026\baseline\alg_versions\reboot_v146_20260621_0215_prob27like_efficiency_shortlist_on_v142.py --problems train\prob_*.json --timelimit 60 --run-id full_reboot_v146_train40_20260621_001 --out-dir reports\ogc2026_reboot_v001\full_reboot_v146_train40_20260621_001 --cumulative-csv reports\ogc2026_reboot_v001\full_reboot_v146_train40_20260621_001.csv --require-fresh-cumulative"
2026-06-20T19:42:12,full_reboot_v146_train40_20260621_001,direct,reboot_v146_prob27like_efficiency_shortlist,ogc2026\baseline\alg_versions\reboot_v146_20260621_0215_prob27like_efficiency_shortlist_on_v142.py,89a1e73b8b9ef688128aae2dc21720477d9b91044e8feac3d7c81ebfe4fe27b1,9dfaa0ac5fa3e0f16fdfb0890e11b4cb64ea59b8edee029a9c4f13a2c52538b0,hh_algorithm_loop,c2aef82c,True,prob_24.json,60.000000,60.000000,20.000000,90.000000,true,false,true,true,true,5,2981583.0,2981583.0,2981583.0,166.0,1381,2538.0,31.255246,31.07570457458496,100,100,3,,reports\ogc2026_reboot_v001\full_reboot_v146_train40_20260621_001\solutions\direct__reboot_v146_prob27like_efficiency_shortlist\prob_24.solution.json,reports\ogc2026_reboot_v001\full_reboot_v146_train40_20260621_001\logs\direct__reboot_v146_prob27like_efficiency_shortlist\prob_24.log,PASS objective=2981583.0 obj1=166.0 obj2=1381 obj3=2538.0,"C:\Python314\python.exe ogc2026\batchrunner\benchmark.py --algorithm name=direct,version=reboot_v142_direct,path=ogc2026\baseline\alg_versions\reboot_v142_20260620_1548_prob40like_broad_move_narrow_selector_on_v136.py --algorithm name=direct,version=reboot_v146_prob27like_efficiency_shortlist,path=ogc2026\baseline\alg_versions\reboot_v146_20260621_0215_prob27like_efficiency_shortlist_on_v142.py --problems train\prob_*.json --timelimit 60 --run-id full_reboot_v146_train40_20260621_001 --out-dir reports\ogc2026_reboot_v001\full_reboot_v146_train40_20260621_001 --cumulative-csv reports\ogc2026_reboot_v001\full_reboot_v146_train40_20260621_001.csv --require-fresh-cumulative"
2026-06-20T19:42:12,full_reboot_v146_train40_20260621_001,direct,reboot_v146_prob27like_efficiency_shortlist,ogc2026\baseline\alg_versions\reboot_v146_20260621_0215_prob27like_efficiency_shortlist_on_v142.py,89a1e73b8b9ef688128aae2dc21720477d9b91044e8feac3d7c81ebfe4fe27b1,9dfaa0ac5fa3e0f16fdfb0890e11b4cb64ea59b8edee029a9c4f13a2c52538b0,hh_algorithm_loop,c2aef82c,True,prob_25.json,60.000000,60.000000,20.000000,90.000000,true,false,true,true,true,5,1454484.0,1454484.0,1454484.0,2089.0,241,3044.0,32.233782,32.066638231277466,100,100,2,,reports\ogc2026_reboot_v001\full_reboot_v146_train40_20260621_001\solutions\direct__reboot_v146_prob27like_efficiency_shortlist\prob_25.solution.json,reports\ogc2026_reboot_v001\full_reboot_v146_train40_20260621_001\logs\direct__reboot_v146_prob27like_efficiency_shortlist\prob_25.log,PASS objective=1454484.0 obj1=2089.0 obj2=241 obj3=3044.0,"C:\Python314\python.exe ogc2026\batchrunner\benchmark.py --algorithm name=direct,version=reboot_v142_direct,path=ogc2026\baseline\alg_versions\reboot_v142_20260620_1548_prob40like_broad_move_narrow_selector_on_v136.py --algorithm name=direct,version=reboot_v146_prob27like_efficiency_shortlist,path=ogc2026\baseline\alg_versions\reboot_v146_20260621_0215_prob27like_efficiency_shortlist_on_v142.py --problems train\prob_*.json --timelimit 60 --run-id full_reboot_v146_train40_20260621_001 --out-dir reports\ogc2026_reboot_v001\full_reboot_v146_train40_20260621_001 --cumulative-csv reports\ogc2026_reboot_v001\full_reboot_v146_train40_20260621_001.csv --require-fresh-cumulative"
2026-06-20T19:42:12,full_reboot_v146_train40_20260621_001,direct,reboot_v146_prob27like_efficiency_shortlist,ogc2026\baseline\alg_versions\reboot_v146_20260621_0215_prob27like_efficiency_shortlist_on_v142.py,89a1e73b8b9ef688128aae2dc21720477d9b91044e8feac3d7c81ebfe4fe27b1,9dfaa0ac5fa3e0f16fdfb0890e11b4cb64ea59b8edee029a9c4f13a2c52538b0,hh_algorithm_loop,c2aef82c,True,prob_26.json,60.000000,60.000000,20.000000,90.000000,true,false,true,true,true,5,31708207.0,31708207.0,31708207.0,2305.0,2556,6385.0,26.469954,26.28119206428528,150,150,3,,reports\ogc2026_reboot_v001\full_reboot_v146_train40_20260621_001\solutions\direct__reboot_v146_prob27like_efficiency_shortlist\prob_26.solution.json,reports\ogc2026_reboot_v001\full_reboot_v146_train40_20260621_001\logs\direct__reboot_v146_prob27like_efficiency_shortlist\prob_26.log,PASS objective=31708207.0 obj1=2305.0 obj2=2556 obj3=6385.0,"C:\Python314\python.exe ogc2026\batchrunner\benchmark.py --algorithm name=direct,version=reboot_v142_direct,path=ogc2026\baseline\alg_versions\reboot_v142_20260620_1548_prob40like_broad_move_narrow_selector_on_v136.py --algorithm name=direct,version=reboot_v146_prob27like_efficiency_shortlist,path=ogc2026\baseline\alg_versions\reboot_v146_20260621_0215_prob27like_efficiency_shortlist_on_v142.py --problems train\prob_*.json --timelimit 60 --run-id full_reboot_v146_train40_20260621_001 --out-dir reports\ogc2026_reboot_v001\full_reboot_v146_train40_20260621_001 --cumulative-csv reports\ogc2026_reboot_v001\full_reboot_v146_train40_20260621_001.csv --require-fresh-cumulative"
2026-06-20T19:42:12,full_reboot_v146_train40_20260621_001,direct,reboot_v146_prob27like_efficiency_shortlist,ogc2026\baseline\alg_versions\reboot_v146_20260621_0215_prob27like_efficiency_shortlist_on_v142.py,89a1e73b8b9ef688128aae2dc21720477d9b91044e8feac3d7c81ebfe4fe27b1,9dfaa0ac5fa3e0f16fdfb0890e11b4cb64ea59b8edee029a9c4f13a2c52538b0,hh_algorithm_loop,c2aef82c,True,prob_27.json,60.000000,60.000000,20.000000,90.000000,true,false,true,true,true,5,75028700.0,75028700.0,75028700.0,5456.0,1926,5700.0,55.468533,55.29228973388672,150,150,2,,reports\ogc2026_reboot_v001\full_reboot_v146_train40_20260621_001\solutions\direct__reboot_v146_prob27like_efficiency_shortlist\prob_27.solution.json,reports\ogc2026_reboot_v001\full_reboot_v146_train40_20260621_001\logs\direct__reboot_v146_prob27like_efficiency_shortlist\prob_27.log,PASS objective=75028700.0 obj1=5456.0 obj2=1926 obj3=5700.0,"C:\Python314\python.exe ogc2026\batchrunner\benchmark.py --algorithm name=direct,version=reboot_v142_direct,path=ogc2026\baseline\alg_versions\reboot_v142_20260620_1548_prob40like_broad_move_narrow_selector_on_v136.py --algorithm name=direct,version=reboot_v146_prob27like_efficiency_shortlist,path=ogc2026\baseline\alg_versions\reboot_v146_20260621_0215_prob27like_efficiency_shortlist_on_v142.py --problems train\prob_*.json --timelimit 60 --run-id full_reboot_v146_train40_20260621_001 --out-dir reports\ogc2026_reboot_v001\full_reboot_v146_train40_20260621_001 --cumulative-csv reports\ogc2026_reboot_v001\full_reboot_v146_train40_20260621_001.csv --require-fresh-cumulative"
2026-06-20T19:42:12,full_reboot_v146_train40_20260621_001,direct,reboot_v146_prob27like_efficiency_shortlist,ogc2026\baseline\alg_versions\reboot_v146_20260621_0215_prob27like_efficiency_shortlist_on_v142.py,89a1e73b8b9ef688128aae2dc21720477d9b91044e8feac3d7c81ebfe4fe27b1,9dfaa0ac5fa3e0f16fdfb0890e11b4cb64ea59b8edee029a9c4f13a2c52538b0,hh_algorithm_loop,c2aef82c,True,prob_28.json,60.000000,60.000000,20.000000,90.000000,true,false,true,true,true,5,18836666.0,18836666.0,18836666.0,1310.0,1012,4558.0,25.070577,24.876246213912964,150,150,3,,reports\ogc2026_reboot_v001\full_reboot_v146_train40_20260621_001\solutions\direct__reboot_v146_prob27like_efficiency_shortlist\prob_28.solution.json,reports\ogc2026_reboot_v001\full_reboot_v146_train40_20260621_001\logs\direct__reboot_v146_prob27like_efficiency_shortlist\prob_28.log,PASS objective=18836666.0 obj1=1310.0 obj2=1012 obj3=4558.0,"C:\Python314\python.exe ogc2026\batchrunner\benchmark.py --algorithm name=direct,version=reboot_v142_direct,path=ogc2026\baseline\alg_versions\reboot_v142_20260620_1548_prob40like_broad_move_narrow_selector_on_v136.py --algorithm name=direct,version=reboot_v146_prob27like_efficiency_shortlist,path=ogc2026\baseline\alg_versions\reboot_v146_20260621_0215_prob27like_efficiency_shortlist_on_v142.py --problems train\prob_*.json --timelimit 60 --run-id full_reboot_v146_train40_20260621_001 --out-dir reports\ogc2026_reboot_v001\full_reboot_v146_train40_20260621_001 --cumulative-csv reports\ogc2026_reboot_v001\full_reboot_v146_train40_20260621_001.csv --require-fresh-cumulative"
2026-06-20T19:42:12,full_reboot_v146_train40_20260621_001,direct,reboot_v146_prob27like_efficiency_shortlist,ogc2026\baseline\alg_versions\reboot_v146_20260621_0215_prob27like_efficiency_shortlist_on_v142.py,89a1e73b8b9ef688128aae2dc21720477d9b91044e8feac3d7c81ebfe4fe27b1,9dfaa0ac5fa3e0f16fdfb0890e11b4cb64ea59b8edee029a9c4f13a2c52538b0,hh_algorithm_loop,c2aef82c,True,prob_29.json,60.000000,60.000000,20.000000,90.000000,true,false,true,true,true,5,7782572.0,7782572.0,7782572.0,446.0,3918,6081.0,29.093048,28.91737651824951,150,150,3,,reports\ogc2026_reboot_v001\full_reboot_v146_train40_20260621_001\solutions\direct__reboot_v146_prob27like_efficiency_shortlist\prob_29.solution.json,reports\ogc2026_reboot_v001\full_reboot_v146_train40_20260621_001\logs\direct__reboot_v146_prob27like_efficiency_shortlist\prob_29.log,PASS objective=7782572.0 obj1=446.0 obj2=3918 obj3=6081.0,"C:\Python314\python.exe ogc2026\batchrunner\benchmark.py --algorithm name=direct,version=reboot_v142_direct,path=ogc2026\baseline\alg_versions\reboot_v142_20260620_1548_prob40like_broad_move_narrow_selector_on_v136.py --algorithm name=direct,version=reboot_v146_prob27like_efficiency_shortlist,path=ogc2026\baseline\alg_versions\reboot_v146_20260621_0215_prob27like_efficiency_shortlist_on_v142.py --problems train\prob_*.json --timelimit 60 --run-id full_reboot_v146_train40_20260621_001 --out-dir reports\ogc2026_reboot_v001\full_reboot_v146_train40_20260621_001 --cumulative-csv reports\ogc2026_reboot_v001\full_reboot_v146_train40_20260621_001.csv --require-fresh-cumulative"
2026-06-20T19:42:12,full_reboot_v146_train40_20260621_001,direct,reboot_v146_prob27like_efficiency_shortlist,ogc2026\baseline\alg_versions\reboot_v146_20260621_0215_prob27like_efficiency_shortlist_on_v142.py,89a1e73b8b9ef688128aae2dc21720477d9b91044e8feac3d7c81ebfe4fe27b1,9dfaa0ac5fa3e0f16fdfb0890e11b4cb64ea59b8edee029a9c4f13a2c52538b0,hh_algorithm_loop,c2aef82c,True,prob_30.json,60.000000,60.000000,20.000000,90.000000,true,false,true,true,true,5,31302610.0,31302610.0,31302610.0,2302.0,3211,2986.0,21.284811,21.113309621810913,150,150,2,,reports\ogc2026_reboot_v001\full_reboot_v146_train40_20260621_001\solutions\direct__reboot_v146_prob27like_efficiency_shortlist\prob_30.solution.json,reports\ogc2026_reboot_v001\full_reboot_v146_train40_20260621_001\logs\direct__reboot_v146_prob27like_efficiency_shortlist\prob_30.log,PASS objective=31302610.0 obj1=2302.0 obj2=3211 obj3=2986.0,"C:\Python314\python.exe ogc2026\batchrunner\benchmark.py --algorithm name=direct,version=reboot_v142_direct,path=ogc2026\baseline\alg_versions\reboot_v142_20260620_1548_prob40like_broad_move_narrow_selector_on_v136.py --algorithm name=direct,version=reboot_v146_prob27like_efficiency_shortlist,path=ogc2026\baseline\alg_versions\reboot_v146_20260621_0215_prob27like_efficiency_shortlist_on_v142.py --problems train\prob_*.json --timelimit 60 --run-id full_reboot_v146_train40_20260621_001 --out-dir reports\ogc2026_reboot_v001\full_reboot_v146_train40_20260621_001 --cumulative-csv reports\ogc2026_reboot_v001\full_reboot_v146_train40_20260621_001.csv --require-fresh-cumulative"
2026-06-20T19:42:12,full_reboot_v146_train40_20260621_001,direct,reboot_v146_prob27like_efficiency_shortlist,ogc2026\baseline\alg_versions\reboot_v146_20260621_0215_prob27like_efficiency_shortlist_on_v142.py,89a1e73b8b9ef688128aae2dc21720477d9b91044e8feac3d7c81ebfe4fe27b1,9dfaa0ac5fa3e0f16fdfb0890e11b4cb64ea59b8edee029a9c4f13a2c52538b0,hh_algorithm_loop,c2aef82c,True,prob_31.json,60.000000,60.000000,20.000000,90.000000,true,false,true,true,true,5,39589844.0,39589844.0,39589844.0,2735.0,1843,11680.0,54.088456,53.91021203994751,200,200,4,,reports\ogc2026_reboot_v001\full_reboot_v146_train40_20260621_001\solutions\direct__reboot_v146_prob27like_efficiency_shortlist\prob_31.solution.json,reports\ogc2026_reboot_v001\full_reboot_v146_train40_20260621_001\logs\direct__reboot_v146_prob27like_efficiency_shortlist\prob_31.log,PASS objective=39589844.0 obj1=2735.0 obj2=1843 obj3=11680.0,"C:\Python314\python.exe ogc2026\batchrunner\benchmark.py --algorithm name=direct,version=reboot_v142_direct,path=ogc2026\baseline\alg_versions\reboot_v142_20260620_1548_prob40like_broad_move_narrow_selector_on_v136.py --algorithm name=direct,version=reboot_v146_prob27like_efficiency_shortlist,path=ogc2026\baseline\alg_versions\reboot_v146_20260621_0215_prob27like_efficiency_shortlist_on_v142.py --problems train\prob_*.json --timelimit 60 --run-id full_reboot_v146_train40_20260621_001 --out-dir reports\ogc2026_reboot_v001\full_reboot_v146_train40_20260621_001 --cumulative-csv reports\ogc2026_reboot_v001\full_reboot_v146_train40_20260621_001.csv --require-fresh-cumulative"
2026-06-20T19:42:12,full_reboot_v146_train40_20260621_001,direct,reboot_v146_prob27like_efficiency_shortlist,ogc2026\baseline\alg_versions\reboot_v146_20260621_0215_prob27like_efficiency_shortlist_on_v142.py,89a1e73b8b9ef688128aae2dc21720477d9b91044e8feac3d7c81ebfe4fe27b1,9dfaa0ac5fa3e0f16fdfb0890e11b4cb64ea59b8edee029a9c4f13a2c52538b0,hh_algorithm_loop,c2aef82c,True,prob_32.json,60.000000,60.000000,20.000000,90.000000,true,false,true,true,true,5,12781706.0,12781706.0,12781706.0,2992.0,2434,4662.0,52.257399,52.05916619300842,200,200,3,,reports\ogc2026_reboot_v001\full_reboot_v146_train40_20260621_001\solutions\direct__reboot_v146_prob27like_efficiency_shortlist\prob_32.solution.json,reports\ogc2026_reboot_v001\full_reboot_v146_train40_20260621_001\logs\direct__reboot_v146_prob27like_efficiency_shortlist\prob_32.log,PASS objective=12781706.0 obj1=2992.0 obj2=2434 obj3=4662.0,"C:\Python314\python.exe ogc2026\batchrunner\benchmark.py --algorithm name=direct,version=reboot_v142_direct,path=ogc2026\baseline\alg_versions\reboot_v142_20260620_1548_prob40like_broad_move_narrow_selector_on_v136.py --algorithm name=direct,version=reboot_v146_prob27like_efficiency_shortlist,path=ogc2026\baseline\alg_versions\reboot_v146_20260621_0215_prob27like_efficiency_shortlist_on_v142.py --problems train\prob_*.json --timelimit 60 --run-id full_reboot_v146_train40_20260621_001 --out-dir reports\ogc2026_reboot_v001\full_reboot_v146_train40_20260621_001 --cumulative-csv reports\ogc2026_reboot_v001\full_reboot_v146_train40_20260621_001.csv --require-fresh-cumulative"
2026-06-20T19:42:12,full_reboot_v146_train40_20260621_001,direct,reboot_v146_prob27like_efficiency_shortlist,ogc2026\baseline\alg_versions\reboot_v146_20260621_0215_prob27like_efficiency_shortlist_on_v142.py,89a1e73b8b9ef688128aae2dc21720477d9b91044e8feac3d7c81ebfe4fe27b1,9dfaa0ac5fa3e0f16fdfb0890e11b4cb64ea59b8edee029a9c4f13a2c52538b0,hh_algorithm_loop,c2aef82c,True,prob_33.json,60.000000,60.000000,20.000000,90.000000,true,false,true,true,true,5,26172225.0,26172225.0,26172225.0,3805.0,1094,5289.0,45.761200,45.57170295715332,200,200,3,,reports\ogc2026_reboot_v001\full_reboot_v146_train40_20260621_001\solutions\direct__reboot_v146_prob27like_efficiency_shortlist\prob_33.solution.json,reports\ogc2026_reboot_v001\full_reboot_v146_train40_20260621_001\logs\direct__reboot_v146_prob27like_efficiency_shortlist\prob_33.log,PASS objective=26172225.0 obj1=3805.0 obj2=1094 obj3=5289.0,"C:\Python314\python.exe ogc2026\batchrunner\benchmark.py --algorithm name=direct,version=reboot_v142_direct,path=ogc2026\baseline\alg_versions\reboot_v142_20260620_1548_prob40like_broad_move_narrow_selector_on_v136.py --algorithm name=direct,version=reboot_v146_prob27like_efficiency_shortlist,path=ogc2026\baseline\alg_versions\reboot_v146_20260621_0215_prob27like_efficiency_shortlist_on_v142.py --problems train\prob_*.json --timelimit 60 --run-id full_reboot_v146_train40_20260621_001 --out-dir reports\ogc2026_reboot_v001\full_reboot_v146_train40_20260621_001 --cumulative-csv reports\ogc2026_reboot_v001\full_reboot_v146_train40_20260621_001.csv --require-fresh-cumulative"
2026-06-20T19:42:12,full_reboot_v146_train40_20260621_001,direct,reboot_v146_prob27like_efficiency_shortlist,ogc2026\baseline\alg_versions\reboot_v146_20260621_0215_prob27like_efficiency_shortlist_on_v142.py,89a1e73b8b9ef688128aae2dc21720477d9b91044e8feac3d7c81ebfe4fe27b1,9dfaa0ac5fa3e0f16fdfb0890e11b4cb64ea59b8edee029a9c4f13a2c52538b0,hh_algorithm_loop,c2aef82c,True,prob_34.json,60.000000,60.000000,20.000000,90.000000,true,false,true,true,true,5,8002714.0,8002714.0,8002714.0,1595.0,2702,5005.0,35.795710,35.61090564727783,200,200,4,,reports\ogc2026_reboot_v001\full_reboot_v146_train40_20260621_001\solutions\direct__reboot_v146_prob27like_efficiency_shortlist\prob_34.solution.json,reports\ogc2026_reboot_v001\full_reboot_v146_train40_20260621_001\logs\direct__reboot_v146_prob27like_efficiency_shortlist\prob_34.log,PASS objective=8002714.0 obj1=1595.0 obj2=2702 obj3=5005.0,"C:\Python314\python.exe ogc2026\batchrunner\benchmark.py --algorithm name=direct,version=reboot_v142_direct,path=ogc2026\baseline\alg_versions\reboot_v142_20260620_1548_prob40like_broad_move_narrow_selector_on_v136.py --algorithm name=direct,version=reboot_v146_prob27like_efficiency_shortlist,path=ogc2026\baseline\alg_versions\reboot_v146_20260621_0215_prob27like_efficiency_shortlist_on_v142.py --problems train\prob_*.json --timelimit 60 --run-id full_reboot_v146_train40_20260621_001 --out-dir reports\ogc2026_reboot_v001\full_reboot_v146_train40_20260621_001 --cumulative-csv reports\ogc2026_reboot_v001\full_reboot_v146_train40_20260621_001.csv --require-fresh-cumulative"
2026-06-20T19:42:12,full_reboot_v146_train40_20260621_001,direct,reboot_v146_prob27like_efficiency_shortlist,ogc2026\baseline\alg_versions\reboot_v146_20260621_0215_prob27like_efficiency_shortlist_on_v142.py,89a1e73b8b9ef688128aae2dc21720477d9b91044e8feac3d7c81ebfe4fe27b1,9dfaa0ac5fa3e0f16fdfb0890e11b4cb64ea59b8edee029a9c4f13a2c52538b0,hh_algorithm_loop,c2aef82c,True,prob_35.json,60.000000,60.000000,20.000000,90.000000,true,false,true,true,true,5,22037108.0,22037108.0,22037108.0,1591.0,8081,5226.0,37.184061,36.99248170852661,200,200,3,,reports\ogc2026_reboot_v001\full_reboot_v146_train40_20260621_001\solutions\direct__reboot_v146_prob27like_efficiency_shortlist\prob_35.solution.json,reports\ogc2026_reboot_v001\full_reboot_v146_train40_20260621_001\logs\direct__reboot_v146_prob27like_efficiency_shortlist\prob_35.log,PASS objective=22037108.0 obj1=1591.0 obj2=8081 obj3=5226.0,"C:\Python314\python.exe ogc2026\batchrunner\benchmark.py --algorithm name=direct,version=reboot_v142_direct,path=ogc2026\baseline\alg_versions\reboot_v142_20260620_1548_prob40like_broad_move_narrow_selector_on_v136.py --algorithm name=direct,version=reboot_v146_prob27like_efficiency_shortlist,path=ogc2026\baseline\alg_versions\reboot_v146_20260621_0215_prob27like_efficiency_shortlist_on_v142.py --problems train\prob_*.json --timelimit 60 --run-id full_reboot_v146_train40_20260621_001 --out-dir reports\ogc2026_reboot_v001\full_reboot_v146_train40_20260621_001 --cumulative-csv reports\ogc2026_reboot_v001\full_reboot_v146_train40_20260621_001.csv --require-fresh-cumulative"
2026-06-20T19:42:12,full_reboot_v146_train40_20260621_001,direct,reboot_v146_prob27like_efficiency_shortlist,ogc2026\baseline\alg_versions\reboot_v146_20260621_0215_prob27like_efficiency_shortlist_on_v142.py,89a1e73b8b9ef688128aae2dc21720477d9b91044e8feac3d7c81ebfe4fe27b1,9dfaa0ac5fa3e0f16fdfb0890e11b4cb64ea59b8edee029a9c4f13a2c52538b0,hh_algorithm_loop,c2aef82c,True,prob_36.json,60.000000,60.000000,20.000000,90.000000,true,false,true,true,true,5,1499988.0,1499988.0,1499988.0,2010.0,1381,12149.0,44.076087,43.878894567489624,250,250,4,,reports\ogc2026_reboot_v001\full_reboot_v146_train40_20260621_001\solutions\direct__reboot_v146_prob27like_efficiency_shortlist\prob_36.solution.json,reports\ogc2026_reboot_v001\full_reboot_v146_train40_20260621_001\logs\direct__reboot_v146_prob27like_efficiency_shortlist\prob_36.log,PASS objective=1499988.0 obj1=2010.0 obj2=1381 obj3=12149.0,"C:\Python314\python.exe ogc2026\batchrunner\benchmark.py --algorithm name=direct,version=reboot_v142_direct,path=ogc2026\baseline\alg_versions\reboot_v142_20260620_1548_prob40like_broad_move_narrow_selector_on_v136.py --algorithm name=direct,version=reboot_v146_prob27like_efficiency_shortlist,path=ogc2026\baseline\alg_versions\reboot_v146_20260621_0215_prob27like_efficiency_shortlist_on_v142.py --problems train\prob_*.json --timelimit 60 --run-id full_reboot_v146_train40_20260621_001 --out-dir reports\ogc2026_reboot_v001\full_reboot_v146_train40_20260621_001 --cumulative-csv reports\ogc2026_reboot_v001\full_reboot_v146_train40_20260621_001.csv --require-fresh-cumulative"
2026-06-20T19:42:12,full_reboot_v146_train40_20260621_001,direct,reboot_v146_prob27like_efficiency_shortlist,ogc2026\baseline\alg_versions\reboot_v146_20260621_0215_prob27like_efficiency_shortlist_on_v142.py,89a1e73b8b9ef688128aae2dc21720477d9b91044e8feac3d7c81ebfe4fe27b1,9dfaa0ac5fa3e0f16fdfb0890e11b4cb64ea59b8edee029a9c4f13a2c52538b0,hh_algorithm_loop,c2aef82c,True,prob_37.json,60.000000,60.000000,20.000000,90.000000,true,false,true,true,true,5,17644653.0,17644653.0,17644653.0,3961.0,3660,7380.0,52.287387,52.08445692062378,250,250,3,,reports\ogc2026_reboot_v001\full_reboot_v146_train40_20260621_001\solutions\direct__reboot_v146_prob27like_efficiency_shortlist\prob_37.solution.json,reports\ogc2026_reboot_v001\full_reboot_v146_train40_20260621_001\logs\direct__reboot_v146_prob27like_efficiency_shortlist\prob_37.log,PASS objective=17644653.0 obj1=3961.0 obj2=3660 obj3=7380.0,"C:\Python314\python.exe ogc2026\batchrunner\benchmark.py --algorithm name=direct,version=reboot_v142_direct,path=ogc2026\baseline\alg_versions\reboot_v142_20260620_1548_prob40like_broad_move_narrow_selector_on_v136.py --algorithm name=direct,version=reboot_v146_prob27like_efficiency_shortlist,path=ogc2026\baseline\alg_versions\reboot_v146_20260621_0215_prob27like_efficiency_shortlist_on_v142.py --problems train\prob_*.json --timelimit 60 --run-id full_reboot_v146_train40_20260621_001 --out-dir reports\ogc2026_reboot_v001\full_reboot_v146_train40_20260621_001 --cumulative-csv reports\ogc2026_reboot_v001\full_reboot_v146_train40_20260621_001.csv --require-fresh-cumulative"
2026-06-20T19:42:12,full_reboot_v146_train40_20260621_001,direct,reboot_v146_prob27like_efficiency_shortlist,ogc2026\baseline\alg_versions\reboot_v146_20260621_0215_prob27like_efficiency_shortlist_on_v142.py,89a1e73b8b9ef688128aae2dc21720477d9b91044e8feac3d7c81ebfe4fe27b1,9dfaa0ac5fa3e0f16fdfb0890e11b4cb64ea59b8edee029a9c4f13a2c52538b0,hh_algorithm_loop,c2aef82c,True,prob_38.json,60.000000,60.000000,20.000000,90.000000,true,false,true,true,true,5,151254848.0,151254848.0,151254848.0,11120.0,3894,9947.0,48.341261,48.15041971206665,250,250,3,,reports\ogc2026_reboot_v001\full_reboot_v146_train40_20260621_001\solutions\direct__reboot_v146_prob27like_efficiency_shortlist\prob_38.solution.json,reports\ogc2026_reboot_v001\full_reboot_v146_train40_20260621_001\logs\direct__reboot_v146_prob27like_efficiency_shortlist\prob_38.log,PASS objective=151254848.0 obj1=11120.0 obj2=3894 obj3=9947.0,"C:\Python314\python.exe ogc2026\batchrunner\benchmark.py --algorithm name=direct,version=reboot_v142_direct,path=ogc2026\baseline\alg_versions\reboot_v142_20260620_1548_prob40like_broad_move_narrow_selector_on_v136.py --algorithm name=direct,version=reboot_v146_prob27like_efficiency_shortlist,path=ogc2026\baseline\alg_versions\reboot_v146_20260621_0215_prob27like_efficiency_shortlist_on_v142.py --problems train\prob_*.json --timelimit 60 --run-id full_reboot_v146_train40_20260621_001 --out-dir reports\ogc2026_reboot_v001\full_reboot_v146_train40_20260621_001 --cumulative-csv reports\ogc2026_reboot_v001\full_reboot_v146_train40_20260621_001.csv --require-fresh-cumulative"
2026-06-20T19:42:12,full_reboot_v146_train40_20260621_001,direct,reboot_v146_prob27like_efficiency_shortlist,ogc2026\baseline\alg_versions\reboot_v146_20260621_0215_prob27like_efficiency_shortlist_on_v142.py,89a1e73b8b9ef688128aae2dc21720477d9b91044e8feac3d7c81ebfe4fe27b1,9dfaa0ac5fa3e0f16fdfb0890e11b4cb64ea59b8edee029a9c4f13a2c52538b0,hh_algorithm_loop,c2aef82c,True,prob_39.json,60.000000,60.000000,20.000000,90.000000,true,false,true,true,true,5,48160369.0,48160369.0,48160369.0,3521.0,194,8094.0,57.592069,57.39622640609741,250,250,3,,reports\ogc2026_reboot_v001\full_reboot_v146_train40_20260621_001\solutions\direct__reboot_v146_prob27like_efficiency_shortlist\prob_39.solution.json,reports\ogc2026_reboot_v001\full_reboot_v146_train40_20260621_001\logs\direct__reboot_v146_prob27like_efficiency_shortlist\prob_39.log,PASS objective=48160369.0 obj1=3521.0 obj2=194 obj3=8094.0,"C:\Python314\python.exe ogc2026\batchrunner\benchmark.py --algorithm name=direct,version=reboot_v142_direct,path=ogc2026\baseline\alg_versions\reboot_v142_20260620_1548_prob40like_broad_move_narrow_selector_on_v136.py --algorithm name=direct,version=reboot_v146_prob27like_efficiency_shortlist,path=ogc2026\baseline\alg_versions\reboot_v146_20260621_0215_prob27like_efficiency_shortlist_on_v142.py --problems train\prob_*.json --timelimit 60 --run-id full_reboot_v146_train40_20260621_001 --out-dir reports\ogc2026_reboot_v001\full_reboot_v146_train40_20260621_001 --cumulative-csv reports\ogc2026_reboot_v001\full_reboot_v146_train40_20260621_001.csv --require-fresh-cumulative"
2026-06-20T19:42:12,full_reboot_v146_train40_20260621_001,direct,reboot_v146_prob27like_efficiency_shortlist,ogc2026\baseline\alg_versions\reboot_v146_20260621_0215_prob27like_efficiency_shortlist_on_v142.py,89a1e73b8b9ef688128aae2dc21720477d9b91044e8feac3d7c81ebfe4fe27b1,9dfaa0ac5fa3e0f16fdfb0890e11b4cb64ea59b8edee029a9c4f13a2c52538b0,hh_algorithm_loop,c2aef82c,True,prob_40.json,60.000000,60.000000,20.000000,90.000000,true,false,true,true,true,5,5780789.0,5780789.0,5780789.0,8429.0,4947,11823.0,55.560163,55.33393883705139,250,250,4,,reports\ogc2026_reboot_v001\full_reboot_v146_train40_20260621_001\solutions\direct__reboot_v146_prob27like_efficiency_shortlist\prob_40.solution.json,reports\ogc2026_reboot_v001\full_reboot_v146_train40_20260621_001\logs\direct__reboot_v146_prob27like_efficiency_shortlist\prob_40.log,PASS objective=5780789.0 obj1=8429.0 obj2=4947 obj3=11823.0,"C:\Python314\python.exe ogc2026\batchrunner\benchmark.py --algorithm name=direct,version=reboot_v142_direct,path=ogc2026\baseline\alg_versions\reboot_v142_20260620_1548_prob40like_broad_move_narrow_selector_on_v136.py --algorithm name=direct,version=reboot_v146_prob27like_efficiency_shortlist,path=ogc2026\baseline\alg_versions\reboot_v146_20260621_0215_prob27like_efficiency_shortlist_on_v142.py --problems train\prob_*.json --timelimit 60 --run-id full_reboot_v146_train40_20260621_001 --out-dir reports\ogc2026_reboot_v001\full_reboot_v146_train40_20260621_001 --cumulative-csv reports\ogc2026_reboot_v001\full_reboot_v146_train40_20260621_001.csv --require-fresh-cumulative"
