timestamp,run_id,algorithm_name,algorithm_version,algorithm_path,algorithm_sha256,checker_sha256,git_branch,git_head,git_dirty,instance_name,requested_timelimit,official_limit,timeout_grace,watchdog_timeout_sec,checker_feasible,timed_out,valid_under_time_limit,accepted_for_score,feasible,stage,objective,score,cost,obj1,obj2,obj3,runtime_sec,runner_elapsed_sec,assigned_blocks,total_blocks,total_bays,error_message,solution_file,log_file,tester_summary,benchmark_command
2026-06-27T00:31:13,full_reboot_v212_train40_20260627_001,trackA,reboot_v212_20260627_trackA_reserved_specialist_budget_on_v210,ogc2026\baseline\alg_versions\reboot_v212_20260627_trackA_reserved_specialist_budget_on_v210.py,bb6b4d492c7e6d9af9a3a59ad0a8c573ca001228c5cd9ca3d1b6d2a7c2b64fb3,9dfaa0ac5fa3e0f16fdfb0890e11b4cb64ea59b8edee029a9c4f13a2c52538b0,hh_algorithm_loop,e02a0a97,True,prob_1.json,60.000000,60.000000,20.000000,90.000000,true,false,true,true,true,5,606628.0,606628.0,606628.0,8.0,1700,1810.0,16.344374,15.881182193756104,100,100,2,,reports\ogc2026_reboot_v001\full_reboot_v212_train40_20260627_001\solutions\trackA__reboot_v212_20260627_trackA_reserved_specialist_budget_on_v210\prob_1.solution.json,reports\ogc2026_reboot_v001\full_reboot_v212_train40_20260627_001\logs\trackA__reboot_v212_20260627_trackA_reserved_specialist_budget_on_v210\prob_1.log,PASS objective=606628.0 obj1=8.0 obj2=1700 obj3=1810.0,"C:\Python314\python.exe ogc2026\batchrunner\benchmark.py --algorithm name=trackA,version=reboot_v212_20260627_trackA_reserved_specialist_budget_on_v210,path=ogc2026\baseline\alg_versions\reboot_v212_20260627_trackA_reserved_specialist_budget_on_v210.py --problem train\prob_1.json --problem train\prob_2.json --problem train\prob_3.json --problem train\prob_4.json --problem train\prob_5.json --problem train\prob_6.json --problem train\prob_7.json --problem train\prob_8.json --problem train\prob_9.json --problem train\prob_10.json --problem train\prob_11.json --problem train\prob_12.json --problem train\prob_13.json --problem train\prob_14.json --problem train\prob_15.json --problem train\prob_16.json --problem train\prob_17.json --problem train\prob_18.json --problem train\prob_19.json --problem train\prob_20.json --problem train\prob_21.json --problem train\prob_22.json --problem train\prob_23.json --problem train\prob_24.json --problem train\prob_25.json --problem train\prob_26.json --problem train\prob_27.json --problem train\prob_28.json --problem train\prob_29.json --problem train\prob_30.json --problem train\prob_31.json --problem train\prob_32.json --problem train\prob_33.json --problem train\prob_34.json --problem train\prob_35.json --problem train\prob_36.json --problem train\prob_37.json --problem train\prob_38.json --problem train\prob_39.json --problem train\prob_40.json --timelimit 60 --run-id full_reboot_v212_train40_20260627_001 --out-dir reports\ogc2026_reboot_v001\full_reboot_v212_train40_20260627_001 --cumulative-csv reports\ogc2026_reboot_v001\candidate_reboot_v212_full40.csv --require-fresh-cumulative"
2026-06-27T00:31:13,full_reboot_v212_train40_20260627_001,trackA,reboot_v212_20260627_trackA_reserved_specialist_budget_on_v210,ogc2026\baseline\alg_versions\reboot_v212_20260627_trackA_reserved_specialist_budget_on_v210.py,bb6b4d492c7e6d9af9a3a59ad0a8c573ca001228c5cd9ca3d1b6d2a7c2b64fb3,9dfaa0ac5fa3e0f16fdfb0890e11b4cb64ea59b8edee029a9c4f13a2c52538b0,hh_algorithm_loop,e02a0a97,True,prob_2.json,60.000000,60.000000,20.000000,90.000000,true,false,true,true,true,5,76910.0,76910.0,76910.0,0.0,1001,446.0,17.589011,17.153724193572998,100,100,3,,reports\ogc2026_reboot_v001\full_reboot_v212_train40_20260627_001\solutions\trackA__reboot_v212_20260627_trackA_reserved_specialist_budget_on_v210\prob_2.solution.json,reports\ogc2026_reboot_v001\full_reboot_v212_train40_20260627_001\logs\trackA__reboot_v212_20260627_trackA_reserved_specialist_budget_on_v210\prob_2.log,PASS objective=76910.0 obj1=0.0 obj2=1001 obj3=446.0,"C:\Python314\python.exe ogc2026\batchrunner\benchmark.py --algorithm name=trackA,version=reboot_v212_20260627_trackA_reserved_specialist_budget_on_v210,path=ogc2026\baseline\alg_versions\reboot_v212_20260627_trackA_reserved_specialist_budget_on_v210.py --problem train\prob_1.json --problem train\prob_2.json --problem train\prob_3.json --problem train\prob_4.json --problem train\prob_5.json --problem train\prob_6.json --problem train\prob_7.json --problem train\prob_8.json --problem train\prob_9.json --problem train\prob_10.json --problem train\prob_11.json --problem train\prob_12.json --problem train\prob_13.json --problem train\prob_14.json --problem train\prob_15.json --problem train\prob_16.json --problem train\prob_17.json --problem train\prob_18.json --problem train\prob_19.json --problem train\prob_20.json --problem train\prob_21.json --problem train\prob_22.json --problem train\prob_23.json --problem train\prob_24.json --problem train\prob_25.json --problem train\prob_26.json --problem train\prob_27.json --problem train\prob_28.json --problem train\prob_29.json --problem train\prob_30.json --problem train\prob_31.json --problem train\prob_32.json --problem train\prob_33.json --problem train\prob_34.json --problem train\prob_35.json --problem train\prob_36.json --problem train\prob_37.json --problem train\prob_38.json --problem train\prob_39.json --problem train\prob_40.json --timelimit 60 --run-id full_reboot_v212_train40_20260627_001 --out-dir reports\ogc2026_reboot_v001\full_reboot_v212_train40_20260627_001 --cumulative-csv reports\ogc2026_reboot_v001\candidate_reboot_v212_full40.csv --require-fresh-cumulative"
2026-06-27T00:31:13,full_reboot_v212_train40_20260627_001,trackA,reboot_v212_20260627_trackA_reserved_specialist_budget_on_v210,ogc2026\baseline\alg_versions\reboot_v212_20260627_trackA_reserved_specialist_budget_on_v210.py,bb6b4d492c7e6d9af9a3a59ad0a8c573ca001228c5cd9ca3d1b6d2a7c2b64fb3,9dfaa0ac5fa3e0f16fdfb0890e11b4cb64ea59b8edee029a9c4f13a2c52538b0,hh_algorithm_loop,e02a0a97,True,prob_3.json,60.000000,60.000000,20.000000,90.000000,true,false,true,true,true,5,188500.0,188500.0,188500.0,0.0,1225,1175.0,14.746606,14.309913635253906,100,100,3,,reports\ogc2026_reboot_v001\full_reboot_v212_train40_20260627_001\solutions\trackA__reboot_v212_20260627_trackA_reserved_specialist_budget_on_v210\prob_3.solution.json,reports\ogc2026_reboot_v001\full_reboot_v212_train40_20260627_001\logs\trackA__reboot_v212_20260627_trackA_reserved_specialist_budget_on_v210\prob_3.log,PASS objective=188500.0 obj1=0.0 obj2=1225 obj3=1175.0,"C:\Python314\python.exe ogc2026\batchrunner\benchmark.py --algorithm name=trackA,version=reboot_v212_20260627_trackA_reserved_specialist_budget_on_v210,path=ogc2026\baseline\alg_versions\reboot_v212_20260627_trackA_reserved_specialist_budget_on_v210.py --problem train\prob_1.json --problem train\prob_2.json --problem train\prob_3.json --problem train\prob_4.json --problem train\prob_5.json --problem train\prob_6.json --problem train\prob_7.json --problem train\prob_8.json --problem train\prob_9.json --problem train\prob_10.json --problem train\prob_11.json --problem train\prob_12.json --problem train\prob_13.json --problem train\prob_14.json --problem train\prob_15.json --problem train\prob_16.json --problem train\prob_17.json --problem train\prob_18.json --problem train\prob_19.json --problem train\prob_20.json --problem train\prob_21.json --problem train\prob_22.json --problem train\prob_23.json --problem train\prob_24.json --problem train\prob_25.json --problem train\prob_26.json --problem train\prob_27.json --problem train\prob_28.json --problem train\prob_29.json --problem train\prob_30.json --problem train\prob_31.json --problem train\prob_32.json --problem train\prob_33.json --problem train\prob_34.json --problem train\prob_35.json --problem train\prob_36.json --problem train\prob_37.json --problem train\prob_38.json --problem train\prob_39.json --problem train\prob_40.json --timelimit 60 --run-id full_reboot_v212_train40_20260627_001 --out-dir reports\ogc2026_reboot_v001\full_reboot_v212_train40_20260627_001 --cumulative-csv reports\ogc2026_reboot_v001\candidate_reboot_v212_full40.csv --require-fresh-cumulative"
2026-06-27T00:31:13,full_reboot_v212_train40_20260627_001,trackA,reboot_v212_20260627_trackA_reserved_specialist_budget_on_v210,ogc2026\baseline\alg_versions\reboot_v212_20260627_trackA_reserved_specialist_budget_on_v210.py,bb6b4d492c7e6d9af9a3a59ad0a8c573ca001228c5cd9ca3d1b6d2a7c2b64fb3,9dfaa0ac5fa3e0f16fdfb0890e11b4cb64ea59b8edee029a9c4f13a2c52538b0,hh_algorithm_loop,e02a0a97,True,prob_4.json,60.000000,60.000000,20.000000,90.000000,true,false,true,true,true,5,331591.0,331591.0,331591.0,6.0,1669,942.0,12.367613,11.937264919281006,100,100,2,,reports\ogc2026_reboot_v001\full_reboot_v212_train40_20260627_001\solutions\trackA__reboot_v212_20260627_trackA_reserved_specialist_budget_on_v210\prob_4.solution.json,reports\ogc2026_reboot_v001\full_reboot_v212_train40_20260627_001\logs\trackA__reboot_v212_20260627_trackA_reserved_specialist_budget_on_v210\prob_4.log,PASS objective=331591.0 obj1=6.0 obj2=1669 obj3=942.0,"C:\Python314\python.exe ogc2026\batchrunner\benchmark.py --algorithm name=trackA,version=reboot_v212_20260627_trackA_reserved_specialist_budget_on_v210,path=ogc2026\baseline\alg_versions\reboot_v212_20260627_trackA_reserved_specialist_budget_on_v210.py --problem train\prob_1.json --problem train\prob_2.json --problem train\prob_3.json --problem train\prob_4.json --problem train\prob_5.json --problem train\prob_6.json --problem train\prob_7.json --problem train\prob_8.json --problem train\prob_9.json --problem train\prob_10.json --problem train\prob_11.json --problem train\prob_12.json --problem train\prob_13.json --problem train\prob_14.json --problem train\prob_15.json --problem train\prob_16.json --problem train\prob_17.json --problem train\prob_18.json --problem train\prob_19.json --problem train\prob_20.json --problem train\prob_21.json --problem train\prob_22.json --problem train\prob_23.json --problem train\prob_24.json --problem train\prob_25.json --problem train\prob_26.json --problem train\prob_27.json --problem train\prob_28.json --problem train\prob_29.json --problem train\prob_30.json --problem train\prob_31.json --problem train\prob_32.json --problem train\prob_33.json --problem train\prob_34.json --problem train\prob_35.json --problem train\prob_36.json --problem train\prob_37.json --problem train\prob_38.json --problem train\prob_39.json --problem train\prob_40.json --timelimit 60 --run-id full_reboot_v212_train40_20260627_001 --out-dir reports\ogc2026_reboot_v001\full_reboot_v212_train40_20260627_001 --cumulative-csv reports\ogc2026_reboot_v001\candidate_reboot_v212_full40.csv --require-fresh-cumulative"
2026-06-27T00:31:13,full_reboot_v212_train40_20260627_001,trackA,reboot_v212_20260627_trackA_reserved_specialist_budget_on_v210,ogc2026\baseline\alg_versions\reboot_v212_20260627_trackA_reserved_specialist_budget_on_v210.py,bb6b4d492c7e6d9af9a3a59ad0a8c573ca001228c5cd9ca3d1b6d2a7c2b64fb3,9dfaa0ac5fa3e0f16fdfb0890e11b4cb64ea59b8edee029a9c4f13a2c52538b0,hh_algorithm_loop,e02a0a97,True,prob_5.json,60.000000,60.000000,20.000000,90.000000,true,false,true,true,true,5,169685.0,169685.0,169685.0,0.0,1505,1061.0,20.404338,19.9578754901886,150,150,3,,reports\ogc2026_reboot_v001\full_reboot_v212_train40_20260627_001\solutions\trackA__reboot_v212_20260627_trackA_reserved_specialist_budget_on_v210\prob_5.solution.json,reports\ogc2026_reboot_v001\full_reboot_v212_train40_20260627_001\logs\trackA__reboot_v212_20260627_trackA_reserved_specialist_budget_on_v210\prob_5.log,PASS objective=169685.0 obj1=0.0 obj2=1505 obj3=1061.0,"C:\Python314\python.exe ogc2026\batchrunner\benchmark.py --algorithm name=trackA,version=reboot_v212_20260627_trackA_reserved_specialist_budget_on_v210,path=ogc2026\baseline\alg_versions\reboot_v212_20260627_trackA_reserved_specialist_budget_on_v210.py --problem train\prob_1.json --problem train\prob_2.json --problem train\prob_3.json --problem train\prob_4.json --problem train\prob_5.json --problem train\prob_6.json --problem train\prob_7.json --problem train\prob_8.json --problem train\prob_9.json --problem train\prob_10.json --problem train\prob_11.json --problem train\prob_12.json --problem train\prob_13.json --problem train\prob_14.json --problem train\prob_15.json --problem train\prob_16.json --problem train\prob_17.json --problem train\prob_18.json --problem train\prob_19.json --problem train\prob_20.json --problem train\prob_21.json --problem train\prob_22.json --problem train\prob_23.json --problem train\prob_24.json --problem train\prob_25.json --problem train\prob_26.json --problem train\prob_27.json --problem train\prob_28.json --problem train\prob_29.json --problem train\prob_30.json --problem train\prob_31.json --problem train\prob_32.json --problem train\prob_33.json --problem train\prob_34.json --problem train\prob_35.json --problem train\prob_36.json --problem train\prob_37.json --problem train\prob_38.json --problem train\prob_39.json --problem train\prob_40.json --timelimit 60 --run-id full_reboot_v212_train40_20260627_001 --out-dir reports\ogc2026_reboot_v001\full_reboot_v212_train40_20260627_001 --cumulative-csv reports\ogc2026_reboot_v001\candidate_reboot_v212_full40.csv --require-fresh-cumulative"
2026-06-27T00:31:13,full_reboot_v212_train40_20260627_001,trackA,reboot_v212_20260627_trackA_reserved_specialist_budget_on_v210,ogc2026\baseline\alg_versions\reboot_v212_20260627_trackA_reserved_specialist_budget_on_v210.py,bb6b4d492c7e6d9af9a3a59ad0a8c573ca001228c5cd9ca3d1b6d2a7c2b64fb3,9dfaa0ac5fa3e0f16fdfb0890e11b4cb64ea59b8edee029a9c4f13a2c52538b0,hh_algorithm_loop,e02a0a97,True,prob_6.json,60.000000,60.000000,20.000000,90.000000,true,false,true,true,true,5,715812.0,715812.0,715812.0,7.0,1936,3299.0,32.551256,32.11878180503845,150,150,3,,reports\ogc2026_reboot_v001\full_reboot_v212_train40_20260627_001\solutions\trackA__reboot_v212_20260627_trackA_reserved_specialist_budget_on_v210\prob_6.solution.json,reports\ogc2026_reboot_v001\full_reboot_v212_train40_20260627_001\logs\trackA__reboot_v212_20260627_trackA_reserved_specialist_budget_on_v210\prob_6.log,PASS objective=715812.0 obj1=7.0 obj2=1936 obj3=3299.0,"C:\Python314\python.exe ogc2026\batchrunner\benchmark.py --algorithm name=trackA,version=reboot_v212_20260627_trackA_reserved_specialist_budget_on_v210,path=ogc2026\baseline\alg_versions\reboot_v212_20260627_trackA_reserved_specialist_budget_on_v210.py --problem train\prob_1.json --problem train\prob_2.json --problem train\prob_3.json --problem train\prob_4.json --problem train\prob_5.json --problem train\prob_6.json --problem train\prob_7.json --problem train\prob_8.json --problem train\prob_9.json --problem train\prob_10.json --problem train\prob_11.json --problem train\prob_12.json --problem train\prob_13.json --problem train\prob_14.json --problem train\prob_15.json --problem train\prob_16.json --problem train\prob_17.json --problem train\prob_18.json --problem train\prob_19.json --problem train\prob_20.json --problem train\prob_21.json --problem train\prob_22.json --problem train\prob_23.json --problem train\prob_24.json --problem train\prob_25.json --problem train\prob_26.json --problem train\prob_27.json --problem train\prob_28.json --problem train\prob_29.json --problem train\prob_30.json --problem train\prob_31.json --problem train\prob_32.json --problem train\prob_33.json --problem train\prob_34.json --problem train\prob_35.json --problem train\prob_36.json --problem train\prob_37.json --problem train\prob_38.json --problem train\prob_39.json --problem train\prob_40.json --timelimit 60 --run-id full_reboot_v212_train40_20260627_001 --out-dir reports\ogc2026_reboot_v001\full_reboot_v212_train40_20260627_001 --cumulative-csv reports\ogc2026_reboot_v001\candidate_reboot_v212_full40.csv --require-fresh-cumulative"
2026-06-27T00:31:13,full_reboot_v212_train40_20260627_001,trackA,reboot_v212_20260627_trackA_reserved_specialist_budget_on_v210,ogc2026\baseline\alg_versions\reboot_v212_20260627_trackA_reserved_specialist_budget_on_v210.py,bb6b4d492c7e6d9af9a3a59ad0a8c573ca001228c5cd9ca3d1b6d2a7c2b64fb3,9dfaa0ac5fa3e0f16fdfb0890e11b4cb64ea59b8edee029a9c4f13a2c52538b0,hh_algorithm_loop,e02a0a97,True,prob_7.json,60.000000,60.000000,20.000000,90.000000,true,false,true,true,true,5,242600.0,242600.0,242600.0,0.0,3200,1468.0,22.844127,22.406781435012817,150,150,3,,reports\ogc2026_reboot_v001\full_reboot_v212_train40_20260627_001\solutions\trackA__reboot_v212_20260627_trackA_reserved_specialist_budget_on_v210\prob_7.solution.json,reports\ogc2026_reboot_v001\full_reboot_v212_train40_20260627_001\logs\trackA__reboot_v212_20260627_trackA_reserved_specialist_budget_on_v210\prob_7.log,PASS objective=242600.0 obj1=0.0 obj2=3200 obj3=1468.0,"C:\Python314\python.exe ogc2026\batchrunner\benchmark.py --algorithm name=trackA,version=reboot_v212_20260627_trackA_reserved_specialist_budget_on_v210,path=ogc2026\baseline\alg_versions\reboot_v212_20260627_trackA_reserved_specialist_budget_on_v210.py --problem train\prob_1.json --problem train\prob_2.json --problem train\prob_3.json --problem train\prob_4.json --problem train\prob_5.json --problem train\prob_6.json --problem train\prob_7.json --problem train\prob_8.json --problem train\prob_9.json --problem train\prob_10.json --problem train\prob_11.json --problem train\prob_12.json --problem train\prob_13.json --problem train\prob_14.json --problem train\prob_15.json --problem train\prob_16.json --problem train\prob_17.json --problem train\prob_18.json --problem train\prob_19.json --problem train\prob_20.json --problem train\prob_21.json --problem train\prob_22.json --problem train\prob_23.json --problem train\prob_24.json --problem train\prob_25.json --problem train\prob_26.json --problem train\prob_27.json --problem train\prob_28.json --problem train\prob_29.json --problem train\prob_30.json --problem train\prob_31.json --problem train\prob_32.json --problem train\prob_33.json --problem train\prob_34.json --problem train\prob_35.json --problem train\prob_36.json --problem train\prob_37.json --problem train\prob_38.json --problem train\prob_39.json --problem train\prob_40.json --timelimit 60 --run-id full_reboot_v212_train40_20260627_001 --out-dir reports\ogc2026_reboot_v001\full_reboot_v212_train40_20260627_001 --cumulative-csv reports\ogc2026_reboot_v001\candidate_reboot_v212_full40.csv --require-fresh-cumulative"
2026-06-27T00:31:13,full_reboot_v212_train40_20260627_001,trackA,reboot_v212_20260627_trackA_reserved_specialist_budget_on_v210,ogc2026\baseline\alg_versions\reboot_v212_20260627_trackA_reserved_specialist_budget_on_v210.py,bb6b4d492c7e6d9af9a3a59ad0a8c573ca001228c5cd9ca3d1b6d2a7c2b64fb3,9dfaa0ac5fa3e0f16fdfb0890e11b4cb64ea59b8edee029a9c4f13a2c52538b0,hh_algorithm_loop,e02a0a97,True,prob_8.json,60.000000,60.000000,20.000000,90.000000,true,false,true,true,true,5,85472.0,85472.0,85472.0,0.0,1068,406.0,11.313234,10.860201597213745,150,150,2,,reports\ogc2026_reboot_v001\full_reboot_v212_train40_20260627_001\solutions\trackA__reboot_v212_20260627_trackA_reserved_specialist_budget_on_v210\prob_8.solution.json,reports\ogc2026_reboot_v001\full_reboot_v212_train40_20260627_001\logs\trackA__reboot_v212_20260627_trackA_reserved_specialist_budget_on_v210\prob_8.log,PASS objective=85472.0 obj1=0.0 obj2=1068 obj3=406.0,"C:\Python314\python.exe ogc2026\batchrunner\benchmark.py --algorithm name=trackA,version=reboot_v212_20260627_trackA_reserved_specialist_budget_on_v210,path=ogc2026\baseline\alg_versions\reboot_v212_20260627_trackA_reserved_specialist_budget_on_v210.py --problem train\prob_1.json --problem train\prob_2.json --problem train\prob_3.json --problem train\prob_4.json --problem train\prob_5.json --problem train\prob_6.json --problem train\prob_7.json --problem train\prob_8.json --problem train\prob_9.json --problem train\prob_10.json --problem train\prob_11.json --problem train\prob_12.json --problem train\prob_13.json --problem train\prob_14.json --problem train\prob_15.json --problem train\prob_16.json --problem train\prob_17.json --problem train\prob_18.json --problem train\prob_19.json --problem train\prob_20.json --problem train\prob_21.json --problem train\prob_22.json --problem train\prob_23.json --problem train\prob_24.json --problem train\prob_25.json --problem train\prob_26.json --problem train\prob_27.json --problem train\prob_28.json --problem train\prob_29.json --problem train\prob_30.json --problem train\prob_31.json --problem train\prob_32.json --problem train\prob_33.json --problem train\prob_34.json --problem train\prob_35.json --problem train\prob_36.json --problem train\prob_37.json --problem train\prob_38.json --problem train\prob_39.json --problem train\prob_40.json --timelimit 60 --run-id full_reboot_v212_train40_20260627_001 --out-dir reports\ogc2026_reboot_v001\full_reboot_v212_train40_20260627_001 --cumulative-csv reports\ogc2026_reboot_v001\candidate_reboot_v212_full40.csv --require-fresh-cumulative"
2026-06-27T00:31:13,full_reboot_v212_train40_20260627_001,trackA,reboot_v212_20260627_trackA_reserved_specialist_budget_on_v210,ogc2026\baseline\alg_versions\reboot_v212_20260627_trackA_reserved_specialist_budget_on_v210.py,bb6b4d492c7e6d9af9a3a59ad0a8c573ca001228c5cd9ca3d1b6d2a7c2b64fb3,9dfaa0ac5fa3e0f16fdfb0890e11b4cb64ea59b8edee029a9c4f13a2c52538b0,hh_algorithm_loop,e02a0a97,True,prob_9.json,60.000000,60.000000,20.000000,90.000000,true,false,true,true,true,5,180488.0,180488.0,180488.0,1.0,1391,1068.0,33.281900,32.83030986785889,200,200,3,,reports\ogc2026_reboot_v001\full_reboot_v212_train40_20260627_001\solutions\trackA__reboot_v212_20260627_trackA_reserved_specialist_budget_on_v210\prob_9.solution.json,reports\ogc2026_reboot_v001\full_reboot_v212_train40_20260627_001\logs\trackA__reboot_v212_20260627_trackA_reserved_specialist_budget_on_v210\prob_9.log,PASS objective=180488.0 obj1=1.0 obj2=1391 obj3=1068.0,"C:\Python314\python.exe ogc2026\batchrunner\benchmark.py --algorithm name=trackA,version=reboot_v212_20260627_trackA_reserved_specialist_budget_on_v210,path=ogc2026\baseline\alg_versions\reboot_v212_20260627_trackA_reserved_specialist_budget_on_v210.py --problem train\prob_1.json --problem train\prob_2.json --problem train\prob_3.json --problem train\prob_4.json --problem train\prob_5.json --problem train\prob_6.json --problem train\prob_7.json --problem train\prob_8.json --problem train\prob_9.json --problem train\prob_10.json --problem train\prob_11.json --problem train\prob_12.json --problem train\prob_13.json --problem train\prob_14.json --problem train\prob_15.json --problem train\prob_16.json --problem train\prob_17.json --problem train\prob_18.json --problem train\prob_19.json --problem train\prob_20.json --problem train\prob_21.json --problem train\prob_22.json --problem train\prob_23.json --problem train\prob_24.json --problem train\prob_25.json --problem train\prob_26.json --problem train\prob_27.json --problem train\prob_28.json --problem train\prob_29.json --problem train\prob_30.json --problem train\prob_31.json --problem train\prob_32.json --problem train\prob_33.json --problem train\prob_34.json --problem train\prob_35.json --problem train\prob_36.json --problem train\prob_37.json --problem train\prob_38.json --problem train\prob_39.json --problem train\prob_40.json --timelimit 60 --run-id full_reboot_v212_train40_20260627_001 --out-dir reports\ogc2026_reboot_v001\full_reboot_v212_train40_20260627_001 --cumulative-csv reports\ogc2026_reboot_v001\candidate_reboot_v212_full40.csv --require-fresh-cumulative"
2026-06-27T00:31:13,full_reboot_v212_train40_20260627_001,trackA,reboot_v212_20260627_trackA_reserved_specialist_budget_on_v210,ogc2026\baseline\alg_versions\reboot_v212_20260627_trackA_reserved_specialist_budget_on_v210.py,bb6b4d492c7e6d9af9a3a59ad0a8c573ca001228c5cd9ca3d1b6d2a7c2b64fb3,9dfaa0ac5fa3e0f16fdfb0890e11b4cb64ea59b8edee029a9c4f13a2c52538b0,hh_algorithm_loop,e02a0a97,True,prob_10.json,60.000000,60.000000,20.000000,90.000000,true,false,true,true,true,5,1274865.0,1274865.0,1274865.0,66.0,2577,2232.0,22.606469,22.160248517990112,200,200,4,,reports\ogc2026_reboot_v001\full_reboot_v212_train40_20260627_001\solutions\trackA__reboot_v212_20260627_trackA_reserved_specialist_budget_on_v210\prob_10.solution.json,reports\ogc2026_reboot_v001\full_reboot_v212_train40_20260627_001\logs\trackA__reboot_v212_20260627_trackA_reserved_specialist_budget_on_v210\prob_10.log,PASS objective=1274865.0 obj1=66.0 obj2=2577 obj3=2232.0,"C:\Python314\python.exe ogc2026\batchrunner\benchmark.py --algorithm name=trackA,version=reboot_v212_20260627_trackA_reserved_specialist_budget_on_v210,path=ogc2026\baseline\alg_versions\reboot_v212_20260627_trackA_reserved_specialist_budget_on_v210.py --problem train\prob_1.json --problem train\prob_2.json --problem train\prob_3.json --problem train\prob_4.json --problem train\prob_5.json --problem train\prob_6.json --problem train\prob_7.json --problem train\prob_8.json --problem train\prob_9.json --problem train\prob_10.json --problem train\prob_11.json --problem train\prob_12.json --problem train\prob_13.json --problem train\prob_14.json --problem train\prob_15.json --problem train\prob_16.json --problem train\prob_17.json --problem train\prob_18.json --problem train\prob_19.json --problem train\prob_20.json --problem train\prob_21.json --problem train\prob_22.json --problem train\prob_23.json --problem train\prob_24.json --problem train\prob_25.json --problem train\prob_26.json --problem train\prob_27.json --problem train\prob_28.json --problem train\prob_29.json --problem train\prob_30.json --problem train\prob_31.json --problem train\prob_32.json --problem train\prob_33.json --problem train\prob_34.json --problem train\prob_35.json --problem train\prob_36.json --problem train\prob_37.json --problem train\prob_38.json --problem train\prob_39.json --problem train\prob_40.json --timelimit 60 --run-id full_reboot_v212_train40_20260627_001 --out-dir reports\ogc2026_reboot_v001\full_reboot_v212_train40_20260627_001 --cumulative-csv reports\ogc2026_reboot_v001\candidate_reboot_v212_full40.csv --require-fresh-cumulative"
2026-06-27T00:31:13,full_reboot_v212_train40_20260627_001,trackA,reboot_v212_20260627_trackA_reserved_specialist_budget_on_v210,ogc2026\baseline\alg_versions\reboot_v212_20260627_trackA_reserved_specialist_budget_on_v210.py,bb6b4d492c7e6d9af9a3a59ad0a8c573ca001228c5cd9ca3d1b6d2a7c2b64fb3,9dfaa0ac5fa3e0f16fdfb0890e11b4cb64ea59b8edee029a9c4f13a2c52538b0,hh_algorithm_loop,e02a0a97,True,prob_11.json,60.000000,60.000000,20.000000,90.000000,true,false,true,true,true,5,8761210.0,8761210.0,8761210.0,369.0,522,2431.0,38.642578,38.196162700653076,200,200,4,,reports\ogc2026_reboot_v001\full_reboot_v212_train40_20260627_001\solutions\trackA__reboot_v212_20260627_trackA_reserved_specialist_budget_on_v210\prob_11.solution.json,reports\ogc2026_reboot_v001\full_reboot_v212_train40_20260627_001\logs\trackA__reboot_v212_20260627_trackA_reserved_specialist_budget_on_v210\prob_11.log,PASS objective=8761210.0 obj1=369.0 obj2=522 obj3=2431.0,"C:\Python314\python.exe ogc2026\batchrunner\benchmark.py --algorithm name=trackA,version=reboot_v212_20260627_trackA_reserved_specialist_budget_on_v210,path=ogc2026\baseline\alg_versions\reboot_v212_20260627_trackA_reserved_specialist_budget_on_v210.py --problem train\prob_1.json --problem train\prob_2.json --problem train\prob_3.json --problem train\prob_4.json --problem train\prob_5.json --problem train\prob_6.json --problem train\prob_7.json --problem train\prob_8.json --problem train\prob_9.json --problem train\prob_10.json --problem train\prob_11.json --problem train\prob_12.json --problem train\prob_13.json --problem train\prob_14.json --problem train\prob_15.json --problem train\prob_16.json --problem train\prob_17.json --problem train\prob_18.json --problem train\prob_19.json --problem train\prob_20.json --problem train\prob_21.json --problem train\prob_22.json --problem train\prob_23.json --problem train\prob_24.json --problem train\prob_25.json --problem train\prob_26.json --problem train\prob_27.json --problem train\prob_28.json --problem train\prob_29.json --problem train\prob_30.json --problem train\prob_31.json --problem train\prob_32.json --problem train\prob_33.json --problem train\prob_34.json --problem train\prob_35.json --problem train\prob_36.json --problem train\prob_37.json --problem train\prob_38.json --problem train\prob_39.json --problem train\prob_40.json --timelimit 60 --run-id full_reboot_v212_train40_20260627_001 --out-dir reports\ogc2026_reboot_v001\full_reboot_v212_train40_20260627_001 --cumulative-csv reports\ogc2026_reboot_v001\candidate_reboot_v212_full40.csv --require-fresh-cumulative"
2026-06-27T00:31:13,full_reboot_v212_train40_20260627_001,trackA,reboot_v212_20260627_trackA_reserved_specialist_budget_on_v210,ogc2026\baseline\alg_versions\reboot_v212_20260627_trackA_reserved_specialist_budget_on_v210.py,bb6b4d492c7e6d9af9a3a59ad0a8c573ca001228c5cd9ca3d1b6d2a7c2b64fb3,9dfaa0ac5fa3e0f16fdfb0890e11b4cb64ea59b8edee029a9c4f13a2c52538b0,hh_algorithm_loop,e02a0a97,True,prob_12.json,60.000000,60.000000,20.000000,90.000000,true,false,true,true,true,5,553078.0,553078.0,553078.0,8.0,6633,2491.0,33.383226,32.934468269348145,200,200,4,,reports\ogc2026_reboot_v001\full_reboot_v212_train40_20260627_001\solutions\trackA__reboot_v212_20260627_trackA_reserved_specialist_budget_on_v210\prob_12.solution.json,reports\ogc2026_reboot_v001\full_reboot_v212_train40_20260627_001\logs\trackA__reboot_v212_20260627_trackA_reserved_specialist_budget_on_v210\prob_12.log,PASS objective=553078.0 obj1=8.0 obj2=6633 obj3=2491.0,"C:\Python314\python.exe ogc2026\batchrunner\benchmark.py --algorithm name=trackA,version=reboot_v212_20260627_trackA_reserved_specialist_budget_on_v210,path=ogc2026\baseline\alg_versions\reboot_v212_20260627_trackA_reserved_specialist_budget_on_v210.py --problem train\prob_1.json --problem train\prob_2.json --problem train\prob_3.json --problem train\prob_4.json --problem train\prob_5.json --problem train\prob_6.json --problem train\prob_7.json --problem train\prob_8.json --problem train\prob_9.json --problem train\prob_10.json --problem train\prob_11.json --problem train\prob_12.json --problem train\prob_13.json --problem train\prob_14.json --problem train\prob_15.json --problem train\prob_16.json --problem train\prob_17.json --problem train\prob_18.json --problem train\prob_19.json --problem train\prob_20.json --problem train\prob_21.json --problem train\prob_22.json --problem train\prob_23.json --problem train\prob_24.json --problem train\prob_25.json --problem train\prob_26.json --problem train\prob_27.json --problem train\prob_28.json --problem train\prob_29.json --problem train\prob_30.json --problem train\prob_31.json --problem train\prob_32.json --problem train\prob_33.json --problem train\prob_34.json --problem train\prob_35.json --problem train\prob_36.json --problem train\prob_37.json --problem train\prob_38.json --problem train\prob_39.json --problem train\prob_40.json --timelimit 60 --run-id full_reboot_v212_train40_20260627_001 --out-dir reports\ogc2026_reboot_v001\full_reboot_v212_train40_20260627_001 --cumulative-csv reports\ogc2026_reboot_v001\candidate_reboot_v212_full40.csv --require-fresh-cumulative"
2026-06-27T00:31:13,full_reboot_v212_train40_20260627_001,trackA,reboot_v212_20260627_trackA_reserved_specialist_budget_on_v210,ogc2026\baseline\alg_versions\reboot_v212_20260627_trackA_reserved_specialist_budget_on_v210.py,bb6b4d492c7e6d9af9a3a59ad0a8c573ca001228c5cd9ca3d1b6d2a7c2b64fb3,9dfaa0ac5fa3e0f16fdfb0890e11b4cb64ea59b8edee029a9c4f13a2c52538b0,hh_algorithm_loop,e02a0a97,True,prob_13.json,60.000000,60.000000,20.000000,90.000000,true,false,true,true,true,5,10783287.0,10783287.0,10783287.0,547.0,4390,4394.0,32.615126,32.145700216293335,250,250,4,,reports\ogc2026_reboot_v001\full_reboot_v212_train40_20260627_001\solutions\trackA__reboot_v212_20260627_trackA_reserved_specialist_budget_on_v210\prob_13.solution.json,reports\ogc2026_reboot_v001\full_reboot_v212_train40_20260627_001\logs\trackA__reboot_v212_20260627_trackA_reserved_specialist_budget_on_v210\prob_13.log,PASS objective=10783287.0 obj1=547.0 obj2=4390 obj3=4394.0,"C:\Python314\python.exe ogc2026\batchrunner\benchmark.py --algorithm name=trackA,version=reboot_v212_20260627_trackA_reserved_specialist_budget_on_v210,path=ogc2026\baseline\alg_versions\reboot_v212_20260627_trackA_reserved_specialist_budget_on_v210.py --problem train\prob_1.json --problem train\prob_2.json --problem train\prob_3.json --problem train\prob_4.json --problem train\prob_5.json --problem train\prob_6.json --problem train\prob_7.json --problem train\prob_8.json --problem train\prob_9.json --problem train\prob_10.json --problem train\prob_11.json --problem train\prob_12.json --problem train\prob_13.json --problem train\prob_14.json --problem train\prob_15.json --problem train\prob_16.json --problem train\prob_17.json --problem train\prob_18.json --problem train\prob_19.json --problem train\prob_20.json --problem train\prob_21.json --problem train\prob_22.json --problem train\prob_23.json --problem train\prob_24.json --problem train\prob_25.json --problem train\prob_26.json --problem train\prob_27.json --problem train\prob_28.json --problem train\prob_29.json --problem train\prob_30.json --problem train\prob_31.json --problem train\prob_32.json --problem train\prob_33.json --problem train\prob_34.json --problem train\prob_35.json --problem train\prob_36.json --problem train\prob_37.json --problem train\prob_38.json --problem train\prob_39.json --problem train\prob_40.json --timelimit 60 --run-id full_reboot_v212_train40_20260627_001 --out-dir reports\ogc2026_reboot_v001\full_reboot_v212_train40_20260627_001 --cumulative-csv reports\ogc2026_reboot_v001\candidate_reboot_v212_full40.csv --require-fresh-cumulative"
2026-06-27T00:31:13,full_reboot_v212_train40_20260627_001,trackA,reboot_v212_20260627_trackA_reserved_specialist_budget_on_v210,ogc2026\baseline\alg_versions\reboot_v212_20260627_trackA_reserved_specialist_budget_on_v210.py,bb6b4d492c7e6d9af9a3a59ad0a8c573ca001228c5cd9ca3d1b6d2a7c2b64fb3,9dfaa0ac5fa3e0f16fdfb0890e11b4cb64ea59b8edee029a9c4f13a2c52538b0,hh_algorithm_loop,e02a0a97,True,prob_14.json,60.000000,60.000000,20.000000,90.000000,true,false,true,true,true,5,3795716.0,3795716.0,3795716.0,181.0,3301,4221.0,52.930783,52.44457268714905,250,250,4,,reports\ogc2026_reboot_v001\full_reboot_v212_train40_20260627_001\solutions\trackA__reboot_v212_20260627_trackA_reserved_specialist_budget_on_v210\prob_14.solution.json,reports\ogc2026_reboot_v001\full_reboot_v212_train40_20260627_001\logs\trackA__reboot_v212_20260627_trackA_reserved_specialist_budget_on_v210\prob_14.log,PASS objective=3795716.0 obj1=181.0 obj2=3301 obj3=4221.0,"C:\Python314\python.exe ogc2026\batchrunner\benchmark.py --algorithm name=trackA,version=reboot_v212_20260627_trackA_reserved_specialist_budget_on_v210,path=ogc2026\baseline\alg_versions\reboot_v212_20260627_trackA_reserved_specialist_budget_on_v210.py --problem train\prob_1.json --problem train\prob_2.json --problem train\prob_3.json --problem train\prob_4.json --problem train\prob_5.json --problem train\prob_6.json --problem train\prob_7.json --problem train\prob_8.json --problem train\prob_9.json --problem train\prob_10.json --problem train\prob_11.json --problem train\prob_12.json --problem train\prob_13.json --problem train\prob_14.json --problem train\prob_15.json --problem train\prob_16.json --problem train\prob_17.json --problem train\prob_18.json --problem train\prob_19.json --problem train\prob_20.json --problem train\prob_21.json --problem train\prob_22.json --problem train\prob_23.json --problem train\prob_24.json --problem train\prob_25.json --problem train\prob_26.json --problem train\prob_27.json --problem train\prob_28.json --problem train\prob_29.json --problem train\prob_30.json --problem train\prob_31.json --problem train\prob_32.json --problem train\prob_33.json --problem train\prob_34.json --problem train\prob_35.json --problem train\prob_36.json --problem train\prob_37.json --problem train\prob_38.json --problem train\prob_39.json --problem train\prob_40.json --timelimit 60 --run-id full_reboot_v212_train40_20260627_001 --out-dir reports\ogc2026_reboot_v001\full_reboot_v212_train40_20260627_001 --cumulative-csv reports\ogc2026_reboot_v001\candidate_reboot_v212_full40.csv --require-fresh-cumulative"
2026-06-27T00:31:13,full_reboot_v212_train40_20260627_001,trackA,reboot_v212_20260627_trackA_reserved_specialist_budget_on_v210,ogc2026\baseline\alg_versions\reboot_v212_20260627_trackA_reserved_specialist_budget_on_v210.py,bb6b4d492c7e6d9af9a3a59ad0a8c573ca001228c5cd9ca3d1b6d2a7c2b64fb3,9dfaa0ac5fa3e0f16fdfb0890e11b4cb64ea59b8edee029a9c4f13a2c52538b0,hh_algorithm_loop,e02a0a97,True,prob_15.json,60.000000,60.000000,20.000000,90.000000,true,false,true,true,true,5,844023.0,844023.0,844023.0,25.0,3465,3431.0,38.289359,37.8221869468689,250,250,4,,reports\ogc2026_reboot_v001\full_reboot_v212_train40_20260627_001\solutions\trackA__reboot_v212_20260627_trackA_reserved_specialist_budget_on_v210\prob_15.solution.json,reports\ogc2026_reboot_v001\full_reboot_v212_train40_20260627_001\logs\trackA__reboot_v212_20260627_trackA_reserved_specialist_budget_on_v210\prob_15.log,PASS objective=844023.0 obj1=25.0 obj2=3465 obj3=3431.0,"C:\Python314\python.exe ogc2026\batchrunner\benchmark.py --algorithm name=trackA,version=reboot_v212_20260627_trackA_reserved_specialist_budget_on_v210,path=ogc2026\baseline\alg_versions\reboot_v212_20260627_trackA_reserved_specialist_budget_on_v210.py --problem train\prob_1.json --problem train\prob_2.json --problem train\prob_3.json --problem train\prob_4.json --problem train\prob_5.json --problem train\prob_6.json --problem train\prob_7.json --problem train\prob_8.json --problem train\prob_9.json --problem train\prob_10.json --problem train\prob_11.json --problem train\prob_12.json --problem train\prob_13.json --problem train\prob_14.json --problem train\prob_15.json --problem train\prob_16.json --problem train\prob_17.json --problem train\prob_18.json --problem train\prob_19.json --problem train\prob_20.json --problem train\prob_21.json --problem train\prob_22.json --problem train\prob_23.json --problem train\prob_24.json --problem train\prob_25.json --problem train\prob_26.json --problem train\prob_27.json --problem train\prob_28.json --problem train\prob_29.json --problem train\prob_30.json --problem train\prob_31.json --problem train\prob_32.json --problem train\prob_33.json --problem train\prob_34.json --problem train\prob_35.json --problem train\prob_36.json --problem train\prob_37.json --problem train\prob_38.json --problem train\prob_39.json --problem train\prob_40.json --timelimit 60 --run-id full_reboot_v212_train40_20260627_001 --out-dir reports\ogc2026_reboot_v001\full_reboot_v212_train40_20260627_001 --cumulative-csv reports\ogc2026_reboot_v001\candidate_reboot_v212_full40.csv --require-fresh-cumulative"
2026-06-27T00:31:13,full_reboot_v212_train40_20260627_001,trackA,reboot_v212_20260627_trackA_reserved_specialist_budget_on_v210,ogc2026\baseline\alg_versions\reboot_v212_20260627_trackA_reserved_specialist_budget_on_v210.py,bb6b4d492c7e6d9af9a3a59ad0a8c573ca001228c5cd9ca3d1b6d2a7c2b64fb3,9dfaa0ac5fa3e0f16fdfb0890e11b4cb64ea59b8edee029a9c4f13a2c52538b0,hh_algorithm_loop,e02a0a97,True,prob_16.json,60.000000,60.000000,20.000000,90.000000,true,false,true,true,true,5,176817.0,176817.0,176817.0,0.0,2938,1219.0,16.353674,15.88905644416809,250,250,4,,reports\ogc2026_reboot_v001\full_reboot_v212_train40_20260627_001\solutions\trackA__reboot_v212_20260627_trackA_reserved_specialist_budget_on_v210\prob_16.solution.json,reports\ogc2026_reboot_v001\full_reboot_v212_train40_20260627_001\logs\trackA__reboot_v212_20260627_trackA_reserved_specialist_budget_on_v210\prob_16.log,PASS objective=176817.0 obj1=0.0 obj2=2938 obj3=1219.0,"C:\Python314\python.exe ogc2026\batchrunner\benchmark.py --algorithm name=trackA,version=reboot_v212_20260627_trackA_reserved_specialist_budget_on_v210,path=ogc2026\baseline\alg_versions\reboot_v212_20260627_trackA_reserved_specialist_budget_on_v210.py --problem train\prob_1.json --problem train\prob_2.json --problem train\prob_3.json --problem train\prob_4.json --problem train\prob_5.json --problem train\prob_6.json --problem train\prob_7.json --problem train\prob_8.json --problem train\prob_9.json --problem train\prob_10.json --problem train\prob_11.json --problem train\prob_12.json --problem train\prob_13.json --problem train\prob_14.json --problem train\prob_15.json --problem train\prob_16.json --problem train\prob_17.json --problem train\prob_18.json --problem train\prob_19.json --problem train\prob_20.json --problem train\prob_21.json --problem train\prob_22.json --problem train\prob_23.json --problem train\prob_24.json --problem train\prob_25.json --problem train\prob_26.json --problem train\prob_27.json --problem train\prob_28.json --problem train\prob_29.json --problem train\prob_30.json --problem train\prob_31.json --problem train\prob_32.json --problem train\prob_33.json --problem train\prob_34.json --problem train\prob_35.json --problem train\prob_36.json --problem train\prob_37.json --problem train\prob_38.json --problem train\prob_39.json --problem train\prob_40.json --timelimit 60 --run-id full_reboot_v212_train40_20260627_001 --out-dir reports\ogc2026_reboot_v001\full_reboot_v212_train40_20260627_001 --cumulative-csv reports\ogc2026_reboot_v001\candidate_reboot_v212_full40.csv --require-fresh-cumulative"
2026-06-27T00:31:13,full_reboot_v212_train40_20260627_001,trackA,reboot_v212_20260627_trackA_reserved_specialist_budget_on_v210,ogc2026\baseline\alg_versions\reboot_v212_20260627_trackA_reserved_specialist_budget_on_v210.py,bb6b4d492c7e6d9af9a3a59ad0a8c573ca001228c5cd9ca3d1b6d2a7c2b64fb3,9dfaa0ac5fa3e0f16fdfb0890e11b4cb64ea59b8edee029a9c4f13a2c52538b0,hh_algorithm_loop,e02a0a97,True,prob_17.json,60.000000,60.000000,20.000000,90.000000,true,false,true,true,true,5,338183.0,338183.0,338183.0,13.0,5749,1422.0,22.523203,22.043429613113403,300,300,4,,reports\ogc2026_reboot_v001\full_reboot_v212_train40_20260627_001\solutions\trackA__reboot_v212_20260627_trackA_reserved_specialist_budget_on_v210\prob_17.solution.json,reports\ogc2026_reboot_v001\full_reboot_v212_train40_20260627_001\logs\trackA__reboot_v212_20260627_trackA_reserved_specialist_budget_on_v210\prob_17.log,PASS objective=338183.0 obj1=13.0 obj2=5749 obj3=1422.0,"C:\Python314\python.exe ogc2026\batchrunner\benchmark.py --algorithm name=trackA,version=reboot_v212_20260627_trackA_reserved_specialist_budget_on_v210,path=ogc2026\baseline\alg_versions\reboot_v212_20260627_trackA_reserved_specialist_budget_on_v210.py --problem train\prob_1.json --problem train\prob_2.json --problem train\prob_3.json --problem train\prob_4.json --problem train\prob_5.json --problem train\prob_6.json --problem train\prob_7.json --problem train\prob_8.json --problem train\prob_9.json --problem train\prob_10.json --problem train\prob_11.json --problem train\prob_12.json --problem train\prob_13.json --problem train\prob_14.json --problem train\prob_15.json --problem train\prob_16.json --problem train\prob_17.json --problem train\prob_18.json --problem train\prob_19.json --problem train\prob_20.json --problem train\prob_21.json --problem train\prob_22.json --problem train\prob_23.json --problem train\prob_24.json --problem train\prob_25.json --problem train\prob_26.json --problem train\prob_27.json --problem train\prob_28.json --problem train\prob_29.json --problem train\prob_30.json --problem train\prob_31.json --problem train\prob_32.json --problem train\prob_33.json --problem train\prob_34.json --problem train\prob_35.json --problem train\prob_36.json --problem train\prob_37.json --problem train\prob_38.json --problem train\prob_39.json --problem train\prob_40.json --timelimit 60 --run-id full_reboot_v212_train40_20260627_001 --out-dir reports\ogc2026_reboot_v001\full_reboot_v212_train40_20260627_001 --cumulative-csv reports\ogc2026_reboot_v001\candidate_reboot_v212_full40.csv --require-fresh-cumulative"
2026-06-27T00:31:13,full_reboot_v212_train40_20260627_001,trackA,reboot_v212_20260627_trackA_reserved_specialist_budget_on_v210,ogc2026\baseline\alg_versions\reboot_v212_20260627_trackA_reserved_specialist_budget_on_v210.py,bb6b4d492c7e6d9af9a3a59ad0a8c573ca001228c5cd9ca3d1b6d2a7c2b64fb3,9dfaa0ac5fa3e0f16fdfb0890e11b4cb64ea59b8edee029a9c4f13a2c52538b0,hh_algorithm_loop,e02a0a97,True,prob_18.json,60.000000,60.000000,20.000000,90.000000,true,false,true,true,true,5,264994.0,264994.0,264994.0,0.0,3406,1890.0,30.369527,29.917256832122803,300,300,4,,reports\ogc2026_reboot_v001\full_reboot_v212_train40_20260627_001\solutions\trackA__reboot_v212_20260627_trackA_reserved_specialist_budget_on_v210\prob_18.solution.json,reports\ogc2026_reboot_v001\full_reboot_v212_train40_20260627_001\logs\trackA__reboot_v212_20260627_trackA_reserved_specialist_budget_on_v210\prob_18.log,PASS objective=264994.0 obj1=0.0 obj2=3406 obj3=1890.0,"C:\Python314\python.exe ogc2026\batchrunner\benchmark.py --algorithm name=trackA,version=reboot_v212_20260627_trackA_reserved_specialist_budget_on_v210,path=ogc2026\baseline\alg_versions\reboot_v212_20260627_trackA_reserved_specialist_budget_on_v210.py --problem train\prob_1.json --problem train\prob_2.json --problem train\prob_3.json --problem train\prob_4.json --problem train\prob_5.json --problem train\prob_6.json --problem train\prob_7.json --problem train\prob_8.json --problem train\prob_9.json --problem train\prob_10.json --problem train\prob_11.json --problem train\prob_12.json --problem train\prob_13.json --problem train\prob_14.json --problem train\prob_15.json --problem train\prob_16.json --problem train\prob_17.json --problem train\prob_18.json --problem train\prob_19.json --problem train\prob_20.json --problem train\prob_21.json --problem train\prob_22.json --problem train\prob_23.json --problem train\prob_24.json --problem train\prob_25.json --problem train\prob_26.json --problem train\prob_27.json --problem train\prob_28.json --problem train\prob_29.json --problem train\prob_30.json --problem train\prob_31.json --problem train\prob_32.json --problem train\prob_33.json --problem train\prob_34.json --problem train\prob_35.json --problem train\prob_36.json --problem train\prob_37.json --problem train\prob_38.json --problem train\prob_39.json --problem train\prob_40.json --timelimit 60 --run-id full_reboot_v212_train40_20260627_001 --out-dir reports\ogc2026_reboot_v001\full_reboot_v212_train40_20260627_001 --cumulative-csv reports\ogc2026_reboot_v001\candidate_reboot_v212_full40.csv --require-fresh-cumulative"
2026-06-27T00:31:13,full_reboot_v212_train40_20260627_001,trackA,reboot_v212_20260627_trackA_reserved_specialist_budget_on_v210,ogc2026\baseline\alg_versions\reboot_v212_20260627_trackA_reserved_specialist_budget_on_v210.py,bb6b4d492c7e6d9af9a3a59ad0a8c573ca001228c5cd9ca3d1b6d2a7c2b64fb3,9dfaa0ac5fa3e0f16fdfb0890e11b4cb64ea59b8edee029a9c4f13a2c52538b0,hh_algorithm_loop,e02a0a97,True,prob_19.json,60.000000,60.000000,20.000000,90.000000,true,false,true,true,true,5,2325874.0,2325874.0,2325874.0,164.0,6533,4138.0,35.099393,34.646613121032715,300,300,4,,reports\ogc2026_reboot_v001\full_reboot_v212_train40_20260627_001\solutions\trackA__reboot_v212_20260627_trackA_reserved_specialist_budget_on_v210\prob_19.solution.json,reports\ogc2026_reboot_v001\full_reboot_v212_train40_20260627_001\logs\trackA__reboot_v212_20260627_trackA_reserved_specialist_budget_on_v210\prob_19.log,PASS objective=2325874.0 obj1=164.0 obj2=6533 obj3=4138.0,"C:\Python314\python.exe ogc2026\batchrunner\benchmark.py --algorithm name=trackA,version=reboot_v212_20260627_trackA_reserved_specialist_budget_on_v210,path=ogc2026\baseline\alg_versions\reboot_v212_20260627_trackA_reserved_specialist_budget_on_v210.py --problem train\prob_1.json --problem train\prob_2.json --problem train\prob_3.json --problem train\prob_4.json --problem train\prob_5.json --problem train\prob_6.json --problem train\prob_7.json --problem train\prob_8.json --problem train\prob_9.json --problem train\prob_10.json --problem train\prob_11.json --problem train\prob_12.json --problem train\prob_13.json --problem train\prob_14.json --problem train\prob_15.json --problem train\prob_16.json --problem train\prob_17.json --problem train\prob_18.json --problem train\prob_19.json --problem train\prob_20.json --problem train\prob_21.json --problem train\prob_22.json --problem train\prob_23.json --problem train\prob_24.json --problem train\prob_25.json --problem train\prob_26.json --problem train\prob_27.json --problem train\prob_28.json --problem train\prob_29.json --problem train\prob_30.json --problem train\prob_31.json --problem train\prob_32.json --problem train\prob_33.json --problem train\prob_34.json --problem train\prob_35.json --problem train\prob_36.json --problem train\prob_37.json --problem train\prob_38.json --problem train\prob_39.json --problem train\prob_40.json --timelimit 60 --run-id full_reboot_v212_train40_20260627_001 --out-dir reports\ogc2026_reboot_v001\full_reboot_v212_train40_20260627_001 --cumulative-csv reports\ogc2026_reboot_v001\candidate_reboot_v212_full40.csv --require-fresh-cumulative"
2026-06-27T00:31:13,full_reboot_v212_train40_20260627_001,trackA,reboot_v212_20260627_trackA_reserved_specialist_budget_on_v210,ogc2026\baseline\alg_versions\reboot_v212_20260627_trackA_reserved_specialist_budget_on_v210.py,bb6b4d492c7e6d9af9a3a59ad0a8c573ca001228c5cd9ca3d1b6d2a7c2b64fb3,9dfaa0ac5fa3e0f16fdfb0890e11b4cb64ea59b8edee029a9c4f13a2c52538b0,hh_algorithm_loop,e02a0a97,True,prob_20.json,60.000000,60.000000,20.000000,90.000000,true,false,true,true,true,5,5199740.0,5199740.0,5199740.0,164.0,3642,6436.0,51.552726,51.089433670043945,300,300,5,,reports\ogc2026_reboot_v001\full_reboot_v212_train40_20260627_001\solutions\trackA__reboot_v212_20260627_trackA_reserved_specialist_budget_on_v210\prob_20.solution.json,reports\ogc2026_reboot_v001\full_reboot_v212_train40_20260627_001\logs\trackA__reboot_v212_20260627_trackA_reserved_specialist_budget_on_v210\prob_20.log,PASS objective=5199740.0 obj1=164.0 obj2=3642 obj3=6436.0,"C:\Python314\python.exe ogc2026\batchrunner\benchmark.py --algorithm name=trackA,version=reboot_v212_20260627_trackA_reserved_specialist_budget_on_v210,path=ogc2026\baseline\alg_versions\reboot_v212_20260627_trackA_reserved_specialist_budget_on_v210.py --problem train\prob_1.json --problem train\prob_2.json --problem train\prob_3.json --problem train\prob_4.json --problem train\prob_5.json --problem train\prob_6.json --problem train\prob_7.json --problem train\prob_8.json --problem train\prob_9.json --problem train\prob_10.json --problem train\prob_11.json --problem train\prob_12.json --problem train\prob_13.json --problem train\prob_14.json --problem train\prob_15.json --problem train\prob_16.json --problem train\prob_17.json --problem train\prob_18.json --problem train\prob_19.json --problem train\prob_20.json --problem train\prob_21.json --problem train\prob_22.json --problem train\prob_23.json --problem train\prob_24.json --problem train\prob_25.json --problem train\prob_26.json --problem train\prob_27.json --problem train\prob_28.json --problem train\prob_29.json --problem train\prob_30.json --problem train\prob_31.json --problem train\prob_32.json --problem train\prob_33.json --problem train\prob_34.json --problem train\prob_35.json --problem train\prob_36.json --problem train\prob_37.json --problem train\prob_38.json --problem train\prob_39.json --problem train\prob_40.json --timelimit 60 --run-id full_reboot_v212_train40_20260627_001 --out-dir reports\ogc2026_reboot_v001\full_reboot_v212_train40_20260627_001 --cumulative-csv reports\ogc2026_reboot_v001\candidate_reboot_v212_full40.csv --require-fresh-cumulative"
2026-06-27T00:31:13,full_reboot_v212_train40_20260627_001,trackA,reboot_v212_20260627_trackA_reserved_specialist_budget_on_v210,ogc2026\baseline\alg_versions\reboot_v212_20260627_trackA_reserved_specialist_budget_on_v210.py,bb6b4d492c7e6d9af9a3a59ad0a8c573ca001228c5cd9ca3d1b6d2a7c2b64fb3,9dfaa0ac5fa3e0f16fdfb0890e11b4cb64ea59b8edee029a9c4f13a2c52538b0,hh_algorithm_loop,e02a0a97,True,prob_21.json,60.000000,60.000000,20.000000,90.000000,true,false,true,true,true,5,9383482.0,9383482.0,9383482.0,664.0,522,3501.0,9.880499,9.44340968132019,100,100,3,,reports\ogc2026_reboot_v001\full_reboot_v212_train40_20260627_001\solutions\trackA__reboot_v212_20260627_trackA_reserved_specialist_budget_on_v210\prob_21.solution.json,reports\ogc2026_reboot_v001\full_reboot_v212_train40_20260627_001\logs\trackA__reboot_v212_20260627_trackA_reserved_specialist_budget_on_v210\prob_21.log,PASS objective=9383482.0 obj1=664.0 obj2=522 obj3=3501.0,"C:\Python314\python.exe ogc2026\batchrunner\benchmark.py --algorithm name=trackA,version=reboot_v212_20260627_trackA_reserved_specialist_budget_on_v210,path=ogc2026\baseline\alg_versions\reboot_v212_20260627_trackA_reserved_specialist_budget_on_v210.py --problem train\prob_1.json --problem train\prob_2.json --problem train\prob_3.json --problem train\prob_4.json --problem train\prob_5.json --problem train\prob_6.json --problem train\prob_7.json --problem train\prob_8.json --problem train\prob_9.json --problem train\prob_10.json --problem train\prob_11.json --problem train\prob_12.json --problem train\prob_13.json --problem train\prob_14.json --problem train\prob_15.json --problem train\prob_16.json --problem train\prob_17.json --problem train\prob_18.json --problem train\prob_19.json --problem train\prob_20.json --problem train\prob_21.json --problem train\prob_22.json --problem train\prob_23.json --problem train\prob_24.json --problem train\prob_25.json --problem train\prob_26.json --problem train\prob_27.json --problem train\prob_28.json --problem train\prob_29.json --problem train\prob_30.json --problem train\prob_31.json --problem train\prob_32.json --problem train\prob_33.json --problem train\prob_34.json --problem train\prob_35.json --problem train\prob_36.json --problem train\prob_37.json --problem train\prob_38.json --problem train\prob_39.json --problem train\prob_40.json --timelimit 60 --run-id full_reboot_v212_train40_20260627_001 --out-dir reports\ogc2026_reboot_v001\full_reboot_v212_train40_20260627_001 --cumulative-csv reports\ogc2026_reboot_v001\candidate_reboot_v212_full40.csv --require-fresh-cumulative"
2026-06-27T00:31:13,full_reboot_v212_train40_20260627_001,trackA,reboot_v212_20260627_trackA_reserved_specialist_budget_on_v210,ogc2026\baseline\alg_versions\reboot_v212_20260627_trackA_reserved_specialist_budget_on_v210.py,bb6b4d492c7e6d9af9a3a59ad0a8c573ca001228c5cd9ca3d1b6d2a7c2b64fb3,9dfaa0ac5fa3e0f16fdfb0890e11b4cb64ea59b8edee029a9c4f13a2c52538b0,hh_algorithm_loop,e02a0a97,True,prob_22.json,60.000000,60.000000,20.000000,90.000000,true,false,true,true,true,5,1837996.0,1837996.0,1837996.0,26.0,2446,3710.0,15.543599,15.105211019515991,100,100,2,,reports\ogc2026_reboot_v001\full_reboot_v212_train40_20260627_001\solutions\trackA__reboot_v212_20260627_trackA_reserved_specialist_budget_on_v210\prob_22.solution.json,reports\ogc2026_reboot_v001\full_reboot_v212_train40_20260627_001\logs\trackA__reboot_v212_20260627_trackA_reserved_specialist_budget_on_v210\prob_22.log,PASS objective=1837996.0 obj1=26.0 obj2=2446 obj3=3710.0,"C:\Python314\python.exe ogc2026\batchrunner\benchmark.py --algorithm name=trackA,version=reboot_v212_20260627_trackA_reserved_specialist_budget_on_v210,path=ogc2026\baseline\alg_versions\reboot_v212_20260627_trackA_reserved_specialist_budget_on_v210.py --problem train\prob_1.json --problem train\prob_2.json --problem train\prob_3.json --problem train\prob_4.json --problem train\prob_5.json --problem train\prob_6.json --problem train\prob_7.json --problem train\prob_8.json --problem train\prob_9.json --problem train\prob_10.json --problem train\prob_11.json --problem train\prob_12.json --problem train\prob_13.json --problem train\prob_14.json --problem train\prob_15.json --problem train\prob_16.json --problem train\prob_17.json --problem train\prob_18.json --problem train\prob_19.json --problem train\prob_20.json --problem train\prob_21.json --problem train\prob_22.json --problem train\prob_23.json --problem train\prob_24.json --problem train\prob_25.json --problem train\prob_26.json --problem train\prob_27.json --problem train\prob_28.json --problem train\prob_29.json --problem train\prob_30.json --problem train\prob_31.json --problem train\prob_32.json --problem train\prob_33.json --problem train\prob_34.json --problem train\prob_35.json --problem train\prob_36.json --problem train\prob_37.json --problem train\prob_38.json --problem train\prob_39.json --problem train\prob_40.json --timelimit 60 --run-id full_reboot_v212_train40_20260627_001 --out-dir reports\ogc2026_reboot_v001\full_reboot_v212_train40_20260627_001 --cumulative-csv reports\ogc2026_reboot_v001\candidate_reboot_v212_full40.csv --require-fresh-cumulative"
2026-06-27T00:31:13,full_reboot_v212_train40_20260627_001,trackA,reboot_v212_20260627_trackA_reserved_specialist_budget_on_v210,ogc2026\baseline\alg_versions\reboot_v212_20260627_trackA_reserved_specialist_budget_on_v210.py,bb6b4d492c7e6d9af9a3a59ad0a8c573ca001228c5cd9ca3d1b6d2a7c2b64fb3,9dfaa0ac5fa3e0f16fdfb0890e11b4cb64ea59b8edee029a9c4f13a2c52538b0,hh_algorithm_loop,e02a0a97,True,prob_23.json,60.000000,60.000000,20.000000,90.000000,true,false,true,true,true,5,20686068.0,20686068.0,20686068.0,1497.0,35,1940.0,19.168102,18.73421573638916,100,100,2,,reports\ogc2026_reboot_v001\full_reboot_v212_train40_20260627_001\solutions\trackA__reboot_v212_20260627_trackA_reserved_specialist_budget_on_v210\prob_23.solution.json,reports\ogc2026_reboot_v001\full_reboot_v212_train40_20260627_001\logs\trackA__reboot_v212_20260627_trackA_reserved_specialist_budget_on_v210\prob_23.log,PASS objective=20686068.0 obj1=1497.0 obj2=35 obj3=1940.0,"C:\Python314\python.exe ogc2026\batchrunner\benchmark.py --algorithm name=trackA,version=reboot_v212_20260627_trackA_reserved_specialist_budget_on_v210,path=ogc2026\baseline\alg_versions\reboot_v212_20260627_trackA_reserved_specialist_budget_on_v210.py --problem train\prob_1.json --problem train\prob_2.json --problem train\prob_3.json --problem train\prob_4.json --problem train\prob_5.json --problem train\prob_6.json --problem train\prob_7.json --problem train\prob_8.json --problem train\prob_9.json --problem train\prob_10.json --problem train\prob_11.json --problem train\prob_12.json --problem train\prob_13.json --problem train\prob_14.json --problem train\prob_15.json --problem train\prob_16.json --problem train\prob_17.json --problem train\prob_18.json --problem train\prob_19.json --problem train\prob_20.json --problem train\prob_21.json --problem train\prob_22.json --problem train\prob_23.json --problem train\prob_24.json --problem train\prob_25.json --problem train\prob_26.json --problem train\prob_27.json --problem train\prob_28.json --problem train\prob_29.json --problem train\prob_30.json --problem train\prob_31.json --problem train\prob_32.json --problem train\prob_33.json --problem train\prob_34.json --problem train\prob_35.json --problem train\prob_36.json --problem train\prob_37.json --problem train\prob_38.json --problem train\prob_39.json --problem train\prob_40.json --timelimit 60 --run-id full_reboot_v212_train40_20260627_001 --out-dir reports\ogc2026_reboot_v001\full_reboot_v212_train40_20260627_001 --cumulative-csv reports\ogc2026_reboot_v001\candidate_reboot_v212_full40.csv --require-fresh-cumulative"
2026-06-27T00:31:13,full_reboot_v212_train40_20260627_001,trackA,reboot_v212_20260627_trackA_reserved_specialist_budget_on_v210,ogc2026\baseline\alg_versions\reboot_v212_20260627_trackA_reserved_specialist_budget_on_v210.py,bb6b4d492c7e6d9af9a3a59ad0a8c573ca001228c5cd9ca3d1b6d2a7c2b64fb3,9dfaa0ac5fa3e0f16fdfb0890e11b4cb64ea59b8edee029a9c4f13a2c52538b0,hh_algorithm_loop,e02a0a97,True,prob_24.json,60.000000,60.000000,20.000000,90.000000,true,false,true,true,true,5,2981583.0,2981583.0,2981583.0,166.0,1381,2538.0,32.618477,32.163978099823,100,100,3,,reports\ogc2026_reboot_v001\full_reboot_v212_train40_20260627_001\solutions\trackA__reboot_v212_20260627_trackA_reserved_specialist_budget_on_v210\prob_24.solution.json,reports\ogc2026_reboot_v001\full_reboot_v212_train40_20260627_001\logs\trackA__reboot_v212_20260627_trackA_reserved_specialist_budget_on_v210\prob_24.log,PASS objective=2981583.0 obj1=166.0 obj2=1381 obj3=2538.0,"C:\Python314\python.exe ogc2026\batchrunner\benchmark.py --algorithm name=trackA,version=reboot_v212_20260627_trackA_reserved_specialist_budget_on_v210,path=ogc2026\baseline\alg_versions\reboot_v212_20260627_trackA_reserved_specialist_budget_on_v210.py --problem train\prob_1.json --problem train\prob_2.json --problem train\prob_3.json --problem train\prob_4.json --problem train\prob_5.json --problem train\prob_6.json --problem train\prob_7.json --problem train\prob_8.json --problem train\prob_9.json --problem train\prob_10.json --problem train\prob_11.json --problem train\prob_12.json --problem train\prob_13.json --problem train\prob_14.json --problem train\prob_15.json --problem train\prob_16.json --problem train\prob_17.json --problem train\prob_18.json --problem train\prob_19.json --problem train\prob_20.json --problem train\prob_21.json --problem train\prob_22.json --problem train\prob_23.json --problem train\prob_24.json --problem train\prob_25.json --problem train\prob_26.json --problem train\prob_27.json --problem train\prob_28.json --problem train\prob_29.json --problem train\prob_30.json --problem train\prob_31.json --problem train\prob_32.json --problem train\prob_33.json --problem train\prob_34.json --problem train\prob_35.json --problem train\prob_36.json --problem train\prob_37.json --problem train\prob_38.json --problem train\prob_39.json --problem train\prob_40.json --timelimit 60 --run-id full_reboot_v212_train40_20260627_001 --out-dir reports\ogc2026_reboot_v001\full_reboot_v212_train40_20260627_001 --cumulative-csv reports\ogc2026_reboot_v001\candidate_reboot_v212_full40.csv --require-fresh-cumulative"
2026-06-27T00:31:13,full_reboot_v212_train40_20260627_001,trackA,reboot_v212_20260627_trackA_reserved_specialist_budget_on_v210,ogc2026\baseline\alg_versions\reboot_v212_20260627_trackA_reserved_specialist_budget_on_v210.py,bb6b4d492c7e6d9af9a3a59ad0a8c573ca001228c5cd9ca3d1b6d2a7c2b64fb3,9dfaa0ac5fa3e0f16fdfb0890e11b4cb64ea59b8edee029a9c4f13a2c52538b0,hh_algorithm_loop,e02a0a97,True,prob_25.json,60.000000,60.000000,20.000000,90.000000,true,false,true,true,true,5,1454484.0,1454484.0,1454484.0,2089.0,241,3044.0,30.545066,30.11523151397705,100,100,2,,reports\ogc2026_reboot_v001\full_reboot_v212_train40_20260627_001\solutions\trackA__reboot_v212_20260627_trackA_reserved_specialist_budget_on_v210\prob_25.solution.json,reports\ogc2026_reboot_v001\full_reboot_v212_train40_20260627_001\logs\trackA__reboot_v212_20260627_trackA_reserved_specialist_budget_on_v210\prob_25.log,PASS objective=1454484.0 obj1=2089.0 obj2=241 obj3=3044.0,"C:\Python314\python.exe ogc2026\batchrunner\benchmark.py --algorithm name=trackA,version=reboot_v212_20260627_trackA_reserved_specialist_budget_on_v210,path=ogc2026\baseline\alg_versions\reboot_v212_20260627_trackA_reserved_specialist_budget_on_v210.py --problem train\prob_1.json --problem train\prob_2.json --problem train\prob_3.json --problem train\prob_4.json --problem train\prob_5.json --problem train\prob_6.json --problem train\prob_7.json --problem train\prob_8.json --problem train\prob_9.json --problem train\prob_10.json --problem train\prob_11.json --problem train\prob_12.json --problem train\prob_13.json --problem train\prob_14.json --problem train\prob_15.json --problem train\prob_16.json --problem train\prob_17.json --problem train\prob_18.json --problem train\prob_19.json --problem train\prob_20.json --problem train\prob_21.json --problem train\prob_22.json --problem train\prob_23.json --problem train\prob_24.json --problem train\prob_25.json --problem train\prob_26.json --problem train\prob_27.json --problem train\prob_28.json --problem train\prob_29.json --problem train\prob_30.json --problem train\prob_31.json --problem train\prob_32.json --problem train\prob_33.json --problem train\prob_34.json --problem train\prob_35.json --problem train\prob_36.json --problem train\prob_37.json --problem train\prob_38.json --problem train\prob_39.json --problem train\prob_40.json --timelimit 60 --run-id full_reboot_v212_train40_20260627_001 --out-dir reports\ogc2026_reboot_v001\full_reboot_v212_train40_20260627_001 --cumulative-csv reports\ogc2026_reboot_v001\candidate_reboot_v212_full40.csv --require-fresh-cumulative"
2026-06-27T00:31:13,full_reboot_v212_train40_20260627_001,trackA,reboot_v212_20260627_trackA_reserved_specialist_budget_on_v210,ogc2026\baseline\alg_versions\reboot_v212_20260627_trackA_reserved_specialist_budget_on_v210.py,bb6b4d492c7e6d9af9a3a59ad0a8c573ca001228c5cd9ca3d1b6d2a7c2b64fb3,9dfaa0ac5fa3e0f16fdfb0890e11b4cb64ea59b8edee029a9c4f13a2c52538b0,hh_algorithm_loop,e02a0a97,True,prob_26.json,60.000000,60.000000,20.000000,90.000000,true,false,true,true,true,5,31708207.0,31708207.0,31708207.0,2305.0,2556,6385.0,25.588323,25.14616298675537,150,150,3,,reports\ogc2026_reboot_v001\full_reboot_v212_train40_20260627_001\solutions\trackA__reboot_v212_20260627_trackA_reserved_specialist_budget_on_v210\prob_26.solution.json,reports\ogc2026_reboot_v001\full_reboot_v212_train40_20260627_001\logs\trackA__reboot_v212_20260627_trackA_reserved_specialist_budget_on_v210\prob_26.log,PASS objective=31708207.0 obj1=2305.0 obj2=2556 obj3=6385.0,"C:\Python314\python.exe ogc2026\batchrunner\benchmark.py --algorithm name=trackA,version=reboot_v212_20260627_trackA_reserved_specialist_budget_on_v210,path=ogc2026\baseline\alg_versions\reboot_v212_20260627_trackA_reserved_specialist_budget_on_v210.py --problem train\prob_1.json --problem train\prob_2.json --problem train\prob_3.json --problem train\prob_4.json --problem train\prob_5.json --problem train\prob_6.json --problem train\prob_7.json --problem train\prob_8.json --problem train\prob_9.json --problem train\prob_10.json --problem train\prob_11.json --problem train\prob_12.json --problem train\prob_13.json --problem train\prob_14.json --problem train\prob_15.json --problem train\prob_16.json --problem train\prob_17.json --problem train\prob_18.json --problem train\prob_19.json --problem train\prob_20.json --problem train\prob_21.json --problem train\prob_22.json --problem train\prob_23.json --problem train\prob_24.json --problem train\prob_25.json --problem train\prob_26.json --problem train\prob_27.json --problem train\prob_28.json --problem train\prob_29.json --problem train\prob_30.json --problem train\prob_31.json --problem train\prob_32.json --problem train\prob_33.json --problem train\prob_34.json --problem train\prob_35.json --problem train\prob_36.json --problem train\prob_37.json --problem train\prob_38.json --problem train\prob_39.json --problem train\prob_40.json --timelimit 60 --run-id full_reboot_v212_train40_20260627_001 --out-dir reports\ogc2026_reboot_v001\full_reboot_v212_train40_20260627_001 --cumulative-csv reports\ogc2026_reboot_v001\candidate_reboot_v212_full40.csv --require-fresh-cumulative"
2026-06-27T00:31:13,full_reboot_v212_train40_20260627_001,trackA,reboot_v212_20260627_trackA_reserved_specialist_budget_on_v210,ogc2026\baseline\alg_versions\reboot_v212_20260627_trackA_reserved_specialist_budget_on_v210.py,bb6b4d492c7e6d9af9a3a59ad0a8c573ca001228c5cd9ca3d1b6d2a7c2b64fb3,9dfaa0ac5fa3e0f16fdfb0890e11b4cb64ea59b8edee029a9c4f13a2c52538b0,hh_algorithm_loop,e02a0a97,True,prob_27.json,60.000000,60.000000,20.000000,90.000000,true,false,true,true,true,5,75028700.0,75028700.0,75028700.0,5456.0,1926,5700.0,44.955329,44.52090668678284,150,150,2,,reports\ogc2026_reboot_v001\full_reboot_v212_train40_20260627_001\solutions\trackA__reboot_v212_20260627_trackA_reserved_specialist_budget_on_v210\prob_27.solution.json,reports\ogc2026_reboot_v001\full_reboot_v212_train40_20260627_001\logs\trackA__reboot_v212_20260627_trackA_reserved_specialist_budget_on_v210\prob_27.log,PASS objective=75028700.0 obj1=5456.0 obj2=1926 obj3=5700.0,"C:\Python314\python.exe ogc2026\batchrunner\benchmark.py --algorithm name=trackA,version=reboot_v212_20260627_trackA_reserved_specialist_budget_on_v210,path=ogc2026\baseline\alg_versions\reboot_v212_20260627_trackA_reserved_specialist_budget_on_v210.py --problem train\prob_1.json --problem train\prob_2.json --problem train\prob_3.json --problem train\prob_4.json --problem train\prob_5.json --problem train\prob_6.json --problem train\prob_7.json --problem train\prob_8.json --problem train\prob_9.json --problem train\prob_10.json --problem train\prob_11.json --problem train\prob_12.json --problem train\prob_13.json --problem train\prob_14.json --problem train\prob_15.json --problem train\prob_16.json --problem train\prob_17.json --problem train\prob_18.json --problem train\prob_19.json --problem train\prob_20.json --problem train\prob_21.json --problem train\prob_22.json --problem train\prob_23.json --problem train\prob_24.json --problem train\prob_25.json --problem train\prob_26.json --problem train\prob_27.json --problem train\prob_28.json --problem train\prob_29.json --problem train\prob_30.json --problem train\prob_31.json --problem train\prob_32.json --problem train\prob_33.json --problem train\prob_34.json --problem train\prob_35.json --problem train\prob_36.json --problem train\prob_37.json --problem train\prob_38.json --problem train\prob_39.json --problem train\prob_40.json --timelimit 60 --run-id full_reboot_v212_train40_20260627_001 --out-dir reports\ogc2026_reboot_v001\full_reboot_v212_train40_20260627_001 --cumulative-csv reports\ogc2026_reboot_v001\candidate_reboot_v212_full40.csv --require-fresh-cumulative"
2026-06-27T00:31:13,full_reboot_v212_train40_20260627_001,trackA,reboot_v212_20260627_trackA_reserved_specialist_budget_on_v210,ogc2026\baseline\alg_versions\reboot_v212_20260627_trackA_reserved_specialist_budget_on_v210.py,bb6b4d492c7e6d9af9a3a59ad0a8c573ca001228c5cd9ca3d1b6d2a7c2b64fb3,9dfaa0ac5fa3e0f16fdfb0890e11b4cb64ea59b8edee029a9c4f13a2c52538b0,hh_algorithm_loop,e02a0a97,True,prob_28.json,60.000000,60.000000,20.000000,90.000000,true,false,true,true,true,5,18836666.0,18836666.0,18836666.0,1310.0,1012,4558.0,24.322096,23.87983536720276,150,150,3,,reports\ogc2026_reboot_v001\full_reboot_v212_train40_20260627_001\solutions\trackA__reboot_v212_20260627_trackA_reserved_specialist_budget_on_v210\prob_28.solution.json,reports\ogc2026_reboot_v001\full_reboot_v212_train40_20260627_001\logs\trackA__reboot_v212_20260627_trackA_reserved_specialist_budget_on_v210\prob_28.log,PASS objective=18836666.0 obj1=1310.0 obj2=1012 obj3=4558.0,"C:\Python314\python.exe ogc2026\batchrunner\benchmark.py --algorithm name=trackA,version=reboot_v212_20260627_trackA_reserved_specialist_budget_on_v210,path=ogc2026\baseline\alg_versions\reboot_v212_20260627_trackA_reserved_specialist_budget_on_v210.py --problem train\prob_1.json --problem train\prob_2.json --problem train\prob_3.json --problem train\prob_4.json --problem train\prob_5.json --problem train\prob_6.json --problem train\prob_7.json --problem train\prob_8.json --problem train\prob_9.json --problem train\prob_10.json --problem train\prob_11.json --problem train\prob_12.json --problem train\prob_13.json --problem train\prob_14.json --problem train\prob_15.json --problem train\prob_16.json --problem train\prob_17.json --problem train\prob_18.json --problem train\prob_19.json --problem train\prob_20.json --problem train\prob_21.json --problem train\prob_22.json --problem train\prob_23.json --problem train\prob_24.json --problem train\prob_25.json --problem train\prob_26.json --problem train\prob_27.json --problem train\prob_28.json --problem train\prob_29.json --problem train\prob_30.json --problem train\prob_31.json --problem train\prob_32.json --problem train\prob_33.json --problem train\prob_34.json --problem train\prob_35.json --problem train\prob_36.json --problem train\prob_37.json --problem train\prob_38.json --problem train\prob_39.json --problem train\prob_40.json --timelimit 60 --run-id full_reboot_v212_train40_20260627_001 --out-dir reports\ogc2026_reboot_v001\full_reboot_v212_train40_20260627_001 --cumulative-csv reports\ogc2026_reboot_v001\candidate_reboot_v212_full40.csv --require-fresh-cumulative"
2026-06-27T00:31:13,full_reboot_v212_train40_20260627_001,trackA,reboot_v212_20260627_trackA_reserved_specialist_budget_on_v210,ogc2026\baseline\alg_versions\reboot_v212_20260627_trackA_reserved_specialist_budget_on_v210.py,bb6b4d492c7e6d9af9a3a59ad0a8c573ca001228c5cd9ca3d1b6d2a7c2b64fb3,9dfaa0ac5fa3e0f16fdfb0890e11b4cb64ea59b8edee029a9c4f13a2c52538b0,hh_algorithm_loop,e02a0a97,True,prob_29.json,60.000000,60.000000,20.000000,90.000000,true,false,true,true,true,5,7782572.0,7782572.0,7782572.0,446.0,3918,6081.0,32.459095,32.022974729537964,150,150,3,,reports\ogc2026_reboot_v001\full_reboot_v212_train40_20260627_001\solutions\trackA__reboot_v212_20260627_trackA_reserved_specialist_budget_on_v210\prob_29.solution.json,reports\ogc2026_reboot_v001\full_reboot_v212_train40_20260627_001\logs\trackA__reboot_v212_20260627_trackA_reserved_specialist_budget_on_v210\prob_29.log,PASS objective=7782572.0 obj1=446.0 obj2=3918 obj3=6081.0,"C:\Python314\python.exe ogc2026\batchrunner\benchmark.py --algorithm name=trackA,version=reboot_v212_20260627_trackA_reserved_specialist_budget_on_v210,path=ogc2026\baseline\alg_versions\reboot_v212_20260627_trackA_reserved_specialist_budget_on_v210.py --problem train\prob_1.json --problem train\prob_2.json --problem train\prob_3.json --problem train\prob_4.json --problem train\prob_5.json --problem train\prob_6.json --problem train\prob_7.json --problem train\prob_8.json --problem train\prob_9.json --problem train\prob_10.json --problem train\prob_11.json --problem train\prob_12.json --problem train\prob_13.json --problem train\prob_14.json --problem train\prob_15.json --problem train\prob_16.json --problem train\prob_17.json --problem train\prob_18.json --problem train\prob_19.json --problem train\prob_20.json --problem train\prob_21.json --problem train\prob_22.json --problem train\prob_23.json --problem train\prob_24.json --problem train\prob_25.json --problem train\prob_26.json --problem train\prob_27.json --problem train\prob_28.json --problem train\prob_29.json --problem train\prob_30.json --problem train\prob_31.json --problem train\prob_32.json --problem train\prob_33.json --problem train\prob_34.json --problem train\prob_35.json --problem train\prob_36.json --problem train\prob_37.json --problem train\prob_38.json --problem train\prob_39.json --problem train\prob_40.json --timelimit 60 --run-id full_reboot_v212_train40_20260627_001 --out-dir reports\ogc2026_reboot_v001\full_reboot_v212_train40_20260627_001 --cumulative-csv reports\ogc2026_reboot_v001\candidate_reboot_v212_full40.csv --require-fresh-cumulative"
2026-06-27T00:31:13,full_reboot_v212_train40_20260627_001,trackA,reboot_v212_20260627_trackA_reserved_specialist_budget_on_v210,ogc2026\baseline\alg_versions\reboot_v212_20260627_trackA_reserved_specialist_budget_on_v210.py,bb6b4d492c7e6d9af9a3a59ad0a8c573ca001228c5cd9ca3d1b6d2a7c2b64fb3,9dfaa0ac5fa3e0f16fdfb0890e11b4cb64ea59b8edee029a9c4f13a2c52538b0,hh_algorithm_loop,e02a0a97,True,prob_30.json,60.000000,60.000000,20.000000,90.000000,true,false,true,true,true,5,31302610.0,31302610.0,31302610.0,2302.0,3211,2986.0,16.555726,16.109193325042725,150,150,2,,reports\ogc2026_reboot_v001\full_reboot_v212_train40_20260627_001\solutions\trackA__reboot_v212_20260627_trackA_reserved_specialist_budget_on_v210\prob_30.solution.json,reports\ogc2026_reboot_v001\full_reboot_v212_train40_20260627_001\logs\trackA__reboot_v212_20260627_trackA_reserved_specialist_budget_on_v210\prob_30.log,PASS objective=31302610.0 obj1=2302.0 obj2=3211 obj3=2986.0,"C:\Python314\python.exe ogc2026\batchrunner\benchmark.py --algorithm name=trackA,version=reboot_v212_20260627_trackA_reserved_specialist_budget_on_v210,path=ogc2026\baseline\alg_versions\reboot_v212_20260627_trackA_reserved_specialist_budget_on_v210.py --problem train\prob_1.json --problem train\prob_2.json --problem train\prob_3.json --problem train\prob_4.json --problem train\prob_5.json --problem train\prob_6.json --problem train\prob_7.json --problem train\prob_8.json --problem train\prob_9.json --problem train\prob_10.json --problem train\prob_11.json --problem train\prob_12.json --problem train\prob_13.json --problem train\prob_14.json --problem train\prob_15.json --problem train\prob_16.json --problem train\prob_17.json --problem train\prob_18.json --problem train\prob_19.json --problem train\prob_20.json --problem train\prob_21.json --problem train\prob_22.json --problem train\prob_23.json --problem train\prob_24.json --problem train\prob_25.json --problem train\prob_26.json --problem train\prob_27.json --problem train\prob_28.json --problem train\prob_29.json --problem train\prob_30.json --problem train\prob_31.json --problem train\prob_32.json --problem train\prob_33.json --problem train\prob_34.json --problem train\prob_35.json --problem train\prob_36.json --problem train\prob_37.json --problem train\prob_38.json --problem train\prob_39.json --problem train\prob_40.json --timelimit 60 --run-id full_reboot_v212_train40_20260627_001 --out-dir reports\ogc2026_reboot_v001\full_reboot_v212_train40_20260627_001 --cumulative-csv reports\ogc2026_reboot_v001\candidate_reboot_v212_full40.csv --require-fresh-cumulative"
2026-06-27T00:31:13,full_reboot_v212_train40_20260627_001,trackA,reboot_v212_20260627_trackA_reserved_specialist_budget_on_v210,ogc2026\baseline\alg_versions\reboot_v212_20260627_trackA_reserved_specialist_budget_on_v210.py,bb6b4d492c7e6d9af9a3a59ad0a8c573ca001228c5cd9ca3d1b6d2a7c2b64fb3,9dfaa0ac5fa3e0f16fdfb0890e11b4cb64ea59b8edee029a9c4f13a2c52538b0,hh_algorithm_loop,e02a0a97,True,prob_31.json,60.000000,60.000000,20.000000,90.000000,true,false,true,true,true,5,39589844.0,39589844.0,39589844.0,2735.0,1843,11680.0,53.881172,53.44043779373169,200,200,4,,reports\ogc2026_reboot_v001\full_reboot_v212_train40_20260627_001\solutions\trackA__reboot_v212_20260627_trackA_reserved_specialist_budget_on_v210\prob_31.solution.json,reports\ogc2026_reboot_v001\full_reboot_v212_train40_20260627_001\logs\trackA__reboot_v212_20260627_trackA_reserved_specialist_budget_on_v210\prob_31.log,PASS objective=39589844.0 obj1=2735.0 obj2=1843 obj3=11680.0,"C:\Python314\python.exe ogc2026\batchrunner\benchmark.py --algorithm name=trackA,version=reboot_v212_20260627_trackA_reserved_specialist_budget_on_v210,path=ogc2026\baseline\alg_versions\reboot_v212_20260627_trackA_reserved_specialist_budget_on_v210.py --problem train\prob_1.json --problem train\prob_2.json --problem train\prob_3.json --problem train\prob_4.json --problem train\prob_5.json --problem train\prob_6.json --problem train\prob_7.json --problem train\prob_8.json --problem train\prob_9.json --problem train\prob_10.json --problem train\prob_11.json --problem train\prob_12.json --problem train\prob_13.json --problem train\prob_14.json --problem train\prob_15.json --problem train\prob_16.json --problem train\prob_17.json --problem train\prob_18.json --problem train\prob_19.json --problem train\prob_20.json --problem train\prob_21.json --problem train\prob_22.json --problem train\prob_23.json --problem train\prob_24.json --problem train\prob_25.json --problem train\prob_26.json --problem train\prob_27.json --problem train\prob_28.json --problem train\prob_29.json --problem train\prob_30.json --problem train\prob_31.json --problem train\prob_32.json --problem train\prob_33.json --problem train\prob_34.json --problem train\prob_35.json --problem train\prob_36.json --problem train\prob_37.json --problem train\prob_38.json --problem train\prob_39.json --problem train\prob_40.json --timelimit 60 --run-id full_reboot_v212_train40_20260627_001 --out-dir reports\ogc2026_reboot_v001\full_reboot_v212_train40_20260627_001 --cumulative-csv reports\ogc2026_reboot_v001\candidate_reboot_v212_full40.csv --require-fresh-cumulative"
2026-06-27T00:31:13,full_reboot_v212_train40_20260627_001,trackA,reboot_v212_20260627_trackA_reserved_specialist_budget_on_v210,ogc2026\baseline\alg_versions\reboot_v212_20260627_trackA_reserved_specialist_budget_on_v210.py,bb6b4d492c7e6d9af9a3a59ad0a8c573ca001228c5cd9ca3d1b6d2a7c2b64fb3,9dfaa0ac5fa3e0f16fdfb0890e11b4cb64ea59b8edee029a9c4f13a2c52538b0,hh_algorithm_loop,e02a0a97,True,prob_32.json,60.000000,60.000000,20.000000,90.000000,true,false,true,true,true,5,12781706.0,12781706.0,12781706.0,2992.0,2434,4662.0,48.787527,48.3274188041687,200,200,3,,reports\ogc2026_reboot_v001\full_reboot_v212_train40_20260627_001\solutions\trackA__reboot_v212_20260627_trackA_reserved_specialist_budget_on_v210\prob_32.solution.json,reports\ogc2026_reboot_v001\full_reboot_v212_train40_20260627_001\logs\trackA__reboot_v212_20260627_trackA_reserved_specialist_budget_on_v210\prob_32.log,PASS objective=12781706.0 obj1=2992.0 obj2=2434 obj3=4662.0,"C:\Python314\python.exe ogc2026\batchrunner\benchmark.py --algorithm name=trackA,version=reboot_v212_20260627_trackA_reserved_specialist_budget_on_v210,path=ogc2026\baseline\alg_versions\reboot_v212_20260627_trackA_reserved_specialist_budget_on_v210.py --problem train\prob_1.json --problem train\prob_2.json --problem train\prob_3.json --problem train\prob_4.json --problem train\prob_5.json --problem train\prob_6.json --problem train\prob_7.json --problem train\prob_8.json --problem train\prob_9.json --problem train\prob_10.json --problem train\prob_11.json --problem train\prob_12.json --problem train\prob_13.json --problem train\prob_14.json --problem train\prob_15.json --problem train\prob_16.json --problem train\prob_17.json --problem train\prob_18.json --problem train\prob_19.json --problem train\prob_20.json --problem train\prob_21.json --problem train\prob_22.json --problem train\prob_23.json --problem train\prob_24.json --problem train\prob_25.json --problem train\prob_26.json --problem train\prob_27.json --problem train\prob_28.json --problem train\prob_29.json --problem train\prob_30.json --problem train\prob_31.json --problem train\prob_32.json --problem train\prob_33.json --problem train\prob_34.json --problem train\prob_35.json --problem train\prob_36.json --problem train\prob_37.json --problem train\prob_38.json --problem train\prob_39.json --problem train\prob_40.json --timelimit 60 --run-id full_reboot_v212_train40_20260627_001 --out-dir reports\ogc2026_reboot_v001\full_reboot_v212_train40_20260627_001 --cumulative-csv reports\ogc2026_reboot_v001\candidate_reboot_v212_full40.csv --require-fresh-cumulative"
2026-06-27T00:31:13,full_reboot_v212_train40_20260627_001,trackA,reboot_v212_20260627_trackA_reserved_specialist_budget_on_v210,ogc2026\baseline\alg_versions\reboot_v212_20260627_trackA_reserved_specialist_budget_on_v210.py,bb6b4d492c7e6d9af9a3a59ad0a8c573ca001228c5cd9ca3d1b6d2a7c2b64fb3,9dfaa0ac5fa3e0f16fdfb0890e11b4cb64ea59b8edee029a9c4f13a2c52538b0,hh_algorithm_loop,e02a0a97,True,prob_33.json,60.000000,60.000000,20.000000,90.000000,true,false,true,true,true,5,26172225.0,26172225.0,26172225.0,3805.0,1094,5289.0,49.839567,49.37926650047302,200,200,3,,reports\ogc2026_reboot_v001\full_reboot_v212_train40_20260627_001\solutions\trackA__reboot_v212_20260627_trackA_reserved_specialist_budget_on_v210\prob_33.solution.json,reports\ogc2026_reboot_v001\full_reboot_v212_train40_20260627_001\logs\trackA__reboot_v212_20260627_trackA_reserved_specialist_budget_on_v210\prob_33.log,PASS objective=26172225.0 obj1=3805.0 obj2=1094 obj3=5289.0,"C:\Python314\python.exe ogc2026\batchrunner\benchmark.py --algorithm name=trackA,version=reboot_v212_20260627_trackA_reserved_specialist_budget_on_v210,path=ogc2026\baseline\alg_versions\reboot_v212_20260627_trackA_reserved_specialist_budget_on_v210.py --problem train\prob_1.json --problem train\prob_2.json --problem train\prob_3.json --problem train\prob_4.json --problem train\prob_5.json --problem train\prob_6.json --problem train\prob_7.json --problem train\prob_8.json --problem train\prob_9.json --problem train\prob_10.json --problem train\prob_11.json --problem train\prob_12.json --problem train\prob_13.json --problem train\prob_14.json --problem train\prob_15.json --problem train\prob_16.json --problem train\prob_17.json --problem train\prob_18.json --problem train\prob_19.json --problem train\prob_20.json --problem train\prob_21.json --problem train\prob_22.json --problem train\prob_23.json --problem train\prob_24.json --problem train\prob_25.json --problem train\prob_26.json --problem train\prob_27.json --problem train\prob_28.json --problem train\prob_29.json --problem train\prob_30.json --problem train\prob_31.json --problem train\prob_32.json --problem train\prob_33.json --problem train\prob_34.json --problem train\prob_35.json --problem train\prob_36.json --problem train\prob_37.json --problem train\prob_38.json --problem train\prob_39.json --problem train\prob_40.json --timelimit 60 --run-id full_reboot_v212_train40_20260627_001 --out-dir reports\ogc2026_reboot_v001\full_reboot_v212_train40_20260627_001 --cumulative-csv reports\ogc2026_reboot_v001\candidate_reboot_v212_full40.csv --require-fresh-cumulative"
2026-06-27T00:31:13,full_reboot_v212_train40_20260627_001,trackA,reboot_v212_20260627_trackA_reserved_specialist_budget_on_v210,ogc2026\baseline\alg_versions\reboot_v212_20260627_trackA_reserved_specialist_budget_on_v210.py,bb6b4d492c7e6d9af9a3a59ad0a8c573ca001228c5cd9ca3d1b6d2a7c2b64fb3,9dfaa0ac5fa3e0f16fdfb0890e11b4cb64ea59b8edee029a9c4f13a2c52538b0,hh_algorithm_loop,e02a0a97,True,prob_34.json,60.000000,60.000000,20.000000,90.000000,true,false,true,true,true,5,8002714.0,8002714.0,8002714.0,1595.0,2702,5005.0,27.495101,27.050947189331055,200,200,4,,reports\ogc2026_reboot_v001\full_reboot_v212_train40_20260627_001\solutions\trackA__reboot_v212_20260627_trackA_reserved_specialist_budget_on_v210\prob_34.solution.json,reports\ogc2026_reboot_v001\full_reboot_v212_train40_20260627_001\logs\trackA__reboot_v212_20260627_trackA_reserved_specialist_budget_on_v210\prob_34.log,PASS objective=8002714.0 obj1=1595.0 obj2=2702 obj3=5005.0,"C:\Python314\python.exe ogc2026\batchrunner\benchmark.py --algorithm name=trackA,version=reboot_v212_20260627_trackA_reserved_specialist_budget_on_v210,path=ogc2026\baseline\alg_versions\reboot_v212_20260627_trackA_reserved_specialist_budget_on_v210.py --problem train\prob_1.json --problem train\prob_2.json --problem train\prob_3.json --problem train\prob_4.json --problem train\prob_5.json --problem train\prob_6.json --problem train\prob_7.json --problem train\prob_8.json --problem train\prob_9.json --problem train\prob_10.json --problem train\prob_11.json --problem train\prob_12.json --problem train\prob_13.json --problem train\prob_14.json --problem train\prob_15.json --problem train\prob_16.json --problem train\prob_17.json --problem train\prob_18.json --problem train\prob_19.json --problem train\prob_20.json --problem train\prob_21.json --problem train\prob_22.json --problem train\prob_23.json --problem train\prob_24.json --problem train\prob_25.json --problem train\prob_26.json --problem train\prob_27.json --problem train\prob_28.json --problem train\prob_29.json --problem train\prob_30.json --problem train\prob_31.json --problem train\prob_32.json --problem train\prob_33.json --problem train\prob_34.json --problem train\prob_35.json --problem train\prob_36.json --problem train\prob_37.json --problem train\prob_38.json --problem train\prob_39.json --problem train\prob_40.json --timelimit 60 --run-id full_reboot_v212_train40_20260627_001 --out-dir reports\ogc2026_reboot_v001\full_reboot_v212_train40_20260627_001 --cumulative-csv reports\ogc2026_reboot_v001\candidate_reboot_v212_full40.csv --require-fresh-cumulative"
2026-06-27T00:31:13,full_reboot_v212_train40_20260627_001,trackA,reboot_v212_20260627_trackA_reserved_specialist_budget_on_v210,ogc2026\baseline\alg_versions\reboot_v212_20260627_trackA_reserved_specialist_budget_on_v210.py,bb6b4d492c7e6d9af9a3a59ad0a8c573ca001228c5cd9ca3d1b6d2a7c2b64fb3,9dfaa0ac5fa3e0f16fdfb0890e11b4cb64ea59b8edee029a9c4f13a2c52538b0,hh_algorithm_loop,e02a0a97,True,prob_35.json,60.000000,60.000000,20.000000,90.000000,true,false,true,true,true,5,22037108.0,22037108.0,22037108.0,1591.0,8081,5226.0,35.441139,34.997843503952026,200,200,3,,reports\ogc2026_reboot_v001\full_reboot_v212_train40_20260627_001\solutions\trackA__reboot_v212_20260627_trackA_reserved_specialist_budget_on_v210\prob_35.solution.json,reports\ogc2026_reboot_v001\full_reboot_v212_train40_20260627_001\logs\trackA__reboot_v212_20260627_trackA_reserved_specialist_budget_on_v210\prob_35.log,PASS objective=22037108.0 obj1=1591.0 obj2=8081 obj3=5226.0,"C:\Python314\python.exe ogc2026\batchrunner\benchmark.py --algorithm name=trackA,version=reboot_v212_20260627_trackA_reserved_specialist_budget_on_v210,path=ogc2026\baseline\alg_versions\reboot_v212_20260627_trackA_reserved_specialist_budget_on_v210.py --problem train\prob_1.json --problem train\prob_2.json --problem train\prob_3.json --problem train\prob_4.json --problem train\prob_5.json --problem train\prob_6.json --problem train\prob_7.json --problem train\prob_8.json --problem train\prob_9.json --problem train\prob_10.json --problem train\prob_11.json --problem train\prob_12.json --problem train\prob_13.json --problem train\prob_14.json --problem train\prob_15.json --problem train\prob_16.json --problem train\prob_17.json --problem train\prob_18.json --problem train\prob_19.json --problem train\prob_20.json --problem train\prob_21.json --problem train\prob_22.json --problem train\prob_23.json --problem train\prob_24.json --problem train\prob_25.json --problem train\prob_26.json --problem train\prob_27.json --problem train\prob_28.json --problem train\prob_29.json --problem train\prob_30.json --problem train\prob_31.json --problem train\prob_32.json --problem train\prob_33.json --problem train\prob_34.json --problem train\prob_35.json --problem train\prob_36.json --problem train\prob_37.json --problem train\prob_38.json --problem train\prob_39.json --problem train\prob_40.json --timelimit 60 --run-id full_reboot_v212_train40_20260627_001 --out-dir reports\ogc2026_reboot_v001\full_reboot_v212_train40_20260627_001 --cumulative-csv reports\ogc2026_reboot_v001\candidate_reboot_v212_full40.csv --require-fresh-cumulative"
2026-06-27T00:31:13,full_reboot_v212_train40_20260627_001,trackA,reboot_v212_20260627_trackA_reserved_specialist_budget_on_v210,ogc2026\baseline\alg_versions\reboot_v212_20260627_trackA_reserved_specialist_budget_on_v210.py,bb6b4d492c7e6d9af9a3a59ad0a8c573ca001228c5cd9ca3d1b6d2a7c2b64fb3,9dfaa0ac5fa3e0f16fdfb0890e11b4cb64ea59b8edee029a9c4f13a2c52538b0,hh_algorithm_loop,e02a0a97,True,prob_36.json,60.000000,60.000000,20.000000,90.000000,true,false,true,true,true,5,1499988.0,1499988.0,1499988.0,2010.0,1381,12149.0,42.630513,42.17437696456909,250,250,4,,reports\ogc2026_reboot_v001\full_reboot_v212_train40_20260627_001\solutions\trackA__reboot_v212_20260627_trackA_reserved_specialist_budget_on_v210\prob_36.solution.json,reports\ogc2026_reboot_v001\full_reboot_v212_train40_20260627_001\logs\trackA__reboot_v212_20260627_trackA_reserved_specialist_budget_on_v210\prob_36.log,PASS objective=1499988.0 obj1=2010.0 obj2=1381 obj3=12149.0,"C:\Python314\python.exe ogc2026\batchrunner\benchmark.py --algorithm name=trackA,version=reboot_v212_20260627_trackA_reserved_specialist_budget_on_v210,path=ogc2026\baseline\alg_versions\reboot_v212_20260627_trackA_reserved_specialist_budget_on_v210.py --problem train\prob_1.json --problem train\prob_2.json --problem train\prob_3.json --problem train\prob_4.json --problem train\prob_5.json --problem train\prob_6.json --problem train\prob_7.json --problem train\prob_8.json --problem train\prob_9.json --problem train\prob_10.json --problem train\prob_11.json --problem train\prob_12.json --problem train\prob_13.json --problem train\prob_14.json --problem train\prob_15.json --problem train\prob_16.json --problem train\prob_17.json --problem train\prob_18.json --problem train\prob_19.json --problem train\prob_20.json --problem train\prob_21.json --problem train\prob_22.json --problem train\prob_23.json --problem train\prob_24.json --problem train\prob_25.json --problem train\prob_26.json --problem train\prob_27.json --problem train\prob_28.json --problem train\prob_29.json --problem train\prob_30.json --problem train\prob_31.json --problem train\prob_32.json --problem train\prob_33.json --problem train\prob_34.json --problem train\prob_35.json --problem train\prob_36.json --problem train\prob_37.json --problem train\prob_38.json --problem train\prob_39.json --problem train\prob_40.json --timelimit 60 --run-id full_reboot_v212_train40_20260627_001 --out-dir reports\ogc2026_reboot_v001\full_reboot_v212_train40_20260627_001 --cumulative-csv reports\ogc2026_reboot_v001\candidate_reboot_v212_full40.csv --require-fresh-cumulative"
2026-06-27T00:31:13,full_reboot_v212_train40_20260627_001,trackA,reboot_v212_20260627_trackA_reserved_specialist_budget_on_v210,ogc2026\baseline\alg_versions\reboot_v212_20260627_trackA_reserved_specialist_budget_on_v210.py,bb6b4d492c7e6d9af9a3a59ad0a8c573ca001228c5cd9ca3d1b6d2a7c2b64fb3,9dfaa0ac5fa3e0f16fdfb0890e11b4cb64ea59b8edee029a9c4f13a2c52538b0,hh_algorithm_loop,e02a0a97,True,prob_37.json,60.000000,60.000000,20.000000,90.000000,true,false,true,true,true,5,17644653.0,17644653.0,17644653.0,3961.0,3660,7380.0,51.646351,51.19817900657654,250,250,3,,reports\ogc2026_reboot_v001\full_reboot_v212_train40_20260627_001\solutions\trackA__reboot_v212_20260627_trackA_reserved_specialist_budget_on_v210\prob_37.solution.json,reports\ogc2026_reboot_v001\full_reboot_v212_train40_20260627_001\logs\trackA__reboot_v212_20260627_trackA_reserved_specialist_budget_on_v210\prob_37.log,PASS objective=17644653.0 obj1=3961.0 obj2=3660 obj3=7380.0,"C:\Python314\python.exe ogc2026\batchrunner\benchmark.py --algorithm name=trackA,version=reboot_v212_20260627_trackA_reserved_specialist_budget_on_v210,path=ogc2026\baseline\alg_versions\reboot_v212_20260627_trackA_reserved_specialist_budget_on_v210.py --problem train\prob_1.json --problem train\prob_2.json --problem train\prob_3.json --problem train\prob_4.json --problem train\prob_5.json --problem train\prob_6.json --problem train\prob_7.json --problem train\prob_8.json --problem train\prob_9.json --problem train\prob_10.json --problem train\prob_11.json --problem train\prob_12.json --problem train\prob_13.json --problem train\prob_14.json --problem train\prob_15.json --problem train\prob_16.json --problem train\prob_17.json --problem train\prob_18.json --problem train\prob_19.json --problem train\prob_20.json --problem train\prob_21.json --problem train\prob_22.json --problem train\prob_23.json --problem train\prob_24.json --problem train\prob_25.json --problem train\prob_26.json --problem train\prob_27.json --problem train\prob_28.json --problem train\prob_29.json --problem train\prob_30.json --problem train\prob_31.json --problem train\prob_32.json --problem train\prob_33.json --problem train\prob_34.json --problem train\prob_35.json --problem train\prob_36.json --problem train\prob_37.json --problem train\prob_38.json --problem train\prob_39.json --problem train\prob_40.json --timelimit 60 --run-id full_reboot_v212_train40_20260627_001 --out-dir reports\ogc2026_reboot_v001\full_reboot_v212_train40_20260627_001 --cumulative-csv reports\ogc2026_reboot_v001\candidate_reboot_v212_full40.csv --require-fresh-cumulative"
2026-06-27T00:31:13,full_reboot_v212_train40_20260627_001,trackA,reboot_v212_20260627_trackA_reserved_specialist_budget_on_v210,ogc2026\baseline\alg_versions\reboot_v212_20260627_trackA_reserved_specialist_budget_on_v210.py,bb6b4d492c7e6d9af9a3a59ad0a8c573ca001228c5cd9ca3d1b6d2a7c2b64fb3,9dfaa0ac5fa3e0f16fdfb0890e11b4cb64ea59b8edee029a9c4f13a2c52538b0,hh_algorithm_loop,e02a0a97,True,prob_38.json,60.000000,60.000000,20.000000,90.000000,true,false,true,true,true,5,151254848.0,151254848.0,151254848.0,11120.0,3894,9947.0,55.715042,55.259279012680054,250,250,3,,reports\ogc2026_reboot_v001\full_reboot_v212_train40_20260627_001\solutions\trackA__reboot_v212_20260627_trackA_reserved_specialist_budget_on_v210\prob_38.solution.json,reports\ogc2026_reboot_v001\full_reboot_v212_train40_20260627_001\logs\trackA__reboot_v212_20260627_trackA_reserved_specialist_budget_on_v210\prob_38.log,PASS objective=151254848.0 obj1=11120.0 obj2=3894 obj3=9947.0,"C:\Python314\python.exe ogc2026\batchrunner\benchmark.py --algorithm name=trackA,version=reboot_v212_20260627_trackA_reserved_specialist_budget_on_v210,path=ogc2026\baseline\alg_versions\reboot_v212_20260627_trackA_reserved_specialist_budget_on_v210.py --problem train\prob_1.json --problem train\prob_2.json --problem train\prob_3.json --problem train\prob_4.json --problem train\prob_5.json --problem train\prob_6.json --problem train\prob_7.json --problem train\prob_8.json --problem train\prob_9.json --problem train\prob_10.json --problem train\prob_11.json --problem train\prob_12.json --problem train\prob_13.json --problem train\prob_14.json --problem train\prob_15.json --problem train\prob_16.json --problem train\prob_17.json --problem train\prob_18.json --problem train\prob_19.json --problem train\prob_20.json --problem train\prob_21.json --problem train\prob_22.json --problem train\prob_23.json --problem train\prob_24.json --problem train\prob_25.json --problem train\prob_26.json --problem train\prob_27.json --problem train\prob_28.json --problem train\prob_29.json --problem train\prob_30.json --problem train\prob_31.json --problem train\prob_32.json --problem train\prob_33.json --problem train\prob_34.json --problem train\prob_35.json --problem train\prob_36.json --problem train\prob_37.json --problem train\prob_38.json --problem train\prob_39.json --problem train\prob_40.json --timelimit 60 --run-id full_reboot_v212_train40_20260627_001 --out-dir reports\ogc2026_reboot_v001\full_reboot_v212_train40_20260627_001 --cumulative-csv reports\ogc2026_reboot_v001\candidate_reboot_v212_full40.csv --require-fresh-cumulative"
2026-06-27T00:31:13,full_reboot_v212_train40_20260627_001,trackA,reboot_v212_20260627_trackA_reserved_specialist_budget_on_v210,ogc2026\baseline\alg_versions\reboot_v212_20260627_trackA_reserved_specialist_budget_on_v210.py,bb6b4d492c7e6d9af9a3a59ad0a8c573ca001228c5cd9ca3d1b6d2a7c2b64fb3,9dfaa0ac5fa3e0f16fdfb0890e11b4cb64ea59b8edee029a9c4f13a2c52538b0,hh_algorithm_loop,e02a0a97,True,prob_39.json,60.000000,60.000000,20.000000,90.000000,true,false,true,true,true,5,48160369.0,48160369.0,48160369.0,3521.0,194,8094.0,56.143512,55.67954921722412,250,250,3,,reports\ogc2026_reboot_v001\full_reboot_v212_train40_20260627_001\solutions\trackA__reboot_v212_20260627_trackA_reserved_specialist_budget_on_v210\prob_39.solution.json,reports\ogc2026_reboot_v001\full_reboot_v212_train40_20260627_001\logs\trackA__reboot_v212_20260627_trackA_reserved_specialist_budget_on_v210\prob_39.log,PASS objective=48160369.0 obj1=3521.0 obj2=194 obj3=8094.0,"C:\Python314\python.exe ogc2026\batchrunner\benchmark.py --algorithm name=trackA,version=reboot_v212_20260627_trackA_reserved_specialist_budget_on_v210,path=ogc2026\baseline\alg_versions\reboot_v212_20260627_trackA_reserved_specialist_budget_on_v210.py --problem train\prob_1.json --problem train\prob_2.json --problem train\prob_3.json --problem train\prob_4.json --problem train\prob_5.json --problem train\prob_6.json --problem train\prob_7.json --problem train\prob_8.json --problem train\prob_9.json --problem train\prob_10.json --problem train\prob_11.json --problem train\prob_12.json --problem train\prob_13.json --problem train\prob_14.json --problem train\prob_15.json --problem train\prob_16.json --problem train\prob_17.json --problem train\prob_18.json --problem train\prob_19.json --problem train\prob_20.json --problem train\prob_21.json --problem train\prob_22.json --problem train\prob_23.json --problem train\prob_24.json --problem train\prob_25.json --problem train\prob_26.json --problem train\prob_27.json --problem train\prob_28.json --problem train\prob_29.json --problem train\prob_30.json --problem train\prob_31.json --problem train\prob_32.json --problem train\prob_33.json --problem train\prob_34.json --problem train\prob_35.json --problem train\prob_36.json --problem train\prob_37.json --problem train\prob_38.json --problem train\prob_39.json --problem train\prob_40.json --timelimit 60 --run-id full_reboot_v212_train40_20260627_001 --out-dir reports\ogc2026_reboot_v001\full_reboot_v212_train40_20260627_001 --cumulative-csv reports\ogc2026_reboot_v001\candidate_reboot_v212_full40.csv --require-fresh-cumulative"
2026-06-27T00:31:13,full_reboot_v212_train40_20260627_001,trackA,reboot_v212_20260627_trackA_reserved_specialist_budget_on_v210,ogc2026\baseline\alg_versions\reboot_v212_20260627_trackA_reserved_specialist_budget_on_v210.py,bb6b4d492c7e6d9af9a3a59ad0a8c573ca001228c5cd9ca3d1b6d2a7c2b64fb3,9dfaa0ac5fa3e0f16fdfb0890e11b4cb64ea59b8edee029a9c4f13a2c52538b0,hh_algorithm_loop,e02a0a97,True,prob_40.json,60.000000,60.000000,20.000000,90.000000,true,false,true,true,true,5,5780789.0,5780789.0,5780789.0,8429.0,4947,11823.0,54.287170,53.81235432624817,250,250,4,,reports\ogc2026_reboot_v001\full_reboot_v212_train40_20260627_001\solutions\trackA__reboot_v212_20260627_trackA_reserved_specialist_budget_on_v210\prob_40.solution.json,reports\ogc2026_reboot_v001\full_reboot_v212_train40_20260627_001\logs\trackA__reboot_v212_20260627_trackA_reserved_specialist_budget_on_v210\prob_40.log,PASS objective=5780789.0 obj1=8429.0 obj2=4947 obj3=11823.0,"C:\Python314\python.exe ogc2026\batchrunner\benchmark.py --algorithm name=trackA,version=reboot_v212_20260627_trackA_reserved_specialist_budget_on_v210,path=ogc2026\baseline\alg_versions\reboot_v212_20260627_trackA_reserved_specialist_budget_on_v210.py --problem train\prob_1.json --problem train\prob_2.json --problem train\prob_3.json --problem train\prob_4.json --problem train\prob_5.json --problem train\prob_6.json --problem train\prob_7.json --problem train\prob_8.json --problem train\prob_9.json --problem train\prob_10.json --problem train\prob_11.json --problem train\prob_12.json --problem train\prob_13.json --problem train\prob_14.json --problem train\prob_15.json --problem train\prob_16.json --problem train\prob_17.json --problem train\prob_18.json --problem train\prob_19.json --problem train\prob_20.json --problem train\prob_21.json --problem train\prob_22.json --problem train\prob_23.json --problem train\prob_24.json --problem train\prob_25.json --problem train\prob_26.json --problem train\prob_27.json --problem train\prob_28.json --problem train\prob_29.json --problem train\prob_30.json --problem train\prob_31.json --problem train\prob_32.json --problem train\prob_33.json --problem train\prob_34.json --problem train\prob_35.json --problem train\prob_36.json --problem train\prob_37.json --problem train\prob_38.json --problem train\prob_39.json --problem train\prob_40.json --timelimit 60 --run-id full_reboot_v212_train40_20260627_001 --out-dir reports\ogc2026_reboot_v001\full_reboot_v212_train40_20260627_001 --cumulative-csv reports\ogc2026_reboot_v001\candidate_reboot_v212_full40.csv --require-fresh-cumulative"
